v 0.315000000 0.000000000 -3.380000000
v 0.313383837 0.031868021 -3.380000000
v 0.308551931 0.063409034 -3.380000000
v 0.300553866 0.094299384 -3.380000000
v 0.289471711 0.124222094 -3.380000000
v 0.275419184 0.152870118 -3.380000000
v 0.258540484 0.179949488 -3.380000000
v 0.239008809 0.205182332 -3.380000000
v 0.217024580 0.228309728 -3.380000000
v 0.192813385 0.249094357 -3.380000000
v 0.166623663 0.267322941 -3.380000000
v 0.138724158 0.282808430 -3.380000000
v 0.109401155 0.295391922 -3.380000000
v 0.078955548 0.304944292 -3.380000000
v 0.047699750 0.311367522 -3.380000000
v 0.015954488 0.314595700 -3.380000000
v -0.015954488 0.314595700 -3.380000000
v -0.047699750 0.311367522 -3.380000000
v -0.078955548 0.304944292 -3.380000000
v -0.109401155 0.295391922 -3.380000000
v -0.138724158 0.282808430 -3.380000000
v -0.166623663 0.267322941 -3.380000000
v -0.192813385 0.249094357 -3.380000000
v -0.217024580 0.228309728 -3.380000000
v -0.239008809 0.205182332 -3.380000000
v -0.258540484 0.179949488 -3.380000000
v -0.275419184 0.152870118 -3.380000000
v -0.289471711 0.124222094 -3.380000000
v -0.300553866 0.094299384 -3.380000000
v -0.308551931 0.063409034 -3.380000000
v -0.313383837 0.031868021 -3.380000000
v -0.315000000 0.000000000 -3.380000000
v -0.313383837 -0.031868021 -3.380000000
v -0.308551931 -0.063409034 -3.380000000
v -0.300553866 -0.094299384 -3.380000000
v -0.289471711 -0.124222094 -3.380000000
v -0.275419184 -0.152870118 -3.380000000
v -0.258540484 -0.179949488 -3.380000000
v -0.239008809 -0.205182332 -3.380000000
v -0.217024580 -0.228309728 -3.380000000
v -0.192813385 -0.249094357 -3.380000000
v -0.166623663 -0.267322941 -3.380000000
v -0.138724158 -0.282808430 -3.380000000
v -0.109401155 -0.295391922 -3.380000000
v -0.078955548 -0.304944292 -3.380000000
v -0.047699750 -0.311367522 -3.380000000
v -0.015954488 -0.314595700 -3.380000000
v 0.015954488 -0.314595700 -3.380000000
v 0.047699750 -0.311367522 -3.380000000
v 0.078955548 -0.304944292 -3.380000000
v 0.109401155 -0.295391922 -3.380000000
v 0.138724158 -0.282808430 -3.380000000
v 0.166623663 -0.267322941 -3.380000000
v 0.192813385 -0.249094357 -3.380000000
v 0.217024580 -0.228309728 -3.380000000
v 0.239008809 -0.205182332 -3.380000000
v 0.258540484 -0.179949488 -3.380000000
v 0.275419184 -0.152870118 -3.380000000
v 0.289471711 -0.124222094 -3.380000000
v 0.300553866 -0.094299384 -3.380000000
v 0.308551931 -0.063409034 -3.380000000
v 0.313383837 -0.031868021 -3.380000000
v 0.187500000 0.000000000 -3.380000000
v 0.186537998 0.018969060 -3.380000000
v 0.183661864 0.037743473 -3.380000000
v 0.178901111 0.056130586 -3.380000000
v 0.172304590 0.073941723 -3.380000000
v 0.163939991 0.090994118 -3.380000000
v 0.153893145 0.107112790 -3.380000000
v 0.142267148 0.122132341 -3.380000000
v 0.129181297 0.135898648 -3.380000000
v 0.114769872 0.148270451 -3.380000000
v 0.099180752 0.159120798 -3.380000000
v 0.082573903 0.168338351 -3.380000000
v 0.065119735 0.175828525 -3.380000000
v 0.046997350 0.181514460 -3.380000000
v 0.028392708 0.185337811 -3.380000000
v 0.009496719 0.187259345 -3.380000000
v -0.009496719 0.187259345 -3.380000000
v -0.028392708 0.185337811 -3.380000000
v -0.046997350 0.181514460 -3.380000000
v -0.065119735 0.175828525 -3.380000000
v -0.082573903 0.168338351 -3.380000000
v -0.099180752 0.159120798 -3.380000000
v -0.114769872 0.148270451 -3.380000000
v -0.129181297 0.135898648 -3.380000000
v -0.142267148 0.122132341 -3.380000000
v -0.153893145 0.107112790 -3.380000000
v -0.163939991 0.090994118 -3.380000000
v -0.172304590 0.073941723 -3.380000000
v -0.178901111 0.056130586 -3.380000000
v -0.183661864 0.037743473 -3.380000000
v -0.186537998 0.018969060 -3.380000000
v -0.187500000 0.000000000 -3.380000000
v -0.186537998 -0.018969060 -3.380000000
v -0.183661864 -0.037743473 -3.380000000
v -0.178901111 -0.056130586 -3.380000000
v -0.172304590 -0.073941723 -3.380000000
v -0.163939991 -0.090994118 -3.380000000
v -0.153893145 -0.107112790 -3.380000000
v -0.142267148 -0.122132341 -3.380000000
v -0.129181297 -0.135898648 -3.380000000
v -0.114769872 -0.148270451 -3.380000000
v -0.099180752 -0.159120798 -3.380000000
v -0.082573903 -0.168338351 -3.380000000
v -0.065119735 -0.175828525 -3.380000000
v -0.046997350 -0.181514460 -3.380000000
v -0.028392708 -0.185337811 -3.380000000
v -0.009496719 -0.187259345 -3.380000000
v 0.009496719 -0.187259345 -3.380000000
v 0.028392708 -0.185337811 -3.380000000
v 0.046997350 -0.181514460 -3.380000000
v 0.065119735 -0.175828525 -3.380000000
v 0.082573903 -0.168338351 -3.380000000
v 0.099180752 -0.159120798 -3.380000000
v 0.114769872 -0.148270451 -3.380000000
v 0.129181297 -0.135898648 -3.380000000
v 0.142267148 -0.122132341 -3.380000000
v 0.153893145 -0.107112790 -3.380000000
v 0.163939991 -0.090994118 -3.380000000
v 0.172304590 -0.073941723 -3.380000000
v 0.178901111 -0.056130586 -3.380000000
v 0.183661864 -0.037743473 -3.380000000
v 0.186537998 -0.018969060 -3.380000000
v -0.470606602 0.000000000 -3.224393398
v -0.468192071 -0.047610480 -3.224393398
v -0.460973257 -0.094732412 -3.224393398
v -0.449024233 -0.140882262 -3.224393398
v -0.432467613 -0.185586469 -3.224393398
v -0.411473290 -0.228386307 -3.224393398
v -0.386256694 -0.268842593 -3.224393398
v -0.357076582 -0.306540191 -3.224393398
v -0.324232380 -0.341092271 -3.224393398
v -0.288061116 -0.372144282 -3.224393398
v -0.248933955 -0.399377590 -3.224393398
v -0.207252395 -0.422512743 -3.224393398
v -0.163444145 -0.441312344 -3.224393398
v -0.117958736 -0.455583483 -3.224393398
v -0.071262912 -0.465179719 -3.224393398
v -0.023835833 -0.470002582 -3.224393398
v 0.023835833 -0.470002582 -3.224393398
v 0.071262912 -0.465179719 -3.224393398
v 0.117958736 -0.455583483 -3.224393398
v 0.163444145 -0.441312344 -3.224393398
v 0.207252395 -0.422512743 -3.224393398
v 0.248933955 -0.399377590 -3.224393398
v 0.288061116 -0.372144282 -3.224393398
v 0.324232380 -0.341092271 -3.224393398
v 0.357076582 -0.306540191 -3.224393398
v 0.386256694 -0.268842593 -3.224393398
v 0.411473290 -0.228386307 -3.224393398
v 0.432467613 -0.185586469 -3.224393398
v 0.449024233 -0.140882262 -3.224393398
v 0.460973257 -0.094732412 -3.224393398
v 0.468192071 -0.047610480 -3.224393398
v 0.470606602 0.000000000 -3.224393398
v 0.468192071 0.047610480 -3.224393398
v 0.460973257 0.094732412 -3.224393398
v 0.449024233 0.140882262 -3.224393398
v 0.432467613 0.185586469 -3.224393398
v 0.411473290 0.228386307 -3.224393398
v 0.386256694 0.268842593 -3.224393398
v 0.357076582 0.306540191 -3.224393398
v 0.324232380 0.341092271 -3.224393398
v 0.288061116 0.372144282 -3.224393398
v 0.248933955 0.399377590 -3.224393398
v 0.207252395 0.422512743 -3.224393398
v 0.163444145 0.441312344 -3.224393398
v 0.117958736 0.455583483 -3.224393398
v 0.071262912 0.465179719 -3.224393398
v 0.023835833 0.470002582 -3.224393398
v -0.023835833 0.470002582 -3.224393398
v -0.071262912 0.465179719 -3.224393398
v -0.117958736 0.455583483 -3.224393398
v -0.163444145 0.441312344 -3.224393398
v -0.207252395 0.422512743 -3.224393398
v -0.248933955 0.399377590 -3.224393398
v -0.288061116 0.372144282 -3.224393398
v -0.324232380 0.341092271 -3.224393398
v -0.357076582 0.306540191 -3.224393398
v -0.386256694 0.268842593 -3.224393398
v -0.411473290 0.228386307 -3.224393398
v -0.432467613 0.185586469 -3.224393398
v -0.449024233 0.140882262 -3.224393398
v -0.460973257 0.094732412 -3.224393398
v -0.468192071 0.047610480 -3.224393398
v -0.334362697 -0.337381960 -2.880000000
v 0.336684088 -0.335065470 -2.852033327
v 0.251257905 -0.403106022 -2.415000000
v 0.209187222 -0.426457156 -2.415000000
v 0.459310850 -0.121074304 -2.872895422
v -0.459310852 -0.121074294 -2.872895575
v -0.475000000 0.000000000 -2.415000000
v 0.475000000 0.000000000 -2.415000000
v -0.439711696 -0.179660765 -2.987214506
v 0.458517247 -0.124044261 -2.907966744
v 0.164969995 -0.445432263 -2.415000000
v 0.334508827 -0.337237733 -2.872895762
v -0.458517247 -0.124044263 -2.852033246
v 0.456714840 -0.130526985 -2.928220979
v 0.237500000 -0.411362067 -2.530627628
v -0.119059953 -0.459836631 -2.415000000
v -0.122939046 -0.458814767 -2.530627628
v 0.458517218 -0.124044368 -2.852032790
v -0.432001312 -0.197483755 -2.996628691
v 0.458814767 -0.122939046 -3.108765770
v -0.335671606 -0.336080599 -2.901077536
v 0.341397500 -0.330262752 -2.831777809
v 0.290750342 -0.375618475 -2.415000000
v -0.456714839 -0.130526988 -2.831779014
v -0.472562929 -0.048054953 -2.415000000
v -0.423082537 -0.215929355 -3.002566848
v 0.439711884 -0.179660308 -2.987214221
v -0.071928194 -0.469522454 -2.415000000
v -0.405978526 -0.246589302 -3.004552987
v 0.432001566 -0.197483200 -2.996628458
v 0.472562929 -0.048054953 -2.415000000
v -0.383150317 -0.280749284 -2.993869407
v 0.423082736 -0.215928962 -3.002566755
v 0.237500000 -0.411362067 -3.108765770
v 0.024058355 -0.474390341 -2.415000000
v 0.000000000 -0.475000000 -2.877510513
v 0.456714781 -0.130527194 -2.831778505
v -0.360828396 -0.308912988 -2.969642025
v -0.345854455 -0.325591210 -2.941113440
v 0.413111534 -0.234442413 -3.004950527
v 0.119059953 -0.459836631 -2.415000000
v 0.071928194 -0.469522454 -2.415000000
v 0.411362067 -0.237500000 -3.108765770
v -0.339554690 -0.332157151 -2.921562826
v 0.465276722 -0.095616797 -2.415000000
v 0.453790681 -0.140353647 -2.947287005
v 0.453790589 -0.140353943 -2.812712529
v -0.237500000 -0.411362067 -3.108765770
v 0.402292710 -0.252557841 -3.003758157
v 0.458814767 -0.122939046 -2.646255257
v 0.334945863 -0.336804278 -2.894127162
v 0.449624342 -0.153175690 -2.964449546
v 0.348446121 -0.322816403 -2.812710793
v 0.449624221 -0.153176045 -2.795550051
v 0.390894624 -0.269863106 -2.999000472
v 0.237500000 -0.411362067 -2.646255257
v 0.345854694 -0.325590956 -2.941114042
v 0.458814767 -0.122939046 -2.530627628
v 0.453216147 -0.142197483 -2.415000000
v 0.327259287 -0.344276574 -2.415000000
v 0.335875721 -0.335875721 -2.646255257
v 0.444126444 -0.168453144 -2.780897340
v 0.000000000 -0.475000000 -2.761882885
v 0.337980817 -0.333757737 -2.914801733
v -0.024058355 -0.474390341 -2.415000000
v 0.437283068 -0.185492528 -2.769271930
v 0.357467614 -0.312796652 -2.795548178
v 0.436504961 -0.187319031 -2.415000000
v -0.164969995 -0.445432263 -2.415000000
v 0.429155835 -0.203592646 -2.760999720
v 0.379283828 -0.285950580 -2.769271018
v 0.360410108 -0.309401929 -2.415000000
v 0.415314643 -0.230518432 -2.415000000
v 0.379284048 -0.285950284 -2.990729160
v 0.367949302 -0.300396521 -2.780895700
v 0.419867094 -0.222118232 -2.756241620
v 0.122939046 -0.458814767 -2.993138142
v 0.390894445 -0.269863361 -2.760999637
v 0.389862635 -0.271352402 -2.415000000
v 0.409587751 -0.240545754 -2.755049533
v 0.354270924 -0.316413268 -2.958981946
v -0.237500000 -0.411362067 -2.646255257
v -0.237500000 -0.411362067 -2.530627628
v 0.364330284 -0.304774963 -2.974532940
v -0.209187222 -0.426457156 -2.415000000
v -0.335671677 -0.336080528 -2.858921914
v -0.251257905 -0.403106022 -2.415000000
v -0.339554863 -0.332156975 -2.838436479
v -0.371662777 -0.295790065 -2.983337630
v -0.290750342 -0.375618475 -2.415000000
v -0.345854683 -0.325590967 -2.818885985
v -0.394736952 -0.264210041 -3.000980133
v -0.335875721 -0.335875721 -2.646255257
v -0.327259287 -0.344276574 -2.415000000
v -0.354270912 -0.316413281 -2.801018076
v -0.411362067 -0.237500000 -3.108765770
v -0.364330272 -0.304774977 -2.785467076
v -0.360410108 -0.309401929 -2.415000000
v -0.375448067 -0.290969263 -2.772784106
v -0.387027285 -0.275381275 -2.763370861
v -0.389862635 -0.271352402 -2.415000000
v -0.446108838 -0.163129518 -2.974530888
v -0.398541028 -0.258436409 -2.757433322
v -0.451157985 -0.148599180 -2.958979642
v -0.415314643 -0.230518432 -2.415000000
v -0.458814767 -0.122939046 -3.108765770
v -0.409587803 -0.240545660 -2.755049537
v -0.454897726 -0.136722341 -2.941111959
v -0.419867262 -0.222117913 -2.756241672
v -0.436504961 -0.187319031 -2.415000000
v -0.457433906 -0.127984307 -2.921562675
v -0.429156092 -0.203592102 -2.760999918
v -0.437283289 -0.185492012 -2.769272209
v -0.458890101 -0.122659978 -2.901078211
v -0.453216147 -0.142197483 -2.415000000
v -0.444126590 -0.168452754 -2.780897663
v -0.458814767 -0.122939046 -2.530627628
v -0.465276722 -0.095616797 -2.415000000
v -0.449624342 -0.153175690 -2.795550454
v -0.458814767 -0.122939046 -2.646255257
v -0.453790681 -0.140353649 -2.812712991
v 0.122939046 -0.458814767 -2.530627628
v 0.000000000 -0.475000000 -2.530627628
v -0.122939046 -0.458814767 -2.993138142
v 0.237500000 -0.411362067 -2.993138142
v 0.000000000 -0.475000000 -2.646255257
v -0.237500000 -0.411362067 -2.993138142
v 0.237500000 -0.411362067 -2.761882885
v -0.237500000 -0.411362067 -2.761882885
v 0.237500000 -0.411362067 -2.877510513
v 0.000000000 -0.475000000 -3.108765770
v -0.237500000 -0.411362067 -2.877510513
v 0.000000000 -0.475000000 -2.993138142
v 0.132355716 -0.220753175 -2.880000000
v 0.133635095 -0.218537227 -2.854837685
v 0.137420853 -0.211980101 -2.830705518
v 0.143558001 -0.201350249 -2.808591473
v 0.151795283 -0.187082857 -2.789400902
v 0.161795465 -0.169762034 -2.773919468
v 0.173149138 -0.150096896 -2.762780983
v 0.185391480 -0.128892538 -2.756441459
v 0.198021289 -0.107017067 -2.755160437
v 0.210521499 -0.085366067 -2.758990360
v 0.222380350 -0.064825935 -2.767774433
v 0.233112340 -0.046237584 -2.781153033
v 0.242278099 -0.030362024 -2.798578440
v 0.249502379 -0.017849202 -2.819337255
v 0.254489419 -0.009211396 -2.842579610
v 0.257035049 -0.004802237 -2.867353960
v 0.257035049 -0.004802237 -2.892646040
v 0.254489419 -0.009211396 -2.917420390
v 0.249502379 -0.017849202 -2.940662745
v 0.242278099 -0.030362024 -2.961421560
v 0.233112340 -0.046237584 -2.978846967
v 0.222380350 -0.064825935 -2.992225567
v 0.210521499 -0.085366067 -3.001009640
v 0.198021289 -0.107017067 -3.004839563
v 0.185391480 -0.128892538 -3.003558541
v 0.173149138 -0.150096896 -2.997219017
v 0.161795465 -0.169762034 -2.986080532
v 0.151795283 -0.187082857 -2.970599098
v 0.143558001 -0.201350249 -2.951408527
v 0.137420853 -0.211980101 -2.929294482
v 0.133635095 -0.218537227 -2.905162315
v -0.257355716 -0.004246825 -2.880000000
v -0.256076337 -0.006462773 -2.854837685
v -0.252290579 -0.013019899 -2.830705518
v -0.246153431 -0.023649751 -2.808591473
v -0.237916148 -0.037917143 -2.789400902
v -0.227915966 -0.055237966 -2.773919468
v -0.216562294 -0.074903104 -2.762780983
v -0.204319952 -0.096107462 -2.756441459
v -0.191690143 -0.117982933 -2.755160437
v -0.179189933 -0.139633933 -2.758990360
v -0.167331081 -0.160174065 -2.767774433
v -0.156599092 -0.178762416 -2.781153033
v -0.147433333 -0.194637976 -2.798578440
v -0.140209052 -0.207150798 -2.819337255
v -0.135222012 -0.215788604 -2.842579610
v -0.132676383 -0.220197763 -2.867353960
v -0.132676383 -0.220197763 -2.892646040
v -0.135222012 -0.215788604 -2.917420390
v -0.140209052 -0.207150798 -2.940662745
v -0.147433333 -0.194637976 -2.961421560
v -0.156599092 -0.178762416 -2.978846967
v -0.167331081 -0.160174065 -2.992225567
v -0.179189933 -0.139633933 -3.001009640
v -0.191690143 -0.117982933 -3.004839563
v -0.204319952 -0.096107462 -3.003558541
v -0.216562294 -0.074903104 -2.997219017
v -0.227915966 -0.055237966 -2.986080532
v -0.237916148 -0.037917143 -2.970599098
v -0.246153431 -0.023649751 -2.951408527
v -0.252290579 -0.013019899 -2.929294482
v -0.256076337 -0.006462773 -2.905162315
v 0.361608467 0.308000514 -2.576878680
v 0.453855498 0.140143453 -2.576878680
v -0.436383676 0.187601406 -2.738757359
v 0.361608467 0.308000514 -2.738757359
v 0.453855498 0.140143453 -2.738757359
v -0.436383676 0.187601406 -2.900636039
v 0.361608467 0.308000514 -2.900636039
v 0.453855498 0.140143453 -2.900636039
v -0.436383676 0.187601406 -3.062514719
v -0.125000000 0.458257569 -2.880000000
v -0.123218288 0.458740502 -2.858921208
v -0.117879152 0.460141573 -2.838436890
v -0.109043899 0.462314144 -2.818888148
v -0.096888729 0.465013783 -2.801020852
v -0.081780908 0.467906205 -2.785469804
v -0.064266318 0.470631711 -2.772786243
v -0.044976423 0.472865825 -2.763371970
v -0.024542830 0.474364805 -2.757433530
v -0.003523871 0.474986286 -2.755049486
v 0.017575393 0.474674615 -2.756241891
v 0.038263626 0.473456006 -2.761000408
v 0.058001990 0.471444304 -2.769272799
v 0.076179619 0.468851174 -2.780898195
v 0.092158456 0.465973883 -2.795550809
v 0.105345523 0.463171081 -2.812713011
v 0.115317544 0.460790194 -2.831778534
v 0.121832962 0.459109762 -2.852032477
v 0.124801992 0.458312019 -2.872895268
v 0.124208033 0.458473790 -2.894127784
v 0.120052264 0.459578844 -2.914801861
v 0.112370961 0.461517043 -2.934747919
v 0.101289043 0.464075254 -2.953250707
v 0.087114856 0.466942575 -2.969639565
v 0.070333526 0.469763959 -2.983335448
v 0.051563752 0.472192237 -2.993868103
v 0.031445490 0.473957150 -3.000979750
v 0.010562804 0.474882383 -3.004553043
v -0.010562831 0.474882382 -3.004553043
v -0.031445716 0.473957133 -3.000979680
v -0.051564057 0.472192206 -2.993867975
v -0.070333706 0.469763933 -2.983335327
v -0.087115010 0.466942545 -2.969639406
v -0.101289201 0.464075220 -2.953250499
v -0.112371090 0.461517012 -2.934747650
v -0.120052356 0.459578820 -2.914801534
v 0.472562929 0.048054953 -2.415000000
v -0.436383676 0.187601406 -2.576878680
v 0.210565689 0.425778217 -2.576878680
v 0.210565689 0.425778217 -2.738757359
v 0.210565689 0.425778217 -2.900636039
v -0.472562929 0.048054953 -2.415000000
v 0.465276722 0.095616797 -2.415000000
v 0.025285974 0.474326490 -2.576878680
v 0.025285974 0.474326490 -2.738757359
v 0.025285974 0.474326490 -2.900636039
v -0.465276722 0.095616797 -2.415000000
v 0.453216147 0.142197483 -2.415000000
v -0.164105116 0.445751625 -2.576878680
v -0.164105116 0.445751625 -2.738757359
v -0.164105116 0.445751625 -2.900636039
v -0.453216147 0.142197483 -2.415000000
v 0.436504961 0.187319031 -2.415000000
v -0.326813527 0.344699752 -2.576878680
v -0.326813527 0.344699752 -2.738757359
v -0.326813527 0.344699752 -2.900636039
v 0.415314643 0.230518432 -2.415000000
v -0.436504961 0.187319031 -2.415000000
v 0.389862635 0.271352402 -2.415000000
v -0.415314643 0.230518432 -2.415000000
v 0.360410108 0.309401929 -2.415000000
v 0.453855498 0.140143453 -3.062514719
v -0.389862635 0.271352402 -2.415000000
v 0.327259287 0.344276574 -2.415000000
v -0.360410108 0.309401929 -2.415000000
v 0.290750342 0.375618475 -2.415000000
v -0.326813527 0.344699752 -3.062514719
v -0.327259287 0.344276574 -2.415000000
v 0.251257905 0.403106022 -2.415000000
v -0.164105116 0.445751625 -3.062514719
v -0.290750342 0.375618475 -2.415000000
v 0.209187222 0.426457156 -2.415000000
v 0.025285974 0.474326490 -3.062514719
v -0.251257905 0.403106022 -2.415000000
v 0.164969995 0.445432263 -2.415000000
v 0.210565689 0.425778217 -3.062514719
v -0.209187222 0.426457156 -2.415000000
v 0.119059953 0.459836631 -2.415000000
v 0.361608467 0.308000514 -3.062514719
v -0.164969995 0.445432263 -2.415000000
v 0.071928194 0.469522454 -2.415000000
v -0.119059953 0.459836631 -2.415000000
v 0.024058355 0.474390341 -2.415000000
v -0.071928194 0.469522454 -2.415000000
v -0.024058355 0.474390341 -2.415000000
v -0.070864796 0.469684129 -2.657818019
v 0.025285974 0.474326490 -2.657818019
v -0.164105116 0.445751625 -2.657818019
v -0.250605564 0.403511897 -2.657818019
v -0.326813527 0.344699752 -2.657818019
v -0.070864796 0.469684129 -2.819696699
v 0.025285974 0.474326490 -2.819696699
v -0.164105116 0.445751625 -2.819696699
v -0.250605564 0.403511897 -2.819696699
v -0.326813527 0.344699752 -2.819696699
v 0.025285974 0.474326490 -2.981575379
v -0.164105116 0.445751625 -2.981575379
v -0.250605564 0.403511897 -2.981575379
v -0.326813527 0.344699752 -2.981575379
v 0.166338114 0.444923175 -2.617348350
v 0.120398237 0.459488046 -2.617348350
v 0.252625679 0.402250253 -2.617348350
v 0.292085113 0.374581482 -2.617348350
v -0.290203237 0.376041329 -2.698287689
v -0.250605564 0.403511897 -2.698287689
v -0.326813527 0.344699752 -2.698287689
v -0.360059563 0.309809798 -2.698287689
v 0.166338114 0.444923175 -2.779227029
v 0.120398237 0.459488046 -2.779227029
v 0.252625679 0.402250253 -2.779227029
v 0.292085113 0.374581482 -2.779227029
v -0.290203237 0.376041329 -2.860166369
v -0.250605564 0.403511897 -2.860166369
v -0.326813527 0.344699752 -2.860166369
v -0.360059563 0.309809798 -2.860166369
v 0.166338114 0.444923175 -2.941105709
v 0.252625679 0.402250253 -2.941105709
v 0.292085113 0.374581482 -2.941105709
v -0.290203237 0.376041329 -3.022045049
v -0.250605564 0.403511897 -3.022045049
v -0.326813527 0.344699752 -3.022045049
v -0.360059563 0.309809798 -3.022045049
v 0.025285974 0.474326490 -2.617348350
v -0.022907316 0.474447315 -2.617348350
v 0.025285974 0.474326490 -2.779227029
v -0.022907316 0.474447315 -2.779227029
v 0.025285974 0.474326490 -2.941105709
v -0.022907316 0.474447315 -2.941105709
v -0.118092786 0.460085964 -2.617348350
v -0.164105116 0.445751625 -2.617348350
v -0.118092786 0.460085964 -2.779227029
v -0.164105116 0.445751625 -2.779227029
v -0.164105116 0.445751625 -2.941105709
v 0.125000000 0.225000000 -2.880000000
v 0.122441243 0.225000000 -2.854837685
v 0.114869726 0.225000000 -2.830705518
v 0.102595430 0.225000000 -2.808591473
v 0.086120865 0.225000000 -2.789400902
v 0.066120501 0.225000000 -2.773919468
v 0.043413157 0.225000000 -2.762780983
v 0.018928472 0.225000000 -2.756441459
v -0.006331146 0.225000000 -2.755160437
v -0.031331567 0.225000000 -2.758990360
v -0.055049269 0.225000000 -2.767774433
v -0.076513248 0.225000000 -2.781153033
v -0.094844765 0.225000000 -2.798578440
v -0.109293327 0.225000000 -2.819337255
v -0.119267407 0.225000000 -2.842579610
v -0.124358665 0.225000000 -2.867353960
v -0.124358665 0.225000000 -2.892646040
v -0.119267407 0.225000000 -2.917420390
v -0.109293327 0.225000000 -2.940662745
v -0.094844765 0.225000000 -2.961421560
v -0.076513248 0.225000000 -2.978846967
v -0.055049269 0.225000000 -2.992225567
v -0.031331567 0.225000000 -3.001009640
v -0.006331146 0.225000000 -3.004839563
v 0.018928472 0.225000000 -3.003558541
v 0.043413157 0.225000000 -2.997219017
v 0.066120501 0.225000000 -2.986080532
v 0.086120865 0.225000000 -2.970599098
v 0.102595430 0.225000000 -2.951408527
v 0.114869726 0.225000000 -2.929294482
v 0.122441243 0.225000000 -2.905162315
v -0.425000000 0.000000000 -2.415000000
v -0.422819462 0.042996537 -2.415000000
v -0.416300225 0.085551871 -2.415000000
v -0.405509184 0.127229327 -2.415000000
v -0.390557070 0.167601238 -2.415000000
v -0.371597312 0.206253334 -2.415000000
v -0.348824463 0.242788991 -2.415000000
v -0.322472202 0.276833305 -2.415000000
v -0.292810941 0.308036935 -2.415000000
v -0.260145043 0.336079688 -2.415000000
v -0.224809704 0.360673809 -2.415000000
v -0.187167514 0.381566929 -2.415000000
v -0.147604732 0.398544656 -2.415000000
v -0.106527326 0.411432776 -2.415000000
v -0.064356805 0.420099038 -2.415000000
v -0.021525897 0.424454516 -2.415000000
v 0.021525897 0.424454516 -2.415000000
v 0.064356805 0.420099038 -2.415000000
v 0.106527326 0.411432776 -2.415000000
v 0.147604732 0.398544656 -2.415000000
v 0.187167514 0.381566929 -2.415000000
v 0.224809704 0.360673809 -2.415000000
v 0.260145043 0.336079688 -2.415000000
v 0.292810941 0.308036935 -2.415000000
v 0.322472202 0.276833305 -2.415000000
v 0.348824463 0.242788991 -2.415000000
v 0.371597312 0.206253334 -2.415000000
v 0.390557070 0.167601238 -2.415000000
v 0.405509184 0.127229327 -2.415000000
v 0.416300225 0.085551871 -2.415000000
v 0.422819462 0.042996537 -2.415000000
v 0.425000000 0.000000000 -2.415000000
v 0.422819462 -0.042996537 -2.415000000
v 0.416300225 -0.085551871 -2.415000000
v 0.405509184 -0.127229327 -2.415000000
v 0.390557070 -0.167601238 -2.415000000
v 0.371597312 -0.206253334 -2.415000000
v 0.348824463 -0.242788991 -2.415000000
v 0.322472202 -0.276833305 -2.415000000
v 0.292810941 -0.308036935 -2.415000000
v 0.260145043 -0.336079688 -2.415000000
v 0.224809704 -0.360673809 -2.415000000
v 0.187167514 -0.381566929 -2.415000000
v 0.147604732 -0.398544656 -2.415000000
v 0.106527326 -0.411432776 -2.415000000
v 0.064356805 -0.420099038 -2.415000000
v 0.021525897 -0.424454516 -2.415000000
v -0.021525897 -0.424454516 -2.415000000
v -0.064356805 -0.420099038 -2.415000000
v -0.106527326 -0.411432776 -2.415000000
v -0.147604732 -0.398544656 -2.415000000
v -0.187167514 -0.381566929 -2.415000000
v -0.224809704 -0.360673809 -2.415000000
v -0.260145043 -0.336079688 -2.415000000
v -0.292810941 -0.308036935 -2.415000000
v -0.322472202 -0.276833305 -2.415000000
v -0.348824463 -0.242788991 -2.415000000
v -0.371597312 -0.206253334 -2.415000000
v -0.390557070 -0.167601238 -2.415000000
v -0.405509184 -0.127229327 -2.415000000
v -0.416300225 -0.085551871 -2.415000000
v -0.422819462 -0.042996537 -2.415000000
v -0.425000000 0.000000000 -1.530000000
v -0.422819462 0.042996537 -1.530000000
v -0.416300225 0.085551871 -1.530000000
v -0.405509184 0.127229327 -1.530000000
v -0.390557070 0.167601238 -1.530000000
v -0.371597312 0.206253334 -1.530000000
v -0.348824463 0.242788991 -1.530000000
v -0.322472202 0.276833305 -1.530000000
v -0.292810941 0.308036935 -1.530000000
v -0.260145043 0.336079688 -1.530000000
v -0.224809704 0.360673809 -1.530000000
v -0.187167514 0.381566929 -1.530000000
v -0.147604732 0.398544656 -1.530000000
v -0.106527326 0.411432776 -1.530000000
v -0.064356805 0.420099038 -1.530000000
v -0.021525897 0.424454516 -1.530000000
v 0.021525897 0.424454516 -1.530000000
v 0.064356805 0.420099038 -1.530000000
v 0.106527326 0.411432776 -1.530000000
v 0.147604732 0.398544656 -1.530000000
v 0.187167514 0.381566929 -1.530000000
v 0.224809704 0.360673809 -1.530000000
v 0.260145043 0.336079688 -1.530000000
v 0.292810941 0.308036935 -1.530000000
v 0.322472202 0.276833305 -1.530000000
v 0.348824463 0.242788991 -1.530000000
v 0.371597312 0.206253334 -1.530000000
v 0.390557070 0.167601238 -1.530000000
v 0.405509184 0.127229327 -1.530000000
v 0.416300225 0.085551871 -1.530000000
v 0.422819462 0.042996537 -1.530000000
v 0.425000000 0.000000000 -1.530000000
v 0.422819462 -0.042996537 -1.530000000
v 0.416300225 -0.085551871 -1.530000000
v 0.405509184 -0.127229327 -1.530000000
v 0.390557070 -0.167601238 -1.530000000
v 0.371597312 -0.206253334 -1.530000000
v 0.348824463 -0.242788991 -1.530000000
v 0.322472202 -0.276833305 -1.530000000
v 0.292810941 -0.308036935 -1.530000000
v 0.260145043 -0.336079688 -1.530000000
v 0.224809704 -0.360673809 -1.530000000
v 0.187167514 -0.381566929 -1.530000000
v 0.147604732 -0.398544656 -1.530000000
v 0.106527326 -0.411432776 -1.530000000
v 0.064356805 -0.420099038 -1.530000000
v 0.021525897 -0.424454516 -1.530000000
v -0.021525897 -0.424454516 -1.530000000
v -0.064356805 -0.420099038 -1.530000000
v -0.106527326 -0.411432776 -1.530000000
v -0.147604732 -0.398544656 -1.530000000
v -0.187167514 -0.381566929 -1.530000000
v -0.224809704 -0.360673809 -1.530000000
v -0.260145043 -0.336079688 -1.530000000
v -0.292810941 -0.308036935 -1.530000000
v -0.322472202 -0.276833305 -1.530000000
v -0.348824463 -0.242788991 -1.530000000
v -0.371597312 -0.206253334 -1.530000000
v -0.390557070 -0.167601238 -1.530000000
v -0.405509184 -0.127229327 -1.530000000
v -0.416300225 -0.085551871 -1.530000000
v -0.422819462 -0.042996537 -1.530000000
v -0.390541811 0.000000000 -1.530000000
v -0.388538068 0.039510460 -1.530000000
v -0.382547398 0.078615489 -1.530000000
v -0.372631274 0.116913816 -1.530000000
v -0.358891448 0.154012450 -1.530000000
v -0.341468911 0.189530708 -1.530000000
v -0.320542441 0.223104124 -1.530000000
v -0.296326772 0.254388189 -1.530000000
v -0.269070389 0.283061888 -1.530000000
v -0.239052979 0.308830989 -1.530000000
v -0.206582563 0.331431066 -1.530000000
v -0.171992330 0.350630211 -1.530000000
v -0.135637223 0.366231416 -1.530000000
v -0.097890294 0.378074592 -1.530000000
v -0.059138879 0.386038210 -1.530000000
v -0.019780618 0.390040554 -1.530000000
v 0.019780618 0.390040554 -1.530000000
v 0.059138879 0.386038210 -1.530000000
v 0.097890294 0.378074592 -1.530000000
v 0.135637223 0.366231416 -1.530000000
v 0.171992330 0.350630211 -1.530000000
v 0.206582563 0.331431066 -1.530000000
v 0.239052979 0.308830989 -1.530000000
v 0.269070389 0.283061888 -1.530000000
v 0.296326772 0.254388189 -1.530000000
v 0.320542441 0.223104124 -1.530000000
v 0.341468911 0.189530708 -1.530000000
v 0.358891448 0.154012450 -1.530000000
v 0.372631274 0.116913816 -1.530000000
v 0.382547398 0.078615489 -1.530000000
v 0.388538068 0.039510460 -1.530000000
v 0.390541811 0.000000000 -1.530000000
v 0.388538068 -0.039510460 -1.530000000
v 0.382547398 -0.078615489 -1.530000000
v 0.372631274 -0.116913816 -1.530000000
v 0.358891448 -0.154012450 -1.530000000
v 0.341468911 -0.189530708 -1.530000000
v 0.320542441 -0.223104124 -1.530000000
v 0.296326772 -0.254388189 -1.530000000
v 0.269070389 -0.283061888 -1.530000000
v 0.239052979 -0.308830989 -1.530000000
v 0.206582563 -0.331431066 -1.530000000
v 0.171992330 -0.350630211 -1.530000000
v 0.135637223 -0.366231416 -1.530000000
v 0.097890294 -0.378074592 -1.530000000
v 0.059138879 -0.386038210 -1.530000000
v 0.019780618 -0.390040554 -1.530000000
v -0.019780618 -0.390040554 -1.530000000
v -0.059138879 -0.386038210 -1.530000000
v -0.097890294 -0.378074592 -1.530000000
v -0.135637223 -0.366231416 -1.530000000
v -0.171992330 -0.350630211 -1.530000000
v -0.206582563 -0.331431066 -1.530000000
v -0.239052979 -0.308830989 -1.530000000
v -0.269070389 -0.283061888 -1.530000000
v -0.296326772 -0.254388189 -1.530000000
v -0.320542441 -0.223104124 -1.530000000
v -0.341468911 -0.189530708 -1.530000000
v -0.358891448 -0.154012450 -1.530000000
v -0.372631274 -0.116913816 -1.530000000
v -0.382547398 -0.078615489 -1.530000000
v -0.388538068 -0.039510460 -1.530000000
v -0.376304453 0.000000000 -1.524046268
v 0.376304453 0.000000000 -1.524046268
v -0.370222427 0.037647941 -1.517814623
v -0.364514156 0.074909563 -1.517814623
v -0.355065477 0.111402512 -1.517814623
v -0.341973346 0.146752320 -1.517814623
v -0.325372105 0.180596251 -1.517814623
v -0.305432106 0.212587020 -1.517814623
v -0.282357961 0.242396359 -1.517814623
v -0.256386441 0.269718382 -1.517814623
v -0.227784049 0.294272731 -1.517814623
v -0.196844284 0.315807442 -1.517814623
v -0.163884631 0.334101542 -1.517814623
v -0.129243299 0.348967309 -1.517814623
v -0.093275757 0.360252198 -1.517814623
v -0.056351078 0.367840412 -1.517814623
v -0.018848162 0.371654086 -1.517814623
v 0.018848162 0.371654086 -1.517814623
v 0.056351078 0.367840412 -1.517814623
v 0.093275757 0.360252198 -1.517814623
v 0.129243299 0.348967309 -1.517814623
v 0.163884631 0.334101542 -1.517814623
v 0.196844284 0.315807442 -1.517814623
v 0.227784049 0.294272731 -1.517814623
v 0.256386441 0.269718382 -1.517814623
v 0.282357961 0.242396359 -1.517814623
v 0.305432106 0.212587020 -1.517814623
v 0.325372105 0.180596251 -1.517814623
v 0.341973346 0.146752320 -1.517814623
v 0.355065477 0.111402512 -1.517814623
v 0.364514156 0.074909563 -1.517814623
v 0.370222427 0.037647941 -1.517814623
v -0.327814623 0.000000000 -1.413410097
v -0.326132712 0.033164455 -1.413410097
v -0.321104238 0.065988598 -1.413410097
v -0.312780800 0.098135609 -1.413410097
v -0.301247808 0.129275616 -1.413410097
v -0.286623606 0.159089080 -1.413410097
v -0.269058258 0.187270074 -1.413410097
v -0.248732008 0.213529425 -1.413410097
v -0.225853431 0.237597674 -1.413410097
v -0.200657292 0.259227850 -1.413410097
v -0.173402137 0.278197997 -1.413410097
v -0.144367643 0.294313456 -1.413410097
v -0.113851740 0.307408861 -1.413410097
v -0.082167565 0.317349835 -1.413410097
v -0.049640240 0.324034371 -1.413410097
v -0.016603538 0.327393875 -1.413410097
v 0.016603538 0.327393875 -1.413410097
v 0.049640240 0.324034371 -1.413410097
v 0.082167565 0.317349835 -1.413410097
v 0.113851740 0.307408861 -1.413410097
v 0.144367643 0.294313456 -1.413410097
v 0.173402137 0.278197997 -1.413410097
v 0.200657292 0.259227850 -1.413410097
v 0.225853431 0.237597674 -1.413410097
v 0.248732008 0.213529425 -1.413410097
v 0.269058258 0.187270074 -1.413410097
v 0.286623606 0.159089080 -1.413410097
v 0.301247808 0.129275616 -1.413410097
v 0.312780800 0.098135609 -1.413410097
v 0.321104238 0.065988598 -1.413410097
v 0.326132712 0.033164455 -1.413410097
v 0.327814623 0.000000000 -1.413410097
v 0.326132712 -0.033164455 -1.413410097
v 0.321104238 -0.065988598 -1.413410097
v 0.312780800 -0.098135609 -1.413410097
v 0.301247808 -0.129275616 -1.413410097
v 0.286623606 -0.159089080 -1.413410097
v 0.269058258 -0.187270074 -1.413410097
v 0.248732008 -0.213529425 -1.413410097
v 0.225853431 -0.237597674 -1.413410097
v 0.200657292 -0.259227850 -1.413410097
v 0.173402137 -0.278197997 -1.413410097
v 0.144367643 -0.294313456 -1.413410097
v 0.113851740 -0.307408861 -1.413410097
v 0.082167565 -0.317349835 -1.413410097
v 0.049640240 -0.324034371 -1.413410097
v 0.016603538 -0.327393875 -1.413410097
v -0.016603538 -0.327393875 -1.413410097
v -0.049640240 -0.324034371 -1.413410097
v -0.082167565 -0.317349835 -1.413410097
v -0.113851740 -0.307408861 -1.413410097
v -0.144367643 -0.294313456 -1.413410097
v -0.173402137 -0.278197997 -1.413410097
v -0.200657292 -0.259227850 -1.413410097
v -0.225853431 -0.237597674 -1.413410097
v -0.248732008 -0.213529425 -1.413410097
v -0.269058258 -0.187270074 -1.413410097
v -0.286623606 -0.159089080 -1.413410097
v -0.301247808 -0.129275616 -1.413410097
v -0.312780800 -0.098135609 -1.413410097
v -0.321104238 -0.065988598 -1.413410097
v -0.326132712 -0.033164455 -1.413410097
v 0.370222427 -0.037647941 -1.517814623
v 0.364514156 -0.074909563 -1.517814623
v 0.355065477 -0.111402512 -1.517814623
v 0.341973346 -0.146752320 -1.517814623
v 0.325372105 -0.180596251 -1.517814623
v 0.305432106 -0.212587020 -1.517814623
v 0.282357961 -0.242396359 -1.517814623
v 0.256386441 -0.269718382 -1.517814623
v 0.227784049 -0.294272731 -1.517814623
v 0.196844284 -0.315807442 -1.517814623
v 0.163884631 -0.334101542 -1.517814623
v 0.129243299 -0.348967309 -1.517814623
v 0.093275757 -0.360252198 -1.517814623
v 0.056351078 -0.367840412 -1.517814623
v 0.018848162 -0.371654086 -1.517814623
v -0.018848162 -0.371654086 -1.517814623
v -0.056351078 -0.367840412 -1.517814623
v -0.093275757 -0.360252198 -1.517814623
v -0.129243299 -0.348967309 -1.517814623
v -0.163884631 -0.334101542 -1.517814623
v -0.196844284 -0.315807442 -1.517814623
v -0.227784049 -0.294272731 -1.517814623
v -0.256386441 -0.269718382 -1.517814623
v -0.282357961 -0.242396359 -1.517814623
v -0.305432106 -0.212587020 -1.517814623
v -0.325372105 -0.180596251 -1.517814623
v -0.341973346 -0.146752320 -1.517814623
v -0.355065477 -0.111402512 -1.517814623
v -0.364514156 -0.074909563 -1.517814623
v -0.370222427 -0.037647941 -1.517814623
v 0.300000000 0.000000000 -1.395000000
v 0.298460797 -0.030350497 -1.395000000
v 0.293858982 -0.060389556 -1.395000000
v 0.286241777 -0.089808937 -1.395000000
v 0.275687343 -0.118306757 -1.395000000
v 0.262303985 -0.145590589 -1.395000000
v 0.246229032 -0.171380465 -1.395000000
v 0.227627437 -0.195411745 -1.395000000
v 0.206690076 -0.217437836 -1.395000000
v 0.183631795 -0.237232721 -1.395000000
v 0.158689203 -0.254593277 -1.395000000
v 0.132118245 -0.269341362 -1.395000000
v 0.104191576 -0.281325640 -1.395000000
v 0.075195760 -0.290423136 -1.395000000
v 0.045428333 -0.296540497 -1.395000000
v 0.015194751 -0.299614952 -1.395000000
v -0.015194751 -0.299614952 -1.395000000
v -0.045428333 -0.296540497 -1.395000000
v -0.075195760 -0.290423136 -1.395000000
v -0.104191576 -0.281325640 -1.395000000
v -0.132118245 -0.269341362 -1.395000000
v -0.158689203 -0.254593277 -1.395000000
v -0.183631795 -0.237232721 -1.395000000
v -0.206690076 -0.217437836 -1.395000000
v -0.227627437 -0.195411745 -1.395000000
v -0.246229032 -0.171380465 -1.395000000
v -0.262303985 -0.145590589 -1.395000000
v -0.275687343 -0.118306757 -1.395000000
v -0.286241777 -0.089808937 -1.395000000
v -0.293858982 -0.060389556 -1.395000000
v -0.298460797 -0.030350497 -1.395000000
v -0.300000000 0.000000000 -1.395000000
v -0.298460797 0.030350497 -1.395000000
v -0.293858982 0.060389556 -1.395000000
v -0.286241777 0.089808937 -1.395000000
v -0.275687343 0.118306757 -1.395000000
v -0.262303985 0.145590589 -1.395000000
v -0.246229032 0.171380465 -1.395000000
v -0.227627437 0.195411745 -1.395000000
v -0.206690076 0.217437836 -1.395000000
v -0.183631795 0.237232721 -1.395000000
v -0.158689203 0.254593277 -1.395000000
v -0.132118245 0.269341362 -1.395000000
v -0.104191576 0.281325640 -1.395000000
v -0.075195760 0.290423136 -1.395000000
v -0.045428333 0.296540497 -1.395000000
v -0.015194751 0.299614952 -1.395000000
v 0.015194751 0.299614952 -1.395000000
v 0.045428333 0.296540497 -1.395000000
v 0.075195760 0.290423136 -1.395000000
v 0.104191576 0.281325640 -1.395000000
v 0.132118245 0.269341362 -1.395000000
v 0.158689203 0.254593277 -1.395000000
v 0.183631795 0.237232721 -1.395000000
v 0.206690076 0.217437836 -1.395000000
v 0.227627437 0.195411745 -1.395000000
v 0.246229032 0.171380465 -1.395000000
v 0.262303985 0.145590589 -1.395000000
v 0.275687343 0.118306757 -1.395000000
v 0.286241777 0.089808937 -1.395000000
v 0.293858982 0.060389556 -1.395000000
v 0.298460797 0.030350497 -1.395000000
v -0.233794291 0.023774556 -1.395000000
v -0.230189536 0.047305152 -1.395000000
v -0.224222725 0.070350334 -1.395000000
v -0.215955086 0.092673626 -1.395000000
v -0.205471455 0.114045961 -1.395000000
v -0.192879409 0.134248031 -1.395000000
v -0.178308159 0.153072533 -1.395000000
v -0.161907226 0.170326305 -1.395000000
v -0.143844906 0.185832298 -1.395000000
v -0.124306542 0.199431401 -1.395000000
v -0.103492626 0.210984067 -1.395000000
v -0.081616734 0.220371751 -1.395000000
v -0.058903345 0.227498123 -1.395000000
v -0.035585528 0.232290056 -1.395000000
v -0.011902555 0.234698379 -1.395000000
v 0.011902555 0.234698379 -1.395000000
v 0.035585528 0.232290056 -1.395000000
v 0.058903345 0.227498123 -1.395000000
v 0.081616734 0.220371751 -1.395000000
v 0.103492626 0.210984067 -1.395000000
v 0.124306542 0.199431401 -1.395000000
v 0.143844906 0.185832298 -1.395000000
v 0.161907226 0.170326305 -1.395000000
v 0.178308159 0.153072533 -1.395000000
v 0.192879409 0.134248031 -1.395000000
v 0.205471455 0.114045961 -1.395000000
v 0.215955086 0.092673626 -1.395000000
v 0.224222725 0.070350334 -1.395000000
v 0.230189536 0.047305152 -1.395000000
v 0.233794291 0.023774556 -1.395000000
v 0.235000000 0.000000000 -1.395000000
v 0.233794291 -0.023774556 -1.395000000
v 0.230189536 -0.047305152 -1.395000000
v 0.224222725 -0.070350334 -1.395000000
v 0.215955086 -0.092673626 -1.395000000
v 0.205471455 -0.114045961 -1.395000000
v 0.192879409 -0.134248031 -1.395000000
v 0.178308159 -0.153072533 -1.395000000
v 0.161907226 -0.170326305 -1.395000000
v 0.143844906 -0.185832298 -1.395000000
v 0.124306542 -0.199431401 -1.395000000
v 0.103492626 -0.210984067 -1.395000000
v 0.081616734 -0.220371751 -1.395000000
v 0.058903345 -0.227498123 -1.395000000
v 0.035585528 -0.232290056 -1.395000000
v 0.011902555 -0.234698379 -1.395000000
v -0.011902555 -0.234698379 -1.395000000
v -0.035585528 -0.232290056 -1.395000000
v -0.058903345 -0.227498123 -1.395000000
v -0.081616734 -0.220371751 -1.395000000
v -0.103492626 -0.210984067 -1.395000000
v -0.124306542 -0.199431401 -1.395000000
v -0.143844906 -0.185832298 -1.395000000
v -0.161907226 -0.170326305 -1.395000000
v -0.178308159 -0.153072533 -1.395000000
v -0.192879409 -0.134248031 -1.395000000
v -0.205471455 -0.114045961 -1.395000000
v -0.215955086 -0.092673626 -1.395000000
v -0.224222725 -0.070350334 -1.395000000
v -0.230189536 -0.047305152 -1.395000000
v -0.233794291 -0.023774556 -1.395000000
v -0.235000000 0.000000000 -1.395000000
v -0.235000000 0.000000000 -1.320000000
v -0.233794291 0.023774556 -1.320000000
v -0.230189536 0.047305152 -1.320000000
v -0.224222725 0.070350334 -1.320000000
v -0.215955086 0.092673626 -1.320000000
v -0.205471455 0.114045961 -1.320000000
v -0.192879409 0.134248031 -1.320000000
v -0.178308159 0.153072533 -1.320000000
v -0.161907226 0.170326305 -1.320000000
v -0.143844906 0.185832298 -1.320000000
v -0.124306542 0.199431401 -1.320000000
v -0.103492626 0.210984067 -1.320000000
v -0.081616734 0.220371751 -1.320000000
v -0.058903345 0.227498123 -1.320000000
v -0.035585528 0.232290056 -1.320000000
v -0.011902555 0.234698379 -1.320000000
v 0.011902555 0.234698379 -1.320000000
v 0.035585528 0.232290056 -1.320000000
v 0.058903345 0.227498123 -1.320000000
v 0.081616734 0.220371751 -1.320000000
v 0.103492626 0.210984067 -1.320000000
v 0.124306542 0.199431401 -1.320000000
v 0.143844906 0.185832298 -1.320000000
v 0.161907226 0.170326305 -1.320000000
v 0.178308159 0.153072533 -1.320000000
v 0.192879409 0.134248031 -1.320000000
v 0.205471455 0.114045961 -1.320000000
v 0.215955086 0.092673626 -1.320000000
v 0.224222725 0.070350334 -1.320000000
v 0.230189536 0.047305152 -1.320000000
v 0.233794291 0.023774556 -1.320000000
v 0.235000000 0.000000000 -1.320000000
v -0.215000000 0.000000000 -1.300000000
v -0.213896905 0.021751189 -1.300000000
v -0.210598937 0.043279182 -1.300000000
v -0.205139940 0.064363071 -1.300000000
v -0.197575929 0.084786509 -1.300000000
v -0.187984522 0.104339922 -1.300000000
v -0.176464140 0.122822666 -1.300000000
v -0.163132996 0.140045084 -1.300000000
v -0.148127888 0.155830449 -1.300000000
v -0.131602786 0.170016783 -1.300000000
v -0.113727262 0.182458515 -1.300000000
v -0.094684743 0.193027976 -1.300000000
v -0.074670629 0.201616708 -1.300000000
v -0.053890294 0.208136581 -1.300000000
v -0.032556972 0.212520690 -1.300000000
v -0.010889571 0.214724049 -1.300000000
v 0.010889571 0.214724049 -1.300000000
v 0.032556972 0.212520690 -1.300000000
v 0.053890294 0.208136581 -1.300000000
v 0.074670629 0.201616708 -1.300000000
v 0.094684743 0.193027976 -1.300000000
v 0.113727262 0.182458515 -1.300000000
v 0.131602786 0.170016783 -1.300000000
v 0.148127888 0.155830449 -1.300000000
v 0.163132996 0.140045084 -1.300000000
v 0.176464140 0.122822666 -1.300000000
v 0.187984522 0.104339922 -1.300000000
v 0.197575929 0.084786509 -1.300000000
v 0.205139940 0.064363071 -1.300000000
v 0.210598937 0.043279182 -1.300000000
v 0.213896905 0.021751189 -1.300000000
v 0.215000000 0.000000000 -1.300000000
v 0.213896905 -0.021751189 -1.300000000
v 0.210598937 -0.043279182 -1.300000000
v 0.205139940 -0.064363071 -1.300000000
v 0.197575929 -0.084786509 -1.300000000
v 0.187984522 -0.104339922 -1.300000000
v 0.176464140 -0.122822666 -1.300000000
v 0.163132996 -0.140045084 -1.300000000
v 0.148127888 -0.155830449 -1.300000000
v 0.131602786 -0.170016783 -1.300000000
v 0.113727262 -0.182458515 -1.300000000
v 0.094684743 -0.193027976 -1.300000000
v 0.074670629 -0.201616708 -1.300000000
v 0.053890294 -0.208136581 -1.300000000
v 0.032556972 -0.212520690 -1.300000000
v 0.010889571 -0.214724049 -1.300000000
v -0.010889571 -0.214724049 -1.300000000
v -0.032556972 -0.212520690 -1.300000000
v -0.053890294 -0.208136581 -1.300000000
v -0.074670629 -0.201616708 -1.300000000
v -0.094684743 -0.193027976 -1.300000000
v -0.113727262 -0.182458515 -1.300000000
v -0.131602786 -0.170016783 -1.300000000
v -0.148127888 -0.155830449 -1.300000000
v -0.163132996 -0.140045084 -1.300000000
v -0.176464140 -0.122822666 -1.300000000
v -0.187984522 -0.104339922 -1.300000000
v -0.197575929 -0.084786509 -1.300000000
v -0.205139940 -0.064363071 -1.300000000
v -0.210598937 -0.043279182 -1.300000000
v -0.213896905 -0.021751189 -1.300000000
v -0.145000000 0.000000000 -1.300000000
v -0.142031841 0.029188285 -1.300000000
v -0.133248883 0.057181599 -1.300000000
v -0.119010699 0.082833891 -1.300000000
v -0.099900203 0.105094954 -1.300000000
v -0.076699781 0.123053417 -1.300000000
v -0.050359262 0.135974059 -1.300000000
v -0.021957028 0.143327907 -1.300000000
v 0.007344129 0.144813894 -1.300000000
v 0.036344617 0.140371182 -1.300000000
v 0.063857152 0.130181658 -1.300000000
v 0.088755367 0.114662482 -1.300000000
v 0.110019928 0.094449010 -1.300000000
v 0.126780259 0.070368785 -1.300000000
v 0.138350192 0.043407653 -1.300000000
v 0.144256052 0.014669407 -1.300000000
v 0.144256052 -0.014669407 -1.300000000
v 0.138350192 -0.043407653 -1.300000000
v 0.126780259 -0.070368785 -1.300000000
v 0.110019928 -0.094449010 -1.300000000
v 0.088755367 -0.114662482 -1.300000000
v 0.063857152 -0.130181658 -1.300000000
v 0.036344617 -0.140371182 -1.300000000
v 0.007344129 -0.144813894 -1.300000000
v -0.021957028 -0.143327907 -1.300000000
v -0.050359262 -0.135974059 -1.300000000
v -0.076699781 -0.123053417 -1.300000000
v -0.099900203 -0.105094954 -1.300000000
v -0.119010699 -0.082833891 -1.300000000
v -0.133248883 -0.057181599 -1.300000000
v -0.142031841 -0.029188285 -1.300000000
v -0.145000000 0.000000000 -1.217500000
v -0.142031841 0.029188285 -1.217500000
v -0.133248883 0.057181599 -1.217500000
v -0.119010699 0.082833891 -1.217500000
v -0.099900203 0.105094954 -1.217500000
v -0.076699781 0.123053417 -1.217500000
v -0.050359262 0.135974059 -1.217500000
v -0.021957028 0.143327907 -1.217500000
v 0.007344129 0.144813894 -1.217500000
v 0.036344617 0.140371182 -1.217500000
v 0.063857152 0.130181658 -1.217500000
v 0.088755367 0.114662482 -1.217500000
v 0.110019928 0.094449010 -1.217500000
v 0.126780259 0.070368785 -1.217500000
v 0.138350192 0.043407653 -1.217500000
v 0.144256052 0.014669407 -1.217500000
v 0.144256052 -0.014669407 -1.217500000
v 0.138350192 -0.043407653 -1.217500000
v 0.126780259 -0.070368785 -1.217500000
v 0.110019928 -0.094449010 -1.217500000
v 0.088755367 -0.114662482 -1.217500000
v 0.063857152 -0.130181658 -1.217500000
v 0.036344617 -0.140371182 -1.217500000
v 0.007344129 -0.144813894 -1.217500000
v -0.021957028 -0.143327907 -1.217500000
v -0.050359262 -0.135974059 -1.217500000
v -0.076699781 -0.123053417 -1.217500000
v -0.099900203 -0.105094954 -1.217500000
v -0.119010699 -0.082833891 -1.217500000
v -0.133248883 -0.057181599 -1.217500000
v -0.142031841 -0.029188285 -1.217500000
v -0.151717572 0.015428169 -1.217500000
v -0.145506237 0.045652876 -1.217500000
v -0.133337859 0.074008549 -1.217500000
v -0.115710614 0.099334304 -1.217500000
v -0.093346162 0.120593300 -1.217500000
v -0.067160108 0.136915192 -1.217500000
v -0.038224511 0.147631761 -1.217500000
v -0.007723998 0.152304267 -1.217500000
v 0.023092736 0.150741419 -1.217500000
v 0.052964051 0.143007200 -1.217500000
v 0.080667012 0.129418249 -1.217500000
v 0.105067455 0.110530900 -1.217500000
v 0.125166425 0.087118403 -1.217500000
v 0.140141066 0.060139268 -1.217500000
v 0.149378316 0.030698024 -1.217500000
v 0.152500000 0.000000000 -1.217500000
v 0.152500000 0.000000000 -0.820000000
v 0.151717572 -0.015428169 -0.820000000
v 0.149378316 -0.030698024 -0.820000000
v 0.145506237 -0.045652876 -0.820000000
v 0.140141066 -0.060139268 -0.820000000
v 0.133337859 -0.074008549 -0.820000000
v 0.125166425 -0.087118403 -0.820000000
v 0.115710614 -0.099334304 -0.820000000
v 0.105067455 -0.110530900 -0.820000000
v 0.093346162 -0.120593300 -0.820000000
v 0.080667012 -0.129418249 -0.820000000
v 0.067160108 -0.136915192 -0.820000000
v 0.052964051 -0.143007200 -0.820000000
v 0.038224511 -0.147631761 -0.820000000
v 0.023092736 -0.150741419 -0.820000000
v 0.007723998 -0.152304267 -0.820000000
v -0.007723998 -0.152304267 -0.820000000
v -0.023092736 -0.150741419 -0.820000000
v -0.038224511 -0.147631761 -0.820000000
v -0.052964051 -0.143007200 -0.820000000
v -0.067160108 -0.136915192 -0.820000000
v -0.080667012 -0.129418249 -0.820000000
v -0.093346162 -0.120593300 -0.820000000
v -0.105067455 -0.110530900 -0.820000000
v -0.115710614 -0.099334304 -0.820000000
v -0.125166425 -0.087118403 -0.820000000
v -0.133337859 -0.074008549 -0.820000000
v -0.140141066 -0.060139268 -0.820000000
v -0.145506237 -0.045652876 -0.820000000
v -0.149378316 -0.030698024 -0.820000000
v -0.151717572 -0.015428169 -0.820000000
v -0.152500000 0.000000000 -0.820000000
v 0.152500000 0.000000000 -1.018750000
v 0.151717572 -0.015428169 -1.018750000
v 0.149378316 -0.030698024 -1.018750000
v 0.145506237 -0.045652876 -1.018750000
v 0.140141066 -0.060139268 -1.018750000
v 0.133337859 -0.074008549 -1.018750000
v 0.125166425 -0.087118403 -1.018750000
v 0.115710614 -0.099334304 -1.018750000
v 0.105067455 -0.110530900 -1.018750000
v 0.093346162 -0.120593300 -1.018750000
v 0.080667012 -0.129418249 -1.018750000
v 0.067160108 -0.136915192 -1.018750000
v 0.052964051 -0.143007200 -1.018750000
v 0.038224511 -0.147631761 -1.018750000
v 0.023092736 -0.150741419 -1.018750000
v 0.007723998 -0.152304267 -1.018750000
v -0.007723998 -0.152304267 -1.018750000
v -0.023092736 -0.150741419 -1.018750000
v -0.038224511 -0.147631761 -1.018750000
v -0.052964051 -0.143007200 -1.018750000
v -0.067160108 -0.136915192 -1.018750000
v -0.080667012 -0.129418249 -1.018750000
v -0.093346162 -0.120593300 -1.018750000
v -0.105067455 -0.110530900 -1.018750000
v -0.115710614 -0.099334304 -1.018750000
v -0.125166425 -0.087118403 -1.018750000
v -0.133337859 -0.074008549 -1.018750000
v -0.140141066 -0.060139268 -1.018750000
v -0.145506237 -0.045652876 -1.018750000
v -0.149378316 -0.030698024 -1.018750000
v -0.151717572 -0.015428169 -1.018750000
v -0.152500000 -0.000000000 -1.018750000
v 0.149378316 -0.030698024 -1.217500000
v 0.140141066 -0.060139268 -1.217500000
v 0.125166425 -0.087118403 -1.217500000
v 0.105067455 -0.110530900 -1.217500000
v 0.080667012 -0.129418249 -1.217500000
v 0.052964051 -0.143007200 -1.217500000
v 0.023092736 -0.150741419 -1.217500000
v -0.007723998 -0.152304267 -1.217500000
v -0.038224511 -0.147631761 -1.217500000
v -0.067160108 -0.136915192 -1.217500000
v -0.093346162 -0.120593300 -1.217500000
v -0.115710614 -0.099334304 -1.217500000
v -0.133337859 -0.074008549 -1.217500000
v -0.145506237 -0.045652876 -1.217500000
v -0.151717572 -0.015428169 -1.217500000
v 0.152500000 0.000000000 -0.300000000
v 0.151717572 -0.015428169 -0.300000000
v 0.149378316 -0.030698024 -0.300000000
v 0.145506237 -0.045652876 -0.300000000
v 0.140141066 -0.060139268 -0.300000000
v 0.133337859 -0.074008549 -0.300000000
v 0.125166425 -0.087118403 -0.300000000
v 0.115710614 -0.099334304 -0.300000000
v 0.105067455 -0.110530900 -0.300000000
v 0.093346162 -0.120593300 -0.300000000
v 0.080667012 -0.129418249 -0.300000000
v 0.067160108 -0.136915192 -0.300000000
v 0.052964051 -0.143007200 -0.300000000
v 0.038224511 -0.147631761 -0.300000000
v 0.023092736 -0.150741419 -0.300000000
v 0.007723998 -0.152304267 -0.300000000
v -0.007723998 -0.152304267 -0.300000000
v -0.023092736 -0.150741419 -0.300000000
v -0.038224511 -0.147631761 -0.300000000
v -0.052964051 -0.143007200 -0.300000000
v -0.067160108 -0.136915192 -0.300000000
v -0.080667012 -0.129418249 -0.300000000
v -0.093346162 -0.120593300 -0.300000000
v -0.105067455 -0.110530900 -0.300000000
v -0.115710614 -0.099334304 -0.300000000
v -0.125166425 -0.087118403 -0.300000000
v -0.133337859 -0.074008549 -0.300000000
v -0.140141066 -0.060139268 -0.300000000
v -0.145506237 -0.045652876 -0.300000000
v -0.149378316 -0.030698024 -0.300000000
v -0.151717572 -0.015428169 -0.300000000
v -0.152500000 0.000000000 -0.300000000
v 0.152500000 0.000000000 -0.770000000
v 0.151717572 -0.015428169 -0.770000000
v 0.149378316 -0.030698024 -0.770000000
v 0.145506237 -0.045652876 -0.770000000
v 0.140141066 -0.060139268 -0.770000000
v 0.133337859 -0.074008549 -0.770000000
v 0.125166425 -0.087118403 -0.770000000
v 0.115710614 -0.099334304 -0.770000000
v 0.105067455 -0.110530900 -0.770000000
v 0.093346162 -0.120593300 -0.770000000
v 0.080667012 -0.129418249 -0.770000000
v 0.067160108 -0.136915192 -0.770000000
v 0.052964051 -0.143007200 -0.770000000
v 0.038224511 -0.147631761 -0.770000000
v 0.023092736 -0.150741419 -0.770000000
v 0.007723998 -0.152304267 -0.770000000
v -0.007723998 -0.152304267 -0.770000000
v -0.023092736 -0.150741419 -0.770000000
v -0.038224511 -0.147631761 -0.770000000
v -0.052964051 -0.143007200 -0.770000000
v -0.067160108 -0.136915192 -0.770000000
v -0.080667012 -0.129418249 -0.770000000
v -0.093346162 -0.120593300 -0.770000000
v -0.105067455 -0.110530900 -0.770000000
v -0.115710614 -0.099334304 -0.770000000
v -0.125166425 -0.087118403 -0.770000000
v -0.133337859 -0.074008549 -0.770000000
v -0.140141066 -0.060139268 -0.770000000
v -0.145506237 -0.045652876 -0.770000000
v -0.149378316 -0.030698024 -0.770000000
v -0.151717572 -0.015428169 -0.770000000
v -0.152500000 0.000000000 -0.770000000
v -0.151717572 0.015428169 -0.820000000
v -0.149378316 0.030698024 -0.820000000
v -0.145506237 0.045652876 -0.820000000
v -0.140141066 0.060139268 -0.820000000
v -0.133337859 0.074008549 -0.820000000
v -0.125166425 0.087118403 -0.820000000
v -0.115710614 0.099334304 -0.820000000
v -0.105067455 0.110530900 -0.820000000
v -0.093346162 0.120593300 -0.820000000
v -0.080667012 0.129418249 -0.820000000
v -0.067160108 0.136915192 -0.820000000
v -0.052964051 0.143007200 -0.820000000
v -0.038224511 0.147631761 -0.820000000
v -0.023092736 0.150741419 -0.820000000
v -0.007723998 0.152304267 -0.820000000
v 0.007723998 0.152304267 -0.820000000
v 0.023092736 0.150741419 -0.820000000
v 0.038224511 0.147631761 -0.820000000
v 0.052964051 0.143007200 -0.820000000
v 0.067160108 0.136915192 -0.820000000
v 0.080667012 0.129418249 -0.820000000
v 0.093346162 0.120593300 -0.820000000
v 0.105067455 0.110530900 -0.820000000
v 0.115710614 0.099334304 -0.820000000
v 0.125166425 0.087118403 -0.820000000
v 0.133337859 0.074008549 -0.820000000
v 0.140141066 0.060139268 -0.820000000
v 0.145506237 0.045652876 -0.820000000
v 0.149378316 0.030698024 -0.820000000
v 0.151717572 0.015428169 -0.820000000
v -0.124358665 0.012646040 -0.820000000
v -0.119267407 0.037420390 -0.820000000
v -0.109293327 0.060662745 -0.820000000
v -0.094844765 0.081421560 -0.820000000
v -0.076513248 0.098846967 -0.820000000
v -0.055049269 0.112225567 -0.820000000
v -0.031331567 0.121009640 -0.820000000
v -0.006331146 0.124839563 -0.820000000
v 0.018928472 0.123558541 -0.820000000
v 0.043413157 0.117219017 -0.820000000
v 0.066120501 0.106080532 -0.820000000
v 0.086120865 0.090599098 -0.820000000
v 0.102595430 0.071408527 -0.820000000
v 0.114869726 0.049294482 -0.820000000
v 0.122441243 0.025162315 -0.820000000
v 0.125000000 0.000000000 -0.820000000
v 0.122441243 -0.025162315 -0.820000000
v 0.114869726 -0.049294482 -0.820000000
v 0.102595430 -0.071408527 -0.820000000
v 0.086120865 -0.090599098 -0.820000000
v 0.066120501 -0.106080532 -0.820000000
v 0.043413157 -0.117219017 -0.820000000
v 0.018928472 -0.123558541 -0.820000000
v -0.006331146 -0.124839563 -0.820000000
v -0.031331567 -0.121009640 -0.820000000
v -0.055049269 -0.112225567 -0.820000000
v -0.076513248 -0.098846967 -0.820000000
v -0.094844765 -0.081421560 -0.820000000
v -0.109293327 -0.060662745 -0.820000000
v -0.119267407 -0.037420390 -0.820000000
v -0.124358665 -0.012646040 -0.820000000
v -0.125000000 0.000000000 -0.770000000
v -0.122441243 0.025162315 -0.770000000
v -0.114869726 0.049294482 -0.770000000
v -0.102595430 0.071408527 -0.770000000
v -0.086120865 0.090599098 -0.770000000
v -0.066120501 0.106080532 -0.770000000
v -0.043413157 0.117219017 -0.770000000
v -0.018928472 0.123558541 -0.770000000
v 0.006331146 0.124839563 -0.770000000
v 0.031331567 0.121009640 -0.770000000
v 0.055049269 0.112225567 -0.770000000
v 0.076513248 0.098846967 -0.770000000
v 0.094844765 0.081421560 -0.770000000
v 0.109293327 0.060662745 -0.770000000
v 0.119267407 0.037420390 -0.770000000
v 0.124358665 0.012646040 -0.770000000
v 0.124358665 -0.012646040 -0.770000000
v 0.119267407 -0.037420390 -0.770000000
v 0.109293327 -0.060662745 -0.770000000
v 0.094844765 -0.081421560 -0.770000000
v 0.076513248 -0.098846967 -0.770000000
v 0.055049269 -0.112225567 -0.770000000
v 0.031331567 -0.121009640 -0.770000000
v 0.006331146 -0.124839563 -0.770000000
v -0.018928472 -0.123558541 -0.770000000
v -0.043413157 -0.117219017 -0.770000000
v -0.066120501 -0.106080532 -0.770000000
v -0.086120865 -0.090599098 -0.770000000
v -0.102595430 -0.071408527 -0.770000000
v -0.114869726 -0.049294482 -0.770000000
v -0.122441243 -0.025162315 -0.770000000
v -0.151717572 0.015428169 -0.770000000
v -0.149378316 0.030698024 -0.770000000
v -0.145506237 0.045652876 -0.770000000
v -0.140141066 0.060139268 -0.770000000
v -0.133337859 0.074008549 -0.770000000
v -0.125166425 0.087118403 -0.770000000
v -0.115710614 0.099334304 -0.770000000
v -0.105067455 0.110530900 -0.770000000
v -0.093346162 0.120593300 -0.770000000
v -0.080667012 0.129418249 -0.770000000
v -0.067160108 0.136915192 -0.770000000
v -0.052964051 0.143007200 -0.770000000
v -0.038224511 0.147631761 -0.770000000
v -0.023092736 0.150741419 -0.770000000
v -0.007723998 0.152304267 -0.770000000
v 0.007723998 0.152304267 -0.770000000
v 0.023092736 0.150741419 -0.770000000
v 0.038224511 0.147631761 -0.770000000
v 0.052964051 0.143007200 -0.770000000
v 0.067160108 0.136915192 -0.770000000
v 0.080667012 0.129418249 -0.770000000
v 0.093346162 0.120593300 -0.770000000
v 0.105067455 0.110530900 -0.770000000
v 0.115710614 0.099334304 -0.770000000
v 0.125166425 0.087118403 -0.770000000
v 0.133337859 0.074008549 -0.770000000
v 0.140141066 0.060139268 -0.770000000
v 0.145506237 0.045652876 -0.770000000
v 0.149378316 0.030698024 -0.770000000
v 0.151717572 0.015428169 -0.770000000
v -0.151717572 0.015428169 -0.300000000
v -0.149378316 0.030698024 -0.300000000
v -0.145506237 0.045652876 -0.300000000
v -0.140141066 0.060139268 -0.300000000
v -0.133337859 0.074008549 -0.300000000
v -0.125166425 0.087118403 -0.300000000
v -0.115710614 0.099334304 -0.300000000
v -0.105067455 0.110530900 -0.300000000
v -0.093346162 0.120593300 -0.300000000
v -0.080667012 0.129418249 -0.300000000
v -0.067160108 0.136915192 -0.300000000
v -0.052964051 0.143007200 -0.300000000
v -0.038224511 0.147631761 -0.300000000
v -0.023092736 0.150741419 -0.300000000
v -0.007723998 0.152304267 -0.300000000
v 0.007723998 0.152304267 -0.300000000
v 0.023092736 0.150741419 -0.300000000
v 0.038224511 0.147631761 -0.300000000
v 0.052964051 0.143007200 -0.300000000
v 0.067160108 0.136915192 -0.300000000
v 0.080667012 0.129418249 -0.300000000
v 0.093346162 0.120593300 -0.300000000
v 0.105067455 0.110530900 -0.300000000
v 0.115710614 0.099334304 -0.300000000
v 0.125166425 0.087118403 -0.300000000
v 0.133337859 0.074008549 -0.300000000
v 0.140141066 0.060139268 -0.300000000
v 0.145506237 0.045652876 -0.300000000
v 0.149378316 0.030698024 -0.300000000
v 0.151717572 0.015428169 -0.300000000
v -0.130000000 0.000000000 -0.230000000
v -0.127338892 0.026168808 -0.230000000
v -0.119464516 0.051266261 -0.230000000
v -0.106699247 0.074264868 -0.230000000
v -0.089565699 0.094223062 -0.230000000
v -0.068765321 0.110323753 -0.230000000
v -0.045149683 0.121907777 -0.230000000
v -0.019685611 0.128500882 -0.230000000
v 0.006584392 0.129833146 -0.230000000
v 0.032584829 0.125850025 -0.230000000
v 0.057251240 0.116714590 -0.230000000
v 0.079573778 0.102800846 -0.230000000
v 0.098638556 0.084678423 -0.230000000
v 0.113665060 0.063089255 -0.230000000
v 0.124038103 0.038917206 -0.230000000
v 0.129333012 0.013151882 -0.230000000
v 0.129333012 -0.013151882 -0.230000000
v 0.124038103 -0.038917206 -0.230000000
v 0.113665060 -0.063089255 -0.230000000
v 0.098638556 -0.084678423 -0.230000000
v 0.079573778 -0.102800846 -0.230000000
v 0.057251240 -0.116714590 -0.230000000
v 0.032584829 -0.125850025 -0.230000000
v 0.006584392 -0.129833146 -0.230000000
v -0.019685611 -0.128500882 -0.230000000
v -0.045149683 -0.121907777 -0.230000000
v -0.068765321 -0.110323753 -0.230000000
v -0.089565699 -0.094223062 -0.230000000
v -0.106699247 -0.074264868 -0.230000000
v -0.119464516 -0.051266261 -0.230000000
v -0.127338892 -0.026168808 -0.230000000
v 0.130000000 0.000000000 -0.205000000
v 0.127338892 -0.026168808 -0.205000000
v 0.119464516 -0.051266261 -0.205000000
v 0.106699247 -0.074264868 -0.205000000
v 0.089565699 -0.094223062 -0.205000000
v 0.068765321 -0.110323753 -0.205000000
v 0.045149683 -0.121907777 -0.205000000
v 0.019685611 -0.128500882 -0.205000000
v -0.006584392 -0.129833146 -0.205000000
v -0.032584829 -0.125850025 -0.205000000
v -0.057251240 -0.116714590 -0.205000000
v -0.079573778 -0.102800846 -0.205000000
v -0.098638556 -0.084678423 -0.205000000
v -0.113665060 -0.063089255 -0.205000000
v -0.124038103 -0.038917206 -0.205000000
v -0.129333012 -0.013151882 -0.205000000
v -0.129333012 0.013151882 -0.205000000
v -0.124038103 0.038917206 -0.205000000
v -0.113665060 0.063089255 -0.205000000
v -0.098638556 0.084678423 -0.205000000
v -0.079573778 0.102800846 -0.205000000
v -0.057251240 0.116714590 -0.205000000
v -0.032584829 0.125850025 -0.205000000
v -0.006584392 0.129833146 -0.205000000
v 0.019685611 0.128500882 -0.205000000
v 0.045149683 0.121907777 -0.205000000
v 0.068765321 0.110323753 -0.205000000
v 0.089565699 0.094223062 -0.205000000
v 0.106699247 0.074264868 -0.205000000
v 0.119464516 0.051266261 -0.205000000
v 0.127338892 0.026168808 -0.205000000
v -0.137134192 0.028181793 -0.205000000
v -0.128654094 0.055209820 -0.205000000
v -0.114906882 0.079977550 -0.205000000
v -0.096455369 0.101470990 -0.205000000
v -0.074054961 0.118810196 -0.205000000
v -0.048622735 0.131285299 -0.205000000
v -0.021199889 0.138385565 -0.205000000
v 0.007090884 0.139820311 -0.205000000
v 0.035091355 0.135530797 -0.205000000
v 0.061655181 0.125692636 -0.205000000
v 0.085694838 0.110708603 -0.205000000
v 0.106226137 0.091192148 -0.205000000
v 0.122408526 0.067942275 -0.205000000
v 0.133579496 0.041910837 -0.205000000
v 0.139281705 0.014163565 -0.205000000
v 0.139281705 -0.014163565 -0.205000000
v 0.133579496 -0.041910837 -0.205000000
v 0.122408526 -0.067942275 -0.205000000
v 0.106226137 -0.091192148 -0.205000000
v 0.085694838 -0.110708603 -0.205000000
v 0.061655181 -0.125692636 -0.205000000
v 0.035091355 -0.135530797 -0.205000000
v 0.007090884 -0.139820311 -0.205000000
v -0.021199889 -0.138385565 -0.205000000
v -0.048622735 -0.131285299 -0.205000000
v -0.074054961 -0.118810196 -0.205000000
v -0.096455369 -0.101470990 -0.205000000
v -0.114906882 -0.079977550 -0.205000000
v -0.128654094 -0.055209820 -0.205000000
v -0.137134192 -0.028181793 -0.205000000
v -0.140000000 0.000000000 -0.205000000
v -0.140000000 0.000000000 -0.045294628
v -0.137134192 0.028181793 -0.045294628
v -0.128654094 0.055209820 -0.045294628
v -0.114906882 0.079977550 -0.045294628
v -0.096455369 0.101470990 -0.045294628
v -0.074054961 0.118810196 -0.045294628
v -0.048622735 0.131285299 -0.045294628
v -0.021199889 0.138385565 -0.045294628
v 0.007090884 0.139820311 -0.045294628
v 0.035091355 0.135530797 -0.045294628
v 0.061655181 0.125692636 -0.045294628
v 0.085694838 0.110708603 -0.045294628
v 0.106226137 0.091192148 -0.045294628
v 0.122408526 0.067942275 -0.045294628
v 0.133579496 0.041910837 -0.045294628
v 0.139281705 0.014163565 -0.045294628
v 0.139281705 -0.014163565 -0.045294628
v 0.133579496 -0.041910837 -0.045294628
v 0.122408526 -0.067942275 -0.045294628
v 0.106226137 -0.091192148 -0.045294628
v 0.085694838 -0.110708603 -0.045294628
v 0.061655181 -0.125692636 -0.045294628
v 0.035091355 -0.135530797 -0.045294628
v 0.007090884 -0.139820311 -0.045294628
v -0.021199889 -0.138385565 -0.045294628
v -0.048622735 -0.131285299 -0.045294628
v -0.074054961 -0.118810196 -0.045294628
v -0.096455369 -0.101470990 -0.045294628
v -0.114906882 -0.079977550 -0.045294628
v -0.128654094 -0.055209820 -0.045294628
v -0.137134192 -0.028181793 -0.045294628
v -0.139281705 0.014163565 -0.035294628
v -0.133579496 0.041910837 -0.035294628
v -0.122408526 0.067942275 -0.035294628
v -0.106226137 0.091192148 -0.035294628
v -0.085694838 0.110708603 -0.035294628
v -0.061655181 0.125692636 -0.035294628
v -0.035091355 0.135530797 -0.035294628
v -0.007090884 0.139820311 -0.035294628
v 0.021199889 0.138385565 -0.035294628
v 0.048622735 0.131285299 -0.035294628
v 0.074054961 0.118810196 -0.035294628
v 0.096455369 0.101470990 -0.035294628
v 0.114906882 0.079977550 -0.035294628
v 0.128654094 0.055209820 -0.035294628
v 0.137134192 0.028181793 -0.035294628
v 0.140000000 0.000000000 -0.035294628
v 0.137134192 -0.028181793 -0.035294628
v 0.128654094 -0.055209820 -0.035294628
v 0.114906882 -0.079977550 -0.035294628
v 0.096455369 -0.101470990 -0.035294628
v 0.074054961 -0.118810196 -0.035294628
v 0.048622735 -0.131285299 -0.035294628
v 0.021199889 -0.138385565 -0.035294628
v -0.007090884 -0.139820311 -0.035294628
v -0.035091355 -0.135530797 -0.035294628
v -0.061655181 -0.125692636 -0.035294628
v -0.085694838 -0.110708603 -0.035294628
v -0.106226137 -0.091192148 -0.035294628
v -0.122408526 -0.067942275 -0.035294628
v -0.133579496 -0.041910837 -0.035294628
v -0.139281705 -0.014163565 -0.035294628
v -0.085000000 0.000000000 -0.035294628
v -0.083260045 0.017110374 -0.035294628
v -0.078111414 0.033520248 -0.035294628
v -0.069764893 0.048557798 -0.035294628
v -0.058562188 0.061607387 -0.035294628
v -0.044961941 0.072134762 -0.035294628
v -0.029520946 0.079708931 -0.035294628
v -0.012871361 0.084019808 -0.035294628
v 0.004305179 0.084890903 -0.035294628
v 0.021305465 0.082286555 -0.035294628
v 0.037433503 0.076313386 -0.035294628
v 0.052029009 0.067215938 -0.035294628
v 0.064494440 0.055366661 -0.035294628
v 0.074319462 0.041250667 -0.035294628
v 0.081101837 0.025445865 -0.035294628
v 0.084563892 0.008599307 -0.035294628
v 0.084563892 -0.008599307 -0.035294628
v 0.081101837 -0.025445865 -0.035294628
v 0.074319462 -0.041250667 -0.035294628
v 0.064494440 -0.055366661 -0.035294628
v 0.052029009 -0.067215938 -0.035294628
v 0.037433503 -0.076313386 -0.035294628
v 0.021305465 -0.082286555 -0.035294628
v 0.004305179 -0.084890903 -0.035294628
v -0.012871361 -0.084019808 -0.035294628
v -0.029520946 -0.079708931 -0.035294628
v -0.044961941 -0.072134762 -0.035294628
v -0.058562188 -0.061607387 -0.035294628
v -0.069764893 -0.048557798 -0.035294628
v -0.078111414 -0.033520248 -0.035294628
v -0.083260045 -0.017110374 -0.035294628
v 0.003046644 0.000000000 -0.000038681
v 0.022662474 0.006072391 -0.002315938
v -0.020318618 0.011730960 -0.002315938
v 0.044450199 0.011910395 -0.009174361
v -0.039852958 0.023009116 -0.009174361
v -0.054751003 0.014670487 -0.014230890
v 0.064522192 0.017288669 -0.020310539
v -0.057849015 0.033399144 -0.020310539
v -0.040080516 0.040080516 -0.014230890
v -0.017454457 0.030232007 -0.005189863
v -0.033399144 0.057849015 -0.020310539
v -0.011910395 0.044450199 -0.009174361
v -0.017288669 0.064522192 -0.020310539
v 0.000000000 0.023461919 -0.002315938
v 0.000000000 0.056682409 -0.014230890
v -0.071160598 0.000000000 -0.023376145
v 0.011910395 0.044450199 -0.009174361
v 0.017288669 0.064522192 -0.020310539
v 0.017454457 0.030232007 -0.005189863
v 0.028341204 0.049088406 -0.014230890
v 0.032539804 0.032539804 -0.009174361
v 0.047233523 0.047233523 -0.020310539
v 0.049088406 0.028341204 -0.014230890
v -0.050204870 0.000000000 -0.011007014
v 0.073590813 0.000000000 -0.025213966
v -0.033082600 0.000000000 -0.004650351
v 0.058353719 0.000000000 -0.015143701
v 0.000000000 0.071619805 -0.023716027
v 0.035809903 0.062024571 -0.023716027
v 0.020318618 -0.011730960 -0.002315938
v 0.039852958 -0.023009116 -0.009174361
v -0.054751003 -0.014670487 -0.014230890
v 0.057849015 -0.033399144 -0.020310539
v 0.064522192 -0.017288669 -0.020310539
v 0.040080516 -0.040080516 -0.014230890
v 0.017454457 -0.030232007 -0.005189863
v 0.033399144 -0.057849015 -0.020310539
v 0.011910395 -0.044450199 -0.009174361
v 0.017288669 -0.064522192 -0.020310539
v 0.000000000 -0.023461919 -0.002315938
v 0.000000000 -0.056682409 -0.014230890
v -0.011910395 -0.044450199 -0.009174361
v -0.017288669 -0.064522192 -0.020310539
v -0.017454457 -0.030232007 -0.005189863
v -0.028341204 -0.049088406 -0.014230890
v -0.032539804 -0.032539804 -0.009174361
v -0.047233523 -0.047233523 -0.020310539
v -0.020318618 -0.011730960 -0.002315938
v -0.057849015 -0.033399144 -0.020310539
v 0.000000000 -0.071619805 -0.023716027
v -0.035809903 -0.062024571 -0.023716027
v 0.233794291 -0.023774556 -1.320000000
v 0.230189536 -0.047305152 -1.320000000
v 0.224222725 -0.070350334 -1.320000000
v 0.215955086 -0.092673626 -1.320000000
v 0.205471455 -0.114045961 -1.320000000
v 0.192879409 -0.134248031 -1.320000000
v 0.178308159 -0.153072533 -1.320000000
v 0.161907226 -0.170326305 -1.320000000
v 0.143844906 -0.185832298 -1.320000000
v 0.124306542 -0.199431401 -1.320000000
v 0.103492626 -0.210984067 -1.320000000
v 0.081616734 -0.220371751 -1.320000000
v 0.058903345 -0.227498123 -1.320000000
v 0.035585528 -0.232290056 -1.320000000
v 0.011902555 -0.234698379 -1.320000000
v -0.011902555 -0.234698379 -1.320000000
v -0.035585528 -0.232290056 -1.320000000
v -0.058903345 -0.227498123 -1.320000000
v -0.081616734 -0.220371751 -1.320000000
v -0.103492626 -0.210984067 -1.320000000
v -0.124306542 -0.199431401 -1.320000000
v -0.143844906 -0.185832298 -1.320000000
v -0.161907226 -0.170326305 -1.320000000
v -0.178308159 -0.153072533 -1.320000000
v -0.192879409 -0.134248031 -1.320000000
v -0.205471455 -0.114045961 -1.320000000
v -0.215955086 -0.092673626 -1.320000000
v -0.224222725 -0.070350334 -1.320000000
v -0.230189536 -0.047305152 -1.320000000
v -0.233794291 -0.023774556 -1.320000000
v 0.187500000 0.000000000 -2.580000000
v 0.186537998 0.018969060 -2.580000000
v 0.183661864 0.037743473 -2.580000000
v 0.178901111 0.056130586 -2.580000000
v 0.172304590 0.073941723 -2.580000000
v 0.163939991 0.090994118 -2.580000000
v 0.153893145 0.107112790 -2.580000000
v 0.142267148 0.122132341 -2.580000000
v 0.129181297 0.135898648 -2.580000000
v 0.114769872 0.148270451 -2.580000000
v 0.099180752 0.159120798 -2.580000000
v 0.082573903 0.168338351 -2.580000000
v 0.065119735 0.175828525 -2.580000000
v 0.046997350 0.181514460 -2.580000000
v 0.028392708 0.185337811 -2.580000000
v 0.009496719 0.187259345 -2.580000000
v -0.009496719 0.187259345 -2.580000000
v -0.028392708 0.185337811 -2.580000000
v -0.046997350 0.181514460 -2.580000000
v -0.065119735 0.175828525 -2.580000000
v -0.082573903 0.168338351 -2.580000000
v -0.099180752 0.159120798 -2.580000000
v -0.114769872 0.148270451 -2.580000000
v -0.129181297 0.135898648 -2.580000000
v -0.142267148 0.122132341 -2.580000000
v -0.153893145 0.107112790 -2.580000000
v -0.163939991 0.090994118 -2.580000000
v -0.172304590 0.073941723 -2.580000000
v -0.178901111 0.056130586 -2.580000000
v -0.183661864 0.037743473 -2.580000000
v -0.186537998 0.018969060 -2.580000000
v -0.187500000 0.000000000 -2.580000000
v -0.186537998 -0.018969060 -2.580000000
v -0.183661864 -0.037743473 -2.580000000
v -0.178901111 -0.056130586 -2.580000000
v -0.172304590 -0.073941723 -2.580000000
v -0.163939991 -0.090994118 -2.580000000
v -0.153893145 -0.107112790 -2.580000000
v -0.142267148 -0.122132341 -2.580000000
v -0.129181297 -0.135898648 -2.580000000
v -0.114769872 -0.148270451 -2.580000000
v -0.099180752 -0.159120798 -2.580000000
v -0.082573903 -0.168338351 -2.580000000
v -0.065119735 -0.175828525 -2.580000000
v -0.046997350 -0.181514460 -2.580000000
v -0.028392708 -0.185337811 -2.580000000
v -0.009496719 -0.187259345 -2.580000000
v 0.009496719 -0.187259345 -2.580000000
v 0.028392708 -0.185337811 -2.580000000
v 0.046997350 -0.181514460 -2.580000000
v 0.065119735 -0.175828525 -2.580000000
v 0.082573903 -0.168338351 -2.580000000
v 0.099180752 -0.159120798 -2.580000000
v 0.114769872 -0.148270451 -2.580000000
v 0.129181297 -0.135898648 -2.580000000
v 0.142267148 -0.122132341 -2.580000000
v 0.153893145 -0.107112790 -2.580000000
v 0.163939991 -0.090994118 -2.580000000
v 0.172304590 -0.073941723 -2.580000000
v 0.178901111 -0.056130586 -2.580000000
v 0.183661864 -0.037743473 -2.580000000
v 0.186537998 -0.018969060 -2.580000000
f 1 64 2
f 1 63 64
f 2 65 3
f 2 64 65
f 3 66 4
f 3 65 66
f 4 67 5
f 4 66 67
f 5 68 6
f 5 67 68
f 6 69 7
f 6 68 69
f 7 70 8
f 7 69 70
f 8 71 9
f 8 70 71
f 9 72 10
f 9 71 72
f 10 73 11
f 10 72 73
f 11 74 12
f 11 73 74
f 12 75 13
f 12 74 75
f 13 76 14
f 13 75 76
f 14 77 15
f 14 76 77
f 15 78 16
f 15 77 78
f 16 79 17
f 16 78 79
f 17 80 18
f 17 79 80
f 18 81 19
f 18 80 81
f 19 82 20
f 19 81 82
f 20 83 21
f 20 82 83
f 21 84 22
f 21 83 84
f 22 85 23
f 22 84 85
f 23 86 24
f 23 85 86
f 24 87 25
f 24 86 87
f 25 88 26
f 25 87 88
f 26 89 27
f 26 88 89
f 27 90 28
f 27 89 90
f 28 91 29
f 28 90 91
f 29 92 30
f 29 91 92
f 30 93 31
f 30 92 93
f 31 94 32
f 31 93 94
f 32 95 33
f 32 94 95
f 33 96 34
f 33 95 96
f 34 97 35
f 34 96 97
f 35 98 36
f 35 97 98
f 36 99 37
f 36 98 99
f 37 100 38
f 37 99 100
f 38 101 39
f 38 100 101
f 39 102 40
f 39 101 102
f 40 103 41
f 40 102 103
f 41 104 42
f 41 103 104
f 42 105 43
f 42 104 105
f 43 106 44
f 43 105 106
f 44 107 45
f 44 106 107
f 45 108 46
f 45 107 108
f 46 109 47
f 46 108 109
f 47 110 48
f 47 109 110
f 48 111 49
f 48 110 111
f 49 112 50
f 49 111 112
f 50 113 51
f 50 112 113
f 51 114 52
f 51 113 114
f 52 115 53
f 52 114 115
f 53 116 54
f 53 115 116
f 54 117 55
f 54 116 117
f 55 118 56
f 55 117 118
f 56 119 57
f 56 118 119
f 57 120 58
f 57 119 120
f 58 121 59
f 58 120 121
f 59 122 60
f 59 121 122
f 60 123 61
f 60 122 123
f 61 124 62
f 61 123 124
f 62 63 1
f 62 124 63
f 32 33 126
f 32 126 125
f 33 34 127
f 33 127 126
f 34 35 128
f 34 128 127
f 35 36 129
f 35 129 128
f 36 37 130
f 36 130 129
f 37 38 131
f 37 131 130
f 38 39 132
f 38 132 131
f 39 40 133
f 39 133 132
f 40 41 134
f 40 134 133
f 41 42 135
f 41 135 134
f 42 43 136
f 42 136 135
f 43 44 137
f 43 137 136
f 44 45 138
f 44 138 137
f 45 46 139
f 45 139 138
f 46 47 140
f 46 140 139
f 47 48 141
f 47 141 140
f 48 49 142
f 48 142 141
f 49 50 143
f 49 143 142
f 50 51 144
f 50 144 143
f 51 52 145
f 51 145 144
f 52 53 146
f 52 146 145
f 53 54 147
f 53 147 146
f 54 55 148
f 54 148 147
f 55 56 149
f 55 149 148
f 56 57 150
f 56 150 149
f 57 58 151
f 57 151 150
f 58 59 152
f 58 152 151
f 59 60 153
f 59 153 152
f 60 61 154
f 60 154 153
f 61 62 155
f 61 155 154
f 62 1 156
f 62 156 155
f 1 2 157
f 1 157 156
f 2 3 158
f 2 158 157
f 3 4 159
f 3 159 158
f 4 5 160
f 4 160 159
f 5 6 161
f 5 161 160
f 6 7 162
f 6 162 161
f 7 8 163
f 7 163 162
f 8 9 164
f 8 164 163
f 9 10 165
f 9 165 164
f 10 11 166
f 10 166 165
f 11 12 167
f 11 167 166
f 12 13 168
f 12 168 167
f 13 14 169
f 13 169 168
f 14 15 170
f 14 170 169
f 15 16 171
f 15 171 170
f 16 17 172
f 16 172 171
f 17 18 173
f 17 173 172
f 18 19 174
f 18 174 173
f 19 20 175
f 19 175 174
f 20 21 176
f 20 176 175
f 21 22 177
f 21 177 176
f 22 23 178
f 22 178 177
f 23 24 179
f 23 179 178
f 24 25 180
f 24 180 179
f 25 26 181
f 25 181 180
f 26 27 182
f 26 182 181
f 27 28 183
f 27 183 182
f 28 29 184
f 28 184 183
f 29 30 185
f 29 185 184
f 30 31 186
f 30 186 185
f 31 32 125
f 31 125 186
f 188 189 190
f 192 193 125
f 191 156 194
f 155 156 196
f 188 197 198
f 193 192 199
f 154 155 200
f 156 191 196
f 188 190 201
f 138 202 203
f 204 191 194
f 153 154 206
f 187 207 135
f 208 209 189
f 210 211 199
f 212 129 130
f 152 153 213
f 138 214 202
f 215 130 131
f 155 196 200
f 208 189 188
f 204 194 217
f 131 132 218
f 198 144 220
f 141 221 222
f 204 217 223
f 224 132 133
f 133 134 225
f 142 227 228
f 134 135 207
f 226 151 229
f 134 207 230
f 223 217 231
f 187 135 136
f 226 150 151
f 154 200 232
f 142 228 141
f 223 231 233
f 187 136 234
f 235 150 226
f 134 230 225
f 233 231 236
f 139 214 138
f 145 237 198
f 141 228 221
f 153 232 238
f 239 209 208
f 233 231 240
f 143 227 142
f 241 150 235
f 146 237 145
f 198 197 242
f 240 231 244
f 153 238 213
f 144 197 143
f 239 246 247
f 240 245 248
f 140 221 249
f 152 213 216
f 146 250 237
f 140 251 139
f 248 245 252
f 133 225 224
f 253 246 239
f 252 245 254
f 219 152 216
f 147 250 146
f 139 251 214
f 219 151 152
f 226 151 219
f 137 202 255
f 252 254 256
f 147 243 250
f 241 149 150
f 256 254 259
f 260 149 241
f 257 258 261
f 256 259 262
f 143 197 263
f 261 258 253
f 148 243 147
f 264 265 257
f 262 259 266
f 257 265 258
f 253 258 246
f 266 259 265
f 148 267 243
f 137 255 268
f 266 265 264
f 149 267 148
f 187 255 269
f 149 270 267
f 187 271 272
f 272 271 273
f 270 149 260
f 272 273 274
f 224 275 132
f 132 275 218
f 274 273 276
f 274 276 277
f 131 218 278
f 277 276 279
f 278 215 131
f 277 280 281
f 281 280 283
f 283 280 284
f 215 212 130
f 283 284 285
f 212 205 129
f 285 284 286
f 129 205 195
f 286 284 287
f 129 195 128
f 128 195 288
f 286 287 289
f 128 288 290
f 289 287 291
f 128 290 292
f 289 291 293
f 127 290 294
f 293 291 295
f 295 291 296
f 127 294 126
f 297 126 294
f 295 296 298
f 297 125 126
f 298 296 299
f 125 297 300
f 299 296 301
f 125 300 192
f 299 301 302
f 302 301 303
f 199 211 193
f 302 304 305
f 210 304 211
f 305 304 306
f 307 304 210
f 231 245 244
f 245 240 244
f 190 197 201
f 197 188 201
f 197 227 308
f 227 143 308
f 221 251 309
f 251 140 309
f 202 137 203
f 137 138 310
f 255 271 269
f 271 187 269
f 301 304 303
f 304 302 303
f 246 209 247
f 209 239 247
f 197 144 242
f 144 198 311
f 221 309 312
f 309 140 312
f 255 187 268
f 187 137 313
f 276 280 279
f 280 277 279
f 304 307 306
f 307 305 306
f 198 242 314
f 242 144 314
f 221 312 249
f 312 140 249
f 137 268 315
f 268 187 315
f 198 314 316
f 314 144 316
f 221 140 222
f 140 141 317
f 137 315 318
f 315 187 318
f 198 316 311
f 316 144 311
f 197 308 263
f 308 143 263
f 141 222 319
f 222 140 319
f 138 203 310
f 203 137 310
f 137 318 313
f 318 187 313
f 154 232 206
f 232 153 206
f 144 145 220
f 145 198 220
f 141 319 317
f 319 140 317
f 136 137 234
f 137 187 234
f 215 130 282
f 290 127 292
f 127 128 292
f 191 187 316
f 187 217 242
f 198 320 188
f 188 320 321
f 188 321 208
f 208 321 322
f 208 322 239
f 239 322 323
f 239 323 253
f 253 323 324
f 253 324 261
f 261 324 325
f 261 325 257
f 257 325 264
f 264 325 326
f 264 326 327
f 264 327 266
f 266 327 328
f 266 328 262
f 262 328 329
f 262 329 256
f 256 329 252
f 252 329 330
f 252 330 248
f 248 330 331
f 248 331 240
f 240 331 332
f 240 332 233
f 233 332 333
f 233 333 223
f 223 333 204
f 204 333 334
f 204 334 191
f 191 334 335
f 191 335 336
f 191 336 196
f 196 336 200
f 200 336 337
f 200 337 338
f 200 338 232
f 232 338 238
f 238 338 339
f 238 339 340
f 238 340 213
f 213 340 216
f 216 340 341
f 216 341 219
f 219 341 342
f 219 342 226
f 226 342 343
f 226 343 235
f 235 343 344
f 235 344 241
f 241 344 345
f 241 345 260
f 260 345 346
f 260 346 270
f 270 346 347
f 270 347 267
f 267 347 243
f 243 347 348
f 243 348 349
f 243 349 250
f 250 349 237
f 237 349 350
f 237 350 198
f 198 350 320
f 320 322 321
f 320 323 322
f 320 324 323
f 320 325 324
f 320 326 325
f 320 327 326
f 320 328 327
f 320 329 328
f 320 330 329
f 320 331 330
f 320 332 331
f 320 333 332
f 320 334 333
f 320 335 334
f 320 336 335
f 320 337 336
f 320 338 337
f 320 339 338
f 320 340 339
f 320 341 340
f 320 342 341
f 320 343 342
f 320 344 343
f 320 345 344
f 320 346 345
f 320 347 346
f 320 348 347
f 320 349 348
f 320 350 349
f 192 351 199
f 199 351 352
f 199 352 210
f 210 352 353
f 210 353 307
f 307 353 354
f 307 354 305
f 305 354 355
f 305 355 302
f 302 355 299
f 299 355 356
f 299 356 357
f 299 357 298
f 298 357 295
f 295 357 358
f 295 358 293
f 293 358 359
f 293 359 289
f 289 359 360
f 289 360 286
f 286 360 361
f 286 361 285
f 285 361 362
f 285 362 283
f 283 362 281
f 281 362 363
f 281 363 277
f 277 363 364
f 277 364 274
f 274 364 365
f 274 365 272
f 272 365 187
f 187 365 366
f 187 366 367
f 187 367 207
f 207 367 230
f 230 367 368
f 230 368 225
f 225 368 369
f 225 369 224
f 224 369 370
f 224 370 275
f 275 370 371
f 275 371 218
f 218 371 372
f 218 372 278
f 278 372 373
f 278 373 215
f 215 373 374
f 215 374 212
f 212 374 375
f 212 375 205
f 205 375 376
f 205 376 195
f 195 376 377
f 195 377 288
f 288 377 378
f 288 378 290
f 290 378 379
f 290 379 294
f 294 379 380
f 294 380 297
f 297 380 300
f 300 380 381
f 300 381 192
f 192 381 351
f 351 353 352
f 351 354 353
f 351 355 354
f 351 356 355
f 351 357 356
f 351 358 357
f 351 359 358
f 351 360 359
f 351 361 360
f 351 362 361
f 351 363 362
f 351 364 363
f 351 365 364
f 351 366 365
f 351 367 366
f 351 368 367
f 351 369 368
f 351 370 369
f 351 371 370
f 351 372 371
f 351 373 372
f 351 374 373
f 351 375 374
f 351 376 375
f 351 377 376
f 351 378 377
f 351 379 378
f 351 380 379
f 351 381 380
f 383 493 477
f 476 493 492
f 493 383 492
f 477 495 494
f 495 384 494
f 477 494 476
f 383 490 492
f 492 490 476
f 383 382 490
f 386 501 482
f 481 501 500
f 501 386 500
f 482 503 502
f 503 387 502
f 482 502 481
f 386 498 500
f 500 498 481
f 386 385 498
f 389 508 486
f 422 508 507
f 508 389 507
f 486 510 509
f 510 390 509
f 486 509 422
f 389 506 507
f 507 506 422
f 389 388 506
f 427 194 156
f 125 193 428
f 382 476 490
f 478 491 490
f 490 491 382
f 476 494 496
f 494 384 496
f 476 496 478
f 382 491 513
f 491 478 513
f 382 513 429
f 385 481 498
f 483 499 498
f 498 499 385
f 481 502 504
f 502 387 504
f 481 504 483
f 385 499 515
f 499 483 515
f 385 515 430
f 388 422 506
f 487 412 506
f 506 412 388
f 422 509 511
f 509 390 511
f 422 511 487
f 388 412 517
f 412 487 517
f 388 517 431
f 393 394 395
f 397 398 399
f 401 402 403
f 405 406 407
f 409 410 411
f 413 414 415
f 417 418 419
f 421 422 423
f 425 426 391
f 428 193 432
f 433 427 156
f 156 157 158
f 185 186 125
f 429 513 478
f 479 514 513
f 513 514 429
f 478 496 497
f 496 384 497
f 478 497 479
f 429 514 519
f 514 479 519
f 429 519 434
f 430 515 483
f 484 516 515
f 515 516 430
f 483 504 505
f 504 387 505
f 483 505 484
f 430 516 521
f 516 484 521
f 430 521 435
f 431 517 487
f 488 518 517
f 517 518 431
f 487 511 512
f 511 390 512
f 487 512 488
f 431 518 425
f 518 488 425
f 431 425 436
f 391 392 393
f 393 395 396
f 396 397 399
f 399 400 401
f 401 403 404
f 404 405 407
f 407 408 409
f 409 411 412
f 412 413 415
f 415 416 417
f 417 419 420
f 420 421 423
f 423 424 425
f 428 432 437
f 438 433 156
f 156 158 159
f 184 185 125
f 434 519 479
f 480 520 519
f 519 520 434
f 479 497 480
f 497 384 480
f 434 520 439
f 520 480 439
f 435 521 484
f 485 522 521
f 521 522 435
f 484 505 485
f 505 387 485
f 435 522 440
f 522 485 440
f 436 425 488
f 489 523 425
f 425 523 436
f 488 512 489
f 512 390 489
f 436 523 441
f 523 489 441
f 391 393 396
f 396 399 401
f 401 404 407
f 407 409 412
f 412 415 417
f 417 420 423
f 423 425 391
f 428 437 442
f 443 438 156
f 156 159 160
f 183 184 125
f 439 480 444
f 480 384 444
f 440 485 445
f 485 387 445
f 441 489 446
f 489 390 446
f 391 396 401
f 401 407 412
f 412 417 423
f 391 428 442
f 447 443 156
f 156 160 161
f 182 183 125
f 428 444 384
f 384 445 387
f 387 446 390
f 391 401 412
f 412 423 391
f 391 442 448
f 449 447 156
f 156 161 162
f 181 182 125
f 125 428 384
f 391 448 450
f 451 449 156
f 156 162 163
f 180 181 125
f 125 384 387
f 391 450 453
f 454 451 156
f 156 163 164
f 179 180 125
f 125 387 390
f 391 453 455
f 456 454 156
f 156 164 165
f 178 179 125
f 125 390 457
f 391 455 458
f 459 456 156
f 156 165 166
f 177 178 125
f 125 457 460
f 391 458 461
f 462 459 156
f 156 166 167
f 176 177 125
f 125 460 463
f 391 461 464
f 465 462 156
f 156 167 168
f 175 176 125
f 125 463 466
f 391 464 467
f 468 465 156
f 156 168 169
f 174 175 125
f 125 466 469
f 391 467 470
f 471 468 156
f 156 169 170
f 173 174 125
f 125 469 452
f 391 470 472
f 473 471 156
f 156 170 171
f 172 173 125
f 125 452 391
f 391 472 474
f 475 473 156
f 156 171 172
f 172 125 391
f 391 474 475
f 475 156 172
f 409 408 524
f 408 525 524
f 408 407 525
f 407 526 525
f 407 406 526
f 406 527 526
f 406 405 527
f 405 404 527
f 404 528 527
f 404 529 528
f 404 403 529
f 403 402 529
f 402 530 529
f 402 401 530
f 401 531 530
f 401 400 531
f 400 532 531
f 400 399 532
f 399 533 532
f 399 398 533
f 398 397 533
f 397 534 533
f 397 396 534
f 396 535 534
f 396 395 535
f 395 536 535
f 395 394 536
f 394 537 536
f 394 393 537
f 393 538 537
f 393 392 538
f 392 391 538
f 391 539 538
f 391 540 539
f 391 426 540
f 426 541 540
f 426 425 541
f 425 542 541
f 425 424 542
f 424 543 542
f 424 423 543
f 423 544 543
f 423 422 544
f 422 421 544
f 421 545 544
f 421 420 545
f 420 546 545
f 420 419 546
f 419 547 546
f 419 418 547
f 418 548 547
f 418 417 548
f 417 549 548
f 417 416 549
f 416 415 549
f 415 550 549
f 415 551 550
f 415 414 551
f 414 413 551
f 413 552 551
f 413 412 552
f 412 553 552
f 412 411 553
f 411 554 553
f 411 410 554
f 410 409 554
f 409 524 554
f 524 525 526
f 524 526 527
f 524 527 528
f 524 528 529
f 524 529 530
f 524 530 531
f 524 531 532
f 524 532 533
f 524 533 534
f 524 534 535
f 524 535 536
f 524 536 537
f 524 537 538
f 524 538 539
f 524 539 540
f 524 540 541
f 524 541 542
f 524 542 543
f 524 543 544
f 524 544 545
f 524 545 546
f 524 546 547
f 524 547 548
f 524 548 549
f 524 549 550
f 524 550 551
f 524 551 552
f 524 552 553
f 524 553 554
f 193 556 432
f 193 555 556
f 432 557 437
f 432 556 557
f 437 558 442
f 437 557 558
f 442 559 448
f 442 558 559
f 448 560 450
f 448 559 560
f 450 561 453
f 450 560 561
f 453 562 455
f 453 561 562
f 455 563 458
f 455 562 563
f 458 564 461
f 458 563 564
f 461 565 464
f 461 564 565
f 464 566 467
f 464 565 566
f 467 567 470
f 467 566 567
f 470 568 472
f 470 567 568
f 472 569 474
f 472 568 569
f 474 570 475
f 474 569 570
f 475 571 473
f 475 570 571
f 473 572 471
f 473 571 572
f 471 573 468
f 471 572 573
f 468 574 465
f 468 573 574
f 465 575 462
f 465 574 575
f 462 576 459
f 462 575 576
f 459 577 456
f 459 576 577
f 456 578 454
f 456 577 578
f 454 579 451
f 454 578 579
f 451 580 449
f 451 579 580
f 449 581 447
f 449 580 581
f 447 582 443
f 447 581 582
f 443 583 438
f 443 582 583
f 438 584 433
f 438 583 584
f 433 585 427
f 433 584 585
f 427 586 194
f 427 585 586
f 194 587 217
f 194 586 587
f 217 588 231
f 217 587 588
f 231 589 245
f 231 588 589
f 245 590 254
f 245 589 590
f 254 591 259
f 254 590 591
f 259 592 265
f 259 591 592
f 265 593 258
f 265 592 593
f 258 594 246
f 258 593 594
f 246 595 209
f 246 594 595
f 209 596 189
f 209 595 596
f 189 597 190
f 189 596 597
f 190 598 197
f 190 597 598
f 197 599 227
f 197 598 599
f 227 600 228
f 227 599 600
f 228 601 221
f 228 600 601
f 221 602 251
f 221 601 602
f 251 603 214
f 251 602 603
f 214 604 202
f 214 603 604
f 202 605 255
f 202 604 605
f 255 606 271
f 255 605 606
f 271 607 273
f 271 606 607
f 273 608 276
f 273 607 608
f 276 609 280
f 276 608 609
f 280 610 284
f 280 609 610
f 284 611 287
f 284 610 611
f 287 612 291
f 287 611 612
f 291 613 296
f 291 612 613
f 296 614 301
f 296 613 614
f 301 615 304
f 301 614 615
f 304 616 211
f 304 615 616
f 211 555 193
f 211 616 555
f 617 618 556
f 617 556 555
f 618 619 557
f 618 557 556
f 619 620 558
f 619 558 557
f 620 621 559
f 620 559 558
f 621 622 560
f 621 560 559
f 622 623 561
f 622 561 560
f 623 624 562
f 623 562 561
f 624 625 563
f 624 563 562
f 625 626 564
f 625 564 563
f 626 627 565
f 626 565 564
f 627 628 566
f 627 566 565
f 628 629 567
f 628 567 566
f 629 630 568
f 629 568 567
f 630 631 569
f 630 569 568
f 631 632 570
f 631 570 569
f 632 633 571
f 632 571 570
f 633 634 572
f 633 572 571
f 634 635 573
f 634 573 572
f 635 636 574
f 635 574 573
f 636 637 575
f 636 575 574
f 637 638 576
f 637 576 575
f 638 639 577
f 638 577 576
f 639 640 578
f 639 578 577
f 640 641 579
f 640 579 578
f 641 642 580
f 641 580 579
f 642 643 581
f 642 581 580
f 643 644 582
f 643 582 581
f 644 645 583
f 644 583 582
f 645 646 584
f 645 584 583
f 646 647 585
f 646 585 584
f 647 648 586
f 647 586 585
f 617 680 618
f 617 679 680
f 618 681 619
f 618 680 681
f 619 682 620
f 619 681 682
f 620 683 621
f 620 682 683
f 621 684 622
f 621 683 684
f 622 685 623
f 622 684 685
f 623 686 624
f 623 685 686
f 624 687 625
f 624 686 687
f 625 688 626
f 625 687 688
f 626 689 627
f 626 688 689
f 627 690 628
f 627 689 690
f 628 691 629
f 628 690 691
f 629 692 630
f 629 691 692
f 630 693 631
f 630 692 693
f 631 694 632
f 631 693 694
f 632 695 633
f 632 694 695
f 633 696 634
f 633 695 696
f 634 697 635
f 634 696 697
f 635 698 636
f 635 697 698
f 636 699 637
f 636 698 699
f 637 700 638
f 637 699 700
f 638 701 639
f 638 700 701
f 639 702 640
f 639 701 702
f 640 703 641
f 640 702 703
f 641 704 642
f 641 703 704
f 642 705 643
f 642 704 705
f 643 706 644
f 643 705 706
f 644 707 645
f 644 706 707
f 645 708 646
f 645 707 708
f 646 709 647
f 646 708 709
f 647 710 648
f 647 709 710
f 648 711 649
f 648 710 711
f 649 712 650
f 649 711 712
f 650 713 651
f 650 712 713
f 651 714 652
f 651 713 714
f 652 715 653
f 652 714 715
f 653 716 654
f 653 715 716
f 654 717 655
f 654 716 717
f 655 718 656
f 655 717 718
f 656 719 657
f 656 718 719
f 657 720 658
f 657 719 720
f 658 721 659
f 658 720 721
f 659 722 660
f 659 721 722
f 660 723 661
f 660 722 723
f 661 724 662
f 661 723 724
f 662 725 663
f 662 724 725
f 663 726 664
f 663 725 726
f 664 727 665
f 664 726 727
f 665 728 666
f 665 727 728
f 666 729 667
f 666 728 729
f 667 730 668
f 667 729 730
f 668 731 669
f 668 730 731
f 669 732 670
f 669 731 732
f 670 733 671
f 670 732 733
f 671 734 672
f 671 733 734
f 672 735 673
f 672 734 735
f 673 736 674
f 673 735 736
f 674 737 675
f 674 736 737
f 675 738 676
f 675 737 738
f 676 739 677
f 676 738 739
f 677 740 678
f 677 739 740
f 678 679 617
f 678 740 679
f 679 741 680
f 680 741 743
f 680 743 681
f 681 743 744
f 681 744 682
f 682 744 745
f 682 745 683
f 683 745 746
f 683 746 684
f 684 746 747
f 684 747 748
f 684 748 685
f 685 748 749
f 685 749 686
f 686 749 687
f 687 749 750
f 687 750 688
f 688 750 751
f 688 751 689
f 689 751 752
f 689 752 690
f 690 752 753
f 690 753 691
f 691 753 754
f 691 754 692
f 692 754 755
f 692 755 756
f 692 756 693
f 693 756 694
f 694 756 757
f 694 757 695
f 695 757 758
f 695 758 696
f 696 758 759
f 696 759 760
f 696 760 697
f 697 760 761
f 697 761 698
f 698 761 699
f 699 761 762
f 699 762 700
f 700 762 763
f 700 763 701
f 701 763 764
f 701 764 765
f 701 765 702
f 702 765 703
f 703 765 766
f 703 766 704
f 704 766 767
f 704 767 705
f 705 767 768
f 705 768 769
f 705 769 706
f 706 769 707
f 707 769 770
f 707 770 708
f 708 770 771
f 708 771 709
f 709 771 772
f 709 772 710
f 710 772 742
f 773 774 743
f 773 743 741
f 774 775 744
f 774 744 743
f 775 776 745
f 775 745 744
f 776 777 746
f 776 746 745
f 777 778 747
f 777 747 746
f 778 779 748
f 778 748 747
f 779 780 749
f 779 749 748
f 780 781 750
f 780 750 749
f 781 782 751
f 781 751 750
f 782 783 752
f 782 752 751
f 783 784 753
f 783 753 752
f 784 785 754
f 784 754 753
f 785 786 755
f 785 755 754
f 786 787 756
f 786 756 755
f 787 788 757
f 787 757 756
f 788 789 758
f 788 758 757
f 789 790 759
f 789 759 758
f 790 791 760
f 790 760 759
f 791 792 761
f 791 761 760
f 792 793 762
f 792 762 761
f 793 794 763
f 793 763 762
f 794 795 764
f 794 764 763
f 795 796 765
f 795 765 764
f 796 797 766
f 796 766 765
f 797 798 767
f 797 767 766
f 798 799 768
f 798 768 767
f 799 800 769
f 799 769 768
f 800 801 770
f 800 770 769
f 801 802 771
f 801 771 770
f 802 803 772
f 802 772 771
f 803 804 742
f 803 742 772
f 804 805 835
f 804 835 742
f 805 806 836
f 805 836 835
f 806 807 837
f 806 837 836
f 807 808 838
f 807 838 837
f 808 809 839
f 808 839 838
f 809 810 840
f 809 840 839
f 810 811 841
f 810 841 840
f 811 812 842
f 811 842 841
f 812 813 843
f 812 843 842
f 813 814 844
f 813 844 843
f 814 815 845
f 814 845 844
f 815 816 846
f 815 846 845
f 816 817 847
f 816 847 846
f 817 818 848
f 817 848 847
f 818 819 849
f 818 849 848
f 819 820 850
f 819 850 849
f 820 821 851
f 820 851 850
f 821 822 852
f 821 852 851
f 822 823 853
f 822 853 852
f 823 824 854
f 823 854 853
f 824 825 855
f 824 855 854
f 825 826 856
f 825 856 855
f 826 827 857
f 826 857 856
f 827 828 858
f 827 858 857
f 828 829 859
f 828 859 858
f 829 830 860
f 829 860 859
f 830 831 861
f 830 861 860
f 831 832 862
f 831 862 861
f 832 833 863
f 832 863 862
f 833 834 864
f 833 864 863
f 834 773 741
f 834 741 864
f 710 742 835
f 710 835 711
f 711 835 712
f 712 835 836
f 712 836 713
f 713 836 837
f 713 837 714
f 714 837 838
f 714 838 715
f 715 838 839
f 715 839 840
f 715 840 716
f 716 840 841
f 716 841 717
f 717 841 718
f 718 841 842
f 718 842 719
f 719 842 843
f 719 843 720
f 720 843 844
f 720 844 721
f 721 844 845
f 721 845 722
f 722 845 846
f 722 846 723
f 723 846 847
f 723 847 848
f 723 848 724
f 724 848 725
f 725 848 849
f 725 849 726
f 726 849 850
f 726 850 727
f 727 850 851
f 727 851 852
f 727 852 728
f 728 852 853
f 728 853 729
f 729 853 730
f 730 853 854
f 730 854 731
f 731 854 855
f 731 855 732
f 732 855 856
f 732 856 857
f 732 857 733
f 733 857 734
f 734 857 858
f 734 858 735
f 735 858 859
f 735 859 736
f 736 859 860
f 736 860 861
f 736 861 737
f 737 861 862
f 737 862 738
f 738 862 863
f 738 863 739
f 739 863 740
f 740 863 864
f 740 864 679
f 679 864 741
f 865 866 805
f 865 805 804
f 866 867 806
f 866 806 805
f 867 868 807
f 867 807 806
f 868 869 808
f 868 808 807
f 869 870 809
f 869 809 808
f 870 871 810
f 870 810 809
f 871 872 811
f 871 811 810
f 872 873 812
f 872 812 811
f 873 874 813
f 873 813 812
f 874 875 814
f 874 814 813
f 875 876 815
f 875 815 814
f 876 877 816
f 876 816 815
f 877 878 817
f 877 817 816
f 878 879 818
f 878 818 817
f 879 880 819
f 879 819 818
f 880 881 820
f 880 820 819
f 881 882 821
f 881 821 820
f 882 883 822
f 882 822 821
f 883 884 823
f 883 823 822
f 884 885 824
f 884 824 823
f 885 886 825
f 885 825 824
f 886 887 826
f 886 826 825
f 887 888 827
f 887 827 826
f 888 889 828
f 888 828 827
f 889 890 829
f 889 829 828
f 890 891 830
f 890 830 829
f 891 892 831
f 891 831 830
f 892 893 832
f 892 832 831
f 893 894 833
f 893 833 832
f 894 895 834
f 894 834 833
f 895 896 773
f 895 773 834
f 897 928 898
f 897 927 928
f 898 929 899
f 898 928 929
f 899 930 900
f 899 929 930
f 900 931 901
f 900 930 931
f 901 932 902
f 901 931 932
f 902 933 903
f 902 932 933
f 903 934 904
f 903 933 934
f 904 935 905
f 904 934 935
f 905 936 906
f 905 935 936
f 906 937 907
f 906 936 937
f 907 938 908
f 907 937 938
f 908 939 909
f 908 938 939
f 909 940 910
f 909 939 940
f 910 941 911
f 910 940 941
f 911 942 912
f 911 941 942
f 912 943 913
f 912 942 943
f 913 944 914
f 913 943 944
f 914 945 915
f 914 944 945
f 915 946 916
f 915 945 946
f 916 947 917
f 916 946 947
f 917 948 918
f 917 947 948
f 918 949 919
f 918 948 949
f 919 950 920
f 919 949 950
f 920 951 921
f 920 950 951
f 921 952 922
f 921 951 952
f 922 953 923
f 922 952 953
f 923 954 924
f 923 953 954
f 924 955 925
f 924 954 955
f 925 956 926
f 925 955 956
f 926 957 865
f 926 956 957
f 865 958 866
f 865 957 958
f 866 959 867
f 866 958 959
f 867 960 868
f 867 959 960
f 868 961 869
f 868 960 961
f 869 962 870
f 869 961 962
f 870 963 871
f 870 962 963
f 871 964 872
f 871 963 964
f 872 965 873
f 872 964 965
f 873 966 874
f 873 965 966
f 874 967 875
f 874 966 967
f 875 968 876
f 875 967 968
f 876 969 877
f 876 968 969
f 877 970 878
f 877 969 970
f 878 971 879
f 878 970 971
f 879 972 880
f 879 971 972
f 880 973 881
f 880 972 973
f 881 974 882
f 881 973 974
f 882 975 883
f 882 974 975
f 883 976 884
f 883 975 976
f 884 977 885
f 884 976 977
f 885 978 886
f 885 977 978
f 886 979 887
f 886 978 979
f 887 980 888
f 887 979 980
f 888 981 889
f 888 980 981
f 889 982 890
f 889 981 982
f 890 983 891
f 890 982 983
f 891 984 892
f 891 983 984
f 892 985 893
f 892 984 985
f 893 986 894
f 893 985 986
f 894 987 895
f 894 986 987
f 895 988 896
f 895 987 988
f 896 927 897
f 896 988 927
f 896 897 774
f 896 774 773
f 897 898 775
f 897 775 774
f 898 899 776
f 898 776 775
f 899 900 777
f 899 777 776
f 900 901 778
f 900 778 777
f 901 902 779
f 901 779 778
f 902 903 780
f 902 780 779
f 903 904 781
f 903 781 780
f 904 905 782
f 904 782 781
f 905 906 783
f 905 783 782
f 906 907 784
f 906 784 783
f 907 908 785
f 907 785 784
f 908 909 786
f 908 786 785
f 909 910 787
f 909 787 786
f 910 911 788
f 910 788 787
f 911 912 789
f 911 789 788
f 912 913 790
f 912 790 789
f 913 914 791
f 913 791 790
f 914 915 792
f 914 792 791
f 915 916 793
f 915 793 792
f 916 917 794
f 916 794 793
f 917 918 795
f 917 795 794
f 918 919 796
f 918 796 795
f 919 920 797
f 919 797 796
f 920 921 798
f 920 798 797
f 921 922 799
f 921 799 798
f 922 923 800
f 922 800 799
f 923 924 801
f 923 801 800
f 924 925 802
f 924 802 801
f 925 926 803
f 925 803 802
f 926 865 804
f 926 804 803
f 989 990 927
f 989 927 988
f 990 991 928
f 990 928 927
f 991 992 929
f 991 929 928
f 992 993 930
f 992 930 929
f 993 994 931
f 993 931 930
f 994 995 932
f 994 932 931
f 995 996 933
f 995 933 932
f 996 997 934
f 996 934 933
f 997 998 935
f 997 935 934
f 998 999 936
f 998 936 935
f 999 1000 937
f 999 937 936
f 1000 1001 938
f 1000 938 937
f 1001 1002 939
f 1001 939 938
f 1002 1003 940
f 1002 940 939
f 1003 1004 941
f 1003 941 940
f 1004 1005 942
f 1004 942 941
f 1005 1006 943
f 1005 943 942
f 1006 1007 944
f 1006 944 943
f 1007 1008 945
f 1007 945 944
f 1008 1009 946
f 1008 946 945
f 1009 1010 947
f 1009 947 946
f 1010 1011 948
f 1010 948 947
f 1011 1012 949
f 1011 949 948
f 1012 1013 950
f 1012 950 949
f 1013 1014 951
f 1013 951 950
f 1014 1015 952
f 1014 952 951
f 1015 1016 953
f 1015 953 952
f 1016 1017 954
f 1016 954 953
f 1017 1018 955
f 1017 955 954
f 1018 1019 956
f 1018 956 955
f 1019 1020 957
f 1019 957 956
f 1021 1022 990
f 1021 990 989
f 1022 1023 991
f 1022 991 990
f 1023 1024 992
f 1023 992 991
f 1024 1025 993
f 1024 993 992
f 1025 1026 994
f 1025 994 993
f 1026 1027 995
f 1026 995 994
f 1027 1028 996
f 1027 996 995
f 1028 1029 997
f 1028 997 996
f 1029 1030 998
f 1029 998 997
f 1030 1031 999
f 1030 999 998
f 1031 1032 1000
f 1031 1000 999
f 1032 1033 1001
f 1032 1001 1000
f 1033 1034 1002
f 1033 1002 1001
f 1034 1035 1003
f 1034 1003 1002
f 1035 1036 1004
f 1035 1004 1003
f 1036 1037 1005
f 1036 1005 1004
f 1037 1038 1006
f 1037 1006 1005
f 1038 1039 1007
f 1038 1007 1006
f 1039 1040 1008
f 1039 1008 1007
f 1040 1041 1009
f 1040 1009 1008
f 1041 1042 1010
f 1041 1010 1009
f 1042 1043 1011
f 1042 1011 1010
f 1043 1044 1012
f 1043 1012 1011
f 1044 1045 1013
f 1044 1013 1012
f 1045 1046 1014
f 1045 1014 1013
f 1046 1047 1015
f 1046 1015 1014
f 1047 1048 1016
f 1047 1016 1015
f 1048 1049 1017
f 1048 1017 1016
f 1049 1050 1018
f 1049 1018 1017
f 1050 1051 1019
f 1050 1019 1018
f 1051 1052 1020
f 1051 1020 1019
f 1021 1083 1022
f 1022 1084 1023
f 1022 1083 1084
f 1023 1084 1024
f 1024 1085 1025
f 1024 1084 1085
f 1025 1085 1026
f 1026 1086 1027
f 1026 1085 1086
f 1027 1086 1028
f 1028 1087 1029
f 1028 1086 1087
f 1029 1087 1030
f 1030 1088 1031
f 1030 1087 1088
f 1031 1088 1032
f 1032 1089 1033
f 1032 1088 1089
f 1033 1089 1034
f 1034 1090 1035
f 1034 1089 1090
f 1035 1090 1036
f 1036 1091 1037
f 1036 1090 1091
f 1037 1091 1038
f 1038 1092 1039
f 1038 1091 1092
f 1039 1092 1040
f 1040 1093 1041
f 1040 1092 1093
f 1041 1093 1042
f 1042 1094 1043
f 1042 1093 1094
f 1043 1094 1044
f 1044 1095 1045
f 1044 1094 1095
f 1045 1095 1046
f 1046 1096 1047
f 1046 1095 1096
f 1047 1096 1048
f 1048 1097 1049
f 1048 1096 1097
f 1049 1097 1050
f 1050 1098 1051
f 1050 1097 1098
f 1051 1098 1052
f 1052 1099 1053
f 1052 1098 1099
f 1053 1099 1054
f 1054 1100 1055
f 1054 1099 1100
f 1055 1100 1056
f 1056 1101 1057
f 1056 1100 1101
f 1057 1101 1058
f 1058 1102 1059
f 1058 1101 1102
f 1059 1102 1060
f 1060 1103 1061
f 1060 1102 1103
f 1061 1103 1062
f 1062 1104 1063
f 1062 1103 1104
f 1063 1104 1064
f 1064 1105 1065
f 1064 1104 1105
f 1065 1105 1066
f 1066 1106 1067
f 1066 1105 1106
f 1067 1106 1068
f 1068 1107 1069
f 1068 1106 1107
f 1069 1107 1070
f 1070 1108 1071
f 1070 1107 1108
f 1071 1108 1072
f 1072 1109 1073
f 1072 1108 1109
f 1073 1109 1074
f 1074 1110 1075
f 1074 1109 1110
f 1075 1110 1076
f 1076 1111 1077
f 1076 1110 1111
f 1077 1111 1078
f 1078 1112 1079
f 1078 1111 1112
f 1079 1112 1080
f 1080 1113 1081
f 1080 1112 1113
f 1081 1113 1082
f 1082 1083 1021
f 1082 1113 1083
f 1114 1115 1084
f 1114 1084 1083
f 1115 1116 1085
f 1115 1085 1084
f 1116 1117 1086
f 1116 1086 1085
f 1117 1118 1087
f 1117 1087 1086
f 1118 1119 1088
f 1118 1088 1087
f 1119 1120 1089
f 1119 1089 1088
f 1120 1121 1090
f 1120 1090 1089
f 1121 1122 1091
f 1121 1091 1090
f 1122 1123 1092
f 1122 1092 1091
f 1123 1124 1093
f 1123 1093 1092
f 1124 1125 1094
f 1124 1094 1093
f 1125 1126 1095
f 1125 1095 1094
f 1126 1127 1096
f 1126 1096 1095
f 1127 1128 1097
f 1127 1097 1096
f 1128 1098 1097
f 1128 1129 1098
f 1129 1130 1099
f 1129 1099 1098
f 1130 1100 1099
f 1130 1131 1100
f 1131 1101 1100
f 1131 1132 1101
f 1132 1102 1101
f 1132 1133 1102
f 1133 1103 1102
f 1133 1134 1103
f 1134 1104 1103
f 1134 1135 1104
f 1135 1105 1104
f 1135 1136 1105
f 1136 1106 1105
f 1136 1137 1106
f 1137 1107 1106
f 1137 1138 1107
f 1138 1108 1107
f 1138 1139 1108
f 1139 1109 1108
f 1139 1140 1109
f 1140 1110 1109
f 1140 1141 1110
f 1141 1111 1110
f 1141 1142 1111
f 1142 1112 1111
f 1142 1143 1112
f 1143 1113 1112
f 1143 1144 1113
f 1144 1114 1083
f 1144 1083 1113
f 1114 1145 1115
f 1115 1116 1146
f 1116 1147 1117
f 1117 1118 1148
f 1118 1149 1119
f 1119 1120 1150
f 1120 1151 1121
f 1121 1122 1152
f 1122 1153 1123
f 1123 1154 1124
f 1124 1155 1125
f 1125 1156 1126
f 1126 1157 1127
f 1127 1158 1128
f 1128 1159 1129
f 1114 1116 1115
f 1116 1118 1117
f 1118 1120 1119
f 1120 1122 1121
f 1122 1124 1123
f 1124 1126 1125
f 1126 1128 1127
f 1146 1115 1114
f 1146 1114 1116
f 1148 1117 1116
f 1148 1116 1118
f 1150 1119 1118
f 1150 1118 1120
f 1152 1121 1120
f 1152 1120 1122
f 1161 1162 1194
f 1161 1194 1193
f 1162 1163 1195
f 1162 1195 1194
f 1163 1164 1196
f 1163 1196 1195
f 1164 1165 1197
f 1164 1197 1196
f 1165 1166 1198
f 1165 1198 1197
f 1166 1167 1199
f 1166 1199 1198
f 1167 1168 1200
f 1167 1200 1199
f 1168 1169 1201
f 1168 1201 1200
f 1169 1170 1202
f 1169 1202 1201
f 1170 1171 1203
f 1170 1203 1202
f 1171 1172 1204
f 1171 1204 1203
f 1172 1173 1205
f 1172 1205 1204
f 1173 1174 1206
f 1173 1206 1205
f 1174 1175 1207
f 1174 1207 1206
f 1175 1176 1208
f 1175 1208 1207
f 1176 1177 1209
f 1176 1209 1208
f 1177 1178 1210
f 1177 1210 1209
f 1178 1179 1211
f 1178 1211 1210
f 1179 1180 1212
f 1179 1212 1211
f 1180 1181 1213
f 1180 1213 1212
f 1181 1182 1214
f 1181 1214 1213
f 1182 1183 1215
f 1182 1215 1214
f 1183 1184 1216
f 1183 1216 1215
f 1184 1185 1217
f 1184 1217 1216
f 1185 1186 1218
f 1185 1218 1217
f 1186 1187 1219
f 1186 1219 1218
f 1187 1188 1220
f 1187 1220 1219
f 1188 1189 1221
f 1188 1221 1220
f 1189 1190 1222
f 1189 1222 1221
f 1190 1191 1223
f 1190 1223 1222
f 1191 1192 1224
f 1191 1224 1223
f 1193 1194 1130
f 1193 1130 1160
f 1194 1195 1225
f 1194 1225 1130
f 1195 1196 1131
f 1195 1131 1225
f 1196 1197 1226
f 1196 1226 1131
f 1197 1198 1132
f 1197 1132 1226
f 1198 1199 1227
f 1198 1227 1132
f 1199 1200 1133
f 1199 1133 1227
f 1200 1201 1228
f 1200 1228 1133
f 1201 1202 1134
f 1201 1134 1228
f 1202 1203 1229
f 1202 1229 1134
f 1203 1204 1135
f 1203 1135 1229
f 1204 1205 1230
f 1204 1230 1135
f 1205 1206 1136
f 1205 1136 1230
f 1206 1207 1231
f 1206 1231 1136
f 1207 1208 1137
f 1207 1137 1231
f 1208 1209 1232
f 1208 1232 1137
f 1209 1210 1138
f 1209 1138 1232
f 1210 1211 1233
f 1210 1233 1138
f 1211 1212 1139
f 1211 1139 1233
f 1212 1213 1234
f 1212 1234 1139
f 1213 1214 1140
f 1213 1140 1234
f 1214 1215 1235
f 1214 1235 1140
f 1215 1216 1141
f 1215 1141 1235
f 1216 1217 1236
f 1216 1236 1141
f 1217 1218 1142
f 1217 1142 1236
f 1218 1219 1237
f 1218 1237 1142
f 1219 1220 1143
f 1219 1143 1237
f 1220 1221 1238
f 1220 1238 1143
f 1221 1222 1144
f 1221 1144 1238
f 1222 1223 1239
f 1222 1239 1144
f 1223 1224 1114
f 1223 1114 1239
f 1240 1241 1273
f 1240 1273 1272
f 1241 1242 1274
f 1241 1274 1273
f 1242 1243 1275
f 1242 1275 1274
f 1243 1244 1276
f 1243 1276 1275
f 1244 1245 1277
f 1244 1277 1276
f 1245 1246 1278
f 1245 1278 1277
f 1246 1247 1279
f 1246 1279 1278
f 1247 1248 1280
f 1247 1280 1279
f 1248 1249 1281
f 1248 1281 1280
f 1249 1250 1282
f 1249 1282 1281
f 1250 1251 1283
f 1250 1283 1282
f 1251 1252 1284
f 1251 1284 1283
f 1252 1253 1285
f 1252 1285 1284
f 1253 1254 1286
f 1253 1286 1285
f 1254 1255 1287
f 1254 1287 1286
f 1255 1256 1288
f 1255 1288 1287
f 1256 1257 1289
f 1256 1289 1288
f 1257 1258 1290
f 1257 1290 1289
f 1258 1259 1291
f 1258 1291 1290
f 1259 1260 1292
f 1259 1292 1291
f 1260 1261 1293
f 1260 1293 1292
f 1261 1262 1294
f 1261 1294 1293
f 1262 1263 1295
f 1262 1295 1294
f 1263 1264 1296
f 1263 1296 1295
f 1264 1265 1297
f 1264 1297 1296
f 1265 1266 1298
f 1265 1298 1297
f 1266 1267 1299
f 1266 1299 1298
f 1267 1268 1300
f 1267 1300 1299
f 1268 1269 1301
f 1268 1301 1300
f 1269 1270 1302
f 1269 1302 1301
f 1270 1271 1303
f 1270 1303 1302
f 1304 1334 1305
f 1305 1335 1306
f 1305 1334 1335
f 1306 1335 1307
f 1307 1336 1308
f 1307 1335 1336
f 1308 1336 1309
f 1309 1337 1310
f 1309 1336 1337
f 1310 1337 1311
f 1311 1338 1312
f 1311 1337 1338
f 1312 1338 1313
f 1313 1339 1314
f 1313 1338 1339
f 1314 1339 1315
f 1315 1340 1316
f 1315 1339 1340
f 1316 1340 1317
f 1317 1341 1318
f 1317 1340 1341
f 1318 1341 1319
f 1319 1342 1320
f 1319 1341 1342
f 1320 1342 1321
f 1321 1343 1322
f 1321 1342 1343
f 1322 1343 1323
f 1323 1344 1324
f 1323 1343 1344
f 1324 1344 1325
f 1325 1345 1326
f 1325 1344 1345
f 1326 1345 1327
f 1327 1346 1328
f 1327 1345 1346
f 1328 1346 1329
f 1329 1347 1330
f 1329 1346 1347
f 1330 1347 1331
f 1331 1348 1332
f 1331 1347 1348
f 1332 1348 1333
f 1333 1349 1161
f 1333 1348 1349
f 1161 1349 1162
f 1162 1350 1163
f 1162 1349 1350
f 1163 1350 1164
f 1164 1351 1165
f 1164 1350 1351
f 1165 1351 1166
f 1166 1352 1167
f 1166 1351 1352
f 1167 1352 1168
f 1168 1353 1169
f 1168 1352 1353
f 1169 1353 1170
f 1170 1354 1171
f 1170 1353 1354
f 1171 1354 1172
f 1172 1355 1173
f 1172 1354 1355
f 1173 1355 1174
f 1174 1356 1175
f 1174 1355 1356
f 1175 1356 1176
f 1176 1357 1177
f 1176 1356 1357
f 1177 1357 1178
f 1178 1358 1179
f 1178 1357 1358
f 1179 1358 1180
f 1180 1359 1181
f 1180 1358 1359
f 1181 1359 1182
f 1182 1360 1183
f 1182 1359 1360
f 1183 1360 1184
f 1184 1361 1185
f 1184 1360 1361
f 1185 1361 1186
f 1186 1362 1187
f 1186 1361 1362
f 1187 1362 1188
f 1188 1363 1189
f 1188 1362 1363
f 1189 1363 1190
f 1190 1364 1191
f 1190 1363 1364
f 1191 1334 1192
f 1191 1364 1334
f 1192 1334 1304
f 1365 1366 1334
f 1366 1335 1334
f 1366 1367 1336
f 1366 1336 1335
f 1367 1368 1336
f 1368 1337 1336
f 1368 1369 1337
f 1369 1338 1337
f 1369 1370 1338
f 1370 1339 1338
f 1370 1371 1340
f 1370 1340 1339
f 1371 1372 1340
f 1372 1341 1340
f 1372 1373 1341
f 1373 1342 1341
f 1373 1374 1343
f 1373 1343 1342
f 1374 1375 1343
f 1375 1344 1343
f 1375 1376 1344
f 1376 1345 1344
f 1376 1377 1345
f 1377 1346 1345
f 1377 1378 1347
f 1377 1347 1346
f 1378 1379 1348
f 1378 1348 1347
f 1379 1380 1349
f 1379 1349 1348
f 1380 1381 1350
f 1380 1350 1349
f 1381 1382 1351
f 1381 1351 1350
f 1382 1383 1351
f 1383 1352 1351
f 1383 1384 1353
f 1383 1353 1352
f 1384 1385 1354
f 1384 1354 1353
f 1385 1386 1355
f 1385 1355 1354
f 1386 1387 1355
f 1387 1356 1355
f 1387 1388 1357
f 1387 1357 1356
f 1388 1389 1358
f 1388 1358 1357
f 1389 1390 1358
f 1390 1359 1358
f 1390 1391 1360
f 1390 1360 1359
f 1391 1392 1361
f 1391 1361 1360
f 1392 1393 1362
f 1392 1362 1361
f 1393 1394 1362
f 1394 1363 1362
f 1394 1395 1364
f 1394 1364 1363
f 1395 1365 1364
f 1365 1334 1364
f 1396 1397 1366
f 1396 1366 1365
f 1397 1398 1366
f 1398 1399 1367
f 1398 1367 1366
f 1399 1400 1367
f 1400 1401 1368
f 1400 1368 1367
f 1401 1402 1368
f 1402 1403 1369
f 1402 1369 1368
f 1403 1404 1370
f 1403 1370 1369
f 1404 1405 1370
f 1405 1406 1370
f 1406 1407 1371
f 1406 1371 1370
f 1407 1408 1371
f 1408 1409 1372
f 1408 1372 1371
f 1409 1410 1372
f 1410 1411 1373
f 1410 1373 1372
f 1411 1412 1373
f 1412 1413 1374
f 1412 1374 1373
f 1413 1414 1374
f 1414 1415 1375
f 1414 1375 1374
f 1415 1416 1376
f 1415 1376 1375
f 1416 1417 1376
f 1417 1418 1376
f 1418 1419 1377
f 1418 1377 1376
f 1419 1420 1377
f 1420 1421 1378
f 1420 1378 1377
f 1421 1422 1378
f 1422 1423 1379
f 1422 1379 1378
f 1423 1424 1379
f 1424 1425 1380
f 1424 1380 1379
f 1425 1272 1380
f 1272 1273 1381
f 1272 1381 1380
f 1273 1274 1382
f 1273 1382 1381
f 1274 1275 1382
f 1275 1276 1383
f 1275 1383 1382
f 1276 1277 1383
f 1277 1278 1384
f 1277 1384 1383
f 1278 1279 1384
f 1279 1280 1385
f 1279 1385 1384
f 1280 1281 1385
f 1281 1282 1385
f 1282 1283 1386
f 1282 1386 1385
f 1283 1284 1387
f 1283 1387 1386
f 1284 1285 1387
f 1285 1286 1388
f 1285 1388 1387
f 1286 1287 1388
f 1287 1288 1389
f 1287 1389 1388
f 1288 1289 1389
f 1289 1290 1390
f 1289 1390 1389
f 1290 1291 1390
f 1291 1292 1391
f 1291 1391 1390
f 1292 1293 1391
f 1293 1294 1391
f 1294 1295 1392
f 1294 1392 1391
f 1295 1296 1393
f 1295 1393 1392
f 1296 1297 1393
f 1297 1298 1394
f 1297 1394 1393
f 1298 1299 1394
f 1299 1300 1394
f 1300 1301 1395
f 1300 1395 1394
f 1301 1302 1365
f 1301 1365 1395
f 1302 1303 1365
f 1303 1396 1365
f 1192 1304 1145
f 1192 1145 1114
f 1304 1305 1115
f 1304 1115 1145
f 1305 1306 1146
f 1305 1146 1115
f 1306 1307 1116
f 1306 1116 1146
f 1307 1308 1147
f 1307 1147 1116
f 1308 1309 1117
f 1308 1117 1147
f 1309 1310 1148
f 1309 1148 1117
f 1310 1311 1118
f 1310 1118 1148
f 1311 1312 1149
f 1311 1149 1118
f 1312 1313 1119
f 1312 1119 1149
f 1313 1314 1150
f 1313 1150 1119
f 1314 1315 1120
f 1314 1120 1150
f 1315 1316 1151
f 1315 1151 1120
f 1316 1317 1121
f 1316 1121 1151
f 1317 1318 1152
f 1317 1152 1121
f 1318 1319 1122
f 1318 1122 1152
f 1319 1320 1153
f 1319 1153 1122
f 1320 1321 1123
f 1320 1123 1153
f 1321 1322 1154
f 1321 1154 1123
f 1322 1323 1124
f 1322 1124 1154
f 1323 1324 1155
f 1323 1155 1124
f 1324 1325 1125
f 1324 1125 1155
f 1325 1326 1156
f 1325 1156 1125
f 1326 1327 1126
f 1326 1126 1156
f 1327 1328 1157
f 1327 1157 1126
f 1328 1329 1127
f 1328 1127 1157
f 1329 1330 1158
f 1329 1158 1127
f 1330 1331 1128
f 1330 1128 1158
f 1331 1332 1159
f 1331 1159 1128
f 1332 1333 1129
f 1332 1129 1159
f 1333 1160 1129
f 1271 1426 1396
f 1271 1396 1303
f 1426 1427 1397
f 1426 1397 1396
f 1427 1428 1398
f 1427 1398 1397
f 1428 1429 1399
f 1428 1399 1398
f 1429 1430 1400
f 1429 1400 1399
f 1430 1431 1401
f 1430 1401 1400
f 1431 1432 1402
f 1431 1402 1401
f 1432 1433 1403
f 1432 1403 1402
f 1433 1434 1404
f 1433 1404 1403
f 1434 1435 1405
f 1434 1405 1404
f 1435 1436 1406
f 1435 1406 1405
f 1436 1437 1407
f 1436 1407 1406
f 1437 1438 1408
f 1437 1408 1407
f 1438 1439 1409
f 1438 1409 1408
f 1439 1440 1410
f 1439 1410 1409
f 1440 1441 1411
f 1440 1411 1410
f 1441 1442 1412
f 1441 1412 1411
f 1442 1443 1413
f 1442 1413 1412
f 1443 1444 1414
f 1443 1414 1413
f 1444 1445 1415
f 1444 1415 1414
f 1445 1446 1416
f 1445 1416 1415
f 1446 1447 1417
f 1446 1417 1416
f 1447 1448 1418
f 1447 1418 1417
f 1448 1449 1419
f 1448 1419 1418
f 1449 1450 1420
f 1449 1420 1419
f 1450 1451 1421
f 1450 1421 1420
f 1451 1452 1422
f 1451 1422 1421
f 1452 1453 1423
f 1452 1423 1422
f 1453 1454 1424
f 1453 1424 1423
f 1454 1455 1425
f 1454 1425 1424
f 1455 1240 1272
f 1455 1272 1425
f 1456 1426 1271
f 1456 1457 1427
f 1456 1427 1426
f 1457 1428 1427
f 1457 1458 1429
f 1457 1429 1428
f 1458 1430 1429
f 1458 1459 1431
f 1458 1431 1430
f 1459 1432 1431
f 1459 1460 1433
f 1459 1433 1432
f 1460 1434 1433
f 1460 1461 1435
f 1460 1435 1434
f 1461 1436 1435
f 1461 1462 1437
f 1461 1437 1436
f 1462 1438 1437
f 1462 1463 1439
f 1462 1439 1438
f 1463 1440 1439
f 1463 1464 1441
f 1463 1441 1440
f 1464 1442 1441
f 1464 1465 1443
f 1464 1443 1442
f 1465 1444 1443
f 1465 1466 1445
f 1465 1445 1444
f 1466 1446 1445
f 1466 1467 1447
f 1466 1447 1446
f 1467 1448 1447
f 1467 1468 1449
f 1467 1449 1448
f 1468 1450 1449
f 1468 1469 1451
f 1468 1451 1450
f 1469 1452 1451
f 1469 1470 1453
f 1469 1453 1452
f 1470 1454 1453
f 1470 1471 1455
f 1470 1455 1454
f 1471 1240 1455
f 1471 1472 1241
f 1471 1241 1240
f 1472 1242 1241
f 1472 1473 1243
f 1472 1243 1242
f 1473 1244 1243
f 1473 1474 1245
f 1473 1245 1244
f 1474 1246 1245
f 1474 1475 1247
f 1474 1247 1246
f 1475 1248 1247
f 1475 1476 1249
f 1475 1249 1248
f 1476 1250 1249
f 1476 1477 1251
f 1476 1251 1250
f 1477 1252 1251
f 1477 1478 1253
f 1477 1253 1252
f 1478 1254 1253
f 1478 1479 1255
f 1478 1255 1254
f 1479 1256 1255
f 1479 1480 1257
f 1479 1257 1256
f 1480 1258 1257
f 1480 1481 1259
f 1480 1259 1258
f 1481 1260 1259
f 1481 1482 1261
f 1481 1261 1260
f 1482 1262 1261
f 1482 1483 1263
f 1482 1263 1262
f 1483 1264 1263
f 1483 1484 1265
f 1483 1265 1264
f 1484 1266 1265
f 1484 1485 1267
f 1484 1267 1266
f 1485 1268 1267
f 1485 1486 1269
f 1485 1269 1268
f 1486 1270 1269
f 1486 1456 1271
f 1486 1271 1270
f 1487 1472 1471
f 1487 1488 1473
f 1487 1473 1472
f 1488 1489 1474
f 1488 1474 1473
f 1489 1490 1475
f 1489 1475 1474
f 1490 1491 1476
f 1490 1476 1475
f 1491 1492 1477
f 1491 1477 1476
f 1492 1493 1478
f 1492 1478 1477
f 1493 1494 1479
f 1493 1479 1478
f 1494 1495 1480
f 1494 1480 1479
f 1495 1496 1481
f 1495 1481 1480
f 1496 1497 1482
f 1496 1482 1481
f 1497 1498 1483
f 1497 1483 1482
f 1498 1499 1484
f 1498 1484 1483
f 1499 1500 1485
f 1499 1485 1484
f 1500 1501 1486
f 1500 1486 1485
f 1501 1502 1486
f 1502 1456 1486
f 1502 1503 1456
f 1503 1457 1456
f 1503 1504 1457
f 1504 1458 1457
f 1504 1505 1458
f 1505 1459 1458
f 1505 1506 1459
f 1506 1460 1459
f 1506 1507 1460
f 1507 1461 1460
f 1507 1508 1461
f 1508 1462 1461
f 1508 1509 1462
f 1509 1463 1462
f 1509 1510 1463
f 1510 1464 1463
f 1510 1511 1464
f 1511 1465 1464
f 1511 1512 1465
f 1512 1466 1465
f 1512 1513 1466
f 1513 1467 1466
f 1513 1514 1467
f 1514 1468 1467
f 1514 1515 1468
f 1515 1469 1468
f 1515 1516 1469
f 1516 1470 1469
f 1516 1517 1471
f 1516 1471 1470
f 1517 1487 1471
f 1519 1505 1504
f 1520 1506 1505
f 1506 1521 1507
f 1521 1522 1507
f 1522 1523 1508
f 1523 1509 1508
f 1524 1510 1509
f 1524 1525 1510
f 1525 1511 1510
f 1525 1526 1511
f 1527 1513 1512
f 1513 1528 1514
f 1517 1532 1487
f 1532 1533 1488
f 1532 1488 1487
f 1537 1492 1491
f 1492 1538 1493
f 1494 1540 1495
f 1495 1541 1496
f 1542 1543 1497
f 1544 1499 1498
f 1547 1548 1503
f 1547 1503 1502
f 1549 1550 1518
f 1549 1518 1548
f 1550 1504 1518
f 1550 1551 1519
f 1550 1519 1504
f 1551 1505 1519
f 1551 1552 1520
f 1551 1520 1505
f 1552 1506 1520
f 1552 1553 1521
f 1552 1521 1506
f 1553 1554 1522
f 1553 1522 1521
f 1554 1555 1523
f 1554 1523 1522
f 1555 1509 1523
f 1555 1556 1524
f 1555 1524 1509
f 1556 1557 1525
f 1556 1525 1524
f 1557 1558 1526
f 1557 1526 1525
f 1558 1512 1526
f 1558 1559 1527
f 1558 1527 1512
f 1559 1513 1527
f 1559 1560 1528
f 1559 1528 1513
f 1560 1514 1528
f 1560 1561 1529
f 1560 1529 1514
f 1561 1515 1529
f 1561 1562 1530
f 1561 1530 1515
f 1562 1516 1530
f 1562 1563 1531
f 1562 1531 1516
f 1563 1517 1531
f 1563 1564 1532
f 1563 1532 1517
f 1564 1565 1533
f 1564 1533 1532
f 1565 1488 1533
f 1565 1566 1534
f 1565 1534 1488
f 1566 1535 1534
f 1566 1567 1535
f 1567 1536 1535
f 1567 1568 1536
f 1568 1537 1536
f 1568 1569 1537
f 1569 1492 1537
f 1569 1570 1538
f 1569 1538 1492
f 1570 1539 1538
f 1570 1571 1539
f 1571 1540 1539
f 1571 1572 1540
f 1572 1541 1540
f 1572 1573 1541
f 1573 1496 1541
f 1573 1574 1542
f 1573 1542 1496
f 1574 1543 1542
f 1574 1575 1543
f 1575 1544 1543
f 1575 1576 1544
f 1576 1499 1544
f 1576 1577 1545
f 1576 1545 1499
f 1577 1500 1545
f 1577 1578 1546
f 1577 1546 1500
f 1578 1501 1546
f 1578 1579 1547
f 1578 1547 1501
f 1579 1549 1548
f 1579 1548 1547
f 1549 1611 1580
f 1580 1612 1550
f 1580 1611 1612
f 1550 1612 1581
f 1581 1613 1551
f 1581 1612 1613
f 1551 1613 1582
f 1582 1614 1552
f 1582 1613 1614
f 1552 1614 1583
f 1583 1615 1553
f 1583 1614 1615
f 1553 1615 1584
f 1584 1616 1554
f 1584 1615 1616
f 1554 1616 1585
f 1585 1617 1555
f 1585 1616 1617
f 1555 1617 1586
f 1586 1618 1556
f 1586 1617 1618
f 1556 1618 1587
f 1587 1619 1557
f 1587 1618 1619
f 1557 1619 1588
f 1588 1620 1558
f 1588 1619 1620
f 1558 1620 1589
f 1589 1621 1559
f 1589 1620 1621
f 1559 1621 1590
f 1590 1622 1560
f 1590 1621 1622
f 1560 1622 1591
f 1591 1623 1561
f 1591 1622 1623
f 1561 1623 1592
f 1592 1624 1562
f 1592 1623 1624
f 1562 1624 1593
f 1593 1625 1563
f 1593 1624 1625
f 1563 1625 1594
f 1594 1626 1564
f 1594 1625 1626
f 1564 1626 1595
f 1595 1627 1565
f 1595 1626 1627
f 1565 1627 1596
f 1596 1628 1566
f 1596 1627 1628
f 1566 1628 1597
f 1597 1629 1567
f 1597 1628 1629
f 1567 1629 1598
f 1598 1630 1568
f 1598 1629 1630
f 1568 1630 1599
f 1599 1631 1569
f 1599 1630 1631
f 1569 1631 1600
f 1600 1632 1570
f 1600 1631 1632
f 1570 1632 1601
f 1601 1633 1571
f 1601 1632 1633
f 1571 1633 1602
f 1602 1634 1572
f 1602 1633 1634
f 1572 1634 1603
f 1603 1635 1573
f 1603 1634 1635
f 1573 1635 1604
f 1604 1636 1574
f 1604 1635 1636
f 1574 1636 1605
f 1605 1637 1575
f 1605 1636 1637
f 1575 1637 1606
f 1606 1638 1576
f 1606 1637 1638
f 1576 1638 1607
f 1607 1639 1577
f 1607 1638 1639
f 1577 1639 1608
f 1608 1640 1578
f 1608 1639 1640
f 1578 1640 1609
f 1609 1641 1579
f 1609 1640 1641
f 1579 1641 1610
f 1610 1611 1549
f 1610 1641 1611
f 1613 1612 1626
f 1646 1650 1656
f 1662 1645 1656
f 1647 1652 1656
f 1647 1652 1646
f 1647 1652 1669
f 1669 1670 1663
f 1670 1648 1663
f 1669 1663 1659
f 1647 1652 1654
f 1652 1659 1654
f 1647 1649 1654
f 1615 1613 1626
f 1642 1655 1644
f 1653 1646 1656
f 1646 1656 1652
f 1656 1661 1659
f 1661 1648 1659
f 1646 1652 1650
f 1652 1659 1650
f 1649 1654 1659
f 1663 1648 1659
f 1649 1654 1650
f 1654 1650 1659
f 1616 1615 1626
f 1655 1643 1644
f 1644 1658 1651
f 1646 1656 1661
f 1656 1645 1661
f 1646 1661 1651
f 1661 1659 1654
f 1654 1650 1661
f 1650 1654 1652
f 1617 1616 1626
f 1642 1644 1643
f 1644 1651 1655
f 1655 1643 1651
f 1651 1661 1658
f 1661 1645 1658
f 1651 1653 1658
f 1650 1653 1661
f 1652 1670 1659
f 1659 1648 1670
f 1652 1654 1670
f 1619 1617 1626
f 1651 1658 1655
f 1658 1645 1655
f 1653 1662 1658
f 1658 1645 1662
f 1653 1656 1661
f 1654 1656 1670
f 1620 1619 1626
f 1661 1648 1656
f 1656 1659 1670
f 1621 1620 1626
f 1660 1655 1645
f 1623 1621 1626
f 1660 1643 1655
f 1662 1661 1648
f 1663 1661 1648
f 1624 1623 1626
f 1643 1660 1645
f 1664 1662 1648
f 1664 1663 1648
f 1648 1624 1626
f 1645 1664 1648
f 1647 1611 1657
f 1626 1642 1643
f 1645 1648 1626
f 1626 1643 1645
f 1665 1611 1647
f 1625 1645 1626
f 1619 1645 1620
f 1620 1645 1621
f 1621 1645 1622
f 1622 1645 1623
f 1623 1645 1624
f 1624 1645 1625
f 1645 1626 1627
f 1618 1645 1619
f 1645 1642 1643
f 1612 1645 1613
f 1613 1645 1614
f 1614 1645 1615
f 1615 1645 1616
f 1616 1645 1617
f 1617 1645 1618
f 1645 1627 1666
f 1611 1645 1612
f 1667 1611 1665
f 1645 1644 1642
f 1644 1611 1667
f 1645 1666 1668
f 1644 1645 1611
f 1671 1681 1685
f 1681 1667 1685
f 1671 1679 1683
f 1679 1665 1683
f 1672 1676 1682
f 1683 1677 1676
f 1676 1677 1672
f 1682 1687 1683
f 1687 1673 1683
f 1677 1683 1672
f 1668 1678 1682
f 1682 1684 1688
f 1668 1680 1678
f 1678 1684 1680
f 1668 1672 1680
f 1675 1678 1691
f 1691 1688 1684
f 1675 1680 1678
f 1675 1674 1680
f 1686 1679 1683
f 1679 1672 1683
f 1683 1673 1686
f 1679 1686 1672
f 1672 1680 1684
f 1688 1673 1684
f 1672 1680 1676
f 1680 1684 1676
f 1674 1680 1684
f 1688 1641 1684
f 1674 1680 1676
f 1666 1626 1627
f 1639 1611 1640
f 1640 1611 1641
f 1681 1667 1642
f 1671 1683 1685
f 1683 1665 1685
f 1671 1685 1677
f 1672 1686 1677
f 1682 1676 1684
f 1691 1676 1684
f 1676 1691 1678
f 1691 1684 1678
f 1636 1611 1637
f 1637 1611 1638
f 1638 1611 1639
f 1685 1667 1677
f 1677 1685 1687
f 1685 1665 1687
f 1677 1686 1687
f 1686 1673 1687
f 1677 1687 1679
f 1676 1684 1686
f 1684 1673 1686
f 1676 1686 1679
f 1678 1684 1692
f 1684 1641 1692
f 1678 1692 1680
f 1635 1611 1636
f 1681 1677 1667
f 1677 1681 1687
f 1687 1681 1665
f 1679 1686 1688
f 1686 1673 1688
f 1679 1688 1682
f 1680 1692 1688
f 1692 1641 1688
f 1680 1688 1682
f 1628 1642 1643
f 1634 1611 1635
f 1679 1687 1683
f 1682 1683 1688
f 1688 1683 1673
f 1628 1611 1629
f 1629 1611 1630
f 1630 1611 1631
f 1631 1611 1632
f 1632 1611 1633
f 1633 1611 1634
f 1685 1665 1681
f 1685 1683 1673
f 1686 1684 1641
f 1627 1611 1628
f 1687 1685 1673
f 1688 1686 1641
f 1667 1642 1644
f 1689 1685 1667
f 1689 1665 1685
f 1690 1641 1688
f 1668 1666 1627
f 1667 1665 1689
f 1665 1673 1687
f 1673 1641 1690
f 1627 1657 1611
f 1628 1643 1645
f 1665 1642 1667
f 1628 1645 1668
f 1628 1668 1627
f 1647 1642 1665
f 1674 1627 1628
f 1630 1627 1674
f 1632 1627 1630
f 1657 1642 1647
f 1680 1627 1632
f 1634 1627 1680
f 1684 1627 1634
f 1637 1627 1684
f 1688 1627 1637
f 1640 1627 1688
f 1641 1627 1640
f 1657 1667 1642
f 1641 1657 1627
f 1673 1657 1641
f 1657 1665 1667
f 1657 1673 1665
f 1052 1053 1693
f 1052 1693 1020
f 1053 1054 1694
f 1053 1694 1693
f 1054 1055 1695
f 1054 1695 1694
f 1055 1056 1696
f 1055 1696 1695
f 1056 1057 1697
f 1056 1697 1696
f 1057 1058 1698
f 1057 1698 1697
f 1058 1059 1699
f 1058 1699 1698
f 1059 1060 1700
f 1059 1700 1699
f 1060 1061 1701
f 1060 1701 1700
f 1061 1062 1702
f 1061 1702 1701
f 1062 1063 1703
f 1062 1703 1702
f 1063 1064 1704
f 1063 1704 1703
f 1064 1065 1705
f 1064 1705 1704
f 1065 1066 1706
f 1065 1706 1705
f 1066 1067 1707
f 1066 1707 1706
f 1067 1068 1708
f 1067 1708 1707
f 1068 1069 1709
f 1068 1709 1708
f 1069 1070 1710
f 1069 1710 1709
f 1070 1071 1711
f 1070 1711 1710
f 1071 1072 1712
f 1071 1712 1711
f 1072 1073 1713
f 1072 1713 1712
f 1073 1074 1714
f 1073 1714 1713
f 1074 1075 1715
f 1074 1715 1714
f 1075 1076 1716
f 1075 1716 1715
f 1076 1077 1717
f 1076 1717 1716
f 1077 1078 1718
f 1077 1718 1717
f 1078 1079 1719
f 1078 1719 1718
f 1079 1080 1720
f 1079 1720 1719
f 1080 1081 1721
f 1080 1721 1720
f 1081 1082 1722
f 1081 1722 1721
f 1082 1021 989
f 1082 989 1722
f 1020 1693 958
f 1020 958 957
f 1693 1694 959
f 1693 959 958
f 1694 1695 960
f 1694 960 959
f 1695 1696 961
f 1695 961 960
f 1696 1697 962
f 1696 962 961
f 1697 1698 963
f 1697 963 962
f 1698 1699 964
f 1698 964 963
f 1699 1700 965
f 1699 965 964
f 1700 1701 966
f 1700 966 965
f 1701 1702 967
f 1701 967 966
f 1702 1703 968
f 1702 968 967
f 1703 1704 969
f 1703 969 968
f 1704 1705 970
f 1704 970 969
f 1705 1706 971
f 1705 971 970
f 1706 1707 972
f 1706 972 971
f 1707 1708 973
f 1707 973 972
f 1708 1709 974
f 1708 974 973
f 1709 1710 975
f 1709 975 974
f 1710 1711 976
f 1710 976 975
f 1711 1712 977
f 1711 977 976
f 1712 1713 978
f 1712 978 977
f 1713 1714 979
f 1713 979 978
f 1714 1715 980
f 1714 980 979
f 1715 1716 981
f 1715 981 980
f 1716 1717 982
f 1716 982 981
f 1717 1718 983
f 1717 983 982
f 1718 1719 984
f 1718 984 983
f 1719 1720 985
f 1719 985 984
f 1720 1721 986
f 1720 986 985
f 1721 1722 987
f 1721 987 986
f 1722 989 988
f 1722 988 987
f 648 649 587
f 648 587 586
f 649 650 588
f 649 588 587
f 650 651 589
f 650 589 588
f 651 652 590
f 651 590 589
f 652 653 591
f 652 591 590
f 653 654 592
f 653 592 591
f 654 655 593
f 654 593 592
f 655 656 594
f 655 594 593
f 656 657 595
f 656 595 594
f 657 658 596
f 657 596 595
f 658 659 597
f 658 597 596
f 659 660 598
f 659 598 597
f 660 661 599
f 660 599 598
f 661 662 600
f 661 600 599
f 662 663 601
f 662 601 600
f 663 664 602
f 663 602 601
f 664 665 603
f 664 603 602
f 665 666 604
f 665 604 603
f 666 667 605
f 666 605 604
f 667 668 606
f 667 606 605
f 668 669 607
f 668 607 606
f 669 670 608
f 669 608 607
f 670 671 609
f 670 609 608
f 671 672 610
f 671 610 609
f 672 673 611
f 672 611 610
f 673 674 612
f 673 612 611
f 674 675 613
f 674 613 612
f 675 676 614
f 675 614 613
f 676 677 615
f 676 615 614
f 677 678 616
f 677 616 615
f 678 617 555
f 678 555 616
f 63 1724 64
f 63 1723 1724
f 64 1725 65
f 64 1724 1725
f 65 1726 66
f 65 1725 1726
f 66 1727 67
f 66 1726 1727
f 67 1728 68
f 67 1727 1728
f 68 1729 69
f 68 1728 1729
f 69 1730 70
f 69 1729 1730
f 70 1731 71
f 70 1730 1731
f 71 1732 72
f 71 1731 1732
f 72 1733 73
f 72 1732 1733
f 73 1734 74
f 73 1733 1734
f 74 1735 75
f 74 1734 1735
f 75 1736 76
f 75 1735 1736
f 76 1737 77
f 76 1736 1737
f 77 1738 78
f 77 1737 1738
f 78 1739 79
f 78 1738 1739
f 79 1740 80
f 79 1739 1740
f 80 1741 81
f 80 1740 1741
f 81 1742 82
f 81 1741 1742
f 82 1743 83
f 82 1742 1743
f 83 1744 84
f 83 1743 1744
f 84 1745 85
f 84 1744 1745
f 85 1746 86
f 85 1745 1746
f 86 1747 87
f 86 1746 1747
f 87 1748 88
f 87 1747 1748
f 88 1749 89
f 88 1748 1749
f 89 1750 90
f 89 1749 1750
f 90 1751 91
f 90 1750 1751
f 91 1752 92
f 91 1751 1752
f 92 1753 93
f 92 1752 1753
f 93 1754 94
f 93 1753 1754
f 94 1755 95
f 94 1754 1755
f 95 1756 96
f 95 1755 1756
f 96 1757 97
f 96 1756 1757
f 97 1758 98
f 97 1757 1758
f 98 1759 99
f 98 1758 1759
f 99 1760 100
f 99 1759 1760
f 100 1761 101
f 100 1760 1761
f 101 1762 102
f 101 1761 1762
f 102 1763 103
f 102 1762 1763
f 103 1764 104
f 103 1763 1764
f 104 1765 105
f 104 1764 1765
f 105 1766 106
f 105 1765 1766
f 106 1767 107
f 106 1766 1767
f 107 1768 108
f 107 1767 1768
f 108 1769 109
f 108 1768 1769
f 109 1770 110
f 109 1769 1770
f 110 1771 111
f 110 1770 1771
f 111 1772 112
f 111 1771 1772
f 112 1773 113
f 112 1772 1773
f 113 1774 114
f 113 1773 1774
f 114 1775 115
f 114 1774 1775
f 115 1776 116
f 115 1775 1776
f 116 1777 117
f 116 1776 1777
f 117 1778 118
f 117 1777 1778
f 118 1779 119
f 118 1778 1779
f 119 1780 120
f 119 1779 1780
f 120 1781 121
f 120 1780 1781
f 121 1782 122
f 121 1781 1782
f 122 1783 123
f 122 1782 1783
f 123 1784 124
f 123 1783 1784
f 124 1723 63
f 124 1784 1723
f 1723 1725 1724
f 1723 1726 1725
f 1723 1727 1726
f 1723 1728 1727
f 1723 1729 1728
f 1723 1730 1729
f 1723 1731 1730
f 1723 1732 1731
f 1723 1733 1732
f 1723 1734 1733
f 1723 1735 1734
f 1723 1736 1735
f 1723 1737 1736
f 1723 1738 1737
f 1723 1739 1738
f 1723 1740 1739
f 1723 1741 1740
f 1723 1742 1741
f 1723 1743 1742
f 1723 1744 1743
f 1723 1745 1744
f 1723 1746 1745
f 1723 1747 1746
f 1723 1748 1747
f 1723 1749 1748
f 1723 1750 1749
f 1723 1751 1750
f 1723 1752 1751
f 1723 1753 1752
f 1723 1754 1753
f 1723 1755 1754
f 1723 1756 1755
f 1723 1757 1756
f 1723 1758 1757
f 1723 1759 1758
f 1723 1760 1759
f 1723 1761 1760
f 1723 1762 1761
f 1723 1763 1762
f 1723 1764 1763
f 1723 1765 1764
f 1723 1766 1765
f 1723 1767 1766
f 1723 1768 1767
f 1723 1769 1768
f 1723 1770 1769
f 1723 1771 1770
f 1723 1772 1771
f 1723 1773 1772
f 1723 1774 1773
f 1723 1775 1774
f 1723 1776 1775
f 1723 1777 1776
f 1723 1778 1777
f 1723 1779 1778
f 1723 1780 1779
f 1723 1781 1780
f 1723 1782 1781
f 1723 1783 1782
f 1723 1784 1783
f 1161 1193 1333
f 1193 1160 1333
