v -0.619497024 -0.268045588 -2.355000000
v -0.611252845 -0.286347620 -2.355000000
v -0.602468106 -0.304396421 -2.355000000
v -0.593150576 -0.322176031 -2.355000000
v -0.583308494 -0.339670724 -2.355000000
v -0.572950565 -0.356865031 -2.355000000
v -0.562085949 -0.373743744 -2.355000000
v -0.550724253 -0.390291939 -2.355000000
v -0.619497024 -0.268045588 -1.566213203
v -0.611252845 -0.286347620 -1.566213203
v -0.602468106 -0.304396421 -1.566213203
v -0.593150576 -0.322176031 -1.566213203
v -0.583308494 -0.339670724 -1.566213203
v -0.572950565 -0.356865031 -1.566213203
v -0.562085949 -0.373743744 -1.566213203
v -0.550724253 -0.390291939 -1.566213203
v -0.490459792 -0.463760922 -2.355000000
v -0.476453134 -0.478139531 -2.355000000
v -0.462025126 -0.492095299 -2.355000000
v -0.447188527 -0.505615883 -2.355000000
v -0.431956458 -0.518689328 -2.355000000
v -0.416342389 -0.531304070 -2.355000000
v -0.400360129 -0.543448955 -2.355000000
v -0.384023811 -0.555113243 -2.355000000
v -0.490459792 -0.463760922 -1.566213203
v -0.476453134 -0.478139531 -1.566213203
v -0.462025126 -0.492095299 -1.566213203
v -0.447188527 -0.505615883 -1.566213203
v -0.431956458 -0.518689328 -1.566213203
v -0.416342389 -0.531304070 -1.566213203
v -0.400360129 -0.543448955 -1.566213203
v -0.384023811 -0.555113243 -1.566213203
v -0.302265870 -0.603539844 -2.355000000
v -0.284186143 -0.612260758 -2.355000000
v -0.265855097 -0.620440221 -2.355000000
v -0.247288942 -0.628070999 -2.355000000
v -0.228504098 -0.635146343 -2.355000000
v -0.209517177 -0.641659998 -2.355000000
v -0.190344969 -0.647606202 -2.355000000
v -0.171004431 -0.652979697 -2.355000000
v -0.302265870 -0.603539844 -1.566213203
v -0.284186143 -0.612260758 -1.566213203
v -0.265855097 -0.620440221 -1.566213203
v -0.247288942 -0.628070999 -1.566213203
v -0.228504098 -0.635146343 -1.566213203
v -0.209517177 -0.641659998 -1.566213203
v -0.190344969 -0.647606202 -1.566213203
v -0.171004431 -0.652979697 -1.566213203
v -0.077614224 -0.670522954 -2.355000000
v -0.057642109 -0.672534302 -2.355000000
v -0.037619019 -0.673950895 -2.355000000
v -0.017562661 -0.674771482 -2.355000000
v 0.002509229 -0.674995336 -2.355000000
v 0.022578900 -0.674622260 -2.355000000
v 0.042628603 -0.673652583 -2.355000000
v 0.062640608 -0.672087163 -2.355000000
v -0.077614224 -0.670522954 -1.566213203
v -0.057642109 -0.672534302 -1.566213203
v -0.037619019 -0.673950895 -1.566213203
v -0.017562661 -0.674771482 -1.566213203
v 0.002509229 -0.674995336 -1.566213203
v 0.022578900 -0.674622260 -1.566213203
v 0.042628603 -0.673652583 -1.566213203
v 0.062640608 -0.672087163 -1.566213203
v 0.156398844 -0.656631100 -2.355000000
v 0.175854414 -0.651690283 -2.355000000
v 0.195154467 -0.646173145 -2.355000000
v 0.214281936 -0.640084566 -2.355000000
v 0.233219906 -0.633429930 -2.355000000
v 0.251951627 -0.626215121 -2.355000000
v 0.270460536 -0.618446520 -2.355000000
v 0.288730264 -0.610130998 -2.355000000
v 0.156398844 -0.656631100 -1.566213203
v 0.175854414 -0.651690283 -1.566213203
v 0.195154467 -0.646173145 -1.566213203
v 0.214281936 -0.640084566 -1.566213203
v 0.233219906 -0.633429930 -1.566213203
v 0.251951627 -0.626215121 -1.566213203
v 0.270460536 -0.618446520 -1.566213203
v 0.288730264 -0.610130998 -1.566213203
v 0.371547902 -0.563539844 -2.355000000
v 0.388140299 -0.552242798 -2.355000000
v 0.404389444 -0.540457378 -2.355000000
v 0.420280969 -0.528194005 -2.355000000
v 0.435800820 -0.515463525 -2.355000000
v 0.450935270 -0.502277196 -2.355000000
v 0.465670938 -0.488646680 -2.355000000
v 0.479994790 -0.474584030 -2.355000000
v 0.371547902 -0.563539844 -1.566213203
v 0.388140299 -0.552242798 -1.566213203
v 0.404389444 -0.540457378 -1.566213203
v 0.420280969 -0.528194005 -1.566213203
v 0.435800820 -0.515463525 -1.566213203
v 0.450935270 -0.502277196 -1.566213203
v 0.465670938 -0.488646680 -1.566213203
v 0.479994790 -0.474584030 -1.566213203
v 0.541882801 -0.402477366 -2.355000000
v 0.553610736 -0.386186682 -2.355000000
v 0.564849087 -0.369554474 -2.355000000
v 0.575587915 -0.352595451 -2.355000000
v 0.585817723 -0.335324612 -2.355000000
v 0.595529465 -0.317757229 -2.355000000
v 0.604714551 -0.299908838 -2.355000000
v 0.613364860 -0.281795224 -2.355000000
v 0.541882801 -0.402477366 -1.566213203
v 0.553610736 -0.386186682 -1.566213203
v 0.564849087 -0.369554474 -1.566213203
v 0.575587915 -0.352595451 -1.566213203
v 0.585817723 -0.335324612 -1.566213203
v 0.595529465 -0.317757229 -1.566213203
v 0.604714551 -0.299908838 -1.566213203
v 0.613364860 -0.281795224 -1.566213203
v 0.646858636 -0.192870178 -2.355000000
v 0.652307547 -0.173550752 -2.355000000
v 0.657179593 -0.154077847 -2.355000000
v 0.661470463 -0.134468683 -2.355000000
v 0.665176363 -0.114740602 -2.355000000
v 0.668294017 -0.094911051 -2.355000000
v 0.670820666 -0.074997565 -2.355000000
v 0.672754076 -0.055017755 -2.355000000
v 0.646858636 -0.192870178 -1.566213203
v 0.652307547 -0.173550752 -1.566213203
v 0.657179593 -0.154077847 -1.566213203
v 0.661470463 -0.134468683 -1.566213203
v 0.665176363 -0.114740602 -1.566213203
v 0.668294017 -0.094911051 -1.566213203
v 0.670820666 -0.074997565 -1.566213203
v 0.672754076 -0.055017755 -1.566213203
v 0.673813772 0.040000000 -2.355000000
v 0.672326442 0.060017960 -2.355000000
v 0.670244541 0.079982843 -2.355000000
v 0.667569911 0.099876994 -2.355000000
v 0.664304917 0.119682818 -2.355000000
v 0.660452447 0.139382802 -2.355000000
v 0.656015907 0.158959522 -2.355000000
v 0.650999221 0.178395667 -2.355000000
v 0.673813772 0.040000000 -1.566213203
v 0.672326442 0.060017960 -1.566213203
v 0.670244541 0.079982843 -1.566213203
v 0.667569911 0.099876994 -1.566213203
v 0.664304917 0.119682818 -1.566213203
v 0.660452447 0.139382802 -1.566213203
v 0.656015907 0.158959522 -1.566213203
v 0.650999221 0.178395667 -1.566213203
v 0.619497024 0.268045588 -2.355000000
v 0.611252845 0.286347620 -2.355000000
v 0.602468106 0.304396421 -2.355000000
v 0.593150576 0.322176031 -2.355000000
v 0.583308494 0.339670724 -2.355000000
v 0.572950565 0.356865031 -2.355000000
v 0.562085949 0.373743744 -2.355000000
v 0.550724253 0.390291939 -2.355000000
v 0.619497024 0.268045588 -1.566213203
v 0.611252845 0.286347620 -1.566213203
v 0.602468106 0.304396421 -1.566213203
v 0.593150576 0.322176031 -1.566213203
v 0.583308494 0.339670724 -1.566213203
v 0.572950565 0.356865031 -1.566213203
v 0.562085949 0.373743744 -1.566213203
v 0.550724253 0.390291939 -1.566213203
v 0.490459792 0.463760922 -2.355000000
v 0.476453134 0.478139531 -2.355000000
v 0.462025126 0.492095299 -2.355000000
v 0.447188527 0.505615883 -2.355000000
v 0.431956458 0.518689328 -2.355000000
v 0.416342389 0.531304070 -2.355000000
v 0.400360129 0.543448955 -2.355000000
v 0.384023811 0.555113243 -2.355000000
v 0.490459792 0.463760922 -1.566213203
v 0.476453134 0.478139531 -1.566213203
v 0.462025126 0.492095299 -1.566213203
v 0.447188527 0.505615883 -1.566213203
v 0.431956458 0.518689328 -1.566213203
v 0.416342389 0.531304070 -1.566213203
v 0.400360129 0.543448955 -1.566213203
v 0.384023811 0.555113243 -1.566213203
v 0.302265870 0.603539844 -2.355000000
v 0.284186143 0.612260758 -2.355000000
v 0.265855097 0.620440221 -2.355000000
v 0.247288942 0.628070999 -2.355000000
v 0.228504098 0.635146343 -2.355000000
v 0.209517177 0.641659998 -2.355000000
v 0.190344969 0.647606202 -2.355000000
v 0.171004431 0.652979697 -2.355000000
v 0.302265870 0.603539844 -1.566213203
v 0.284186143 0.612260758 -1.566213203
v 0.265855097 0.620440221 -1.566213203
v 0.247288942 0.628070999 -1.566213203
v 0.228504098 0.635146343 -1.566213203
v 0.209517177 0.641659998 -1.566213203
v 0.190344969 0.647606202 -1.566213203
v 0.171004431 0.652979697 -1.566213203
v 0.077614224 0.670522954 -2.355000000
v 0.057642109 0.672534302 -2.355000000
v 0.037619019 0.673950895 -2.355000000
v 0.017562661 0.674771482 -2.355000000
v -0.002509229 0.674995336 -2.355000000
v -0.022578900 0.674622260 -2.355000000
v -0.042628603 0.673652583 -2.355000000
v -0.062640608 0.672087163 -2.355000000
v 0.077614224 0.670522954 -1.566213203
v 0.057642109 0.672534302 -1.566213203
v 0.037619019 0.673950895 -1.566213203
v 0.017562661 0.674771482 -1.566213203
v -0.002509229 0.674995336 -1.566213203
v -0.022578900 0.674622260 -1.566213203
v -0.042628603 0.673652583 -1.566213203
v -0.062640608 0.672087163 -1.566213203
v -0.156398844 0.656631100 -2.355000000
v -0.175854414 0.651690283 -2.355000000
v -0.195154467 0.646173145 -2.355000000
v -0.214281936 0.640084566 -2.355000000
v -0.233219906 0.633429930 -2.355000000
v -0.251951627 0.626215121 -2.355000000
v -0.270460536 0.618446520 -2.355000000
v -0.288730264 0.610130998 -2.355000000
v -0.156398844 0.656631100 -1.566213203
v -0.175854414 0.651690283 -1.566213203
v -0.195154467 0.646173145 -1.566213203
v -0.214281936 0.640084566 -1.566213203
v -0.233219906 0.633429930 -1.566213203
v -0.251951627 0.626215121 -1.566213203
v -0.270460536 0.618446520 -1.566213203
v -0.288730264 0.610130998 -1.566213203
v -0.371547902 0.563539844 -2.355000000
v -0.388140299 0.552242798 -2.355000000
v -0.404389444 0.540457378 -2.355000000
v -0.420280969 0.528194005 -2.355000000
v -0.435800820 0.515463525 -2.355000000
v -0.450935270 0.502277196 -2.355000000
v -0.465670938 0.488646680 -2.355000000
v -0.479994790 0.474584030 -2.355000000
v -0.371547902 0.563539844 -1.566213203
v -0.388140299 0.552242798 -1.566213203
v -0.404389444 0.540457378 -1.566213203
v -0.420280969 0.528194005 -1.566213203
v -0.435800820 0.515463525 -1.566213203
v -0.450935270 0.502277196 -1.566213203
v -0.465670938 0.488646680 -1.566213203
v -0.479994790 0.474584030 -1.566213203
v -0.541882801 0.402477366 -2.355000000
v -0.553610736 0.386186682 -2.355000000
v -0.564849087 0.369554474 -2.355000000
v -0.575587915 0.352595451 -2.355000000
v -0.585817723 0.335324612 -2.355000000
v -0.595529465 0.317757229 -2.355000000
v -0.604714551 0.299908838 -2.355000000
v -0.613364860 0.281795224 -2.355000000
v -0.541882801 0.402477366 -1.566213203
v -0.553610736 0.386186682 -1.566213203
v -0.564849087 0.369554474 -1.566213203
v -0.575587915 0.352595451 -1.566213203
v -0.585817723 0.335324612 -1.566213203
v -0.595529465 0.317757229 -1.566213203
v -0.604714551 0.299908838 -1.566213203
v -0.613364860 0.281795224 -1.566213203
v -0.646858636 0.192870178 -2.355000000
v -0.652307547 0.173550752 -2.355000000
v -0.657179593 0.154077847 -2.355000000
v -0.661470463 0.134468683 -2.355000000
v -0.665176363 0.114740602 -2.355000000
v -0.668294017 0.094911051 -2.355000000
v -0.670820666 0.074997565 -2.355000000
v -0.672754076 0.055017755 -2.355000000
v -0.646858636 0.192870178 -1.566213203
v -0.652307547 0.173550752 -1.566213203
v -0.657179593 0.154077847 -1.566213203
v -0.661470463 0.134468683 -1.566213203
v -0.665176363 0.114740602 -1.566213203
v -0.668294017 0.094911051 -1.566213203
v -0.670820666 0.074997565 -1.566213203
v -0.672754076 0.055017755 -1.566213203
v -0.673813772 -0.040000000 -2.355000000
v -0.672326442 -0.060017960 -2.355000000
v -0.670244541 -0.079982843 -2.355000000
v -0.667569911 -0.099876994 -2.355000000
v -0.664304917 -0.119682818 -2.355000000
v -0.660452447 -0.139382802 -2.355000000
v -0.656015907 -0.158959522 -2.355000000
v -0.650999221 -0.178395667 -2.355000000
v -0.673813772 -0.040000000 -1.566213203
v -0.672326442 -0.060017960 -1.566213203
v -0.670244541 -0.079982843 -1.566213203
v -0.667569911 -0.099876994 -1.566213203
v -0.664304917 -0.119682818 -1.566213203
v -0.660452447 -0.139382802 -1.566213203
v -0.656015907 -0.158959522 -1.566213203
v -0.650999221 -0.178395667 -1.566213203
v -0.541654845 -0.402286089 -1.563233417
v -0.534705363 -0.396454781 -1.550647217
v -0.531300837 -0.393598045 -2.387174310
v -0.536102157 -0.397626831 -2.372576260
v -0.369424071 -0.559861261 -1.555761996
v -0.155661245 -0.652447969 -1.555761996
v 0.076876625 -0.666339824 -1.555761996
v 0.302117083 -0.603282137 -1.563233417
v 0.490231836 -0.463569644 -1.563233417
v 0.619217395 -0.267943811 -1.563233417
v 0.673516198 -0.040000000 -1.563233417
v 0.646579007 0.192768402 -1.563233417
v 0.541654845 0.402286089 -1.563233417
v 0.371399115 0.563282137 -1.563233417
v 0.156347170 0.656338046 -1.563233417
v -0.077562550 0.670229900 -1.563233417
v -0.302117083 0.603282137 -1.563233417
v -0.490231836 0.463569644 -1.563233417
v -0.619217395 0.267943811 -1.563233417
v -0.673516198 0.040000000 -1.563233417
v -0.646579007 -0.192768402 -1.563233417
v -0.613586159 -0.265894209 -2.369651123
v -0.607692872 -0.263749228 -2.384258185
v -0.606516324 -0.263320999 -1.546211010
v -0.645000000 0.000000000 -2.425000000
v -0.641690714 -0.065253568 -2.425000000
v -0.660000000 0.000000000 -2.390000000
v -0.660000000 -0.015944719 -2.389550660
v -0.660000000 -0.031233606 -2.388276514
v -0.631796812 -0.129837545 -2.425000000
v -0.633877935 -0.188145590 -2.387174310
v -0.615419820 -0.193089214 -2.425000000
v -0.628405390 -0.203181284 -2.388982064
v -0.622933002 -0.218216549 -2.389886832
v -0.617460726 -0.233251501 -2.389886788
v -0.611988517 -0.248286271 -2.388981978
v -0.592727788 -0.254359527 -2.425000000
v -0.563953567 -0.313019766 -2.425000000
v -0.529392420 -0.368467999 -2.425000000
v -0.521015816 -0.405855255 -2.388982064
v -0.510731090 -0.418112115 -2.389886832
v -0.489398989 -0.420135251 -2.425000000
v -0.500446576 -0.430368721 -2.389886788
v -0.490162188 -0.442625178 -2.388981978
v -0.479877828 -0.454881600 -2.387174310
v -0.444383663 -0.467491348 -2.425000000
v -0.394808359 -0.510050350 -2.425000000
v -0.364641016 -0.551576766 -2.387174310
v -0.350784045 -0.559577092 -2.388982064
v -0.341181787 -0.547375546 -2.425000000
v -0.336927471 -0.567577190 -2.389886832
v -0.323071183 -0.575577121 -2.389886788
v -0.309215064 -0.583576955 -2.388981978
v -0.295358984 -0.591576766 -2.387174310
v -0.284054228 -0.579083928 -2.425000000
v -0.224011888 -0.604850125 -2.425000000
v -0.161670883 -0.624409742 -2.425000000
v -0.154000107 -0.643027190 -2.387174310
v -0.138242541 -0.645805674 -2.388982064
v -0.122485426 -0.648584078 -2.389886832
v -0.106728638 -0.651362425 -2.389886788
v -0.097670916 -0.637562069 -2.425000000
v -0.090972040 -0.654140739 -2.388981978
v -0.075215487 -0.656919044 -2.387174310
v -0.032668714 -0.644172147 -2.425000000
v 0.032668714 -0.644172147 -2.425000000
v 0.075215487 -0.656919044 -2.387174310
v 0.090973053 -0.654140560 -2.388982064
v 0.097670916 -0.637562069 -2.425000000
v 0.106730168 -0.651362155 -2.389886832
v 0.122486957 -0.648583809 -2.389886788
v 0.138243554 -0.645805495 -2.388981978
v 0.154000107 -0.643027190 -2.387174310
v 0.161670883 -0.624409742 -2.425000000
v 0.224011888 -0.604850125 -2.425000000
v 0.284054228 -0.579083928 -2.425000000
v 0.295358984 -0.591576766 -2.387174310
v 0.309215955 -0.583576441 -2.388982064
v 0.323072529 -0.575576343 -2.389886832
v 0.336928817 -0.567576412 -2.389886788
v 0.341181787 -0.547375546 -2.425000000
v 0.350784936 -0.559576578 -2.388981978
v 0.364641016 -0.551576766 -2.387174310
v 0.394808359 -0.510050350 -2.425000000
v 0.444383663 -0.467491348 -2.425000000
v 0.479877828 -0.454881600 -2.387174310
v 0.490162849 -0.442624390 -2.388982064
v 0.500447575 -0.430367530 -2.389886832
v 0.489398989 -0.420135251 -2.425000000
v 0.510732089 -0.418110924 -2.389886788
v 0.521016477 -0.405854467 -2.388981978
v 0.531300837 -0.393598045 -2.387174310
v 0.529392420 -0.368467999 -2.425000000
v 0.563953567 -0.313019766 -2.425000000
v 0.606516324 -0.263320999 -2.387174310
v 0.592727788 -0.254359527 -2.425000000
v 0.611988869 -0.248285305 -2.388982064
v 0.617461258 -0.233250041 -2.389886832
v 0.622933533 -0.218215088 -2.389886788
v 0.628405742 -0.203180318 -2.388981978
v 0.615419820 -0.193089214 -2.425000000
v 0.633877935 -0.188145590 -2.387174310
v 0.631796812 -0.129837545 -2.425000000
v 0.641690714 -0.065253568 -2.425000000
v 0.660000000 -0.040000000 -2.387174310
v 0.660000000 -0.024672699 -2.388924307
v 0.660000000 -0.008687758 -2.389866580
v 0.645000000 0.000000000 -2.425000000
v 0.640947771 -0.190718799 -2.369651123
v 0.666267679 -0.040000000 -2.372576260
v 0.537064219 -0.398434097 -2.369651123
v 0.612406015 -0.265464672 -2.372576260
v 0.368402797 -0.558092362 -2.369651123
v 0.484679149 -0.458910386 -2.372576260
v 0.155306560 -0.650436452 -2.369651123
v 0.298492823 -0.597004735 -2.372576260
v -0.076521940 -0.664328306 -2.369651123
v 0.076303858 -0.663091503 -2.372576260
v -0.299120765 -0.598092362 -2.369651123
v -0.155088478 -0.649199648 -2.372576260
v -0.485641210 -0.459717652 -2.369651123
v -0.367774856 -0.557004735 -2.372576260
v -0.667523561 -0.040000000 -2.369651123
v -0.639767627 -0.190289262 -2.372576260
v -0.660000000 0.040000000 -1.546211010
v -0.660000000 0.023993212 -1.545435975
v -0.660000000 0.007995476 -1.545048432
v -0.660000000 -0.007995529 -1.545048433
v -0.660000000 -0.023993293 -1.545435977
v -0.660000000 -0.040000000 -1.546211010
v -0.660000000 0.015944409 -2.389550678
v -0.660000000 0.031233387 -2.388276538
v -0.649393398 0.000000000 -1.534393398
v -0.646061571 0.065698040 -1.534393398
v -0.636100277 0.130721930 -1.534393398
v -0.639984745 0.190368287 -1.552697954
v -0.619611734 0.194404436 -1.534393398
v -0.629400583 0.200447014 -1.545548386
v -0.623928271 0.215482068 -1.545090196
v -0.618455958 0.230517124 -1.545019647
v -0.612983637 0.245552204 -1.545336970
v -0.607511297 0.260587332 -1.546041406
v -0.596765136 0.256092089 -1.534393398
v -0.567794920 0.315151891 -1.534393398
v -0.532998360 0.370977808 -1.534393398
v -0.536279154 0.397775348 -1.552697954
v -0.522886167 0.403626258 -1.545548386
v -0.512601584 0.415882946 -1.545090196
v -0.502317001 0.428139635 -1.545019647
v -0.492032400 0.440396345 -1.545336970
v -0.481747766 0.452653094 -1.546041406
v -0.447410569 0.470675651 -1.534393398
v -0.397497584 0.513524543 -1.534393398
v -0.367890382 0.557204833 -1.552697954
v -0.353303962 0.558122218 -1.545548386
v -0.343505736 0.551103978 -1.534393398
v -0.339447581 0.566122203 -1.545090196
v -0.325591199 0.574122189 -1.545019647
v -0.311734795 0.582122188 -1.545336970
v -0.297878345 0.590122213 -1.546041406
v -0.285989055 0.583028341 -1.534393398
v -0.225537738 0.608970044 -1.534393398
v -0.162772100 0.628662890 -1.534393398
v -0.155128600 0.649427191 -1.552697954
v -0.141108085 0.645300401 -1.545548386
v -0.125351190 0.648078767 -1.545090196
v -0.109594294 0.650857133 -1.545019647
v -0.098336199 0.641904804 -1.534393398
v -0.093837372 0.653635503 -1.545336970
v -0.078080399 0.656413883 -1.546041406
v -0.032891236 0.648559907 -1.534393398
v 0.032891236 0.648559907 -1.534393398
v 0.076343980 0.663319045 -1.552697954
v 0.088107509 0.654645833 -1.545548386
v 0.098336199 0.641904804 -1.534393398
v 0.103864404 0.651867467 -1.545090196
v 0.119621300 0.649089101 -1.545019647
v 0.135378222 0.646310731 -1.545336970
v 0.151135196 0.643532351 -1.546041406
v 0.162772100 0.628662890 -1.534393398
v 0.225537738 0.608970044 -1.534393398
v 0.285989055 0.583028341 -1.534393398
v 0.298608349 0.597204833 -1.552697954
v 0.306696038 0.585031315 -1.545548386
v 0.320552419 0.577031330 -1.545090196
v 0.334408801 0.569031344 -1.545019647
v 0.348265205 0.561031345 -1.545336970
v 0.343505736 0.551103978 -1.534393398
v 0.362121655 0.553031320 -1.546041406
v 0.397497584 0.513524543 -1.534393398
v 0.447410569 0.470675651 -1.534393398
v 0.484856145 0.459058904 -1.552697954
v 0.488292498 0.444853387 -1.545548386
v 0.498577081 0.432596699 -1.545090196
v 0.492732516 0.422996990 -1.534393398
v 0.508861664 0.420340009 -1.545019647
v 0.519146265 0.408083300 -1.545336970
v 0.529430899 0.395826550 -1.546041406
v 0.532998360 0.370977808 -1.534393398
v 0.567794920 0.315151891 -1.534393398
v 0.612623134 0.265543696 -1.552697954
v 0.596765136 0.256092089 -1.534393398
v 0.610993676 0.251019575 -1.545548386
v 0.616465989 0.235984521 -1.545090196
v 0.621938301 0.220949466 -1.545019647
v 0.627410623 0.205914386 -1.545336970
v 0.619611734 0.194404436 -1.534393398
v 0.632882962 0.190879257 -1.546041406
v 0.636100277 0.130721930 -1.534393398
v 0.646061571 0.065698040 -1.534393398
v 0.666498731 0.040000000 -1.552697954
v 0.660000000 0.027630394 -1.545578113
v 0.660000000 0.011630600 -1.545102474
v 0.649393398 0.000000000 -1.534393398
v -0.664761717 0.040000000 -2.376083840
v -0.671043720 0.040000000 -2.361452051
v 0.641690714 0.065253568 -2.425000000
v 0.660000000 0.007238461 -2.389907379
v 0.660000000 0.023216760 -2.389047479
v 0.660000000 0.038537445 -2.387376995
v 0.631796812 0.129837545 -2.425000000
v 0.633877935 0.188145590 -2.387174310
v 0.615419820 0.193089214 -2.425000000
v 0.628405390 0.203181284 -2.388982064
v 0.622933002 0.218216549 -2.389886832
v 0.617460726 0.233251501 -2.389886788
v 0.611988517 0.248286271 -2.388981978
v 0.592727788 0.254359527 -2.425000000
v 0.606516324 0.263320999 -2.387174310
v 0.563953567 0.313019766 -2.425000000
v 0.529392420 0.368467999 -2.425000000
v 0.531300837 0.393598045 -2.387174310
v 0.521015816 0.405855255 -2.388982064
v 0.510731090 0.418112115 -2.389886832
v 0.489398989 0.420135251 -2.425000000
v 0.500446576 0.430368721 -2.389886788
v 0.490162188 0.442625178 -2.388981978
v 0.479877828 0.454881600 -2.387174310
v 0.444383663 0.467491348 -2.425000000
v 0.394808359 0.510050350 -2.425000000
v 0.364641016 0.551576766 -2.387174310
v 0.350784045 0.559577092 -2.388982064
v 0.341181787 0.547375546 -2.425000000
v 0.336927471 0.567577190 -2.389886832
v 0.323071183 0.575577121 -2.389886788
v 0.309215064 0.583576955 -2.388981978
v 0.295358984 0.591576766 -2.387174310
v 0.284054228 0.579083928 -2.425000000
v 0.224011888 0.604850125 -2.425000000
v 0.161670883 0.624409742 -2.425000000
v 0.154000107 0.643027190 -2.387174310
v 0.138242541 0.645805674 -2.388982064
v 0.122485426 0.648584078 -2.389886832
v 0.106728638 0.651362425 -2.389886788
v 0.097670916 0.637562069 -2.425000000
v 0.090972040 0.654140739 -2.388981978
v 0.075215487 0.656919044 -2.387174310
v 0.032668714 0.644172147 -2.425000000
v -0.032668714 0.644172147 -2.425000000
v -0.075215487 0.656919044 -2.387174310
v -0.090973053 0.654140560 -2.388982064
v -0.097670916 0.637562069 -2.425000000
v -0.106730168 0.651362155 -2.389886832
v -0.122486957 0.648583809 -2.389886788
v -0.138243554 0.645805495 -2.388981978
v -0.154000107 0.643027190 -2.387174310
v -0.161670883 0.624409742 -2.425000000
v -0.224011888 0.604850125 -2.425000000
v -0.284054228 0.579083928 -2.425000000
v -0.295358984 0.591576766 -2.387174310
v -0.309215955 0.583576441 -2.388982064
v -0.323072529 0.575576343 -2.389886832
v -0.336928817 0.567576412 -2.389886788
v -0.341181787 0.547375546 -2.425000000
v -0.350784936 0.559576578 -2.388981978
v -0.364641016 0.551576766 -2.387174310
v -0.394808359 0.510050350 -2.425000000
v -0.444383663 0.467491348 -2.425000000
v -0.479877828 0.454881600 -2.387174310
v -0.490162849 0.442624390 -2.388982064
v -0.500447575 0.430367530 -2.389886832
v -0.489398989 0.420135251 -2.425000000
v -0.510732089 0.418110924 -2.389886788
v -0.521016477 0.405854467 -2.388981978
v -0.531300837 0.393598045 -2.387174310
v -0.529392420 0.368467999 -2.425000000
v -0.563953567 0.313019766 -2.425000000
v -0.606516324 0.263320999 -2.387174310
v -0.592727788 0.254359527 -2.425000000
v -0.611988869 0.248285305 -2.388982064
v -0.617461258 0.233250041 -2.389886832
v -0.622933533 0.218215088 -2.389886788
v -0.628405742 0.203180318 -2.388981978
v -0.615419820 0.193089214 -2.425000000
v -0.633877935 0.188145590 -2.387174310
v -0.631796812 0.129837545 -2.425000000
v -0.641690714 0.065253568 -2.425000000
v -0.640947771 0.190718799 -2.369651123
v -0.537064219 0.398434097 -2.369651123
v -0.612406015 0.265464672 -2.372576260
v -0.368402797 0.558092362 -2.369651123
v -0.484679149 0.458910386 -2.372576260
v -0.155306560 0.650436452 -2.369651123
v -0.298492823 0.597004735 -2.372576260
v 0.076521940 0.664328306 -2.369651123
v -0.076303858 0.663091503 -2.372576260
v 0.299120765 0.598092362 -2.369651123
v 0.155088478 0.649199648 -2.372576260
v 0.485641210 0.459717652 -2.369651123
v 0.367774856 0.557004735 -2.372576260
v 0.613586159 0.265894209 -2.369651123
v 0.536102157 0.397626831 -2.372576260
v 0.667523561 0.040000000 -2.369651123
v 0.639767627 0.190289262 -2.372576260
v 0.629999300 -0.000939209 -2.581000000
v -0.630000000 0.000000000 -2.581000000
v -0.629797685 -0.015964844 -2.581000000
v 0.629773184 -0.016903733 -2.581000000
v -0.629217842 -0.031382400 -2.581261605
v 0.629175982 -0.032211145 -2.581491665
v 0.625403736 -0.075961564 -2.582159818
v -0.625372884 -0.076215176 -2.582029717
v -0.623278340 -0.091782953 -2.581000000
v -0.620591287 -0.108473290 -2.581000000
v -0.617457377 -0.125085522 -2.581000000
v -0.628783702 -0.039128714 -2.614841134
v -0.626025694 -0.070652883 -2.614841134
v -0.612436435 -0.147721405 -2.591000000
v -0.612436435 -0.147721405 -2.614841134
v -0.604246213 -0.178287728 -2.614841134
v -0.577480596 -0.251825656 -2.591000000
v -0.577480596 -0.251825656 -2.614841134
v -0.564107016 -0.280505391 -2.614841134
v -0.524978302 -0.348278311 -2.591000000
v -0.524978302 -0.348278311 -2.614841134
v -0.506827713 -0.374200039 -2.614841134
v -0.456524808 -0.434148707 -2.591000000
v -0.456524808 -0.434148707 -2.614841134
v -0.434148707 -0.456524808 -2.614841134
v -0.374200039 -0.506827713 -2.591000000
v -0.374200039 -0.506827713 -2.614841134
v -0.348278311 -0.524978302 -2.614841134
v -0.280505391 -0.564107016 -2.591000000
v -0.280505391 -0.564107016 -2.614841134
v -0.251825656 -0.577480596 -2.614841134
v -0.178287728 -0.604246213 -2.591000000
v -0.178287728 -0.604246213 -2.614841134
v -0.147721405 -0.612436435 -2.614841134
v -0.070652883 -0.626025694 -2.591000000
v -0.070652883 -0.626025694 -2.614841134
v -0.039128714 -0.628783702 -2.614841134
v 0.039128714 -0.628783702 -2.591000000
v 0.039128714 -0.628783702 -2.614841134
v 0.070652883 -0.626025694 -2.614841134
v 0.147721405 -0.612436435 -2.591000000
v 0.147721405 -0.612436435 -2.614841134
v 0.178287728 -0.604246213 -2.614841134
v 0.251825656 -0.577480596 -2.591000000
v 0.251825656 -0.577480596 -2.614841134
v 0.280505391 -0.564107016 -2.614841134
v 0.348278311 -0.524978302 -2.591000000
v 0.348278311 -0.524978302 -2.614841134
v 0.374200039 -0.506827713 -2.614841134
v 0.434148707 -0.456524808 -2.591000000
v 0.434148707 -0.456524808 -2.614841134
v 0.456524808 -0.434148707 -2.614841134
v 0.506827713 -0.374200039 -2.591000000
v 0.506827713 -0.374200039 -2.614841134
v 0.524978302 -0.348278311 -2.614841134
v 0.564107016 -0.280505391 -2.591000000
v 0.564107016 -0.280505391 -2.614841134
v 0.577480596 -0.251825656 -2.614841134
v 0.604246213 -0.178287728 -2.591000000
v 0.604246213 -0.178287728 -2.614841134
v 0.612436435 -0.147721405 -2.614841134
v 0.626025694 -0.070652883 -2.614841134
v 0.628783702 -0.039128714 -2.614841134
v -0.604246213 -0.178287728 -2.591000000
v -0.564107016 -0.280505391 -2.591000000
v -0.506827713 -0.374200039 -2.591000000
v -0.434148707 -0.456524808 -2.591000000
v -0.348278311 -0.524978302 -2.591000000
v -0.251825656 -0.577480596 -2.591000000
v -0.147721405 -0.612436435 -2.591000000
v -0.039128714 -0.628783702 -2.591000000
v 0.070652883 -0.626025694 -2.591000000
v 0.178287728 -0.604246213 -2.591000000
v 0.280505391 -0.564107016 -2.591000000
v 0.374200039 -0.506827713 -2.591000000
v 0.456524808 -0.434148707 -2.591000000
v 0.524978302 -0.348278311 -2.591000000
v 0.577480596 -0.251825656 -2.591000000
v 0.612436435 -0.147721405 -2.591000000
v 0.615921671 -0.132440534 -2.581000000
v -0.600197654 -0.191475263 -2.581000000
v -0.594844033 -0.207510424 -2.581000000
v -0.589062096 -0.223396167 -2.581000000
v -0.557829972 -0.292789553 -2.581000000
v -0.549773209 -0.307651457 -2.581000000
v -0.541320582 -0.322291837 -2.581000000
v -0.498512909 -0.385207580 -2.581000000
v -0.487997804 -0.398444656 -2.581000000
v -0.477131315 -0.411394832 -2.581000000
v -0.419864281 -0.469695631 -2.581000000
v -0.407110564 -0.480792043 -2.581000000
v -0.445477272 -0.445477272 -2.525000000
v -0.394063708 -0.491542260 -2.581000000
v -0.331923808 -0.535468566 -2.581000000
v -0.317436978 -0.544181739 -2.581000000
v -0.235641117 -0.584271567 -2.581000000
v -0.219879502 -0.590383777 -2.581000000
v -0.130603506 -0.616313819 -2.581000000
v -0.114019971 -0.619596196 -2.581000000
v -0.163055998 -0.608533271 -2.525000000
v -0.021597574 -0.629629689 -2.581000000
v -0.004696001 -0.629982498 -2.581000000
v 0.000000000 -0.630000000 -2.525000000
v 0.091782953 -0.623278340 -2.581000000
v 0.108473290 -0.620591287 -2.581000000
v 0.200401449 -0.597276535 -2.581000000
v 0.163055998 -0.608533271 -2.525000000
v 0.301072882 -0.553403216 -2.581000000
v 0.391125539 -0.493883400 -2.581000000
v 0.469695631 -0.419864281 -2.581000000
v 0.445477272 -0.445477272 -2.525000000
v 0.533479719 -0.335111011 -2.581000000
v 0.582140447 -0.240857841 -2.581000000
v 0.608533271 -0.163055998 -2.525000000
v 0.125085522 -0.617457377 -2.581000000
v 0.216355018 -0.591684465 -2.581000000
v 0.232152802 -0.585666353 -2.581000000
v 0.315813028 -0.545125794 -2.581000000
v 0.330325774 -0.536455854 -2.581000000
v 0.404236269 -0.483211175 -2.581000000
v 0.417055928 -0.472191013 -2.581000000
v 0.480792043 -0.407110564 -2.581000000
v 0.491542260 -0.394063708 -2.581000000
v 0.542279124 -0.320676397 -2.581000000
v 0.550688062 -0.306010879 -2.581000000
v 0.558700477 -0.291125019 -2.581000000
v 0.588393397 -0.225151528 -2.581000000
v 0.594222674 -0.209283095 -2.581000000
v 0.599624081 -0.193263968 -2.581000000
v 0.619253479 -0.115866860 -2.581000000
v 0.622139393 -0.099209755 -2.581000000
v -0.608533271 -0.163055998 -2.525000000
v -0.582856004 -0.239121054 -2.581000000
v -0.532478177 -0.336700151 -2.581000000
v -0.465921269 -0.424048784 -2.581000000
v -0.302721577 -0.552503074 -2.581000000
v -0.203959563 -0.596070882 -2.581000000
v -0.097354336 -0.622432433 -2.581000000
v 0.012208953 -0.629881688 -2.581000000
v 0.009942291 -0.494900142 -2.581000000
v -0.005452481 -0.494969969 -2.581000000
v 0.019869044 -0.562507134 -2.581004101
v 0.037034655 -0.614093882 -2.618789827
v 0.034942366 -0.599416476 -2.622734777
v 0.032851830 -0.584751368 -2.626675987
v 0.030415079 -0.567657559 -2.631269313
v 0.027980758 -0.550580806 -2.635857359
v 0.025548942 -0.533521617 -2.640439923
v 0.023119664 -0.516480237 -2.645016866
v 0.020692902 -0.499456504 -2.649588149
v 0.051290888 -0.628547312 -2.624569733
v 0.046090159 -0.607960308 -2.630412033
v 0.043953412 -0.593002704 -2.634432163
v 0.041833896 -0.578167019 -2.638419064
v 0.039383001 -0.561013222 -2.643028304
v 0.036955912 -0.544028104 -2.647591501
v 0.034552892 -0.527214116 -2.652107953
v 0.032174000 -0.510571952 -2.656577420
v 0.029819145 -0.494101021 -2.661000000
v 0.184350792 -0.630894749 -2.617726064
v 0.115902490 -0.483665242 -2.660371073
v 0.140145235 -0.474746578 -2.661000000
v 0.122458834 -0.501913928 -2.655230142
v 0.142672382 -0.496546421 -2.655230142
v 0.129938431 -0.522355085 -2.649460284
v 0.146318950 -0.518005401 -2.649460284
v 0.137604297 -0.542738684 -2.643690425
v 0.152669159 -0.549931053 -2.640805496
v 0.142921821 -0.563712056 -2.637920567
v 0.155887931 -0.571486530 -2.635035638
v 0.153573782 -0.594487323 -2.629265780
v 0.167138792 -0.602052255 -2.626380851
v 0.153342494 -0.533381608 -2.645003638
v 0.291103813 -0.589297861 -2.617726064
v 0.198129266 -0.456191037 -2.660371069
v 0.220454992 -0.443198146 -2.661000000
v 0.207754848 -0.473023974 -2.655230142
v 0.226729249 -0.464227966 -2.655230142
v 0.218670383 -0.491855766 -2.649460284
v 0.234046731 -0.484727716 -2.649460284
v 0.229759361 -0.510598528 -2.643690425
v 0.245844297 -0.515065643 -2.640805496
v 0.238638088 -0.530329889 -2.637920567
v 0.252757237 -0.535734710 -2.635035638
v 0.254472291 -0.558787917 -2.629265780
v 0.269144855 -0.563882382 -2.626380851
v 0.243633621 -0.498650698 -2.645003638
v 0.389011792 -0.529795455 -2.617726064
v 0.274335979 -0.414855684 -2.660371069
v 0.294066335 -0.398183363 -2.661000000
v 0.286738337 -0.429761426 -2.655230142
v 0.303897063 -0.417804179 -2.655230142
v 0.300758146 -0.446411658 -2.649460284
v 0.314663119 -0.436721824 -2.649460284
v 0.314933304 -0.462944095 -2.643690425
v 0.331549580 -0.464550225 -2.640805496
v 0.327103458 -0.480833917 -2.637920567
v 0.341946643 -0.483704863 -2.635035638
v 0.347638789 -0.506110024 -2.629265780
v 0.362973088 -0.508579228 -2.626380851
v 0.326522063 -0.448768539 -2.645003638
v 0.475099844 -0.454195483 -2.617726064
v 0.342207133 -0.360915151 -2.660371069
v 0.358742622 -0.341069980 -2.661000000
v 0.357009425 -0.373440795 -2.655230142
v 0.371831118 -0.358685624 -2.655230142
v 0.373707525 -0.387403558 -2.649460284
v 0.385718629 -0.375446361 -2.649460284
v 0.390538158 -0.401223339 -2.643690425
v 0.407180897 -0.399919682 -2.640805496
v 0.405629955 -0.416728050 -2.637920567
v 0.420746173 -0.416977887 -2.635035638
v 0.430242458 -0.438054233 -2.629265780
v 0.445772567 -0.437823151 -2.626380851
v 0.399489299 -0.385250775 -2.645003638
v 0.546752228 -0.364795011 -2.617726064
v 0.399680496 -0.296008394 -2.660371069
v 0.412518696 -0.273593358 -2.661000000
v 0.416432963 -0.305773354 -2.655230142
v 0.428467273 -0.288668587 -2.655230142
v 0.435301990 -0.316624397 -2.649460284
v 0.445054272 -0.302763150 -2.649460284
v 0.454276708 -0.327311616 -2.643690425
v 0.470440228 -0.323137783 -2.640805496
v 0.471831591 -0.339960112 -2.637920567
v 0.486761544 -0.337581250 -2.635035638
v 0.499773427 -0.356688386 -2.629265780
v 0.515027472 -0.353764040 -2.626380851
v 0.460318254 -0.310027362 -2.645003638
v 0.601791822 -0.264310427 -2.617726064
v 0.445009769 -0.222107572 -2.660371069
v 0.453760598 -0.197803740 -2.661000000
v 0.463203397 -0.228815144 -2.655230142
v 0.472084666 -0.209880501 -2.655230142
v 0.483670024 -0.236224763 -2.649460284
v 0.490867167 -0.220880635 -2.649460284
v 0.504212289 -0.243454694 -2.643690425
v 0.519405471 -0.236537506 -2.640805496
v 0.523696863 -0.252862658 -2.637920567
v 0.537986911 -0.247927377 -2.635035638
v 0.554119034 -0.264484743 -2.629265780
v 0.568633529 -0.258955987 -2.626380851
v 0.507160671 -0.225383924 -2.645003638
v 0.638546276 -0.155794905 -2.617726064
v 0.476817646 -0.141458123 -2.660371069
v 0.481215214 -0.116003956 -2.661000000
v 0.495899629 -0.144904502 -2.655230142
v 0.501358006 -0.124715303 -2.655230142
v 0.517341989 -0.148647560 -2.649460284
v 0.521765312 -0.132286772 -2.649460284
v 0.538827636 -0.152200525 -2.643690425
v 0.552588842 -0.142750156 -2.640805496
v 0.559649871 -0.158082100 -2.637920567
v 0.572865818 -0.150740357 -2.635035638
v 0.591628014 -0.164244865 -2.629265780
v 0.604961943 -0.156279688 -2.626380851
v 0.538593269 -0.133892309 -2.645003638
v 0.655898824 -0.042545633 -2.617726064
v 0.494137660 -0.056510541 -2.660371069
v 0.494048349 -0.030679450 -2.661000000
v 0.513528202 -0.056591010 -2.655230142
v 0.515397836 -0.035760693 -2.655230142
v 0.535294780 -0.056553776 -2.649460284
v 0.536809881 -0.039673443 -2.649460284
v 0.557070977 -0.056321820 -2.643690425
v 0.568982080 -0.044625415 -2.640805496
v 0.578598200 -0.058498298 -2.637920567
v 0.590338487 -0.048973167 -2.635035638
v 0.611160677 -0.059014490 -2.629265780
v 0.622908895 -0.048854909 -2.626380851
v 0.553660982 -0.038332444 -2.645003638
v 0.617008400 0.056779039 -2.627769231
v 0.496443551 0.030154085 -2.660371069
v 0.491870075 0.055577235 -2.661000000
v 0.514687563 0.033385802 -2.655461538
v 0.512914630 0.054189318 -2.655461538
v 0.535251597 0.037138239 -2.649923077
v 0.533817082 0.053970770 -2.649923077
v 0.555971013 0.038575849 -2.644384615
v 0.554480969 0.056059961 -2.644384615
v 0.576504607 0.042607120 -2.638846154
v 0.575144856 0.058149153 -2.638846154
v 0.597012765 0.046823869 -2.633307692
v 0.597775079 0.163058822 -2.627769231
v 0.483665256 0.115902495 -2.660371069
v 0.474746578 0.140145235 -2.661000000
v 0.501070919 0.122253154 -2.655461538
v 0.495712427 0.142432751 -2.655461538
v 0.520670935 0.129519490 -2.649923077
v 0.516335275 0.145847196 -2.649923077
v 0.540825939 0.134533148 -2.644384615
v 0.536322447 0.151492894 -2.644384615
v 0.560347558 0.142068796 -2.638846154
v 0.556309619 0.157138592 -2.638846154
v 0.579811920 0.149782688 -2.633307692
v 0.560378666 0.264384145 -2.627769231
v 0.456191037 0.198129266 -2.660371069
v 0.443198146 0.220454992 -2.661000000
v 0.472229488 0.207405906 -2.655461538
v 0.463448254 0.226348438 -2.655461538
v 0.490269950 0.217965357 -2.649923077
v 0.483164882 0.233292129 -2.649923077
v 0.509248141 0.226402726 -2.644384615
v 0.501868039 0.242322792 -2.644384615
v 0.527164632 0.237213785 -2.638846154
v 0.520571195 0.251353456 -2.638846154
v 0.544993783 0.248190436 -2.633307692
v 0.505955429 0.357676290 -2.627769231
v 0.414855684 0.274335979 -2.660371069
v 0.398183363 0.294066335 -2.661000000
v 0.429039604 0.286256734 -2.655461538
v 0.417102440 0.303386641 -2.655461538
v 0.444972361 0.299788457 -2.649923077
v 0.435313769 0.313648599 -2.649923077
v 0.462197097 0.311393172 -2.644384615
v 0.452164624 0.325789835 -2.644384615
v 0.477964075 0.325151152 -2.638846154
v 0.469015480 0.337931071 -2.638846154
v 0.493616286 0.339057042 -2.633307692
v 0.436158994 0.440100622 -2.627769231
v 0.360915151 0.342207133 -2.660371069
v 0.341069980 0.358742622 -2.661000000
v 0.372813568 0.356409797 -2.655461538
v 0.358083179 0.371206595 -2.655461538
v 0.386154511 0.372502636 -2.649923077
v 0.374235867 0.384475015 -2.649923077
v 0.401102428 0.386922093 -2.644384615
v 0.388722416 0.399357918 -2.644384615
v 0.414240822 0.403208966 -2.638846154
v 0.403208966 0.414240822 -2.638846154
v 0.427240508 0.419621573 -2.633307692
v 0.353110088 0.509152719 -2.627769231
v 0.296008394 0.399680496 -2.660371069
v 0.273593358 0.412518696 -2.661000000
v 0.305259780 0.415733528 -2.655461538
v 0.288183743 0.427747624 -2.655461538
v 0.315603553 0.433898511 -2.649923077
v 0.301786997 0.443619351 -2.649923077
v 0.327820464 0.450694583 -2.644384615
v 0.313469075 0.460791713 -2.644384615
v 0.337931071 0.469015480 -2.638846154
v 0.325151152 0.477964075 -2.638846154
v 0.347883243 0.487436114 -2.633307692
v 0.259332110 0.562734468 -2.627769231
v 0.222107572 0.445009769 -2.660371069
v 0.197803740 0.453760598 -2.661000000
v 0.228430829 0.462425406 -2.655461538
v 0.209527989 0.471291758 -2.655461538
v 0.235463140 0.482110600 -2.649923077
v 0.220168483 0.489284539 -2.649923077
v 0.244577842 0.500772946 -2.644384615
v 0.228691134 0.508224586 -2.644384615
v 0.251353456 0.520571195 -2.638846154
v 0.237213785 0.527164632 -2.638846154
v 0.257955722 0.540440155 -2.633307692
v 0.157674458 0.599217815 -2.627769231
v 0.141458123 0.476817646 -2.660371069
v 0.116003956 0.481215214 -2.661000000
v 0.144661122 0.495066722 -2.655461538
v 0.124505833 0.500515931 -2.655461538
v 0.148168298 0.515674002 -2.649923077
v 0.131860260 0.520083063 -2.649923077
v 0.153903846 0.535635576 -2.644384615
v 0.136964528 0.540215311 -2.644384615
v 0.157138592 0.556309619 -2.638846154
v 0.142068796 0.560347558 -2.638846154
v 0.160190347 0.577023196 -2.633307692
v 0.051225947 0.617494233 -2.627769231
v 0.056510541 0.494137660 -2.660371069
v 0.030679450 0.494048349 -2.661000000
v 0.056495961 0.512665686 -2.655461538
v 0.035700630 0.514532180 -2.655461538
v 0.056371438 0.533568910 -2.649923077
v 0.039545530 0.535079127 -2.649923077
v 0.058553559 0.554223190 -2.644384615
v 0.041076325 0.555791867 -2.644384615
v 0.058149153 0.575144856 -2.638846154
v 0.042607120 0.576504607 -2.638846154
v 0.057557669 0.596073679 -2.633307692
v -0.056779039 0.617008400 -2.627769231
v -0.030154085 0.496443551 -2.660371069
v -0.055577235 0.491870075 -2.661000000
v -0.033385802 0.514687563 -2.655461538
v -0.054189318 0.512914630 -2.655461538
v -0.037138239 0.535251597 -2.649923077
v -0.053970770 0.533817082 -2.649923077
v -0.038575849 0.555971013 -2.644384615
v -0.056059961 0.554480969 -2.644384615
v -0.042607120 0.576504607 -2.638846154
v -0.058149153 0.575144856 -2.638846154
v -0.046823869 0.597012765 -2.633307692
v -0.163058822 0.597775079 -2.627769231
v -0.115902495 0.483665256 -2.660371069
v -0.140145235 0.474746578 -2.661000000
v -0.122253154 0.501070919 -2.655461538
v -0.142432751 0.495712427 -2.655461538
v -0.129519490 0.520670935 -2.649923077
v -0.145847196 0.516335275 -2.649923077
v -0.134533148 0.540825939 -2.644384615
v -0.151492894 0.536322447 -2.644384615
v -0.142068796 0.560347558 -2.638846154
v -0.157138592 0.556309619 -2.638846154
v -0.149782688 0.579811920 -2.633307692
v -0.264384145 0.560378666 -2.627769231
v -0.198129266 0.456191037 -2.660371069
v -0.220454992 0.443198146 -2.661000000
v -0.207405906 0.472229488 -2.655461538
v -0.226348438 0.463448254 -2.655461538
v -0.217965357 0.490269950 -2.649923077
v -0.233292129 0.483164882 -2.649923077
v -0.226402726 0.509248141 -2.644384615
v -0.242322792 0.501868039 -2.644384615
v -0.237213785 0.527164632 -2.638846154
v -0.251353456 0.520571195 -2.638846154
v -0.248190436 0.544993783 -2.633307692
v -0.357676290 0.505955429 -2.627769231
v -0.274335979 0.414855684 -2.660371069
v -0.294066335 0.398183363 -2.661000000
v -0.286256734 0.429039604 -2.655461538
v -0.303386641 0.417102440 -2.655461538
v -0.299788457 0.444972361 -2.649923077
v -0.313648599 0.435313769 -2.649923077
v -0.311393172 0.462197097 -2.644384615
v -0.325789835 0.452164624 -2.644384615
v -0.325151152 0.477964075 -2.638846154
v -0.337931071 0.469015480 -2.638846154
v -0.339057042 0.493616286 -2.633307692
v -0.440100622 0.436158994 -2.627769231
v -0.342207133 0.360915151 -2.660371069
v -0.358742622 0.341069980 -2.661000000
v -0.356409797 0.372813568 -2.655461538
v -0.371206595 0.358083179 -2.655461538
v -0.372502636 0.386154511 -2.649923077
v -0.384475015 0.374235867 -2.649923077
v -0.386922093 0.401102428 -2.644384615
v -0.399357918 0.388722416 -2.644384615
v -0.403208966 0.414240822 -2.638846154
v -0.414240822 0.403208966 -2.638846154
v -0.419621573 0.427240508 -2.633307692
v -0.509152719 0.353110088 -2.627769231
v -0.399680496 0.296008394 -2.660371069
v -0.412518696 0.273593358 -2.661000000
v -0.415733528 0.305259780 -2.655461538
v -0.427747624 0.288183743 -2.655461538
v -0.433898511 0.315603553 -2.649923077
v -0.443619351 0.301786997 -2.649923077
v -0.450694583 0.327820464 -2.644384615
v -0.460791713 0.313469075 -2.644384615
v -0.469015480 0.337931071 -2.638846154
v -0.477964075 0.325151152 -2.638846154
v -0.487436114 0.347883243 -2.633307692
v -0.562734468 0.259332110 -2.627769231
v -0.445009769 0.222107572 -2.660371069
v -0.453760598 0.197803740 -2.661000000
v -0.462425406 0.228430829 -2.655461538
v -0.471291758 0.209527989 -2.655461538
v -0.482110600 0.235463140 -2.649923077
v -0.489284539 0.220168483 -2.649923077
v -0.500772946 0.244577842 -2.644384615
v -0.508224586 0.228691134 -2.644384615
v -0.520571195 0.251353456 -2.638846154
v -0.527164632 0.237213785 -2.638846154
v -0.540440155 0.257955722 -2.633307692
v -0.599217815 0.157674458 -2.627769231
v -0.476817646 0.141458123 -2.660371069
v -0.481215214 0.116003956 -2.661000000
v -0.495066722 0.144661122 -2.655461538
v -0.500515931 0.124505833 -2.655461538
v -0.515674002 0.148168298 -2.649923077
v -0.520083063 0.131860260 -2.649923077
v -0.535635576 0.153903846 -2.644384615
v -0.540215311 0.136964528 -2.644384615
v -0.556309619 0.157138592 -2.638846154
v -0.560347558 0.142068796 -2.638846154
v -0.577023196 0.160190347 -2.633307692
v -0.617494233 0.051225947 -2.627769231
v -0.494137660 0.056510541 -2.660371069
v -0.494048349 0.030679450 -2.661000000
v -0.512665686 0.056495961 -2.655461538
v -0.514532180 0.035700630 -2.655461538
v -0.533568910 0.056371438 -2.649923077
v -0.535079127 0.039545530 -2.649923077
v -0.554223190 0.058553559 -2.644384615
v -0.555791867 0.041076325 -2.644384615
v -0.575144856 0.058149153 -2.638846154
v -0.576504607 0.042607120 -2.638846154
v -0.596073679 0.057557669 -2.633307692
v -0.653322219 -0.071996366 -2.617726064
v -0.496443551 -0.030154085 -2.660371069
v -0.491870075 -0.055577235 -2.661000000
v -0.515553481 -0.033441971 -2.655230142
v -0.513777564 -0.054280487 -2.655230142
v -0.536982909 -0.037258366 -2.649460284
v -0.535543754 -0.054145343 -2.649460284
v -0.558387999 -0.041268195 -2.643690425
v -0.568087086 -0.054855247 -2.640805496
v -0.579966116 -0.042862946 -2.637920567
v -0.589874020 -0.054282048 -2.635035638
v -0.612123532 -0.048009010 -2.629265780
v -0.621929075 -0.060054301 -2.626380851
v -0.551905987 -0.058392132 -2.645003638
v -0.630894749 -0.184350792 -2.617726064
v -0.483665256 -0.115902495 -2.660371069
v -0.474746578 -0.140145235 -2.661000000
v -0.501913928 -0.122458834 -2.655230142
v -0.496546421 -0.142672382 -2.655230142
v -0.522355085 -0.129938431 -2.649460284
v -0.518005401 -0.146318950 -2.649460284
v -0.542738684 -0.137604297 -2.643690425
v -0.549931053 -0.152669159 -2.640805496
v -0.563712056 -0.142921821 -2.637920567
v -0.571486530 -0.155887931 -2.635035638
v -0.594487323 -0.153573782 -2.629265780
v -0.602052255 -0.167138792 -2.626380851
v -0.533381608 -0.153342494 -2.645003638
v -0.589297861 -0.291103813 -2.617726064
v -0.456191037 -0.198129266 -2.660371069
v -0.443198146 -0.220454992 -2.661000000
v -0.473023974 -0.207754848 -2.655230142
v -0.464227966 -0.226729249 -2.655230142
v -0.491855766 -0.218670383 -2.649460284
v -0.484727716 -0.234046731 -2.649460284
v -0.510598528 -0.229759361 -2.643690425
v -0.515065643 -0.245844297 -2.640805496
v -0.530329889 -0.238638088 -2.637920567
v -0.535734710 -0.252757237 -2.635035638
v -0.558787917 -0.254472291 -2.629265780
v -0.563882382 -0.269144855 -2.626380851
v -0.498650698 -0.243633621 -2.645003638
v -0.529795455 -0.389011792 -2.617726064
v -0.414855684 -0.274335979 -2.660371069
v -0.398183363 -0.294066335 -2.661000000
v -0.429761426 -0.286738337 -2.655230142
v -0.417804179 -0.303897063 -2.655230142
v -0.446411658 -0.300758146 -2.649460284
v -0.436721824 -0.314663119 -2.649460284
v -0.462944095 -0.314933304 -2.643690425
v -0.464550225 -0.331549580 -2.640805496
v -0.480833917 -0.327103458 -2.637920567
v -0.483704863 -0.341946643 -2.635035638
v -0.506110024 -0.347638789 -2.629265780
v -0.508579228 -0.362973088 -2.626380851
v -0.448768539 -0.326522063 -2.645003638
v -0.454195483 -0.475099844 -2.617726064
v -0.360915151 -0.342207133 -2.660371069
v -0.341069980 -0.358742622 -2.661000000
v -0.373440795 -0.357009425 -2.655230142
v -0.358685624 -0.371831118 -2.655230142
v -0.387403558 -0.373707525 -2.649460284
v -0.375446361 -0.385718629 -2.649460284
v -0.401223339 -0.390538158 -2.643690425
v -0.399919682 -0.407180897 -2.640805496
v -0.416728050 -0.405629955 -2.637920567
v -0.416977887 -0.420746173 -2.635035638
v -0.438054233 -0.430242458 -2.629265780
v -0.437823151 -0.445772567 -2.626380851
v -0.385250775 -0.399489299 -2.645003638
v -0.364795011 -0.546752228 -2.617726064
v -0.296008394 -0.399680496 -2.660371069
v -0.273593358 -0.412518696 -2.661000000
v -0.305773354 -0.416432963 -2.655230142
v -0.288668587 -0.428467273 -2.655230142
v -0.316624397 -0.435301990 -2.649460284
v -0.302763150 -0.445054272 -2.649460284
v -0.327311616 -0.454276708 -2.643690425
v -0.323137783 -0.470440228 -2.640805496
v -0.339960112 -0.471831591 -2.637920567
v -0.337581250 -0.486761544 -2.635035638
v -0.356688386 -0.499773427 -2.629265780
v -0.353764040 -0.515027472 -2.626380851
v -0.310027362 -0.460318254 -2.645003638
v -0.264310427 -0.601791822 -2.617726064
v -0.222107572 -0.445009769 -2.660371069
v -0.197803740 -0.453760598 -2.661000000
v -0.228815144 -0.463203397 -2.655230142
v -0.209880501 -0.472084666 -2.655230142
v -0.236224763 -0.483670024 -2.649460284
v -0.220880635 -0.490867167 -2.649460284
v -0.243454694 -0.504212289 -2.643690425
v -0.236537506 -0.519405471 -2.640805496
v -0.252862658 -0.523696863 -2.637920567
v -0.247927377 -0.537986911 -2.635035638
v -0.264484743 -0.554119034 -2.629265780
v -0.258955987 -0.568633529 -2.626380851
v -0.225383924 -0.507160671 -2.645003638
v -0.155794905 -0.638546276 -2.617726064
v -0.141458123 -0.476817646 -2.660371069
v -0.116003956 -0.481215214 -2.661000000
v -0.144904502 -0.495899629 -2.655230142
v -0.124715303 -0.501358006 -2.655230142
v -0.148647560 -0.517341989 -2.649460284
v -0.132286772 -0.521765312 -2.649460284
v -0.152200525 -0.538827636 -2.643690425
v -0.142750156 -0.552588842 -2.640805496
v -0.158082100 -0.559649871 -2.637920567
v -0.150740357 -0.572865818 -2.635035638
v -0.164244865 -0.591628014 -2.629265780
v -0.156279688 -0.604961943 -2.626380851
v -0.133892309 -0.538593269 -2.645003638
v -0.042545633 -0.655898824 -2.617726064
v -0.056510541 -0.494137660 -2.660371069
v -0.030679450 -0.494048349 -2.661000000
v -0.056591010 -0.513528202 -2.655230142
v -0.035760693 -0.515397836 -2.655230142
v -0.056553776 -0.535294780 -2.649460284
v -0.039673443 -0.536809881 -2.649460284
v -0.056321820 -0.557070977 -2.643690425
v -0.044625415 -0.568982080 -2.640805496
v -0.058498298 -0.578598200 -2.637920567
v -0.048973167 -0.590338487 -2.635035638
v -0.059014490 -0.611160677 -2.629265780
v -0.048854909 -0.622908895 -2.626380851
v -0.038332444 -0.553660982 -2.645003638
v 0.055577235 -0.491870075 -2.661000000
v 0.054280487 -0.513777564 -2.655230142
v 0.054145343 -0.535543754 -2.649460284
v 0.056321820 -0.557070977 -2.643690425
v 0.058498298 -0.578598200 -2.637920567
v 0.062133923 -0.643465871 -2.620610993
v 0.059768799 -0.594095680 -2.633774768
v 0.060428821 -0.614306717 -2.628394207
v 0.151379218 -0.476412983 -2.649588148
v 0.154921268 -0.493240065 -2.645016864
v 0.158466990 -0.510084588 -2.640439920
v 0.164046306 -0.536590035 -2.633236275
v 0.167601427 -0.553479211 -2.628645189
v 0.171160042 -0.570384986 -2.624048929
v 0.174213046 -0.584888776 -2.620105226
v 0.150367872 -0.471608421 -2.591000000
v 0.178608515 -0.461653548 -2.581000000
v 0.164166044 -0.466984486 -2.581000000
v 0.241339896 -0.557853193 -2.620762769
v 0.234356753 -0.544782039 -2.624705849
v 0.225054962 -0.527370807 -2.629957464
v 0.216924512 -0.512152107 -2.634547039
v 0.205324022 -0.490438133 -2.641094117
v 0.194898341 -0.470923187 -2.646976682
v 0.495000000 0.000000000 -1.530000000
v 0.492460315 -0.050078319 -1.530000000
v 0.494875607 -0.011094965 -2.581066112
v 0.066189503 -0.490554737 -2.591000000
v 0.229977389 -0.438332523 -2.591000000
v 0.302599160 -0.391738112 -2.591000000
v 0.366026608 -0.333240937 -2.591000000
v 0.418332523 -0.264618405 -2.591000000
v 0.457927616 -0.187955577 -2.591000000
v 0.483608810 -0.105581813 -2.591000000
v 0.489107958 -0.076147262 -2.581000000
v 0.484867321 -0.099642767 -1.530000000
v -0.490554737 -0.066189503 -2.591000000
v -0.471608421 -0.150367872 -2.591000000
v -0.438332523 -0.229977389 -2.591000000
v -0.391738112 -0.302599160 -2.591000000
v -0.333240937 -0.366026608 -2.591000000
v -0.264618405 -0.418332523 -2.591000000
v -0.187955577 -0.457927616 -2.591000000
v -0.105581813 -0.483608810 -2.591000000
v -0.020000000 -0.494595795 -2.591000000
v 0.472298932 -0.148184746 -1.530000000
v 0.478133284 -0.128115427 -1.655666667
v 0.464152646 -0.172009655 -2.581000000
v 0.454884117 -0.195206148 -1.530000000
v 0.434396452 -0.237328194 -2.581148150
v 0.432801575 -0.240224471 -1.530000000
v 0.428682575 -0.247500000 -1.781333333
v 0.105581813 -0.483608810 -2.591000000
v 0.264618405 -0.418332523 -2.591000000
v 0.333240937 -0.366026608 -2.591000000
v 0.391738112 -0.302599160 -2.591000000
v 0.471608421 -0.150367872 -2.591000000
v 0.406277903 -0.282777766 -1.530000000
v 0.375585271 -0.322429379 -1.530000000
v -0.494595795 -0.020000000 -2.591000000
v -0.483608810 -0.105581813 -2.591000000
v -0.457927616 -0.187955577 -2.591000000
v -0.418332523 -0.264618405 -2.591000000
v -0.366026608 -0.333240937 -2.591000000
v -0.302599160 -0.391738112 -2.591000000
v -0.229977389 -0.438332523 -2.591000000
v -0.150367872 -0.471608421 -2.591000000
v -0.066189503 -0.490554737 -2.591000000
v 0.341038625 -0.358772430 -1.530000000
v 0.350017857 -0.350017857 -1.655666667
v 0.322337406 -0.375664207 -2.581000000
v 0.302992461 -0.391433990 -1.530000000
v 0.261837185 -0.420078907 -1.530000000
v 0.247500000 -0.428682575 -2.032666667
v 0.217995105 -0.444413247 -1.530000000
v 0.171916100 -0.464187305 -1.530000000
v 0.124073003 -0.479198174 -1.530000000
v 0.074956750 -0.489291821 -1.530000000
v 0.025071339 -0.494364671 -1.530000000
v 0.000000000 -0.495000000 -2.409666667
v -0.025071339 -0.494364671 -1.530000000
v -0.074956750 -0.489291821 -1.530000000
v -0.124073003 -0.479198174 -1.530000000
v -0.171916100 -0.464187305 -1.530000000
v -0.217995105 -0.444413247 -1.530000000
v -0.247500000 -0.428682575 -2.032666667
v -0.261837185 -0.420078907 -1.530000000
v -0.302992461 -0.391433990 -1.530000000
v -0.322337406 -0.375664207 -2.581000000
v -0.341038625 -0.358772430 -1.530000000
v -0.350017857 -0.350017857 -1.655666667
v -0.375585271 -0.322429379 -1.530000000
v -0.406277903 -0.282777766 -1.530000000
v -0.428682575 -0.247500000 -1.781333333
v -0.432801575 -0.240224471 -1.530000000
v -0.454884117 -0.195206148 -1.530000000
v -0.464152646 -0.172009655 -2.581000000
v -0.472298932 -0.148184746 -1.530000000
v -0.484867321 -0.099642767 -1.530000000
v -0.478133284 -0.128115427 -1.655666667
v -0.492460315 -0.050078319 -1.530000000
v -0.495000000 0.000000000 -1.530000000
v 0.128115427 -0.478133284 -2.409666667
v 0.350017857 -0.350017857 -2.409666667
v 0.478133284 -0.128115427 -2.409666667
v -0.478133284 -0.128115427 -2.158333333
v -0.350017857 -0.350017857 -1.907000000
v -0.128115427 -0.478133284 -2.409666667
v 0.486503450 -0.091320278 -2.581000000
v 0.426582577 -0.251102181 -2.581000000
v 0.384296226 -0.311995850 -2.581000000
v 0.374408199 -0.323795461 -2.581000000
v 0.254411463 -0.424617248 -2.581000000
v 0.241084052 -0.432323351 -2.581000000
v 0.093840922 -0.486023540 -2.581000000
v 0.078681610 -0.488706665 -2.581000000
v -0.078048219 -0.488808220 -2.581000000
v -0.093210995 -0.486144742 -2.581000000
v -0.161743148 -0.467829193 -2.581000000
v -0.176213059 -0.462573192 -2.581000000
v -0.240523593 -0.432635414 -2.581000000
v -0.253860978 -0.424946589 -2.581000000
v -0.373988271 -0.324280392 -2.581000000
v -0.383891581 -0.312493606 -2.581000000
v -0.424617248 -0.254411463 -2.581000000
v -0.432323351 -0.241084052 -2.581000000
v -0.486023540 -0.093840922 -2.581000000
v -0.488706665 -0.078681610 -2.581000000
v -0.495000000 0.000000000 -2.581000000
v -0.478133284 -0.128115427 -2.409666667
v -0.350017857 -0.350017857 -2.409666667
v 0.000000000 -0.495000000 -1.655666667
v 0.350017857 -0.350017857 -1.907000000
v 0.478133284 -0.128115427 -2.158333333
v 0.000000000 -0.495000000 -2.284000000
v -0.350017857 -0.350017857 -2.158333333
v 0.000000000 -0.495000000 -2.158333333
v 0.350017857 -0.350017857 -2.158333333
v -0.247500000 -0.428682575 -1.655666667
v 0.000000000 -0.495000000 -2.032666667
v 0.247500000 -0.428682575 -1.655666667
v -0.247500000 -0.428682575 -1.907000000
v 0.000000000 -0.495000000 -1.907000000
v 0.247500000 -0.428682575 -1.907000000
v -0.478133284 -0.128115427 -1.781333333
v -0.428682575 -0.247500000 -1.655666667
v -0.247500000 -0.428682575 -1.781333333
v 0.000000000 -0.495000000 -1.781333333
v 0.247500000 -0.428682575 -1.781333333
v 0.428682575 -0.247500000 -1.655666667
v 0.478133284 -0.128115427 -1.781333333
v 0.066351181 -0.495461921 -2.649588149
v 0.066917427 -0.512648424 -2.645016867
v 0.067484260 -0.529852743 -2.640439925
v 0.068051685 -0.547075040 -2.635857363
v 0.068619695 -0.564315069 -2.631269318
v 0.069188272 -0.581572321 -2.626675992
v 0.069757404 -0.598846414 -2.622077549
v 0.140803207 -0.591286371 -2.620762773
v 0.136195933 -0.577201182 -2.624705854
v 0.130058885 -0.558439223 -2.629957470
v 0.124694654 -0.542039891 -2.634547045
v 0.117040995 -0.518641402 -2.641094122
v 0.110162441 -0.497612539 -2.646976684
v 0.231807674 -0.442888474 -2.649588148
v 0.238217904 -0.458844844 -2.645016864
v 0.244634779 -0.474817753 -2.640439920
v 0.254731956 -0.499951684 -2.633236275
v 0.261165841 -0.515966936 -2.628645189
v 0.267606050 -0.531997927 -2.624048929
v 0.273131228 -0.545751223 -2.620105226
v 0.334543591 -0.507469916 -2.620762769
v 0.325396755 -0.495809953 -2.624705849
v 0.313212851 -0.480278476 -2.629957464
v 0.302563221 -0.466702819 -2.634547039
v 0.287368376 -0.447333134 -2.641094117
v 0.273712350 -0.429925063 -2.646976682
v 0.305192771 -0.395907023 -2.649588148
v 0.314276410 -0.410507855 -2.645016864
v 0.323369465 -0.425123821 -2.640439920
v 0.337677704 -0.448122555 -2.633236275
v 0.346794863 -0.462777266 -2.628645189
v 0.355920983 -0.477446380 -2.624048929
v 0.363750457 -0.490031296 -2.620105226
v 0.417582348 -0.441667423 -2.620762769
v 0.406549742 -0.431772932 -2.624705849
v 0.391853926 -0.418593126 -2.629957464
v 0.379008700 -0.407073003 -2.634547039
v 0.360681189 -0.390636144 -2.641094117
v 0.344209749 -0.375863885 -2.646976682
v 0.369304740 -0.336896137 -2.649588148
v 0.380785786 -0.349697792 -2.645016864
v 0.392278733 -0.362512717 -2.640439920
v 0.410363286 -0.382677449 -2.633236275
v 0.421886699 -0.395526344 -2.628645189
v 0.433421437 -0.408387867 -2.624048929
v 0.443317311 -0.419422015 -2.620105226
v 0.418347078 -0.376601990 -2.581000000
v 0.487933077 -0.362445088 -2.620762769
v 0.475349921 -0.354616709 -2.624705849
v 0.458588718 -0.344189035 -2.629957464
v 0.443938192 -0.335074479 -2.634547039
v 0.423034885 -0.322069872 -2.641094117
v 0.404248508 -0.310382272 -2.646976682
v 0.422195571 -0.267648832 -2.649588148
v 0.435725179 -0.278262339 -2.645016864
v 0.449268810 -0.288886847 -2.640439920
v 0.470580187 -0.305604881 -2.633236275
v 0.484159721 -0.316257553 -2.628645189
v 0.497752601 -0.326920695 -2.624048929
v 0.509414194 -0.336068809 -2.620105226
v 0.477387695 -0.298235352 -2.581000000
v 0.543458206 -0.272210044 -2.620762769
v 0.529706833 -0.266685637 -2.624705849
v 0.511389524 -0.259326935 -2.629957464
v 0.495378846 -0.252894887 -2.634547039
v 0.472534881 -0.243717670 -2.641094117
v 0.452004381 -0.235469851 -2.646976682
v 0.462258204 -0.190269154 -2.649588148
v 0.477425283 -0.198372026 -2.645016864
v 0.492608082 -0.206483297 -2.640439920
v 0.516498748 -0.219246665 -2.633236275
v 0.531721795 -0.227379437 -2.628645189
v 0.546959803 -0.235520203 -2.624048929
v 0.560032784 -0.242504322 -2.620105226
v 0.535320429 -0.173998202 -2.581000000
v 0.582470633 -0.173704034 -2.620762769
v 0.567968871 -0.170651457 -2.624705849
v 0.548652018 -0.166585317 -2.629957464
v 0.531767664 -0.163031212 -2.634547039
v 0.507677144 -0.157960230 -2.641094117
v 0.486026329 -0.153402798 -2.646976682
v 0.488275355 -0.107108243 -2.649588148
v 0.504619061 -0.112454279 -2.645016864
v 0.520979706 -0.117805856 -2.640439920
v 0.546723755 -0.126226749 -2.633236275
v 0.563127771 -0.131592512 -2.628645189
v 0.579547909 -0.136963549 -2.624048929
v 0.593635061 -0.141571465 -2.620105226
v 0.550600192 -0.116973352 -2.581000000
v 0.557411610 -0.078111150 -2.581004101
v 0.603784984 -0.069920116 -2.620762769
v 0.588973462 -0.069432118 -2.624705849
v 0.569243997 -0.068782089 -2.629957464
v 0.551998991 -0.068213915 -2.634547039
v 0.527393893 -0.067403248 -2.641094117
v 0.505280613 -0.066674679 -2.646976682
v 0.499456506 -0.020692903 -2.649588148
v 0.516480244 -0.023119665 -2.645016864
v 0.533521626 -0.025548943 -2.640439920
v 0.560336837 -0.029371497 -2.633236275
v 0.577423395 -0.031807215 -2.628645189
v 0.594526744 -0.034245326 -2.624048929
v 0.609200038 -0.036337029 -2.620105226
v 0.629820785 0.015025919 -2.581000000
v 0.494900142 0.009942291 -2.581000000
v -0.629797685 0.015964844 -2.581000000
v 0.629259469 0.030536473 -2.581102795
v -0.629217842 0.031382400 -2.581261605
v -0.625403736 0.075961564 -2.582159818
v 0.625372884 0.076215176 -2.582029717
v 0.623278340 0.091782953 -2.581000000
v 0.620591287 0.108473290 -2.581000000
v 0.617457377 0.125085522 -2.581000000
v -0.626025694 0.070652883 -2.614841134
v -0.628783702 0.039128714 -2.614841134
v 0.628783702 0.039128714 -2.614841134
v 0.626025694 0.070652883 -2.614841134
v 0.612436435 0.147721405 -2.591000000
v 0.612436435 0.147721405 -2.614841134
v 0.604246213 0.178287728 -2.614841134
v 0.604246213 0.178287728 -2.591000000
v 0.577480596 0.251825656 -2.591000000
v 0.577480596 0.251825656 -2.614841134
v 0.564107016 0.280505391 -2.614841134
v 0.564107016 0.280505391 -2.591000000
v 0.524978302 0.348278311 -2.591000000
v 0.524978302 0.348278311 -2.614841134
v 0.506827713 0.374200039 -2.614841134
v 0.506827713 0.374200039 -2.591000000
v 0.456524808 0.434148707 -2.591000000
v 0.456524808 0.434148707 -2.614841134
v 0.434148707 0.456524808 -2.614841134
v 0.434148707 0.456524808 -2.591000000
v 0.374200039 0.506827713 -2.591000000
v 0.374200039 0.506827713 -2.614841134
v 0.348278311 0.524978302 -2.614841134
v 0.348278311 0.524978302 -2.591000000
v 0.280505391 0.564107016 -2.591000000
v 0.280505391 0.564107016 -2.614841134
v 0.251825656 0.577480596 -2.614841134
v 0.251825656 0.577480596 -2.591000000
v 0.178287728 0.604246213 -2.591000000
v 0.178287728 0.604246213 -2.614841134
v 0.147721405 0.612436435 -2.614841134
v 0.147721405 0.612436435 -2.591000000
v 0.070652883 0.626025694 -2.591000000
v 0.070652883 0.626025694 -2.614841134
v 0.039128714 0.628783702 -2.614841134
v 0.039128714 0.628783702 -2.591000000
v -0.039128714 0.628783702 -2.591000000
v -0.039128714 0.628783702 -2.614841134
v -0.070652883 0.626025694 -2.614841134
v -0.070652883 0.626025694 -2.591000000
v -0.147721405 0.612436435 -2.591000000
v -0.147721405 0.612436435 -2.614841134
v -0.178287728 0.604246213 -2.614841134
v -0.178287728 0.604246213 -2.591000000
v -0.251825656 0.577480596 -2.591000000
v -0.251825656 0.577480596 -2.614841134
v -0.280505391 0.564107016 -2.614841134
v -0.280505391 0.564107016 -2.591000000
v -0.348278311 0.524978302 -2.591000000
v -0.348278311 0.524978302 -2.614841134
v -0.374200039 0.506827713 -2.614841134
v -0.374200039 0.506827713 -2.591000000
v -0.434148707 0.456524808 -2.591000000
v -0.434148707 0.456524808 -2.614841134
v -0.456524808 0.434148707 -2.614841134
v -0.456524808 0.434148707 -2.591000000
v -0.506827713 0.374200039 -2.591000000
v -0.506827713 0.374200039 -2.614841134
v -0.524978302 0.348278311 -2.614841134
v -0.524978302 0.348278311 -2.591000000
v -0.564107016 0.280505391 -2.591000000
v -0.564107016 0.280505391 -2.614841134
v -0.577480596 0.251825656 -2.614841134
v -0.577480596 0.251825656 -2.591000000
v -0.604246213 0.178287728 -2.591000000
v -0.604246213 0.178287728 -2.614841134
v -0.612436435 0.147721405 -2.614841134
v -0.612436435 0.147721405 -2.591000000
v -0.615921671 0.132440534 -2.581000000
v 0.445477272 0.445477272 -2.525000000
v 0.163055998 0.608533271 -2.525000000
v -0.163055998 0.608533271 -2.525000000
v -0.445477272 0.445477272 -2.525000000
v 0.608533271 0.163055998 -2.525000000
v -0.608533271 0.163055998 -2.525000000
v 0.595460105 0.205735908 -2.581000000
v -0.584971560 0.233897999 -2.581000000
v -0.536455854 0.330325774 -2.581000000
v 0.600765891 0.189684856 -2.581000000
v 0.499659233 0.383719496 -2.581000000
v 0.136111041 0.615120951 -2.581000000
v 0.557829972 0.292789553 -2.581000000
v 0.424048784 0.465921269 -2.581000000
v 0.336700151 0.532478177 -2.581000000
v 0.239121054 0.582856004 -2.581000000
v 0.025351796 0.629489703 -2.581000000
v -0.084343095 0.624328633 -2.581000000
v -0.191475263 0.600197654 -2.581000000
v -0.292789553 0.557829972 -2.581000000
v -0.385207580 0.498512909 -2.581000000
v -0.465921269 0.424048784 -2.581000000
v 0.584271567 0.235641117 -2.581000000
v 0.489183642 0.396987865 -2.581000000
v 0.411394832 0.477131315 -2.581000000
v 0.322291837 0.541320582 -2.581000000
v 0.119557530 0.618551531 -2.581000000
v 0.008452627 0.629943294 -2.581000000
v 0.535468566 0.331923808 -2.581000000
v 0.472191013 0.417055928 -2.581000000
v -0.307651457 0.549773209 -2.581000000
v 0.395527545 0.490365131 -2.581000000
v -0.211053906 0.593596032 -2.581000000
v 0.306010879 0.550688062 -2.581000000
v -0.108473290 0.620591287 -2.581000000
v 0.209283095 0.594222674 -2.581000000
v 0.000000000 0.630000000 -2.525000000
v 0.549773209 0.307651457 -2.581000000
v 0.291125019 0.558700477 -2.581000000
v 0.193263968 0.599624081 -2.581000000
v 0.102917931 0.621536724 -2.581000000
v 0.086204225 0.624074380 -2.581000000
v -0.008452627 0.629943294 -2.581000000
v -0.025351796 0.629489703 -2.581000000
v -0.125085522 0.617457377 -2.581000000
v -0.226904888 0.587719467 -2.581000000
v -0.322291837 0.541320582 -2.581000000
v -0.336700151 0.532478177 -2.581000000
v -0.398444656 0.487997804 -2.581000000
v -0.411394832 0.477131315 -2.581000000
v -0.424048784 0.465921269 -2.581000000
v -0.477131315 0.411394832 -2.581000000
v -0.487997804 0.398444656 -2.581000000
v -0.498512909 0.385207580 -2.581000000
v -0.545125794 0.315813028 -2.581000000
v -0.553403216 0.301072882 -2.581000000
v -0.591036748 0.218118230 -2.581000000
v -0.596676361 0.202181404 -2.581000000
v -0.619253479 0.115866860 -2.581000000
v -0.622139393 0.099209755 -2.581000000
v -0.561901950 -0.019493513 -2.581000000
v -0.606753634 -0.035988290 -2.620762769
v -0.592082392 -0.033896880 -2.624705849
v -0.572539786 -0.031111048 -2.629957464
v -0.555458108 -0.028676026 -2.634547039
v -0.531086046 -0.025201747 -2.641094117
v -0.509182202 -0.022079317 -2.646976682
v -0.492460315 0.050078319 -1.530000000
v -0.484867321 0.099642767 -1.530000000
v 0.490554737 0.066189503 -2.591000000
v 0.471608421 0.150367872 -2.591000000
v 0.438332523 0.229977389 -2.591000000
v 0.391738112 0.302599160 -2.591000000
v 0.333240937 0.366026608 -2.591000000
v 0.264618405 0.418332523 -2.591000000
v 0.187955577 0.457927616 -2.591000000
v 0.105581813 0.483608810 -2.591000000
v 0.020000000 0.494595795 -2.591000000
v -0.066189503 0.490554737 -2.591000000
v -0.150367872 0.471608421 -2.591000000
v -0.229977389 0.438332523 -2.591000000
v -0.302599160 0.391738112 -2.591000000
v -0.366026608 0.333240937 -2.591000000
v -0.418332523 0.264618405 -2.591000000
v -0.457927616 0.187955577 -2.591000000
v -0.483608810 0.105581813 -2.591000000
v -0.494595795 0.020000000 -2.591000000
v -0.472298932 0.148184746 -1.530000000
v -0.478133284 0.128115427 -1.655666667
v -0.478133284 0.128115427 -1.781333333
v -0.454884117 0.195206148 -1.530000000
v -0.432801575 0.240224471 -1.530000000
v -0.428682575 0.247500000 -1.655666667
v -0.406277903 0.282777766 -1.530000000
v -0.375585271 0.322429379 -1.530000000
v -0.428682575 0.247500000 -1.781333333
v 0.483608810 0.105581813 -2.591000000
v 0.457927616 0.187955577 -2.591000000
v 0.418332523 0.264618405 -2.591000000
v 0.366026608 0.333240937 -2.591000000
v 0.302599160 0.391738112 -2.591000000
v 0.229977389 0.438332523 -2.591000000
v 0.150367872 0.471608421 -2.591000000
v 0.066189503 0.490554737 -2.591000000
v -0.020000000 0.494595795 -2.591000000
v -0.105581813 0.483608810 -2.591000000
v -0.187955577 0.457927616 -2.591000000
v -0.264618405 0.418332523 -2.591000000
v -0.333240937 0.366026608 -2.591000000
v -0.391738112 0.302599160 -2.591000000
v -0.438332523 0.229977389 -2.591000000
v -0.471608421 0.150367872 -2.591000000
v -0.490554737 0.066189503 -2.591000000
v -0.341038625 0.358772430 -1.530000000
v -0.302992461 0.391433990 -1.530000000
v -0.350017857 0.350017857 -1.655666667
v -0.261837185 0.420078907 -1.530000000
v -0.217995105 0.444413247 -1.530000000
v -0.350017857 0.350017857 -1.781333333
v -0.171916100 0.464187305 -1.530000000
v -0.124073003 0.479198174 -1.530000000
v -0.247500000 0.428682575 -1.781333333
v -0.074956750 0.489291821 -1.530000000
v -0.025071339 0.494364671 -1.530000000
v 0.025071339 0.494364671 -1.530000000
v 0.074956750 0.489291821 -1.530000000
v 0.124073003 0.479198174 -1.530000000
v 0.171916100 0.464187305 -1.530000000
v 0.217995105 0.444413247 -1.530000000
v 0.261837185 0.420078907 -1.530000000
v 0.302992461 0.391433990 -1.530000000
v 0.341038625 0.358772430 -1.530000000
v 0.375585271 0.322429379 -1.530000000
v 0.406277903 0.282777766 -1.530000000
v 0.432801575 0.240224471 -1.530000000
v 0.454884117 0.195206148 -1.530000000
v 0.472298932 0.148184746 -1.530000000
v 0.484867321 0.099642767 -1.530000000
v 0.492460315 0.050078319 -1.530000000
v 0.488808220 0.078048219 -2.581000000
v 0.486144742 0.093210995 -2.581000000
v 0.478133284 0.128115427 -2.409666667
v 0.467829193 0.161743148 -2.581000000
v 0.462573192 0.176213059 -2.581000000
v 0.478133284 0.128115427 -2.158333333
v 0.432635414 0.240523593 -2.581000000
v 0.424946589 0.253860978 -2.581000000
v 0.428682575 0.247500000 -2.409666667
v 0.384296226 0.311995850 -2.581000000
v 0.374408199 0.323795461 -2.581000000
v 0.428682575 0.247500000 -2.284000000
v 0.478133284 0.128115427 -1.907000000
v 0.324280392 0.373988271 -2.581000000
v 0.312493606 0.383891581 -2.581000000
v 0.350017857 0.350017857 -2.409666667
v 0.254411463 0.424617248 -2.581000000
v 0.241084052 0.432323351 -2.581000000
v 0.350017857 0.350017857 -2.284000000
v 0.428682575 0.247500000 -2.032666667
v 0.176812369 0.462344445 -2.581000000
v 0.162349282 0.467619194 -2.581000000
v 0.350017857 0.350017857 -2.158333333
v 0.093840922 0.486023540 -2.581000000
v 0.078681610 0.488706665 -2.581000000
v 0.247500000 0.428682575 -2.284000000
v 0.428682575 0.247500000 -1.907000000
v 0.008018165 0.494935055 -2.581000000
v -0.007376762 0.494945031 -2.581000000
v 0.350017857 0.350017857 -2.032666667
v -0.078048219 0.488808220 -2.581000000
v -0.093210995 0.486144742 -2.581000000
v 0.128115427 0.478133284 -2.284000000
v -0.161743148 0.467829193 -2.581000000
v -0.176213059 0.462573192 -2.581000000
v -0.240523593 0.432635414 -2.581000000
v -0.253860978 0.424946589 -2.581000000
v 0.000000000 0.495000000 -2.284000000
v 0.128115427 0.478133284 -2.158333333
v -0.311995850 0.384296226 -2.581000000
v -0.323795461 0.374408199 -2.581000000
v -0.373988271 0.324280392 -2.581000000
v -0.383891581 0.312493606 -2.581000000
v -0.424617248 0.254411463 -2.581000000
v -0.432323351 0.241084052 -2.581000000
v -0.462344445 0.176812369 -2.581000000
v -0.467619194 0.162349282 -2.581000000
v -0.486023540 0.093840922 -2.581000000
v -0.488706665 0.078681610 -2.581000000
v 0.478133284 0.128115427 -1.781333333
v 0.478133284 0.128115427 -1.655666667
v 0.247500000 0.428682575 -2.032666667
v -0.478133284 0.128115427 -2.158333333
v 0.350017857 0.350017857 -1.907000000
v 0.428682575 0.247500000 -1.781333333
v 0.350017857 0.350017857 -2.095500000
v -0.492732516 0.422996990 -1.530000000
v -0.635509388 -0.064624988 -1.530000000
v -0.625710793 -0.128586837 -1.530000000
v -0.609491559 -0.191229210 -1.530000000
v -0.587018117 -0.251909313 -1.530000000
v -0.558521074 -0.310004486 -1.530000000
v -0.524292849 -0.364918593 -1.530000000
v -0.484684671 -0.416088142 -1.530000000
v -0.440102971 -0.462988063 -1.530000000
v -0.391005220 -0.505137100 -1.530000000
v -0.337895226 -0.542102747 -1.530000000
v -0.281317969 -0.573505686 -1.530000000
v -0.221854010 -0.599023680 -1.530000000
v -0.160113528 -0.618394882 -1.530000000
v -0.096730065 -0.631420514 -1.530000000
v -0.032354020 -0.637966918 -1.530000000
v 0.032354020 -0.637966918 -1.530000000
v 0.096730065 -0.631420514 -1.530000000
v 0.160113528 -0.618394882 -1.530000000
v 0.221854010 -0.599023680 -1.530000000
v 0.281317969 -0.573505686 -1.530000000
v 0.337895226 -0.542102747 -1.530000000
v 0.391005220 -0.505137100 -1.530000000
v 0.440102971 -0.462988063 -1.530000000
v 0.484684671 -0.416088142 -1.530000000
v 0.524292849 -0.364918593 -1.530000000
v 0.558521074 -0.310004486 -1.530000000
v 0.587018117 -0.251909313 -1.530000000
v 0.609491559 -0.191229210 -1.530000000
v 0.625710793 -0.128586837 -1.530000000
v 0.635509388 -0.064624988 -1.530000000
v 0.638786797 -0.199933370 -1.530000000
v 0.587018117 -0.199933370 -1.530000000
v 0.558521074 -0.199933370 -1.530000000
v 0.524292849 -0.199933370 -1.530000000
v 0.484684671 -0.199933370 -1.530000000
v 0.440102971 -0.199933370 -1.530000000
v 0.391005220 -0.199933370 -1.530000000
v 0.337895226 -0.199933370 -1.530000000
v 0.281317969 -0.199933370 -1.530000000
v 0.221854010 -0.199933370 -1.530000000
v 0.160113528 -0.199933370 -1.530000000
v 0.096730065 -0.199933370 -1.530000000
v 0.032354020 -0.199933370 -1.530000000
v -0.032354020 -0.199933370 -1.530000000
v -0.096730065 -0.199933370 -1.530000000
v -0.160113528 -0.199933370 -1.530000000
v -0.221854010 -0.199933370 -1.530000000
v -0.281317969 -0.199933370 -1.530000000
v -0.337895226 -0.199933370 -1.530000000
v -0.391005220 -0.199933370 -1.530000000
v -0.440102971 -0.199933370 -1.530000000
v -0.484684671 -0.199933370 -1.530000000
v -0.524292849 -0.199933370 -1.530000000
v -0.558521074 -0.199933370 -1.530000000
v -0.587018117 -0.199933370 -1.530000000
v -0.625710793 -0.199933370 -1.530000000
v -0.649393398 -0.199933370 -1.534393398
v 0.660000000 -0.004360888 -1.545014409
v 0.660000000 -0.020356569 -1.545313857
v 0.660000000 -0.036361297 -1.546000867
v 0.639984745 -0.190368287 -1.552697954
v 0.629400583 -0.200447014 -1.545548386
v 0.623928271 -0.215482068 -1.545090196
v 0.618455958 -0.230517124 -1.545019647
v 0.612983637 -0.245552204 -1.545336970
v 0.607511297 -0.260587332 -1.546041406
v 0.536279154 -0.397775348 -1.552697954
v 0.522886167 -0.403626258 -1.545548386
v 0.512601584 -0.415882946 -1.545090196
v 0.502317001 -0.428139635 -1.545019647
v 0.492032400 -0.440396345 -1.545336970
v 0.481747766 -0.452653094 -1.546041406
v 0.367890382 -0.557204833 -1.552697954
v 0.353303962 -0.558122218 -1.545548386
v 0.339447581 -0.566122203 -1.545090196
v 0.325591199 -0.574122189 -1.545019647
v 0.311734795 -0.582122188 -1.545336970
v 0.297878345 -0.590122213 -1.546041406
v 0.155128600 -0.649427191 -1.552697954
v 0.141108085 -0.645300401 -1.545548386
v 0.125351190 -0.648078767 -1.545090196
v 0.109594294 -0.650857133 -1.545019647
v 0.093837372 -0.653635503 -1.545336970
v -0.076343980 -0.663319045 -1.552697954
v -0.088107509 -0.654645833 -1.545548386
v -0.103864404 -0.651867467 -1.545090196
v -0.119621300 -0.649089101 -1.545019647
v -0.135378222 -0.646310731 -1.545336970
v -0.298608349 -0.597204833 -1.552697954
v -0.306696038 -0.585031315 -1.545548386
v -0.320552419 -0.577031330 -1.545090196
v -0.334408801 -0.569031344 -1.545019647
v -0.348265205 -0.561031345 -1.545336970
v -0.484856145 -0.459058904 -1.552697954
v -0.488292498 -0.444853387 -1.545548386
v -0.498577081 -0.432596699 -1.545090196
v -0.508861664 -0.420340009 -1.545019647
v -0.519146265 -0.408083300 -1.545336970
v -0.611988643 -0.248285928 -1.545436283
v -0.617460954 -0.233250875 -1.545048512
v -0.622933268 -0.218215817 -1.545048510
v -0.628405592 -0.203180730 -1.545436281
v -0.633877935 -0.188145590 -1.546211010
v -0.649393398 0.203253122 -1.534393398
v -0.596765136 0.203253122 -1.534393398
v -0.567794920 0.203253122 -1.534393398
v -0.532998360 0.203253122 -1.534393398
v -0.492732516 0.203253122 -1.534393398
v -0.397497584 0.203253122 -1.534393398
v -0.343505736 0.203253122 -1.534393398
v -0.285989055 0.203253122 -1.534393398
v -0.225537738 0.203253122 -1.534393398
v -0.162772100 0.203253122 -1.534393398
v -0.098336199 0.203253122 -1.534393398
v -0.032891236 0.203253122 -1.534393398
v 0.032891236 0.203253122 -1.534393398
v 0.098336199 0.203253122 -1.534393398
v 0.162772100 0.203253122 -1.534393398
v 0.225537738 0.203253122 -1.534393398
v 0.285989055 0.203253122 -1.534393398
v 0.343505736 0.203253122 -1.534393398
v 0.397497584 0.203253122 -1.534393398
v 0.492732516 0.203253122 -1.534393398
v 0.532998360 0.203253122 -1.534393398
v 0.567794920 0.203253122 -1.534393398
v 0.596765136 0.203253122 -1.534393398
v 0.646061571 0.203253122 -1.534393398
v 0.561861536 0.019777013 -2.581004101
v 0.614093882 0.037034655 -2.618789827
v 0.599416476 0.034942366 -2.622734777
v 0.584751368 0.032851830 -2.626675987
v 0.567657559 0.030415079 -2.631269313
v 0.548142692 0.027633201 -2.636512351
v 0.531086046 0.025201747 -2.641094117
v 0.506750241 0.021732637 -2.647629723
v 0.495461924 0.066351181 -2.649588148
v 0.512648436 0.066917427 -2.645016864
v 0.529852761 0.067484261 -2.640439920
v 0.547075062 0.068051686 -2.635857357
v 0.593566905 0.064722527 -2.632400902
v 0.564315091 0.068619696 -2.631269312
v 0.603784982 0.069920115 -2.620762770
v 0.598333415 0.143108299 -2.618789827
v 0.584242315 0.138499092 -2.622734777
v 0.570163020 0.133893746 -2.626675987
v 0.553752042 0.128525706 -2.631269313
v 0.535016718 0.122397370 -2.636512351
v 0.518641418 0.117041000 -2.641094117
v 0.495277734 0.109398725 -2.647629723
v 0.476412983 0.151379218 -2.649588148
v 0.493240065 0.154921268 -2.645016864
v 0.510084588 0.158466990 -2.640439920
v 0.526946711 0.162016416 -2.635857357
v 0.573310341 0.166811058 -2.632400902
v 0.543826192 0.165569496 -2.631269312
v 0.582470631 0.173704034 -2.620762770
v 0.564392891 0.244833669 -2.618789827
v 0.551316246 0.237847593 -2.622734777
v 0.538250558 0.230867369 -2.626675987
v 0.523021050 0.222731145 -2.631269313
v 0.505634532 0.213442557 -2.636512351
v 0.490438133 0.205324022 -2.641094117
v 0.468756463 0.193740789 -2.647629723
v 0.442888474 0.231807674 -2.649588148
v 0.458844844 0.238217904 -2.645016864
v 0.474817753 0.244634779 -2.640439920
v 0.490807351 0.251058358 -2.635857357
v 0.535634033 0.263831119 -2.632400902
v 0.506813409 0.257488550 -2.631269312
v 0.543458205 0.272210043 -2.620762770
v 0.513303574 0.339119893 -2.618789827
v 0.501638713 0.329969215 -2.622734777
v 0.489983624 0.320826203 -2.626675987
v 0.476398328 0.310169010 -2.631269313
v 0.460888896 0.298002400 -2.636512351
v 0.447333134 0.287368376 -2.641094117
v 0.427992264 0.272196136 -2.647629723
v 0.395907023 0.305192771 -2.649588148
v 0.410507855 0.314276410 -2.645016864
v 0.425123821 0.323369465 -2.640439920
v 0.439755058 0.332472020 -2.635857357
v 0.481682755 0.352834805 -2.632400902
v 0.454401357 0.341583945 -2.631269312
v 0.487933075 0.362445087 -2.620762770
v 0.446617788 0.423102130 -2.618789827
v 0.436719141 0.412064889 -2.622734777
v 0.426828787 0.401036896 -2.626675987
v 0.415300483 0.388182547 -2.631269313
v 0.402139384 0.373507591 -2.636512351
v 0.390636144 0.360681189 -2.641094117
v 0.374223737 0.342380942 -2.647629723
v 0.336896137 0.369304740 -2.649588148
v 0.349697792 0.380785786 -2.645016864
v 0.362512717 0.392278733 -2.640439920
v 0.375341030 0.403783687 -2.635857357
v 0.413095791 0.431117784 -2.632400902
v 0.388182550 0.415300485 -2.631269312
v 0.417582347 0.441667422 -2.620762770
v 0.376601990 0.418347078 -2.581000000
v 0.366361747 0.494228623 -2.618789827
v 0.358530079 0.481640181 -2.622734777
v 0.350704972 0.469062285 -2.626675987
v 0.341583944 0.454401354 -2.631269313
v 0.331171071 0.437663943 -2.636512351
v 0.322069872 0.423034885 -2.641094117
v 0.309084610 0.402162676 -2.647629723
v 0.267648832 0.422195571 -2.649588148
v 0.278262339 0.435725179 -2.645016864
v 0.288886847 0.449268810 -2.640439920
v 0.299522455 0.462826592 -2.635857357
v 0.331957120 0.496301468 -2.632400902
v 0.310169012 0.476398330 -2.631269312
v 0.334543590 0.507469914 -2.620762770
v 0.298235352 0.477387695 -2.581000000
v 0.274973989 0.550338229 -2.618789827
v 0.269447261 0.536581079 -2.622734777
v 0.263925165 0.522835454 -2.626675987
v 0.257488549 0.506813406 -2.631269313
v 0.250140292 0.488522097 -2.636512351
v 0.243717670 0.472534881 -2.641094117
v 0.234554105 0.449724901 -2.647629723
v 0.190269154 0.462258204 -2.649588148
v 0.198372026 0.477425283 -2.645016864
v 0.206483297 0.492608082 -2.640439920
v 0.214603042 0.507806744 -2.635857357
v 0.240732100 0.546405282 -2.632400902
v 0.222731146 0.523021053 -2.631269312
v 0.241339895 0.557853191 -2.620762770
v 0.173998202 0.535320429 -2.581000000
v 0.175231285 0.589726087 -2.618789827
v 0.172177426 0.575218232 -2.622734777
v 0.169126124 0.560722533 -2.626675987
v 0.165569495 0.543826189 -2.631269313
v 0.161509127 0.524536755 -2.636512351
v 0.157960230 0.507677144 -2.641094117
v 0.152896792 0.483622462 -2.647629723
v 0.107108243 0.488275355 -2.649588148
v 0.112454279 0.504619061 -2.645016864
v 0.117805856 0.520979706 -2.640439920
v 0.123163024 0.537357446 -2.635857357
v 0.142192557 0.579906849 -2.632400902
v 0.128525707 0.553752045 -2.631269312
v 0.140803210 0.591286380 -2.620762770
v 0.116973352 0.550600192 -2.581000000
v 0.078111150 0.557411610 -2.581004101
v 0.070164268 0.611195416 -2.618789827
v 0.069676066 0.596377671 -2.622734777
v 0.069188273 0.581572341 -2.626675987
v 0.068619696 0.564315088 -2.631269313
v 0.067970589 0.544613628 -2.636512351
v 0.067403248 0.527393893 -2.641094117
v 0.066593787 0.502825399 -2.647629723
v 0.020692903 0.499456506 -2.649588148
v 0.023119665 0.516480244 -2.645016864
v 0.025548943 0.533521626 -2.640439920
v 0.027980759 0.550580814 -2.635857357
v 0.039332565 0.595788239 -2.632400902
v 0.030415079 0.567657562 -2.631269312
v 0.035988290 0.606753632 -2.620762770
v -0.037034655 0.614093882 -2.618789827
v -0.034942366 0.599416476 -2.622734777
v -0.032851830 0.584751368 -2.626675987
v -0.030415079 0.567657559 -2.631269313
v -0.027633201 0.548142692 -2.636512351
v -0.025201747 0.531086046 -2.641094117
v -0.021732637 0.506750241 -2.647629723
v -0.066351181 0.495461924 -2.649588148
v -0.066917427 0.512648436 -2.645016864
v -0.067484261 0.529852761 -2.640439920
v -0.068051686 0.547075062 -2.635857357
v -0.064722527 0.593566905 -2.632400902
v -0.068619696 0.564315091 -2.631269312
v -0.069920115 0.603784982 -2.620762770
v -0.143108299 0.598333415 -2.618789827
v -0.138499092 0.584242315 -2.622734777
v -0.133893746 0.570163020 -2.626675987
v -0.128525706 0.553752042 -2.631269313
v -0.122397370 0.535016718 -2.636512351
v -0.117041000 0.518641418 -2.641094117
v -0.109398725 0.495277734 -2.647629723
v -0.151379218 0.476412983 -2.649588148
v -0.154921268 0.493240065 -2.645016864
v -0.158466990 0.510084588 -2.640439920
v -0.162016416 0.526946711 -2.635857357
v -0.166811058 0.573310341 -2.632400902
v -0.165569496 0.543826192 -2.631269312
v -0.173704034 0.582470631 -2.620762770
v -0.244833669 0.564392891 -2.618789827
v -0.237847593 0.551316246 -2.622734777
v -0.230867369 0.538250558 -2.626675987
v -0.222731145 0.523021050 -2.631269313
v -0.213442557 0.505634532 -2.636512351
v -0.205324022 0.490438133 -2.641094117
v -0.193740789 0.468756463 -2.647629723
v -0.231807674 0.442888474 -2.649588148
v -0.238217904 0.458844844 -2.645016864
v -0.244634779 0.474817753 -2.640439920
v -0.251058358 0.490807351 -2.635857357
v -0.263831119 0.535634033 -2.632400902
v -0.257488550 0.506813409 -2.631269312
v -0.272210043 0.543458205 -2.620762770
v -0.339119893 0.513303574 -2.618789827
v -0.329969215 0.501638713 -2.622734777
v -0.320826203 0.489983624 -2.626675987
v -0.310169010 0.476398328 -2.631269313
v -0.298002400 0.460888896 -2.636512351
v -0.287368376 0.447333134 -2.641094117
v -0.272196136 0.427992264 -2.647629723
v -0.305192771 0.395907023 -2.649588148
v -0.314276410 0.410507855 -2.645016864
v -0.323369465 0.425123821 -2.640439920
v -0.332472020 0.439755058 -2.635857357
v -0.352834805 0.481682755 -2.632400902
v -0.341583945 0.454401357 -2.631269312
v -0.362445087 0.487933075 -2.620762770
v -0.423102130 0.446617788 -2.618789827
v -0.412064889 0.436719141 -2.622734777
v -0.401036896 0.426828787 -2.626675987
v -0.388182547 0.415300483 -2.631269313
v -0.373507591 0.402139384 -2.636512351
v -0.360681189 0.390636144 -2.641094117
v -0.342380942 0.374223737 -2.647629723
v -0.369304740 0.336896137 -2.649588148
v -0.380785786 0.349697792 -2.645016864
v -0.392278733 0.362512717 -2.640439920
v -0.403783687 0.375341030 -2.635857357
v -0.431117784 0.413095791 -2.632400902
v -0.415300485 0.388182550 -2.631269312
v -0.441667422 0.417582347 -2.620762770
v -0.418347078 0.376601990 -2.581000000
v -0.494228623 0.366361747 -2.618789827
v -0.481640181 0.358530079 -2.622734777
v -0.469062285 0.350704972 -2.626675987
v -0.454401354 0.341583944 -2.631269313
v -0.437663943 0.331171071 -2.636512351
v -0.423034885 0.322069872 -2.641094117
v -0.402162676 0.309084610 -2.647629723
v -0.422195571 0.267648832 -2.649588148
v -0.435725179 0.278262339 -2.645016864
v -0.449268810 0.288886847 -2.640439920
v -0.462826592 0.299522455 -2.635857357
v -0.496301468 0.331957120 -2.632400902
v -0.476398330 0.310169012 -2.631269312
v -0.507469914 0.334543590 -2.620762770
v -0.477387695 0.298235352 -2.581000000
v -0.550338229 0.274973989 -2.618789827
v -0.536581079 0.269447261 -2.622734777
v -0.522835454 0.263925165 -2.626675987
v -0.506813406 0.257488549 -2.631269313
v -0.488522097 0.250140292 -2.636512351
v -0.472534881 0.243717670 -2.641094117
v -0.449724901 0.234554105 -2.647629723
v -0.462258204 0.190269154 -2.649588148
v -0.477425283 0.198372026 -2.645016864
v -0.492608082 0.206483297 -2.640439920
v -0.507806744 0.214603042 -2.635857357
v -0.546405282 0.240732100 -2.632400902
v -0.523021053 0.222731146 -2.631269312
v -0.557853191 0.241339895 -2.620762770
v -0.535320429 0.173998202 -2.581000000
v -0.589726087 0.175231285 -2.618789827
v -0.575218232 0.172177426 -2.622734777
v -0.560722533 0.169126124 -2.626675987
v -0.543826189 0.165569495 -2.631269313
v -0.524536755 0.161509127 -2.636512351
v -0.507677144 0.157960230 -2.641094117
v -0.483622462 0.152896792 -2.647629723
v -0.488275355 0.107108243 -2.649588148
v -0.504619061 0.112454279 -2.645016864
v -0.520979706 0.117805856 -2.640439920
v -0.537357446 0.123163024 -2.635857357
v -0.579906849 0.142192557 -2.632400902
v -0.553752045 0.128525707 -2.631269312
v -0.591286380 0.140803210 -2.620762770
v -0.550600192 0.116973352 -2.581000000
v -0.557411610 0.078111150 -2.581004101
v -0.611195416 0.070164268 -2.618789827
v -0.596377671 0.069676066 -2.622734777
v -0.581572341 0.069188273 -2.626675987
v -0.564315088 0.068619696 -2.631269313
v -0.544613628 0.067970589 -2.636512351
v -0.527393893 0.067403248 -2.641094117
v -0.502825399 0.066593787 -2.647629723
v -0.499456506 0.020692903 -2.649588148
v -0.516480244 0.023119665 -2.645016864
v -0.533521626 0.025548943 -2.640439920
v -0.550580814 0.027980759 -2.635857357
v -0.595788239 0.039332565 -2.632400902
v -0.567657562 0.030415079 -2.631269312
v -0.606753632 0.035988290 -2.620762770
v -0.562892636 0.012543850 -2.583878152
v -0.495461924 -0.066351181 -2.649588148
v -0.512648436 -0.066917427 -2.645016864
v -0.529852761 -0.067484261 -2.640439920
v -0.556924369 -0.068376193 -2.633236275
v -0.574174301 -0.068944528 -2.628645189
v -0.591441186 -0.069513423 -2.624048929
v -0.606254779 -0.070001488 -2.620105226
v -0.591286382 -0.140803210 -2.620762769
v -0.577201199 -0.136195939 -2.624705849
v -0.558439244 -0.130058892 -2.629957464
v -0.542039912 -0.124694661 -2.634547039
v -0.518641418 -0.117041000 -2.641094117
v -0.497612547 -0.110162444 -2.646976682
v -0.476412983 -0.151379218 -2.649588148
v -0.493240065 -0.154921268 -2.645016864
v -0.510084588 -0.158466990 -2.640439920
v -0.536590035 -0.164046306 -2.633236275
v -0.553479211 -0.167601427 -2.628645189
v -0.570384986 -0.171160042 -2.624048929
v -0.584888776 -0.174213046 -2.620105226
v -0.557853193 -0.241339896 -2.620762769
v -0.544782039 -0.234356753 -2.624705849
v -0.527370807 -0.225054962 -2.629957464
v -0.512152107 -0.216924512 -2.634547039
v -0.490438133 -0.205324022 -2.641094117
v -0.470923187 -0.194898341 -2.646976682
v -0.442888474 -0.231807674 -2.649588148
v -0.458844844 -0.238217904 -2.645016864
v -0.474817753 -0.244634779 -2.640439920
v -0.499951684 -0.254731956 -2.633236275
v -0.515966936 -0.261165841 -2.628645189
v -0.531997927 -0.267606050 -2.624048929
v -0.545751223 -0.273131228 -2.620105226
v -0.507469916 -0.334543591 -2.620762769
v -0.495809953 -0.325396755 -2.624705849
v -0.480278476 -0.313212851 -2.629957464
v -0.466702819 -0.302563221 -2.634547039
v -0.447333134 -0.287368376 -2.641094117
v -0.429925063 -0.273712350 -2.646976682
v -0.395907023 -0.305192771 -2.649588148
v -0.410507855 -0.314276410 -2.645016864
v -0.425123821 -0.323369465 -2.640439920
v -0.448122555 -0.337677704 -2.633236275
v -0.462777266 -0.346794863 -2.628645189
v -0.477446380 -0.355920983 -2.624048929
v -0.490031296 -0.363750457 -2.620105226
v -0.441667423 -0.417582348 -2.620762769
v -0.431772932 -0.406549742 -2.624705849
v -0.418593126 -0.391853926 -2.629957464
v -0.407073003 -0.379008700 -2.634547039
v -0.390636144 -0.360681189 -2.641094117
v -0.375863885 -0.344209749 -2.646976682
v -0.336896137 -0.369304740 -2.649588148
v -0.349697792 -0.380785786 -2.645016864
v -0.362512717 -0.392278733 -2.640439920
v -0.382677449 -0.410363286 -2.633236275
v -0.395526344 -0.421886699 -2.628645189
v -0.408387867 -0.433421437 -2.624048929
v -0.419422015 -0.443317311 -2.620105226
v -0.376601990 -0.418347078 -2.581000000
v -0.362445088 -0.487933077 -2.620762769
v -0.354616709 -0.475349921 -2.624705849
v -0.344189035 -0.458588718 -2.629957464
v -0.335074479 -0.443938192 -2.634547039
v -0.322069872 -0.423034885 -2.641094117
v -0.310382272 -0.404248508 -2.646976682
v -0.267648832 -0.422195571 -2.649588148
v -0.278262339 -0.435725179 -2.645016864
v -0.288886847 -0.449268810 -2.640439920
v -0.305604881 -0.470580187 -2.633236275
v -0.316257553 -0.484159721 -2.628645189
v -0.326920695 -0.497752601 -2.624048929
v -0.336068809 -0.509414194 -2.620105226
v -0.298235352 -0.477387695 -2.581000000
v -0.272210044 -0.543458206 -2.620762769
v -0.266685637 -0.529706833 -2.624705849
v -0.259326935 -0.511389524 -2.629957464
v -0.252894887 -0.495378846 -2.634547039
v -0.243717670 -0.472534881 -2.641094117
v -0.235469851 -0.452004381 -2.646976682
v -0.190269154 -0.462258204 -2.649588148
v -0.198372026 -0.477425283 -2.645016864
v -0.206483297 -0.492608082 -2.640439920
v -0.219246665 -0.516498748 -2.633236275
v -0.227379437 -0.531721795 -2.628645189
v -0.235520203 -0.546959803 -2.624048929
v -0.242504322 -0.560032784 -2.620105226
v -0.173998202 -0.535320429 -2.581000000
v -0.173704034 -0.582470633 -2.620762769
v -0.170651457 -0.567968871 -2.624705849
v -0.166585317 -0.548652018 -2.629957464
v -0.163031212 -0.531767664 -2.634547039
v -0.157960230 -0.507677144 -2.641094117
v -0.153402798 -0.486026329 -2.646976682
v -0.107108243 -0.488275355 -2.649588148
v -0.112454279 -0.504619061 -2.645016864
v -0.117805856 -0.520979706 -2.640439920
v -0.126226749 -0.546723755 -2.633236275
v -0.131592512 -0.563127771 -2.628645189
v -0.136963549 -0.579547909 -2.624048929
v -0.141571465 -0.593635061 -2.620105226
v -0.116973352 -0.550600192 -2.581000000
v -0.078111150 -0.557411610 -2.581004101
v -0.069920116 -0.603784984 -2.620762769
v -0.069432118 -0.588973462 -2.624705849
v -0.068782089 -0.569243997 -2.629957464
v -0.068213915 -0.551998991 -2.634547039
v -0.067403248 -0.527393893 -2.641094117
v -0.066674679 -0.505280613 -2.646976682
v -0.020692903 -0.499456506 -2.649588148
v -0.023119665 -0.516480244 -2.645016864
v -0.025548943 -0.533521626 -2.640439920
v -0.029371497 -0.560336837 -2.633236275
v -0.031807215 -0.577423395 -2.628645189
v -0.034245326 -0.594526744 -2.624048929
v -0.036337029 -0.609200038 -2.620105226
f 1 2 10
f 1 10 9
f 2 3 11
f 2 11 10
f 3 4 12
f 3 12 11
f 4 5 13
f 4 13 12
f 5 6 14
f 5 14 13
f 6 7 15
f 6 15 14
f 7 8 16
f 7 16 15
f 17 18 26
f 17 26 25
f 18 19 27
f 18 27 26
f 19 20 28
f 19 28 27
f 20 21 29
f 20 29 28
f 21 22 30
f 21 30 29
f 22 23 31
f 22 31 30
f 23 24 32
f 23 32 31
f 33 34 42
f 33 42 41
f 34 35 43
f 34 43 42
f 35 36 44
f 35 44 43
f 36 37 45
f 36 45 44
f 37 38 46
f 37 46 45
f 38 39 47
f 38 47 46
f 39 40 48
f 39 48 47
f 49 50 58
f 49 58 57
f 50 51 59
f 50 59 58
f 51 52 60
f 51 60 59
f 52 53 61
f 52 61 60
f 53 54 62
f 53 62 61
f 54 55 63
f 54 63 62
f 55 56 64
f 55 64 63
f 65 66 74
f 65 74 73
f 66 67 75
f 66 75 74
f 67 68 76
f 67 76 75
f 68 69 77
f 68 77 76
f 69 70 78
f 69 78 77
f 70 71 79
f 70 79 78
f 71 72 80
f 71 80 79
f 81 82 90
f 81 90 89
f 82 83 91
f 82 91 90
f 83 84 92
f 83 92 91
f 84 85 93
f 84 93 92
f 85 86 94
f 85 94 93
f 86 87 95
f 86 95 94
f 87 88 96
f 87 96 95
f 97 98 106
f 97 106 105
f 98 99 107
f 98 107 106
f 99 100 108
f 99 108 107
f 100 101 109
f 100 109 108
f 101 102 110
f 101 110 109
f 102 103 111
f 102 111 110
f 103 104 112
f 103 112 111
f 113 114 122
f 113 122 121
f 114 115 123
f 114 123 122
f 115 116 124
f 115 124 123
f 116 117 125
f 116 125 124
f 117 118 126
f 117 126 125
f 118 119 127
f 118 127 126
f 119 120 128
f 119 128 127
f 129 130 138
f 129 138 137
f 130 131 139
f 130 139 138
f 131 132 140
f 131 140 139
f 132 133 141
f 132 141 140
f 133 134 142
f 133 142 141
f 134 135 143
f 134 143 142
f 135 136 144
f 135 144 143
f 145 146 154
f 145 154 153
f 146 147 155
f 146 155 154
f 147 148 156
f 147 156 155
f 148 149 157
f 148 157 156
f 149 150 158
f 149 158 157
f 150 151 159
f 150 159 158
f 151 152 160
f 151 160 159
f 161 162 170
f 161 170 169
f 162 163 171
f 162 171 170
f 163 164 172
f 163 172 171
f 164 165 173
f 164 173 172
f 165 166 174
f 165 174 173
f 166 167 175
f 166 175 174
f 167 168 176
f 167 176 175
f 177 178 186
f 177 186 185
f 178 179 187
f 178 187 186
f 179 180 188
f 179 188 187
f 180 181 189
f 180 189 188
f 181 182 190
f 181 190 189
f 182 183 191
f 182 191 190
f 183 184 192
f 183 192 191
f 193 194 202
f 193 202 201
f 194 195 203
f 194 203 202
f 195 196 204
f 195 204 203
f 196 197 205
f 196 205 204
f 197 198 206
f 197 206 205
f 198 199 207
f 198 207 206
f 199 200 208
f 199 208 207
f 209 210 218
f 209 218 217
f 210 211 219
f 210 219 218
f 211 212 220
f 211 220 219
f 212 213 221
f 212 221 220
f 213 214 222
f 213 222 221
f 214 215 223
f 214 223 222
f 215 216 224
f 215 224 223
f 225 226 234
f 225 234 233
f 226 227 235
f 226 235 234
f 227 228 236
f 227 236 235
f 228 229 237
f 228 237 236
f 229 230 238
f 229 238 237
f 230 231 239
f 230 239 238
f 231 232 240
f 231 240 239
f 241 242 250
f 241 250 249
f 242 243 251
f 242 251 250
f 243 244 252
f 243 252 251
f 244 245 253
f 244 253 252
f 245 246 254
f 245 254 253
f 246 247 255
f 246 255 254
f 247 248 256
f 247 256 255
f 257 258 266
f 257 266 265
f 258 259 267
f 258 267 266
f 259 260 268
f 259 268 267
f 260 261 269
f 260 269 268
f 261 262 270
f 261 270 269
f 262 263 271
f 262 271 270
f 263 264 272
f 263 272 271
f 273 274 282
f 273 282 281
f 274 275 283
f 274 283 282
f 275 276 284
f 275 284 283
f 276 277 285
f 276 285 284
f 277 278 286
f 277 286 285
f 278 279 287
f 278 287 286
f 279 280 288
f 279 288 287
f 290 16 289
f 290 16 8
f 290 8 292
f 290 292 291
f 289 15 16
f 289 14 15
f 289 13 14
f 289 12 13
f 289 11 12
f 289 10 11
f 289 9 10
f 10 9 11
f 11 9 12
f 12 9 13
f 13 9 14
f 14 9 15
f 15 9 16
f 16 9 289
f 32 30 31
f 32 29 30
f 32 28 29
f 32 27 28
f 32 26 27
f 32 25 26
f 26 27 25
f 27 28 25
f 28 29 25
f 29 30 25
f 30 31 25
f 31 32 25
f 48 46 47
f 48 45 46
f 48 44 45
f 48 43 44
f 48 42 43
f 48 41 42
f 42 43 41
f 43 44 41
f 44 45 41
f 45 46 41
f 46 47 41
f 47 48 41
f 64 62 63
f 64 61 62
f 64 60 61
f 64 59 60
f 64 58 59
f 64 57 58
f 58 59 57
f 59 60 57
f 60 61 57
f 61 62 57
f 62 63 57
f 63 64 57
f 73 74 75
f 73 75 76
f 73 76 77
f 73 77 78
f 73 78 79
f 73 79 80
f 73 80 296
f 73 296 74
f 74 296 75
f 75 296 76
f 76 296 77
f 77 296 78
f 78 296 79
f 79 296 80
f 89 90 91
f 89 91 92
f 89 92 93
f 89 93 94
f 89 94 95
f 89 95 96
f 89 96 297
f 89 297 90
f 90 297 91
f 91 297 92
f 92 297 93
f 93 297 94
f 94 297 95
f 95 297 96
f 105 106 107
f 105 107 108
f 105 108 109
f 105 109 110
f 105 110 111
f 105 111 112
f 105 112 298
f 105 298 106
f 106 298 107
f 107 298 108
f 108 298 109
f 109 298 110
f 110 298 111
f 111 298 112
f 121 122 123
f 121 123 124
f 121 124 125
f 121 125 126
f 121 126 127
f 121 127 128
f 121 128 299
f 121 299 122
f 122 299 123
f 123 299 124
f 124 299 125
f 125 299 126
f 126 299 127
f 127 299 128
f 288 287 286
f 288 286 285
f 288 285 284
f 288 284 283
f 288 283 282
f 288 282 281
f 282 283 281
f 283 284 281
f 284 285 281
f 285 286 281
f 286 287 281
f 287 288 281
f 288 281 309
f 311 1 310
f 311 1 9
f 311 9 312
f 313 314 315
f 314 316 315
f 314 317 316
f 314 318 317
f 318 319 317
f 318 320 319
f 320 321 319
f 320 322 321
f 320 323 322
f 320 324 323
f 320 311 324
f 320 325 311
f 325 326 311
f 326 327 311
f 327 291 311
f 327 328 291
f 327 329 328
f 327 330 329
f 330 331 329
f 330 332 331
f 330 333 332
f 330 334 333
f 334 335 333
f 335 336 333
f 335 337 336
f 335 338 337
f 338 339 337
f 338 340 339
f 338 341 340
f 338 342 341
f 338 343 342
f 343 344 342
f 344 345 342
f 345 346 342
f 345 347 346
f 345 348 347
f 345 349 348
f 345 350 349
f 350 351 349
f 350 352 351
f 350 353 352
f 353 354 352
f 354 355 352
f 354 356 355
f 354 357 356
f 357 358 356
f 357 359 358
f 357 360 359
f 357 361 360
f 357 362 361
f 362 363 361
f 363 364 361
f 364 365 361
f 364 366 365
f 364 367 366
f 364 368 367
f 364 369 368
f 369 370 368
f 369 371 370
f 369 372 371
f 372 373 371
f 373 374 371
f 373 375 374
f 373 376 375
f 373 377 376
f 377 378 376
f 377 379 378
f 377 380 379
f 377 381 380
f 381 382 380
f 382 383 380
f 382 384 383
f 384 385 383
f 384 386 385
f 384 387 386
f 384 388 387
f 384 389 388
f 389 390 388
f 389 391 390
f 391 392 390
f 392 393 390
f 392 394 393
f 392 395 394
f 392 396 395
f 397 390 113
f 390 114 113
f 390 115 114
f 390 116 115
f 390 117 116
f 390 118 117
f 390 119 118
f 390 120 119
f 390 393 120
f 393 398 120
f 399 380 97
f 380 98 97
f 380 99 98
f 380 100 99
f 380 101 100
f 380 102 101
f 380 103 102
f 380 104 103
f 380 383 104
f 383 400 104
f 401 371 81
f 371 82 81
f 371 83 82
f 371 84 83
f 371 85 84
f 371 86 85
f 371 87 86
f 371 88 87
f 371 374 88
f 374 402 88
f 403 361 65
f 361 66 65
f 361 67 66
f 361 68 67
f 361 69 68
f 361 70 69
f 361 71 70
f 361 72 71
f 361 365 72
f 365 404 72
f 405 352 49
f 352 50 49
f 352 51 50
f 352 52 51
f 352 53 52
f 352 54 53
f 352 55 54
f 352 56 55
f 352 355 56
f 355 406 56
f 407 342 33
f 342 34 33
f 342 35 34
f 342 36 35
f 342 37 36
f 342 38 37
f 342 39 38
f 342 40 39
f 342 346 40
f 346 408 40
f 409 333 17
f 333 18 17
f 333 19 18
f 333 20 19
f 333 21 20
f 333 22 21
f 333 23 22
f 333 24 23
f 333 336 24
f 336 410 24
f 311 2 1
f 311 3 2
f 311 4 3
f 311 5 4
f 311 6 5
f 311 7 6
f 311 8 7
f 311 291 8
f 291 292 8
f 411 317 273
f 317 274 273
f 317 275 274
f 317 276 275
f 317 277 276
f 317 278 277
f 317 279 278
f 317 280 279
f 317 319 280
f 319 412 280
f 416 415 414
f 416 414 417
f 417 414 413
f 417 413 418
f 418 413 420
f 418 420 317
f 317 420 316
f 316 420 419
f 316 419 315
f 414 415 421
f 413 414 421
f 272 308 413
f 271 272 413
f 422 413 421
f 422 271 413
f 270 271 422
f 269 270 422
f 268 269 422
f 423 268 422
f 267 268 423
f 266 267 423
f 265 266 423
f 424 265 423
f 425 424 423
f 426 424 425
f 427 426 425
f 428 427 425
f 429 428 425
f 430 429 425
f 431 430 425
f 307 430 431
f 256 307 431
f 255 256 431
f 254 255 431
f 432 254 431
f 253 254 432
f 252 253 432
f 251 252 432
f 250 251 432
f 433 250 432
f 249 250 433
f 434 249 433
f 435 434 433
f 436 435 433
f 437 436 433
f 439 437 438
f 239 439 240
f 239 437 439
f 440 437 239
f 238 239 440
f 237 238 440
f 236 237 440
f 441 236 440
f 235 236 441
f 234 235 441
f 233 234 441
f 442 233 441
f 443 442 441
f 444 443 441
f 445 443 444
f 446 445 444
f 447 446 444
f 448 447 444
f 449 448 444
f 449 305 448
f 224 305 449
f 223 224 449
f 222 223 449
f 221 222 449
f 450 221 449
f 220 221 450
f 219 220 450
f 218 219 450
f 451 218 450
f 217 218 451
f 452 217 451
f 453 452 451
f 454 453 451
f 455 454 451
f 456 455 451
f 457 455 456
f 458 457 456
f 208 304 458
f 207 208 458
f 207 458 456
f 459 207 456
f 206 207 459
f 205 206 459
f 204 205 459
f 203 204 459
f 460 203 459
f 202 203 460
f 201 202 460
f 461 201 460
f 462 461 460
f 463 462 460
f 464 462 463
f 465 464 463
f 466 465 463
f 467 466 463
f 468 467 463
f 468 303 467
f 192 303 468
f 191 192 468
f 190 191 468
f 189 190 468
f 469 189 468
f 188 189 469
f 187 188 469
f 186 187 469
f 470 186 469
f 185 186 470
f 471 185 470
f 472 471 470
f 473 472 470
f 474 473 470
f 475 474 470
f 476 475 470
f 477 475 476
f 176 302 477
f 176 477 476
f 175 176 476
f 174 175 476
f 478 174 476
f 173 174 478
f 172 173 478
f 171 172 478
f 479 171 478
f 170 171 479
f 169 170 479
f 480 169 479
f 481 480 479
f 482 481 479
f 483 482 479
f 484 482 483
f 485 484 483
f 486 485 483
f 487 486 483
f 487 160 486
f 159 160 487
f 158 159 487
f 157 158 487
f 156 157 487
f 488 156 487
f 155 156 488
f 154 155 488
f 153 154 488
f 489 153 488
f 490 489 488
f 491 489 490
f 492 491 490
f 493 492 490
f 494 493 490
f 495 494 490
f 496 494 495
f 144 496 495
f 143 144 495
f 142 143 495
f 497 142 495
f 141 142 497
f 140 141 497
f 139 140 497
f 498 139 497
f 138 139 498
f 137 138 498
f 499 137 498
f 500 499 498
f 501 500 498
f 502 501 498
f 413 308 264
f 413 264 504
f 413 504 503
f 413 503 420
f 396 505 395
f 505 506 395
f 505 507 506
f 505 508 507
f 505 509 508
f 509 510 508
f 509 511 510
f 511 512 510
f 511 513 512
f 511 514 513
f 511 515 514
f 511 516 515
f 516 517 515
f 516 518 517
f 518 519 517
f 519 520 517
f 519 521 520
f 519 522 521
f 519 523 522
f 523 524 522
f 523 525 524
f 523 526 525
f 523 527 526
f 527 528 526
f 528 529 526
f 528 530 529
f 528 531 530
f 531 532 530
f 531 533 532
f 531 534 533
f 531 535 534
f 531 536 535
f 536 537 535
f 537 538 535
f 538 539 535
f 538 540 539
f 538 541 540
f 538 542 541
f 538 543 542
f 543 544 542
f 543 545 544
f 543 546 545
f 546 547 545
f 547 548 545
f 547 549 548
f 547 550 549
f 550 551 549
f 550 552 551
f 550 553 552
f 550 554 553
f 550 555 554
f 555 556 554
f 556 557 554
f 557 558 554
f 557 559 558
f 557 560 559
f 557 561 560
f 557 562 561
f 562 563 561
f 562 564 563
f 562 565 564
f 565 566 564
f 566 567 564
f 566 568 567
f 566 569 568
f 566 570 569
f 570 571 569
f 570 572 571
f 570 573 572
f 570 574 573
f 574 575 573
f 575 576 573
f 575 577 576
f 577 578 576
f 577 579 578
f 577 580 579
f 577 581 580
f 577 582 581
f 582 583 581
f 582 584 583
f 584 585 583
f 585 503 583
f 585 420 503
f 585 419 420
f 585 315 419
f 585 313 315
f 586 583 257
f 583 258 257
f 583 259 258
f 583 260 259
f 583 261 260
f 583 262 261
f 583 263 262
f 583 264 263
f 583 504 264
f 583 503 504
f 587 573 241
f 573 242 241
f 573 243 242
f 573 244 243
f 573 245 244
f 573 246 245
f 573 247 246
f 573 248 247
f 573 576 248
f 576 588 248
f 589 564 225
f 564 226 225
f 564 227 226
f 564 228 227
f 564 229 228
f 564 230 229
f 564 231 230
f 564 232 231
f 564 567 232
f 567 590 232
f 591 554 209
f 554 210 209
f 554 211 210
f 554 212 211
f 554 213 212
f 554 214 213
f 554 215 214
f 554 216 215
f 554 558 216
f 558 592 216
f 193 593 194
f 593 545 194
f 545 195 194
f 545 196 195
f 545 197 196
f 545 198 197
f 545 199 198
f 545 200 199
f 545 548 200
f 548 594 200
f 595 535 177
f 535 178 177
f 535 179 178
f 535 180 179
f 535 181 180
f 535 182 181
f 535 183 182
f 535 184 183
f 535 539 184
f 539 596 184
f 161 597 162
f 597 526 162
f 526 163 162
f 526 164 163
f 526 165 164
f 526 166 165
f 526 167 166
f 526 168 167
f 526 529 168
f 529 598 168
f 599 517 145
f 517 146 145
f 517 147 146
f 517 148 147
f 517 149 148
f 517 150 149
f 517 151 150
f 517 152 151
f 517 520 152
f 520 600 152
f 601 508 129
f 508 130 129
f 508 131 130
f 508 132 131
f 508 133 132
f 508 134 133
f 508 135 134
f 508 136 135
f 508 510 136
f 510 602 136
f 313 604 605
f 606 603 396
f 606 396 392
f 313 605 314
f 314 605 607
f 606 392 608
f 314 607 610
f 608 392 609
f 611 314 610
f 611 318 314
f 612 318 611
f 613 318 612
f 607 614 615
f 616 617 618
f 619 620 621
f 622 623 624
f 625 626 627
f 628 629 630
f 631 632 633
f 634 635 636
f 637 638 639
f 640 641 642
f 643 644 645
f 646 647 648
f 649 650 651
f 652 653 654
f 655 656 657
f 658 659 660
f 661 662 663
f 609 664 665
f 607 615 610
f 616 618 666
f 619 621 667
f 622 624 668
f 625 627 669
f 628 630 670
f 631 633 671
f 634 636 672
f 637 639 673
f 640 642 674
f 643 645 675
f 646 648 676
f 649 651 677
f 652 654 678
f 655 657 679
f 658 660 680
f 661 663 681
f 609 665 608
f 682 391 681
f 681 391 389
f 684 320 683
f 684 325 320
f 685 325 684
f 616 666 683
f 666 320 683
f 687 326 686
f 688 326 687
f 619 667 686
f 686 326 325
f 667 326 686
f 689 330 327
f 690 330 689
f 691 330 690
f 327 622 668
f 689 327 668
f 692 335 334
f 693 335 692
f 334 625 694
f 669 692 334
f 695 335 693
f 697 338 696
f 670 338 335
f 335 628 670
f 697 343 338
f 699 344 698
f 343 631 671
f 671 344 343
f 700 350 345
f 701 350 700
f 345 634 702
f 704 353 703
f 637 353 350
f 353 637 673
f 703 353 673
f 704 354 705
f 706 357 354
f 354 640 674
f 354 674 706
f 707 357 706
f 675 363 362
f 362 643 709
f 708 363 675
f 676 364 646
f 710 364 676
f 710 369 364
f 649 372 369
f 372 649 677
f 711 372 677
f 712 373 678
f 678 373 713
f 712 377 373
f 714 381 679
f 381 655 679
f 714 382 381
f 658 384 382
f 384 658 680
f 715 384 680
f 389 661 716
f 717 357 707
f 717 362 357
f 643 362 717
f 718 363 708
f 719 363 718
f 719 364 363
f 646 364 719
f 720 369 710
f 721 369 720
f 649 369 721
f 722 372 711
f 722 373 372
f 723 373 722
f 652 373 723
f 724 377 712
f 725 377 724
f 725 381 377
f 655 381 725
f 726 382 714
f 727 382 726
f 728 382 727
f 658 382 728
f 729 384 715
f 729 389 384
f 730 389 729
f 731 389 730
f 661 389 731
f 732 391 682
f 733 391 732
f 733 392 391
f 609 392 733
f 616 318 613
f 616 320 318
f 683 320 734
f 735 325 685
f 686 325 735
f 686 735 619
f 688 327 326
f 736 327 688
f 622 327 736
f 737 330 691
f 737 334 330
f 625 334 737
f 628 335 695
f 696 338 670
f 738 343 697
f 631 343 738
f 698 344 671
f 739 344 699
f 634 344 739
f 634 345 344
f 700 345 672
f 740 350 701
f 637 350 740
f 741 354 704
f 640 354 741
f 661 681 716
f 681 389 716
f 373 652 713
f 652 678 713
f 643 675 709
f 675 362 709
f 354 353 705
f 353 704 705
f 634 672 702
f 672 345 702
f 625 669 694
f 669 334 694
f 320 616 734
f 616 683 734
f 743 704 703
f 743 741 704
f 743 640 741
f 640 743 742
f 640 745 641
f 640 746 745
f 640 747 746
f 640 748 747
f 640 749 748
f 640 750 749
f 640 751 750
f 640 752 751
f 640 742 752
f 642 641 753
f 642 745 641
f 753 641 745
f 745 754 641
f 754 746 641
f 745 641 746
f 746 747 641
f 641 753 746
f 755 756 746
f 756 748 746
f 747 746 748
f 757 748 749
f 749 758 748
f 758 750 748
f 749 748 750
f 759 750 751
f 751 750 760
f 760 750 752
f 752 750 761
f 751 750 752
f 766 764 765
f 768 766 767
f 762 645 644
f 771 772 773
f 773 774 644
f 774 762 644
f 773 765 774
f 767 769 771
f 771 774 773
f 772 765 773
f 767 765 763
f 769 767 763
f 770 765 772
f 765 767 771
f 771 763 769
f 763 764 766
f 765 771 763
f 775 765 770
f 765 763 766
f 768 765 775
f 765 768 766
f 780 778 779
f 783 784 785
f 777 780 779
f 776 648 647
f 785 786 787
f 787 788 647
f 788 776 647
f 781 783 785
f 785 787 647
f 787 779 788
f 786 779 787
f 781 779 777
f 783 781 777
f 784 779 786
f 779 781 785
f 785 777 783
f 777 778 780
f 779 785 777
f 789 779 784
f 782 779 789
f 779 782 780
f 794 792 793
f 791 793 794
f 797 798 799
f 790 651 650
f 799 800 801
f 801 791 802
f 802 790 650
f 795 797 799
f 801 802 650
f 795 801 799
f 793 801 795
f 800 791 801
f 795 791 793
f 798 791 800
f 797 791 795
f 793 799 801
f 799 791 797
f 791 792 794
f 793 791 799
f 803 791 798
f 796 791 803
f 794 791 796
f 808 806 807
f 805 807 808
f 811 812 813
f 804 654 653
f 813 815 814
f 815 805 816
f 816 804 653
f 809 811 813
f 815 816 653
f 809 815 813
f 807 815 809
f 814 805 815
f 809 805 807
f 812 805 814
f 811 805 809
f 807 813 815
f 812 805 811
f 807 812 813
f 807 805 812
f 817 805 812
f 805 806 808
f 810 805 817
f 808 805 810
f 822 820 821
f 821 822 823
f 819 822 821
f 825 826 827
f 818 657 656
f 829 819 830
f 827 828 829
f 830 818 656
f 829 830 656
f 823 825 827
f 827 829 656
f 827 656 830
f 827 830 829
f 828 829 819
f 823 821 819
f 823 827 829
f 823 829 828
f 825 823 819
f 826 828 819
f 823 827 828
f 821 823 827
f 826 825 819
f 819 820 822
f 827 819 826
f 821 827 819
f 831 826 819
f 824 831 819
f 822 824 819
f 836 834 835
f 835 836 837
f 839 840 841
f 833 836 835
f 832 660 659
f 843 833 844
f 841 842 843
f 844 832 659
f 837 839 841
f 843 844 659
f 837 843 841
f 835 843 837
f 837 835 833
f 842 833 843
f 839 837 833
f 840 833 842
f 835 841 843
f 840 839 833
f 833 834 836
f 835 840 841
f 835 833 840
f 845 833 840
f 838 833 845
f 836 833 838
f 853 854 855
f 851 852 853
f 850 848 849
f 847 849 850
f 846 663 662
f 855 856 857
f 858 846 662
f 851 853 855
f 857 858 662
f 857 847 858
f 851 857 855
f 849 857 851
f 851 847 849
f 856 857 847
f 854 856 847
f 853 847 851
f 849 855 857
f 855 847 853
f 849 847 855
f 859 854 847
f 847 848 850
f 852 859 847
f 850 852 847
f 865 866 867
f 864 862 863
f 861 863 864
f 860 665 664
f 869 870 871
f 872 860 664
f 871 872 664
f 865 867 869
f 869 871 664
f 869 664 872
f 871 861 872
f 865 863 861
f 870 871 861
f 865 869 872
f 865 871 872
f 868 870 861
f 865 870 871
f 867 865 861
f 865 869 870
f 863 869 865
f 869 861 867
f 861 862 864
f 863 861 869
f 873 868 861
f 866 873 861
f 864 866 861
f 880 878 879
f 879 881 880
f 878 876 877
f 881 882 883
f 875 877 878
f 883 885 874
f 879 877 875
f 885 875 874
f 884 875 885
f 881 879 875
f 877 879 881
f 882 875 884
f 883 875 881
f 875 876 878
f 880 875 882
f 875 880 878
f 883 877 875
f 892 890 891
f 895 896 897
f 891 893 892
f 890 888 889
f 893 894 895
f 887 889 890
f 895 886 897
f 891 889 887
f 897 889 886
f 896 889 897
f 893 891 887
f 889 891 893
f 894 889 896
f 895 887 893
f 887 888 890
f 892 889 894
f 887 892 890
f 887 889 892
f 895 889 887
f 906 904 905
f 902 900 901
f 903 906 905
f 905 906 907
f 907 908 909
f 899 901 902
f 907 898 909
f 903 901 899
f 909 901 898
f 908 901 909
f 905 903 899
f 901 903 905
f 907 905 899
f 906 901 908
f 899 900 902
f 904 906 901
f 899 902 904
f 899 904 901
f 907 899 901
f 919 920 921
f 914 912 913
f 913 914 915
f 917 918 919
f 911 914 913
f 915 916 917
f 919 910 921
f 915 913 911
f 921 911 910
f 920 911 921
f 917 911 915
f 913 915 917
f 918 911 920
f 919 917 911
f 911 912 914
f 916 911 918
f 911 916 914
f 919 911 913
f 926 924 925
f 925 926 927
f 929 930 931
f 923 926 925
f 927 928 929
f 931 922 933
f 927 925 923
f 933 923 922
f 932 933 923
f 929 923 927
f 925 927 929
f 930 932 923
f 931 923 929
f 923 924 926
f 928 930 923
f 923 926 928
f 931 925 923
f 938 936 937
f 940 938 939
f 941 942 943
f 935 937 938
f 937 940 939
f 939 940 941
f 943 934 945
f 939 935 937
f 945 935 934
f 944 935 945
f 941 935 939
f 937 939 941
f 942 935 944
f 943 935 941
f 935 936 938
f 940 942 935
f 935 938 940
f 943 937 935
f 950 948 949
f 952 950 951
f 953 954 955
f 955 956 957
f 947 949 950
f 949 951 952
f 955 957 946
f 951 949 947
f 957 947 946
f 956 947 957
f 953 947 951
f 949 951 953
f 955 947 953
f 954 947 956
f 947 948 950
f 952 947 954
f 947 952 950
f 955 949 947
f 964 962 963
f 962 960 961
f 965 966 967
f 959 961 962
f 963 965 964
f 967 958 969
f 963 961 959
f 969 959 958
f 968 969 959
f 965 959 963
f 961 963 965
f 966 968 959
f 967 959 965
f 959 960 962
f 964 966 959
f 959 962 964
f 967 961 959
f 976 974 975
f 977 978 979
f 974 972 973
f 971 973 974
f 975 977 976
f 979 981 970
f 975 973 971
f 981 970 971
f 980 981 971
f 977 971 975
f 973 975 977
f 978 980 971
f 979 977 971
f 971 972 974
f 976 978 971
f 971 974 976
f 979 971 973
f 988 986 987
f 986 984 985
f 989 990 991
f 987 989 988
f 991 982 993
f 987 985 983
f 993 985 982
f 992 985 993
f 989 983 987
f 985 987 989
f 990 992 985
f 991 983 989
f 983 984 986
f 988 990 985
f 983 986 988
f 983 988 985
f 991 985 983
f 1000 998 999
f 998 996 997
f 995 997 998
f 999 1001 1000
f 1003 1005 994
f 999 997 995
f 1005 997 994
f 1004 997 1005
f 1001 995 999
f 997 999 1001
f 1003 1001 995
f 1002 997 1004
f 995 996 998
f 1000 997 1002
f 995 1000 998
f 995 997 1000
f 1003 995 997
f 1014 1012 1013
f 1016 1014 1015
f 1012 1010 1011
f 1010 1008 1009
f 1015 1017 1016
f 1011 1013 1012
f 1015 1017 1006
f 1011 1009 1007
f 1017 1009 1006
f 1016 1017 1009
f 1013 1007 1011
f 1009 1011 1013
f 1015 1013 1007
f 1014 1016 1009
f 1007 1008 1010
f 1012 1014 1009
f 1007 1010 1012
f 1007 1012 1009
f 1015 1007 1009
f 1026 1024 1025
f 1028 1026 1027
f 1024 1022 1023
f 1027 1028 1029
f 1022 1020 1021
f 1025 1028 1027
f 1027 1029 1018
f 1023 1021 1019
f 1029 1021 1018
f 1025 1019 1023
f 1028 1029 1021
f 1021 1023 1025
f 1026 1028 1021
f 1027 1025 1019
f 1019 1020 1022
f 1019 1022 1024
f 1024 1026 1021
f 1019 1024 1021
f 1027 1019 1021
f 1034 1032 1033
f 1036 1034 1035
f 1038 1036 1037
f 1040 1038 1039
f 1037 1039 1040
f 1039 1030 1041
f 1035 1033 1031
f 1041 1031 1030
f 1037 1031 1035
f 1040 1031 1041
f 1033 1035 1037
f 1038 1031 1040
f 1039 1037 1031
f 1031 1034 1032
f 1036 1031 1038
f 1031 1036 1034
f 1039 1031 1033
f 1046 1044 1045
f 1048 1046 1047
f 1050 1048 1049
f 1052 1050 1051
f 1043 1045 1046
f 1045 1047 1048
f 1051 1053 1042
f 1047 1045 1043
f 1053 1043 1042
f 1049 1043 1047
f 1052 1043 1053
f 1045 1047 1049
f 1050 1043 1052
f 1051 1043 1049
f 1043 1044 1046
f 1043 1048 1046
f 1048 1043 1050
f 1051 1045 1043
f 1058 1056 1057
f 1060 1058 1059
f 1062 1060 1061
f 1064 1062 1063
f 1055 1057 1058
f 1057 1059 1060
f 1063 1054 1065
f 1059 1057 1055
f 1065 1055 1054
f 1061 1055 1059
f 1064 1055 1065
f 1057 1059 1061
f 1063 1061 1055
f 1055 1056 1058
f 1062 1055 1064
f 1055 1060 1058
f 1060 1055 1062
f 1063 1055 1057
f 1070 1068 1069
f 1072 1070 1071
f 1074 1072 1073
f 1076 1074 1075
f 1075 1066 1077
f 1071 1069 1067
f 1077 1067 1066
f 1073 1071 1067
f 1076 1077 1067
f 1069 1071 1073
f 1075 1067 1073
f 1074 1076 1067
f 1067 1068 1070
f 1067 1070 1072
f 1072 1074 1067
f 1075 1069 1067
f 1084 1082 1083
f 1086 1084 1085
f 1088 1086 1087
f 1085 1087 1088
f 1082 1080 1081
f 1079 1081 1082
f 1087 1078 1089
f 1083 1081 1079
f 1089 1079 1078
f 1085 1079 1083
f 1088 1079 1089
f 1081 1083 1085
f 1086 1079 1088
f 1087 1085 1079
f 1079 1080 1082
f 1079 1084 1082
f 1084 1079 1086
f 1087 1079 1081
f 1096 1094 1095
f 1102 615 1090
f 1094 1092 1093
f 1090 615 614
f 1099 1100 1101
f 1101 1102 614
f 1102 1090 614
f 1095 1099 1097
f 1099 1101 614
f 1101 1102 1093
f 1099 614 1102
f 1095 1091 1093
f 1100 1093 1101
f 1095 1099 1102
f 1095 1101 1102
f 1097 1095 1091
f 1098 1093 1100
f 1095 1100 1101
f 1093 1100 1095
f 1099 1091 1097
f 1093 1099 1100
f 1093 1091 1099
f 1091 1092 1094
f 1103 1093 1098
f 1093 1091 1094
f 1096 1093 1103
f 1093 1096 1094
f 1108 1106 1107
f 1110 1108 1109
f 1116 618 1104
f 1116 618 1107
f 1104 618 617
f 1113 1115 1114
f 1115 1116 1107
f 1116 1104 617
f 1109 1111 1113
f 1115 1116 617
f 1109 1115 1113
f 1109 1105 1107
f 1107 1115 1109
f 1114 1107 1115
f 1111 1109 1105
f 1112 1107 1114
f 1107 1113 1115
f 1113 1105 1111
f 1105 1106 1108
f 1107 1105 1113
f 1117 1107 1112
f 1107 1105 1108
f 1110 1107 1117
f 1107 1110 1108
f 1122 1120 1121
f 1124 1122 1123
f 1130 621 1118
f 1130 621 1121
f 1118 621 620
f 1127 1128 1129
f 1130 1118 620
f 1123 1125 1127
f 1129 1130 620
f 1123 1129 1127
f 1123 1121 1119
f 1129 1130 1121
f 1121 1129 1123
f 1128 1121 1129
f 1125 1123 1119
f 1126 1121 1128
f 1121 1127 1129
f 1127 1119 1125
f 1119 1120 1122
f 1121 1119 1127
f 1131 1121 1126
f 1121 1119 1122
f 1124 1121 1131
f 1121 1124 1122
f 1136 1134 1135
f 1138 1136 1137
f 1144 624 1132
f 1139 1140 1141
f 1132 624 623
f 1141 1142 1143
f 1143 1144 623
f 1144 1132 623
f 1137 1139 1141
f 1141 1143 1144
f 1137 1135 1133
f 1143 1135 1144
f 1142 1135 1143
f 1137 1143 1141
f 1139 1133 1137
f 1137 1142 1143
f 1137 1142 1141
f 1140 1135 1142
f 1135 1137 1141
f 1141 1133 1139
f 1133 1134 1136
f 1135 1141 1133
f 1145 1135 1140
f 1135 1133 1136
f 1138 1135 1145
f 1135 1138 1136
f 1150 1148 1149
f 1152 1150 1151
f 1153 1154 1155
f 1146 627 626
f 1155 1156 1157
f 1158 1146 626
f 1157 1147 1158
f 1157 1158 626
f 1151 1153 1155
f 1155 1157 626
f 1155 626 1158
f 1155 1158 1157
f 1151 1149 1147
f 1156 1157 1147
f 1151 1155 1157
f 1153 1151 1147
f 1151 1157 1156
f 1154 1156 1147
f 1151 1155 1156
f 1149 1151 1155
f 1154 1153 1147
f 1155 1147 1154
f 1149 1155 1147
f 1147 1148 1150
f 1159 1154 1147
f 1152 1159 1147
f 1147 1150 1152
f 1164 1162 1163
f 1166 1164 1165
f 1168 1170 1169
f 1161 1163 1164
f 1167 1168 1169
f 1160 630 629
f 1169 1170 1171
f 1171 1172 629
f 1172 1160 629
f 1165 1167 1169
f 1169 1171 1172
f 1165 1163 1161
f 1171 1172 1161
f 1170 1161 1171
f 1165 1169 1171
f 1167 1165 1161
f 1165 1171 1170
f 1168 1161 1170
f 1165 1169 1170
f 1163 1165 1169
f 1168 1167 1161
f 1161 1162 1164
f 1163 1168 1169
f 1163 1161 1168
f 1173 1168 1161
f 1166 1173 1161
f 1161 1164 1166
f 1178 1176 1177
f 1180 1178 1179
f 1175 1177 1178
f 1174 633 632
f 1185 1175 1186
f 1183 1185 1184
f 1185 1186 632
f 1186 1174 632
f 1179 1181 1183
f 1183 632 1185
f 1179 1177 1175
f 1184 1175 1185
f 1181 1175 1179
f 1182 1175 1184
f 1177 1179 1183
f 1183 1175 1181
f 1175 1176 1178
f 1177 1183 1175
f 1187 1175 1182
f 1180 1175 1187
f 1175 1180 1178
f 1192 1190 1191
f 1194 1192 1193
f 1195 1196 1197
f 1188 636 635
f 1197 1198 1199
f 1199 1200 635
f 1200 1188 635
f 1193 1195 1197
f 1197 1199 1200
f 1199 1189 1200
f 1193 1191 1189
f 1198 1199 1189
f 1193 1199 1197
f 1195 1189 1193
f 1196 1198 1189
f 1193 1198 1199
f 1193 1198 1197
f 1191 1193 1197
f 1197 1189 1195
f 1189 1190 1192
f 1191 1197 1189
f 1201 1196 1189
f 1194 1201 1189
f 1189 1192 1194
f 1208 1206 1207
f 1206 1204 1205
f 1203 1205 1206
f 1202 639 638
f 1211 1212 1213
f 1214 1202 638
f 1213 1214 638
f 1207 1209 1211
f 1211 1213 638
f 1211 638 1214
f 1213 1203 1214
f 1207 1205 1203
f 1212 1203 1213
f 1207 1211 1214
f 1207 1213 1214
f 1209 1207 1203
f 1210 1203 1212
f 1207 1212 1213
f 1207 1211 1212
f 1205 1211 1207
f 1211 1203 1209
f 1203 1204 1206
f 1205 1203 1211
f 1215 1203 1210
f 1208 1203 1215
f 1203 1208 1206
f 757 1219 756
f 756 1220 755
f 1218 1217 750
f 1219 1218 757
f 1220 756 1219
f 758 1219 757
f 760 752 761
f 760 1217 759
f 759 1218 750
f 756 754 755
f 758 756 757
f 756 753 754
f 760 759 750
f 758 753 756
f 759 760 761
f 760 750 758
f 760 753 758
f 757 760 758
f 756 760 757
f 761 1216 1217
f 755 760 756
f 755 753 760
f 761 1217 1218
f 746 753 755
f 754 753 746
f 761 1218 1219
f 745 754 753
f 753 1221 641
f 642 641 1221
f 761 1219 1220
f 761 1220 1222
f 761 1222 754
f 761 1223 754
f 642 1221 761
f 761 753 1223
f 766 768 764
f 1224 764 1225
f 764 768 1225
f 775 770 768
f 1226 775 1225
f 775 1225 1227
f 768 770 1227
f 768 1227 1225
f 1228 1227 1229
f 770 772 1227
f 1227 772 1229
f 773 774 772
f 1230 774 1229
f 774 645 1229
f 772 774 1229
f 645 1231 675
f 645 764 1231
f 645 1224 764
f 645 1225 1224
f 645 1226 1225
f 645 1227 1226
f 645 775 1227
f 645 1227 1228
f 645 1228 1229
f 645 1230 1229
f 645 774 1230
f 675 718 708
f 675 719 718
f 675 1232 719
f 675 1233 1232
f 1233 675 1231
f 719 1232 646
f 719 647 646
f 719 787 647
f 719 1234 787
f 719 1235 1234
f 719 1235 785
f 719 785 1236
f 719 1236 1237
f 719 1237 781
f 719 781 1238
f 719 1238 779
f 719 779 1239
f 719 777 1239
f 719 1232 777
f 648 788 647
f 787 1234 647
f 787 647 1235
f 1234 1235 647
f 785 1236 1235
f 1236 1235 783
f 781 1238 783
f 1236 783 1237
f 1237 783 1238
f 779 777 1238
f 1239 1238 777
f 1240 1242 1241
f 1250 1251 1241
f 1251 1262 1261
f 1263 1264 1261
f 1265 1266 1264
f 1247 1267 1266
f 752 742 761
f 1271 1274 1273
f 1274 1285 1284
f 1286 1287 1284
f 1287 1269 1288
f 1244 1289 1288
f 1232 1291 1290
f 1291 1233 1292
f 1268 1293 1292
f 1293 1243 1294
f 1250 862 861
f 742 1295 1294
f 1283 1204 1203
f 1296 1283 1297
f 1297 1259 1298
f 1275 1092 1091
f 742 1243 761
f 1268 1231 763
f 1232 1244 777
f 1269 1245 791
f 1270 1246 805
f 1271 1247 819
f 1265 1248 833
f 1272 1249 847
f 1250 1242 862
f 1282 1299 1298
f 1276 1253 1105
f 1277 1254 1119
f 1278 1255 1133
f 1279 1256 1147
f 1280 1257 1161
f 1281 1258 1175
f 1282 1259 1189
f 1283 1260 1204
f 1258 1300 1299
f 1275 1252 1092
f 1281 1301 1300
f 1243 1216 761
f 1231 764 763
f 1244 778 777
f 1245 792 791
f 1246 806 805
f 1247 820 819
f 1248 834 833
f 1249 848 847
f 1257 1303 1302
f 1253 1106 1105
f 1254 1120 1119
f 1255 1134 1133
f 1256 1148 1147
f 1257 1162 1161
f 1258 1176 1175
f 1259 1190 1189
f 1304 1305 1303
f 1279 1306 1305
f 1255 1308 1307
f 1278 1309 1308
f 1254 1311 1310
f 1312 1313 1311
f 1313 1315 1314
f 1252 1316 1314
f 1275 1317 1316
f 1270 1286 1246
f 1279 1304 1256
f 1277 1312 1254
f 1268 1233 1231
f 1265 1263 1248
f 1283 743 1260
f 1272 1263 1249
f 1276 1312 1253
f 1294 1243 742
f 1292 1318 1268
f 1290 1244 1232
f 1287 1245 1269
f 1284 1319 1286
f 1273 1247 1271
f 1264 1263 1265
f 1261 1320 1263
f 1241 1242 1250
f 1313 1321 1276
f 1311 1254 1312
f 1308 1255 1278
f 1305 1322 1279
f 1303 1257 1280
f 1300 1258 1281
f 1298 1323 1282
f 1296 743 1283
f 1324 1251 1250
f 1249 1251 1324
f 1325 1266 1265
f 1247 1266 1325
f 1326 1274 1271
f 1327 1274 1326
f 1246 1274 1327
f 1245 1287 1286
f 1328 1288 1269
f 1329 1288 1328
f 1244 1288 1329
f 1329 1244 1290
f 1233 1291 1232
f 1330 1293 1268
f 1331 1293 1330
f 1243 1293 1331
f 743 1296 742
f 1332 1297 1283
f 1333 1297 1332
f 1259 1297 1333
f 1334 1299 1282
f 1335 1299 1334
f 1258 1299 1335
f 1336 1302 1281
f 1337 1302 1336
f 1257 1302 1337
f 1304 1303 1280
f 1338 1307 1279
f 1339 1307 1338
f 1255 1307 1339
f 1340 1310 1278
f 1341 1310 1340
f 1254 1310 1341
f 1342 1314 1276
f 1343 1314 1342
f 1252 1314 1343
f 1275 1316 1252
f 1317 1275 1344
f 1276 1345 1312
f 1312 1345 1313
f 1279 1346 1304
f 1304 1346 1305
f 1282 1323 1259
f 1259 1323 1298
f 1294 1347 1296
f 1296 1295 742
f 1268 1318 1233
f 1233 1318 1292
f 1286 1319 1246
f 1246 1348 1284
f 1263 1320 1249
f 1249 1349 1261
f 1296 1350 1295
f 1295 1350 1294
f 1276 1321 1345
f 1345 1321 1313
f 1279 1351 1346
f 1346 1351 1305
f 1296 1352 1350
f 1350 1352 1294
f 1284 1353 1319
f 1319 1353 1246
f 1261 1349 1320
f 1320 1349 1249
f 1300 1354 1302
f 1302 1301 1281
f 1296 1355 1352
f 1352 1355 1294
f 1288 1356 1290
f 1290 1289 1244
f 1279 1322 1351
f 1351 1322 1305
f 1302 1357 1301
f 1301 1357 1300
f 1296 1358 1355
f 1355 1358 1294
f 1290 1359 1289
f 1289 1359 1288
f 1284 1348 1353
f 1353 1348 1246
f 1314 1360 1276
f 1276 1360 1313
f 1308 1361 1310
f 1310 1309 1278
f 1302 1362 1357
f 1357 1362 1300
f 1296 1363 1358
f 1358 1363 1294
f 1290 1364 1359
f 1359 1364 1288
f 1266 1365 1273
f 1273 1267 1247
f 1261 1366 1249
f 1249 1366 1251
f 1314 1315 1360
f 1360 1315 1313
f 1310 1361 1309
f 1309 1361 1308
f 1305 1306 1307
f 1307 1306 1279
f 1302 1354 1362
f 1362 1354 1300
f 1296 1347 1363
f 1363 1347 1294
f 1290 1356 1364
f 1364 1356 1288
f 1284 1285 1246
f 1246 1285 1274
f 1273 1365 1267
f 1267 1365 1266
f 1261 1262 1366
f 1366 1262 1251
f 1217 1216 1218
f 1367 1368 1216
f 1216 1368 1218
f 1369 1368 1370
f 1370 1219 1368
f 1218 1368 1219
f 1220 1222 1219
f 1370 1371 1219
f 1371 1220 1219
f 1220 1219 1372
f 1372 1219 1222
f 1223 754 1222
f 1373 1223 1222
f 1223 1222 642
f 1222 1223 753
f 642 1243 674
f 642 1367 1243
f 642 1368 1367
f 642 1369 1368
f 642 1370 1369
f 642 1371 1370
f 642 1372 1371
f 642 1372 1222
f 642 1222 1373
f 642 1223 1373
f 1243 706 674
f 674 707 706
f 674 717 707
f 674 1330 717
f 674 1331 1330
f 674 1243 1331
f 717 1330 643
f 643 1330 1268
f 717 644 643
f 717 773 644
f 717 1374 773
f 717 1375 1374
f 717 771 1375
f 717 1376 771
f 717 1377 1376
f 717 767 1377
f 717 1378 767
f 717 1378 765
f 717 765 1379
f 717 1379 1268
f 1268 1330 717
f 645 644 774
f 1374 774 773
f 773 774 1375
f 1375 774 1374
f 1374 1375 644
f 774 1374 644
f 1375 771 1374
f 771 769 1374
f 1375 1374 1376
f 1376 1374 769
f 767 1378 769
f 1376 1377 769
f 1377 1378 769
f 765 1378 763
f 1378 1379 763
f 1380 1381 778
f 778 782 780
f 778 1381 782
f 782 789 780
f 1382 789 1381
f 789 1381 1383
f 780 789 1383
f 780 1383 782
f 782 1381 1383
f 784 786 789
f 1384 1383 1385
f 789 786 1385
f 789 1385 1383
f 787 788 786
f 1386 648 1385
f 786 788 1385
f 1385 788 648
f 648 1244 676
f 648 1380 1244
f 648 1381 1380
f 648 1382 1381
f 648 789 1382
f 648 789 1383
f 648 1383 1384
f 648 1384 1385
f 1329 676 1244
f 676 720 710
f 676 721 720
f 676 1328 721
f 676 1329 1328
f 721 1328 649
f 649 1328 1269
f 721 650 649
f 721 801 650
f 721 1387 801
f 721 1388 1387
f 721 1388 799
f 721 799 1389
f 721 1389 1390
f 721 1390 795
f 721 795 1391
f 721 1391 793
f 721 793 1392
f 721 791 1392
f 721 1269 791
f 1269 721 1328
f 651 650 802
f 801 802 1387
f 801 802 1388
f 1387 650 801
f 1387 1388 650
f 802 650 1388
f 799 1388 797
f 1389 1388 1390
f 1390 1388 797
f 1390 797 795
f 795 1391 797
f 1390 797 1391
f 793 1392 1391
f 1392 791 1391
f 1393 792 1394
f 792 794 796
f 792 796 1394
f 796 794 803
f 1395 803 1394
f 803 1396 1394
f 796 803 1394
f 798 800 803
f 1397 1396 1398
f 803 800 1398
f 803 1398 1396
f 801 802 800
f 1399 802 1398
f 802 651 1398
f 800 802 1398
f 651 1245 677
f 651 792 1245
f 651 1393 792
f 651 1394 1393
f 651 1395 1394
f 651 803 1395
f 651 803 1396
f 651 1396 1397
f 651 1397 1398
f 651 1399 1398
f 651 802 1399
f 677 722 711
f 677 723 722
f 677 1286 723
f 677 1245 1286
f 723 1286 652
f 652 1286 1270
f 723 653 652
f 723 815 653
f 723 1400 815
f 723 1401 1400
f 723 813 1401
f 723 1402 813
f 723 1403 1402
f 723 809 1403
f 723 1404 809
f 723 1404 807
f 723 807 1405
f 723 1405 1270
f 1270 1286 723
f 654 653 816
f 815 1400 653
f 1400 653 814
f 814 1401 653
f 1401 1400 653
f 1401 814 1400
f 814 1400 813
f 813 1400 812
f 812 1400 811
f 1402 1403 1401
f 1403 811 1401
f 1400 1401 811
f 1403 809 811
f 809 1404 811
f 1403 811 1404
f 807 1404 1405
f 1405 805 1404
f 1406 806 1407
f 806 808 1407
f 810 817 808
f 1408 817 1407
f 817 1407 1409
f 808 817 1407
f 812 814 817
f 1409 1410 817
f 1410 1411 817
f 817 1411 814
f 815 814 816
f 1412 654 1411
f 814 1411 816
f 1411 654 816
f 654 1246 678
f 654 806 1246
f 654 1406 806
f 654 1407 1406
f 654 1408 1407
f 654 1409 1408
f 654 1410 1409
f 654 1411 1410
f 1327 1413 1246
f 1413 712 678
f 678 724 712
f 678 725 724
f 678 1326 725
f 678 1327 1326
f 1327 678 1246
f 725 1326 655
f 655 1326 1271
f 725 656 655
f 725 829 656
f 725 1414 829
f 725 1415 1414
f 725 827 1415
f 725 1416 827
f 725 1417 1416
f 725 823 1417
f 725 1418 823
f 725 1418 821
f 725 821 1419
f 725 1419 1271
f 1271 1326 725
f 657 656 830
f 829 830 828
f 828 830 1415
f 1415 830 1414
f 1414 656 829
f 830 656 1414
f 1415 828 1414
f 828 827 1414
f 827 826 1414
f 826 1414 825
f 1415 1416 1414
f 1416 1417 1414
f 1414 1417 825
f 823 1418 825
f 825 1417 1418
f 821 1418 819
f 1418 1419 819
f 1420 1421 820
f 820 1421 822
f 824 822 831
f 1422 831 1421
f 831 1421 1423
f 822 1421 831
f 826 831 828
f 1423 1424 831
f 1424 1425 831
f 831 1425 828
f 1426 830 1425
f 830 657 1425
f 828 1425 830
f 657 1247 679
f 657 1420 1247
f 657 1421 1420
f 657 1422 1421
f 657 1423 1422
f 657 1424 1423
f 657 1425 1424
f 657 1426 1425
f 657 830 1426
f 1325 1427 1247
f 679 726 714
f 679 727 726
f 679 728 727
f 679 1265 728
f 679 1325 1265
f 1325 679 1247
f 728 1265 658
f 728 659 658
f 728 843 659
f 728 1428 843
f 728 1429 1428
f 728 841 1429
f 728 1430 841
f 728 1431 1430
f 728 837 1431
f 728 1432 837
f 728 835 1432
f 728 1433 835
f 728 1265 1433
f 660 844 659
f 843 1428 659
f 1428 659 842
f 842 1429 659
f 1429 1428 659
f 1429 842 1428
f 842 841 1428
f 841 1430 1428
f 1430 839 1428
f 839 1431 1428
f 1430 1431 1429
f 1428 1429 1431
f 839 837 1431
f 837 1432 1431
f 835 833 1432
f 1432 833 1433
f 1434 834 1435
f 834 836 1435
f 838 845 836
f 1436 845 1435
f 845 1437 1435
f 836 845 1435
f 840 842 845
f 1437 845 1438
f 1438 845 1439
f 845 842 1439
f 843 844 842
f 1440 660 1439
f 842 844 1439
f 1439 844 660
f 660 1248 680
f 660 834 1248
f 660 1434 834
f 660 1435 1434
f 660 1436 1435
f 660 845 1436
f 660 845 1437
f 660 1437 1438
f 660 1438 1439
f 1263 715 680
f 1263 680 1248
f 680 729 715
f 680 730 729
f 680 731 730
f 680 1263 731
f 731 1441 661
f 1441 1263 1272
f 731 662 661
f 731 857 662
f 731 1442 857
f 731 1443 1442
f 731 855 1443
f 731 1444 855
f 731 1445 1444
f 731 851 1445
f 731 1446 851
f 731 849 1446
f 731 1447 849
f 731 847 1447
f 731 1272 1447
f 1272 731 1263
f 663 858 662
f 857 1442 662
f 1442 856 662
f 856 662 1443
f 1442 1443 662
f 855 1444 1443
f 1444 853 1443
f 853 1443 1445
f 1444 1445 1443
f 1445 851 1446
f 1447 847 1446
f 851 1446 847
f 1448 1449 848
f 848 1449 850
f 852 850 859
f 1450 859 1449
f 859 1451 1449
f 850 1449 859
f 854 859 856
f 1451 859 1452
f 1452 859 1453
f 859 856 1453
f 857 858 856
f 1454 663 1453
f 856 858 1453
f 1453 858 663
f 663 1249 681
f 663 1448 1249
f 663 1449 1448
f 663 1450 1449
f 663 859 1450
f 663 859 1451
f 663 1451 1452
f 663 1452 1453
f 681 732 682
f 681 733 732
f 681 609 733
f 681 1250 609
f 681 1324 1250
f 681 1249 1324
f 609 871 664
f 609 1457 871
f 609 1458 1457
f 609 869 1458
f 609 1459 869
f 609 1460 1459
f 609 865 1460
f 609 1461 865
f 609 863 1461
f 609 1462 863
f 609 1250 1462
f 665 664 872
f 871 1458 664
f 1457 664 1458
f 870 1458 869
f 869 867 1458
f 867 1460 1458
f 1459 1458 1460
f 867 865 1460
f 865 1460 1461
f 865 1461 863
f 863 1461 861
f 1461 1462 861
f 1463 1464 862
f 862 1464 864
f 866 864 873
f 1465 873 1464
f 873 1466 1464
f 864 1464 873
f 868 873 870
f 1466 873 1467
f 1467 873 1468
f 873 870 1468
f 871 872 870
f 1469 872 1468
f 872 665 1468
f 870 872 1468
f 665 1242 608
f 665 1463 1242
f 665 1464 1463
f 665 1465 1464
f 665 873 1465
f 665 873 1466
f 665 1466 1467
f 665 1467 1468
f 665 1469 1468
f 665 872 1469
f 1242 606 608
f 608 603 606
f 608 1470 603
f 608 1471 1470
f 1471 608 1242
f 1472 604 313
f 1472 313 585
f 396 1470 505
f 505 1470 1473
f 1472 585 1474
f 505 1473 1476
f 1477 505 1476
f 1477 509 505
f 1478 509 1477
f 1479 509 1478
f 1475 1480 1078
f 1078 1481 1474
f 1473 1482 874
f 874 1483 1476
f 1484 1485 886
f 886 1486 1487
f 1488 1489 898
f 898 1490 1491
f 1492 1493 910
f 910 1494 1495
f 1496 1497 922
f 922 1498 1499
f 1500 1501 934
f 934 1502 1503
f 1504 1505 946
f 946 1506 1507
f 1508 1509 958
f 958 1510 1511
f 1512 1513 970
f 970 1514 1515
f 1516 1517 982
f 982 1518 1519
f 1520 1521 994
f 994 1522 1523
f 1524 1525 1006
f 1006 1526 1527
f 1528 1529 1018
f 1018 1530 1531
f 1532 1533 1030
f 1030 1534 1535
f 1536 1537 1042
f 1042 1538 1539
f 1540 1541 1054
f 1054 1542 1543
f 1544 1545 1066
f 1066 1546 1547
f 1475 1078 1474
f 1473 874 1476
f 1484 886 1487
f 1488 898 1491
f 1492 910 1495
f 1496 922 1499
f 1500 934 1503
f 1504 946 1507
f 1508 958 1511
f 1512 970 1515
f 1516 982 1519
f 1520 994 1523
f 1524 1006 1527
f 1528 1018 1531
f 1532 1030 1535
f 1536 1042 1539
f 1540 1054 1543
f 1544 1066 1547
f 1474 585 1475
f 1544 1547 1548
f 519 1492 1495
f 527 1496 1549
f 536 1504 1507
f 538 1508 1550
f 555 1520 1551
f 557 1524 1527
f 566 1532 1552
f 574 1536 1539
f 1484 1487 1553
f 516 1488 1491
f 1500 1503 528
f 1512 1515 546
f 1516 1519 547
f 1528 1531 565
f 1540 1543 577
f 1544 1548 1554
f 1503 531 528
f 1484 511 509
f 1528 565 562
f 1548 584 582
f 1512 546 543
f 1519 550 547
f 1540 577 575
f 1491 518 516
f 1556 577 1543
f 1496 527 523
f 1535 570 566
f 1507 537 536
f 1524 557 556
f 1557 574 1539
f 1557 575 574
f 1555 511 1558
f 1523 556 555
f 1559 523 519
f 1572 523 1559
f 1568 562 557
f 1579 562 1568
f 1568 557 1579
f 1582 536 531
f 1576 547 1585
f 1484 509 1479
f 1558 511 1487
f 1555 516 511
f 1571 516 1555
f 1488 516 1571
f 1561 518 1491
f 1586 518 1561
f 1577 518 1586
f 1577 519 518
f 1492 519 1577
f 1559 519 1495
f 1578 523 1572
f 1496 523 1578
f 1562 527 1499
f 1573 527 1562
f 1573 528 527
f 1580 528 1573
f 1500 528 1580
f 1563 531 1503
f 1574 531 1563
f 1582 531 1574
f 1587 536 1582
f 1504 536 1587
f 1564 537 1507
f 1584 537 1564
f 1588 537 1584
f 1588 538 537
f 1508 538 1588
f 1560 538 1511
f 1560 543 538
f 1575 543 1560
f 1589 543 1575
f 1590 543 1589
f 1512 543 1590
f 1565 546 1515
f 1576 546 1565
f 1591 547 1576
f 1592 547 1591
f 1516 547 1592
f 1566 550 1519
f 1583 550 1566
f 1593 550 1583
f 1593 555 550
f 1520 555 1593
f 1567 556 1523
f 1581 556 1567
f 1594 556 1581
f 1524 556 1594
f 1568 557 1527
f 1595 562 1579
f 1596 562 1595
f 1528 562 1596
f 1569 565 1531
f 1597 565 1569
f 1597 566 565
f 1598 566 1597
f 1599 566 1598
f 1532 566 1599
f 1570 570 1535
f 1600 570 1570
f 1601 570 1600
f 1602 570 1601
f 1602 574 570
f 1536 574 1602
f 1603 575 1557
f 1604 575 1603
f 1540 575 1604
f 1605 577 1556
f 1605 582 577
f 1606 582 1605
f 1544 582 1606
f 1607 584 1548
f 1608 584 1607
f 1608 585 584
f 1475 585 1608
f 1548 582 1554
f 582 1544 1554
f 1532 1535 1552
f 1535 566 1552
f 1520 1523 1551
f 1523 555 1551
f 547 546 1585
f 546 1576 1585
f 1508 1511 1550
f 1511 538 1550
f 1496 1499 1549
f 1499 527 1549
f 1487 511 1553
f 511 1484 1553
f 604 1275 605
f 604 1344 1275
f 604 1472 1344
f 605 1609 607
f 605 614 607
f 605 1101 614
f 605 1610 1101
f 605 1611 1610
f 605 1099 1611
f 605 1612 1099
f 605 1613 1612
f 605 1613 1095
f 605 1095 1614
f 605 1614 1093
f 605 1093 1615
f 605 1091 1615
f 605 1275 1091
f 615 614 1102
f 1101 1102 1610
f 1101 1610 614
f 1610 1611 614
f 1102 614 1610
f 1101 1610 1100
f 1100 1610 1099
f 1099 1610 1097
f 1611 1612 1610
f 1612 1097 1610
f 1612 1613 1097
f 1613 1097 1095
f 1095 1614 1097
f 1615 1614 1091
f 1095 1091 1614
f 1317 1344 1616
f 1344 1617 1616
f 1617 1637 1636
f 1344 1638 1636
f 1639 1344 1640
f 1344 1641 1640
f 1642 1644 1643
f 1344 1662 1643
f 1662 1664 1663
f 1344 1665 1663
f 1665 1667 1666
f 1344 1668 1666
f 1668 1344 1669
f 1344 1670 1669
f 1671 1344 1672
f 1344 1673 1672
f 1645 888 887
f 1646 900 899
f 1647 912 911
f 1648 924 923
f 1649 936 935
f 1650 948 947
f 1651 960 959
f 1652 972 971
f 1653 984 983
f 1654 996 995
f 1655 1008 1007
f 1656 1020 1019
f 1657 1031 1032
f 1658 1044 1043
f 1659 1056 1055
f 1660 1068 1067
f 1661 1080 1079
f 1673 1344 1674
f 1344 1675 1674
f 1675 1344 1676
f 1618 876 875
f 1645 1619 888
f 1646 1620 900
f 1647 1621 912
f 1648 1622 924
f 1649 1623 936
f 1650 1624 948
f 1651 1625 960
f 1652 1626 972
f 1653 1627 984
f 1654 1628 996
f 1655 1629 1008
f 1656 1630 1020
f 1657 1032 1631
f 1658 1632 1044
f 1659 1633 1056
f 1660 1634 1068
f 1661 1635 1080
f 1344 1677 1676
f 1471 1618 875
f 1677 1344 1678
f 1344 1679 1678
f 1679 1344 1680
f 1344 1681 1680
f 1681 1344 1682
f 1344 1683 1682
f 1683 1344 1684
f 1344 1685 1684
f 1685 1344 1686
f 1344 1687 1686
f 1687 1344 1240
f 1661 1344 1635
f 1240 1618 1471
f 1240 1344 1661
f 1240 1688 1618
f 1240 1689 1688
f 1240 1690 1689
f 1240 1691 1619
f 1240 1692 1691
f 1240 1693 1692
f 1240 1694 1620
f 1240 1695 1694
f 1240 1696 1695
f 1240 1697 1621
f 1240 1698 1697
f 1698 1700 1699
f 1240 1701 1622
f 1240 1702 1701
f 1240 1703 1702
f 1240 1704 1623
f 1240 1705 1704
f 1705 1707 1706
f 1240 1708 1624
f 1240 1709 1708
f 1240 1710 1709
f 1240 1711 1625
f 1240 1712 1711
f 1713 1712 1743
f 1743 1712 1714
f 1240 1715 1626
f 1240 1716 1715
f 1240 1717 1716
f 1240 1718 1627
f 1240 1719 1718
f 1240 1720 1719
f 1240 1721 1628
f 1240 1722 1721
f 1240 1629 1722
f 1240 1723 1629
f 1240 1724 1723
f 1724 1726 1725
f 1240 1727 1630
f 1240 1728 1727
f 1240 1631 1728
f 1240 1729 1631
f 1240 1730 1729
f 1240 1632 1730
f 1240 1731 1632
f 1240 1732 1731
f 1240 1633 1732
f 1240 1733 1633
f 1240 1734 1733
f 1240 1634 1734
f 1240 1735 1634
f 1240 1736 1735
f 1240 1661 1736
f 1689 1690 1619
f 1619 1690 1240
f 1695 1696 1621
f 1621 1696 1240
f 1702 1703 1623
f 1623 1703 1240
f 1698 1699 1622
f 1622 1700 1240
f 1705 1706 1624
f 1624 1737 1240
f 1712 1713 1626
f 1626 1714 1240
f 1719 1720 1628
f 1628 1720 1240
f 1724 1725 1630
f 1630 1738 1240
f 1692 1693 1620
f 1620 1693 1240
f 1709 1710 1625
f 1625 1710 1240
f 1724 1739 1726
f 1630 1725 1726
f 1643 1740 1344
f 1344 1740 1642
f 1705 1737 1707
f 1624 1706 1707
f 1716 1717 1627
f 1627 1717 1240
f 1630 1726 1739
f 1724 1741 1739
f 1698 1240 1700
f 1622 1699 1700
f 1712 1240 1714
f 1714 1626 1743
f 1743 1626 1713
f 1630 1739 1741
f 1724 1742 1741
f 1624 1707 1737
f 1705 1240 1737
f 1630 1741 1742
f 1724 1738 1742
f 1669 1670 1671
f 1671 1670 1344
f 1666 1667 1344
f 1344 1667 1665
f 1643 1644 1740
f 1740 1644 1642
f 1636 1638 1639
f 1639 1638 1344
f 1630 1742 1738
f 1724 1240 1738
f 1663 1664 1344
f 1344 1664 1662
f 1640 1641 1642
f 1642 1641 1344
f 1636 1637 1344
f 1344 1637 1617
f 498 497 1686
f 498 1686 1687
f 497 495 1685
f 497 1685 1686
f 495 490 1684
f 495 1684 1685
f 490 488 1683
f 490 1683 1684
f 488 487 1682
f 488 1682 1683
f 487 483 1681
f 487 1681 1682
f 483 479 1680
f 483 1680 1681
f 479 478 1679
f 479 1679 1680
f 478 476 1678
f 478 1678 1679
f 476 470 1677
f 476 1677 1678
f 470 469 1676
f 470 1676 1677
f 469 468 1675
f 469 1675 1676
f 468 463 1674
f 468 1674 1675
f 463 460 1673
f 463 1673 1674
f 460 459 1672
f 460 1672 1673
f 459 456 1671
f 459 1671 1672
f 456 451 1669
f 456 1669 1671
f 451 450 1668
f 451 1668 1669
f 450 449 1666
f 450 1666 1668
f 449 444 1665
f 449 1665 1666
f 444 441 1663
f 444 1663 1665
f 441 440 1662
f 441 1662 1663
f 440 1744 1643
f 440 1643 1662
f 1744 433 1642
f 1744 1642 1643
f 433 432 1640
f 433 1640 1642
f 432 431 1639
f 432 1639 1640
f 431 425 1636
f 431 1636 1639
f 425 423 1617
f 425 1617 1636
f 423 422 1616
f 423 1616 1617
f 422 421 1317
f 422 1317 1616
f 421 1745 1316
f 421 1316 1317
f 1745 1746 1314
f 1745 1314 1316
f 1746 1747 1313
f 1746 1313 1314
f 1747 1748 1311
f 1747 1311 1313
f 1748 1749 1310
f 1748 1310 1311
f 1749 1750 1308
f 1749 1308 1310
f 1750 1751 1307
f 1750 1307 1308
f 1751 1752 1305
f 1751 1305 1307
f 1752 1753 1303
f 1752 1303 1305
f 1753 1754 1302
f 1753 1302 1303
f 1754 1755 1300
f 1754 1300 1302
f 1755 1756 1299
f 1755 1299 1300
f 1756 1757 1298
f 1756 1298 1299
f 1757 1758 1297
f 1757 1297 1298
f 1758 1759 1296
f 1758 1296 1297
f 1759 1760 1294
f 1759 1294 1296
f 1760 1761 1293
f 1760 1293 1294
f 1761 1762 1292
f 1761 1292 1293
f 1762 1763 1291
f 1762 1291 1292
f 1763 1764 1290
f 1763 1290 1291
f 1764 1765 1288
f 1764 1288 1290
f 1765 1766 1287
f 1765 1287 1288
f 1766 1767 1284
f 1766 1284 1287
f 1767 1768 1274
f 1767 1274 1284
f 1768 1769 1273
f 1768 1273 1274
f 1769 1770 1266
f 1769 1266 1273
f 1770 1771 1264
f 1770 1264 1266
f 1771 1772 1261
f 1771 1261 1264
f 1772 1773 1251
f 1772 1251 1261
f 1773 1774 1241
f 1773 1241 1251
f 1774 502 1240
f 1774 1240 1241
f 502 498 1687
f 502 1687 1240
f 1802 501 502
f 1803 1802 502
f 1804 1803 502
f 128 299 1804
f 127 128 1804
f 1774 1804 502
f 1774 127 1804
f 126 127 1774
f 125 126 1774
f 124 125 1774
f 1773 124 1774
f 123 124 1773
f 122 123 1773
f 121 122 1773
f 1805 121 1773
f 1772 1805 1773
f 1806 1805 1772
f 1807 1806 1772
f 1808 1807 1772
f 1809 1808 1772
f 1810 1809 1772
f 1771 1810 1772
f 298 1810 1771
f 112 298 1771
f 111 112 1771
f 110 111 1771
f 109 110 1771
f 1770 109 1771
f 108 109 1770
f 107 108 1770
f 1769 107 1770
f 106 107 1769
f 105 106 1769
f 1811 105 1769
f 1812 1811 1769
f 1813 1812 1769
f 1814 1813 1769
f 1768 1814 1769
f 1815 1814 1768
f 1816 1815 1768
f 96 297 1816
f 95 96 1816
f 1767 1816 1768
f 1767 95 1816
f 94 95 1767
f 93 94 1767
f 92 93 1767
f 1766 92 1767
f 91 92 1766
f 90 91 1766
f 89 90 1766
f 1817 89 1766
f 1818 1817 1766
f 1765 1818 1766
f 1819 1818 1765
f 1820 1819 1765
f 1821 1820 1765
f 1822 1821 1765
f 1764 1822 1765
f 1764 296 1822
f 80 296 1764
f 79 80 1764
f 78 79 1764
f 77 78 1764
f 1763 77 1764
f 76 77 1763
f 75 76 1763
f 74 75 1763
f 1762 74 1763
f 73 74 1762
f 1823 73 1762
f 1824 1823 1762
f 1825 1824 1762
f 1826 1825 1762
f 1761 1826 1762
f 1827 1826 1761
f 295 1827 1761
f 63 64 295
f 63 295 1761
f 1760 63 1761
f 62 63 1760
f 61 62 1760
f 60 61 1760
f 59 60 1760
f 1759 59 1760
f 58 59 1759
f 57 58 1759
f 1828 57 1759
f 1829 1828 1759
f 1758 1829 1759
f 1830 1829 1758
f 1831 1830 1758
f 1832 1831 1758
f 294 1832 1758
f 1757 294 1758
f 1757 48 294
f 47 48 1757
f 46 47 1757
f 45 46 1757
f 44 45 1757
f 1756 44 1757
f 43 44 1756
f 42 43 1756
f 41 42 1756
f 1755 41 1756
f 1833 41 1755
f 1834 1833 1755
f 1835 1834 1755
f 1836 1835 1755
f 1837 1836 1755
f 1754 1837 1755
f 293 1837 1754
f 31 32 293
f 31 293 1754
f 30 31 1754
f 1753 30 1754
f 29 30 1753
f 28 29 1753
f 27 28 1753
f 1752 27 1753
f 26 27 1752
f 25 26 1752
f 1838 25 1752
f 1839 1838 1752
f 1840 1839 1752
f 1751 1840 1752
f 1841 1840 1751
f 1842 1841 1751
f 290 1842 1751
f 15 16 290
f 1750 290 1751
f 1750 15 290
f 14 15 1750
f 13 14 1750
f 12 13 1750
f 1749 12 1750
f 11 12 1749
f 10 11 1749
f 9 10 1749
f 312 9 1749
f 1748 312 1749
f 1843 312 1748
f 1844 1843 1748
f 1845 1844 1748
f 1846 1845 1748
f 1747 1846 1748
f 1847 1846 1747
f 288 309 1847
f 288 1847 1747
f 287 288 1747
f 286 287 1747
f 1746 286 1747
f 285 286 1746
f 284 285 1746
f 283 284 1746
f 1745 283 1746
f 282 283 1745
f 281 282 1745
f 418 281 1745
f 417 418 1745
f 416 417 1745
f 415 416 1745
f 421 415 1745
f 501 1802 1803
f 501 1803 1804
f 501 1804 500
f 500 1804 499
f 499 1804 393
f 499 393 508
f 508 393 507
f 507 393 394
f 507 394 506
f 506 394 395
f 508 129 137
f 508 137 499
f 1804 299 120
f 1804 120 398
f 1804 398 393
f 390 113 121
f 390 121 1805
f 1807 1808 1809
f 1807 1809 1810
f 1807 1810 1806
f 1806 1810 1805
f 1805 1810 383
f 1805 383 390
f 390 383 388
f 388 383 385
f 388 385 387
f 387 385 386
f 1810 298 104
f 1810 104 400
f 1810 400 383
f 380 97 105
f 380 105 1811
f 1813 1814 1815
f 1813 1815 1816
f 1813 1816 1812
f 1812 1816 1811
f 1811 1816 374
f 1811 374 380
f 380 374 379
f 379 374 375
f 379 375 378
f 378 375 376
f 1816 96 88
f 1816 88 402
f 1816 402 374
f 371 81 89
f 371 89 1817
f 371 1817 1818
f 1819 1820 1821
f 1819 1821 1822
f 1819 1822 1818
f 1818 1822 365
f 1818 365 371
f 371 365 370
f 370 365 366
f 370 366 367
f 370 367 368
f 1822 296 72
f 1822 72 404
f 1822 404 365
f 361 65 73
f 361 73 1823
f 361 1823 1824
f 1826 1827 1825
f 1825 1827 1824
f 1824 1827 295
f 1824 295 355
f 1824 355 361
f 361 355 360
f 360 355 356
f 360 356 359
f 359 356 358
f 295 64 56
f 295 56 406
f 295 406 355
f 352 49 57
f 352 57 1828
f 352 1828 1829
f 1830 1831 1832
f 1830 1832 1829
f 1829 1832 294
f 1829 294 346
f 1829 346 352
f 352 346 351
f 351 346 347
f 351 347 349
f 349 347 348
f 294 48 40
f 294 40 408
f 294 408 346
f 342 33 41
f 342 41 1833
f 1836 1837 1835
f 1835 1837 1834
f 1834 1837 1833
f 1833 1837 293
f 1833 293 336
f 1833 336 342
f 342 336 341
f 341 336 337
f 341 337 340
f 340 337 339
f 293 32 24
f 293 24 410
f 293 410 336
f 333 17 25
f 333 25 1838
f 1840 1841 1842
f 1840 1842 290
f 1840 290 1839
f 1839 290 1838
f 1838 290 291
f 1838 291 333
f 333 291 328
f 333 328 332
f 332 328 331
f 331 328 329
f 1844 1845 1846
f 1844 1846 1843
f 1843 1846 1847
f 1843 1847 312
f 312 1847 319
f 312 319 311
f 311 319 324
f 324 319 321
f 324 321 323
f 323 321 322
f 1847 309 280
f 1847 280 412
f 1847 412 319
f 317 273 281
f 317 281 418
f 1473 1873 1482
f 1473 1874 1873
f 1473 1875 1874
f 1473 883 1875
f 1473 1875 1876
f 1473 1876 881
f 1473 881 1877
f 1473 1877 879
f 1473 879 1878
f 1473 1878 877
f 1473 877 1879
f 1473 875 1879
f 1473 1471 875
f 875 1878 1879
f 875 879 1879
f 875 879 1878
f 1874 883 1875
f 874 1482 1873
f 881 1877 1876
f 1874 885 874
f 874 1874 1873
f 875 1877 1878
f 1876 1875 883
f 881 1876 883
f 883 1873 1874
f 883 885 1875
f 885 1874 1875
f 879 1877 1878
f 877 1877 1878
f 883 874 1874
f 874 1873 885
f 1873 883 885
f 1873 885 1874
f 885 883 1874
f 875 877 1879
f 877 879 1878
f 877 1878 1879
f 1877 1879 1878
f 878 876 880
f 1880 1881 876
f 876 1881 878
f 880 882 878
f 1882 1881 1883
f 878 882 1883
f 878 1883 1881
f 884 885 882
f 885 882 1884
f 1885 1884 1883
f 882 1883 1884
f 1886 1483 1884
f 1884 1483 874
f 1483 1618 1476
f 1483 1880 1618
f 1483 1881 1880
f 1483 1882 1881
f 1483 1883 1882
f 1483 1885 1883
f 1483 1884 1885
f 1688 1477 1476
f 1688 1476 1618
f 1476 1478 1477
f 1476 1479 1478
f 1476 1484 1479
f 1476 1689 1484
f 1476 1688 1689
f 1484 1689 1645
f 1484 1887 1485
f 1484 1888 1887
f 1484 1889 1888
f 1484 895 1889
f 1484 1889 1890
f 1484 1890 893
f 1484 893 1891
f 1484 1891 1892
f 1484 1892 889
f 1484 889 1893
f 1484 887 1893
f 1484 1645 887
f 891 887 1892
f 897 1887 1888
f 886 1485 1887
f 895 893 1890
f 1891 887 1892
f 887 1892 1893
f 1891 891 893
f 893 1890 1891
f 895 1890 1889
f 897 1889 895
f 1889 897 1888
f 889 1891 1892
f 887 1892 889
f 1891 1892 891
f 889 891 1892
f 890 892 888
f 1894 888 1895
f 888 892 1895
f 1896 1895 1897
f 892 894 1897
f 892 1897 1895
f 896 897 894
f 897 1898 894
f 1899 1898 1897
f 894 1898 1897
f 1900 1486 1898
f 1898 1486 886
f 1486 1619 1487
f 1486 888 1619
f 1486 1894 888
f 1486 1895 1894
f 1486 1896 1895
f 1486 1897 1896
f 1486 1899 1897
f 1486 1898 1899
f 1691 1558 1487
f 1691 1487 1619
f 1487 1555 1558
f 1487 1571 1555
f 1487 1488 1571
f 1487 1692 1488
f 1487 1691 1692
f 1488 1692 1646
f 1488 1901 1489
f 1488 1902 1901
f 1488 1903 1902
f 1488 907 1903
f 1488 1903 1904
f 1488 1904 905
f 1488 905 1905
f 1488 1905 1906
f 1488 1906 901
f 1488 901 1907
f 1488 899 1907
f 1488 1646 899
f 1902 1903 1904
f 907 1903 1902
f 1906 903 1905
f 901 1907 899
f 1905 905 1906
f 903 1906 1907
f 907 1903 1904
f 1907 901 1906
f 1904 905 1905
f 909 1901 898
f 907 1904 905
f 901 903 1905
f 1489 1901 1902
f 1902 1904 1905
f 1905 1906 1907
f 901 905 1905
f 1489 1902 1905
f 1905 1907 899
f 1489 1905 899
f 899 901 905
f 899 1901 905
f 1903 1904 905
f 899 905 1905
f 899 1905 903
f 899 1901 898
f 1489 1901 899
f 898 1489 1901
f 1901 901 899
f 1901 907 905
f 1901 898 907
f 898 1902 1901
f 1907 1901 898
f 898 901 1902
f 903 1907 899
f 1902 899 907
f 1901 899 1902
f 1908 1909 900
f 900 1909 902
f 904 902 906
f 1910 1909 1911
f 902 1909 906
f 1909 906 1911
f 908 909 906
f 909 1912 906
f 1913 908 1911
f 1913 1911 1912
f 906 1912 1911
f 1914 1490 1912
f 1912 1490 898
f 1490 1620 1491
f 1490 1908 1620
f 1490 1909 1908
f 1490 1910 1909
f 1490 1911 1910
f 1490 1913 1911
f 1490 908 1913
f 1490 1913 1912
f 1694 1491 1620
f 1491 1586 1561
f 1491 1577 1586
f 1491 1695 1577
f 1491 1694 1695
f 1577 1492 1695
f 1492 1647 1695
f 1577 1493 1492
f 1577 1915 1493
f 1577 1916 1915
f 1577 1917 1916
f 1577 1918 1917
f 1577 917 1918
f 1577 1919 917
f 1577 915 1919
f 1577 1920 915
f 1577 1920 913
f 1577 913 1921
f 1577 911 1921
f 1577 1647 911
f 1647 1577 1695
f 913 911 1921
f 915 1920 913
f 917 1918 1919
f 1921 913 1920
f 921 1915 910
f 1493 1915 1916
f 1916 1917 1918
f 1916 1917 919
f 919 917 1918
f 1919 1920 915
f 1917 1918 917
f 913 915 1919
f 1916 921 910
f 1916 1918 1919
f 1919 1920 1921
f 913 917 1919
f 1493 1916 1919
f 1919 1921 911
f 911 913 917
f 1493 1919 911
f 911 917 1915
f 911 1915 1916
f 911 917 1919
f 1920 1921 911
f 1919 1920 911
f 1918 1919 911
f 911 1915 1493
f 1917 1918 911
f 1916 1917 911
f 910 1493 911
f 919 1917 917
f 917 1919 915
f 913 1920 911
f 1915 1918 917
f 1915 919 1918
f 1915 910 919
f 1921 1915 910
f 910 911 1916
f 1922 912 1923
f 912 914 1923
f 916 918 914
f 1924 1923 1925
f 914 918 1923
f 1923 918 1925
f 920 921 918
f 921 1926 918
f 1927 1926 1925
f 918 1926 1925
f 1928 1494 1926
f 1926 1494 910
f 1494 1621 1495
f 1494 912 1621
f 1494 1922 912
f 1494 1923 1922
f 1494 1924 1923
f 1494 1925 1924
f 1494 1927 1925
f 1494 1926 1927
f 1697 1559 1621
f 1621 1559 1495
f 1495 1572 1559
f 1495 1578 1572
f 1495 1698 1578
f 1495 1697 1698
f 1697 1495 1621
f 1578 1496 1698
f 1496 1648 1698
f 1578 1497 1496
f 1578 1929 1497
f 1578 1930 1929
f 1578 1931 1930
f 1578 931 1931
f 1578 1931 1932
f 1578 1932 929
f 1578 929 1933
f 1578 1933 927
f 1578 927 1934
f 1578 1934 925
f 1578 925 1935
f 1578 923 1935
f 1578 1648 923
f 1648 1578 1698
f 923 1934 1935
f 923 1934 927
f 929 1933 1932
f 1934 923 925
f 1932 1931 931
f 1933 1934 927
f 922 1929 1930
f 931 933 1931
f 933 1930 1931
f 1930 931 1931
f 927 1934 925
f 923 925 1935
f 925 1935 1934
f 922 1497 1929
f 933 922 1930
f 1936 1937 924
f 924 1937 926
f 928 926 930
f 1938 1937 1939
f 1939 1937 930
f 926 1937 930
f 932 933 930
f 933 930 1940
f 1939 1941 930
f 1941 1940 930
f 1942 1498 1940
f 1940 1498 922
f 1498 1622 1499
f 1498 1936 1622
f 1498 1937 1936
f 1498 1938 1937
f 1498 1939 1938
f 1498 1941 1939
f 1498 1940 1941
f 1701 1943 1622
f 1943 1562 1499
f 1499 1573 1562
f 1499 1580 1573
f 1499 1500 1580
f 1499 1702 1500
f 1499 1701 1702
f 1701 1499 1622
f 1500 1702 1649
f 1500 1944 1501
f 1500 1945 1944
f 1500 1946 1945
f 1500 943 1946
f 1500 1946 1947
f 1500 1947 941
f 1500 941 1948
f 1500 1948 939
f 1500 939 1949
f 1500 1949 937
f 1500 937 1950
f 1500 935 1950
f 1500 1649 935
f 934 1501 1944
f 1949 935 1948
f 1948 941 1947
f 935 1949 1950
f 945 1946 943
f 945 1945 1946
f 937 1948 939
f 939 1948 1949
f 1945 945 1944
f 1947 1946 943
f 1948 937 1949
f 939 1949 937
f 935 937 1949
f 938 936 940
f 1951 1952 936
f 936 1952 938
f 940 938 942
f 1953 1952 1954
f 1954 1952 942
f 938 1952 942
f 944 945 942
f 945 942 1955
f 1954 1956 942
f 1956 1955 942
f 1957 1502 1955
f 1955 1502 934
f 1502 1623 1503
f 1502 1951 1623
f 1502 1952 1951
f 1502 1953 1952
f 1502 1954 1953
f 1502 1956 1954
f 1502 1955 1956
f 1704 1958 1623
f 1958 1563 1503
f 1503 1574 1563
f 1503 1582 1574
f 1503 1587 1582
f 1503 1504 1587
f 1503 1705 1504
f 1503 1704 1705
f 1704 1503 1623
f 1504 1705 1650
f 1504 1959 1505
f 1504 1960 1959
f 1504 1961 1960
f 1504 955 1961
f 1504 1961 1962
f 1504 1962 953
f 1504 953 1963
f 1504 1963 951
f 1504 951 1964
f 1504 1964 949
f 1504 949 1965
f 1504 947 1965
f 1504 1650 947
f 1963 1962 955
f 1959 957 946
f 1505 1959 946
f 1961 957 1960
f 1964 947 1963
f 953 1963 955
f 947 1964 1965
f 957 1959 1960
f 955 1962 1961
f 953 1963 951
f 949 1963 1964
f 947 1964 949
f 1961 955 957
f 1963 949 951
f 1963 1964 951
f 1966 948 1967
f 948 950 1967
f 952 954 950
f 1968 1967 1969
f 1969 1967 954
f 950 954 1967
f 956 957 954
f 957 1970 954
f 1969 954 1971
f 1971 954 1970
f 1972 1506 1970
f 1970 1506 946
f 1506 1624 1507
f 1506 948 1624
f 1506 1966 948
f 1506 1967 1966
f 1506 1968 1967
f 1506 1969 1968
f 1506 1971 1969
f 1506 1970 1971
f 1708 1507 1624
f 1708 1564 1507
f 1507 1584 1564
f 1507 1588 1584
f 1507 1709 1588
f 1507 1708 1709
f 1588 1973 1508
f 1973 1651 1709
f 1588 1509 1508
f 1588 1974 1509
f 1588 1975 1974
f 1588 1976 1975
f 1588 967 1976
f 1588 1976 1977
f 1588 1977 965
f 1588 965 1978
f 1588 1978 963
f 1588 963 1979
f 1588 1979 961
f 1588 961 1980
f 1588 959 1980
f 1588 1651 959
f 1651 1588 1709
f 959 1979 1980
f 1979 963 965
f 1974 967 969
f 1978 1979 963
f 1974 1975 967
f 1978 965 963
f 1977 1976 967
f 967 1975 1976
f 969 1974 1975
f 959 963 1980
f 959 1980 961
f 961 963 1979
f 958 1509 1974
f 969 958 1974
f 1980 961 963
f 1980 1979 961
f 962 960 964
f 1981 1982 960
f 960 1982 962
f 964 962 966
f 1983 1982 1984
f 1984 1982 966
f 962 1982 966
f 968 969 966
f 969 966 1985
f 1984 1986 966
f 1986 1985 966
f 1987 1510 1985
f 1985 1510 958
f 1510 1625 1511
f 1510 1981 1625
f 1510 1982 1981
f 1510 1983 1982
f 1510 1984 1983
f 1510 1986 1984
f 1510 1985 1986
f 1711 1988 1625
f 1988 1560 1511
f 1511 1575 1560
f 1511 1589 1575
f 1511 1590 1589
f 1511 1652 1590
f 1511 1712 1652
f 1511 1711 1712
f 1711 1511 1625
f 1590 1989 1512
f 1590 1513 1512
f 1590 1990 1513
f 1590 1991 1990
f 1590 1992 1991
f 1590 1993 1992
f 1590 977 1993
f 1590 1994 977
f 1590 1994 975
f 1590 975 1995
f 1590 1995 973
f 1590 973 1996
f 1590 971 1996
f 1590 1652 971
f 975 1995 973
f 977 1994 1993
f 1991 1992 1993
f 1994 1995 975
f 1992 979 977
f 1513 1990 1991
f 1991 1993 1994
f 1994 1996 1995
f 1513 1991 1994
f 1994 971 1996
f 971 973 977
f 1513 1994 971
f 971 970 973
f 970 1990 981
f 981 1991 1992
f 1995 973 971
f 981 979 1991
f 1994 971 1995
f 1993 1994 971
f 971 1990 1513
f 1992 1993 971
f 1991 1992 971
f 1990 1991 971
f 971 1990 970
f 1990 979 971
f 981 971 977
f 970 1513 971
f 981 977 979
f 970 981 973
f 974 972 976
f 1997 1998 972
f 972 1998 974
f 976 974 978
f 1999 1998 2000
f 2000 1998 978
f 974 1998 978
f 980 981 978
f 981 978 2001
f 2000 2002 978
f 2002 2001 978
f 2003 1514 2001
f 2001 1514 970
f 1514 1626 1515
f 1514 1997 1626
f 1514 1998 1997
f 1514 1999 1998
f 1514 2000 1999
f 1514 2002 2000
f 1514 2001 2002
f 1715 1515 1626
f 1715 1565 1515
f 1515 1576 1565
f 1515 1591 1576
f 1515 1592 1591
f 1515 1716 1592
f 1515 1715 1716
f 1592 1516 1716
f 1516 1653 1716
f 1592 1517 1516
f 1592 2004 1517
f 1592 2005 2004
f 1592 2006 2005
f 1592 991 2006
f 1592 2006 2007
f 1592 2007 989
f 1592 989 2008
f 1592 2008 987
f 1592 987 2009
f 1592 2009 985
f 1592 985 2010
f 1592 983 2010
f 1592 1653 983
f 1653 1592 1716
f 983 2010 2009
f 2005 2006 993
f 982 1517 2004
f 989 2007 2008
f 2005 993 982
f 982 2004 2005
f 2006 991 993
f 983 2008 2009
f 2008 987 989
f 989 2007 991
f 993 2004 2005
f 987 2008 2009
f 985 2008 2009
f 983 2009 985
f 982 2004 993
f 985 987 2009
f 991 2007 2006
f 986 984 988
f 2011 2012 984
f 984 2012 986
f 988 986 990
f 2013 2012 2014
f 986 2012 990
f 2012 990 2014
f 992 993 990
f 993 2015 990
f 2016 2015 2014
f 990 2015 2014
f 2017 1518 2015
f 2015 1518 982
f 1518 1627 1519
f 1518 2011 1627
f 1518 2012 2011
f 1518 2013 2012
f 1518 2014 2013
f 1518 2016 2014
f 1518 2015 2016
f 1718 1519 1627
f 1718 1566 1519
f 1519 1583 1566
f 1519 1593 1583
f 1519 1520 1593
f 1519 1719 1520
f 1519 1718 1719
f 1520 1719 1654
f 1520 2018 1521
f 1520 2019 2018
f 1520 2020 2019
f 1520 1003 2020
f 1520 2020 2021
f 1520 2021 1001
f 1520 1001 2022
f 1520 2022 2023
f 1520 2023 997
f 1520 997 2024
f 1520 995 2024
f 1520 1654 995
f 999 997 2023
f 997 995 2024
f 1005 2019 994
f 997 2018 994
f 1521 2019 2018
f 2021 1001 2022
f 2019 1005 1003
f 2020 1003 1001
f 1521 2020 2019
f 2020 2021 2022
f 2022 2023 2024
f 1521 2020 2022
f 2022 2024 995
f 1521 2022 995
f 1001 2023 2022
f 1005 2020 1003
f 1003 2021 1001
f 2023 995 2024
f 1001 995 2023
f 2021 1001 995
f 2020 995 2021
f 2019 995 2020
f 2018 995 2019
f 2018 995 1001
f 994 1521 995
f 995 2018 994
f 2018 1001 1003
f 2018 1003 1005
f 2018 1005 994
f 998 1000 996
f 2025 996 2026
f 996 1000 2026
f 2027 2026 2028
f 1000 1002 2028
f 1000 2028 2026
f 1004 1005 1002
f 1005 2029 1002
f 2030 2029 2028
f 1002 2029 2028
f 994 2029 1522
f 2031 1522 2029
f 1522 1628 1523
f 1522 996 1628
f 1522 2025 996
f 1522 2026 2025
f 1522 2027 2026
f 1522 2028 2027
f 1522 2030 2028
f 1522 2029 2030
f 1721 1523 1628
f 1721 1567 1523
f 1523 1581 1567
f 1523 1594 1581
f 1523 1524 1594
f 1523 1722 1524
f 1523 1721 1722
f 1524 1722 1655
f 1524 2032 1525
f 1524 2033 2032
f 1524 2034 2033
f 1524 1015 2034
f 1524 2034 2035
f 1524 2035 1013
f 1524 1013 2036
f 1524 2036 2037
f 1524 2037 1009
f 1524 1009 2038
f 1524 1007 2038
f 1524 1655 1007
f 2033 2035 2034
f 2037 1011 2036
f 1011 2037 1009
f 2037 2038 1009
f 2035 2036 1013
f 1006 1017 2033
f 2033 1017 1015
f 1013 2037 1011
f 1525 2032 2033
f 1013 2036 2037
f 2033 2036 2035
f 2036 2037 2038
f 1525 2033 2036
f 2036 2038 1007
f 1525 2036 1007
f 1007 1009 1013
f 2034 1015 1013
f 1007 1006 1013
f 1007 1006 2032
f 1015 2035 1013
f 1525 2032 1007
f 1525 2032 1017
f 1006 1009 1007
f 1006 1007 1015
f 1009 1006 1525
f 2033 1015 1007
f 2032 1007 2033
f 1010 1008 1012
f 2039 2040 1008
f 1008 2040 1012
f 2041 2040 2042
f 1012 2040 1014
f 2040 1014 2042
f 1016 1017 1014
f 1017 2043 1014
f 2044 1016 2042
f 2044 2042 2043
f 1014 2043 2042
f 1006 2043 1526
f 2045 1526 2043
f 1526 1629 1527
f 1526 2039 1629
f 1526 2040 2039
f 1526 2041 2040
f 1526 2042 2041
f 1526 2044 2042
f 1526 1016 2044
f 1526 2044 2043
f 1723 1527 1629
f 1723 1568 1527
f 1527 1579 1568
f 1527 1595 1579
f 1527 1596 1595
f 1527 1528 1596
f 1527 1724 1528
f 1527 1723 1724
f 1528 1724 1656
f 1528 2046 1529
f 1528 2047 2046
f 1528 2048 2047
f 1528 2049 2048
f 1528 1025 2049
f 1528 2050 1025
f 1528 2050 1023
f 1528 1023 2051
f 1528 2051 1021
f 1528 1021 2052
f 1528 1019 2052
f 1528 1656 1019
f 1019 1021 1025
f 2046 1027 2047
f 1027 2047 1029
f 2049 2050 1025
f 1019 2050 2051
f 1027 2047 2048
f 1019 1021 2051
f 2049 1025 1027
f 1027 1018 2046
f 1027 2046 1029
f 2046 1029 1018
f 1029 2047 2046
f 1025 2050 1023
f 1021 2050 2051
f 1023 2050 2051
f 2050 1021 1023
f 1018 1529 2046
f 1023 1021 2051
f 1027 2048 2049
f 1021 1019 2052
f 1022 1024 1020
f 2053 1020 2054
f 1020 1024 2054
f 2055 2054 2056
f 1024 1026 2054
f 2054 1026 2056
f 1028 1029 1026
f 1029 2057 1026
f 2058 2057 2056
f 1026 2057 2056
f 2059 1530 2057
f 2057 1530 1018
f 1530 1630 1531
f 1530 1020 1630
f 1530 2053 1020
f 1530 2054 2053
f 1530 2055 2054
f 1530 2056 2055
f 1530 2058 2056
f 1530 2057 2058
f 1727 1531 1630
f 1727 1569 1531
f 1531 1597 1569
f 1531 1598 1597
f 1531 1599 1598
f 1531 1728 1599
f 1531 1727 1728
f 1599 1532 1728
f 1532 1657 1728
f 1599 1533 1532
f 1599 2060 1533
f 1599 2061 2060
f 1599 2062 2061
f 1599 1039 2062
f 1599 2062 2063
f 1599 2063 1037
f 1599 1037 2064
f 1599 2064 1035
f 1599 1035 2065
f 1599 2065 1033
f 1599 1033 2066
f 1599 2066 1031
f 1599 1031 1657
f 1657 1728 1599
f 1039 2063 2062
f 1533 2060 1030
f 1030 2060 1041
f 1031 2066 2065
f 2064 1037 2063
f 2064 1031 2065
f 1039 1037 2063
f 2061 1041 2060
f 2062 1039 2061
f 2061 1039 1041
f 1031 1033 1037
f 1037 2064 1035
f 1035 2064 2065
f 1031 2065 1033
f 1035 2065 1033
f 2064 1033 2065
f 1034 1032 1036
f 2067 2068 1032
f 1032 2068 1036
f 2069 2068 2070
f 2070 2068 1038
f 1036 2068 1038
f 1040 1041 1038
f 1041 1038 2071
f 2070 2072 1038
f 2072 2071 1038
f 1030 2071 1534
f 2073 1534 2071
f 1534 1631 1535
f 1534 2067 1631
f 1534 2068 2067
f 1534 2069 2068
f 1534 2070 2069
f 1534 2072 2070
f 1534 2071 2072
f 1729 2074 1631
f 2074 1570 1535
f 1535 1600 1570
f 1535 1601 1600
f 1535 1602 1601
f 1535 1536 1602
f 1535 1730 1536
f 1535 1729 1730
f 1729 1535 1631
f 1536 1730 1658
f 1536 2075 1537
f 1536 2076 2075
f 1536 2077 2076
f 1536 1051 2077
f 1536 2077 2078
f 1536 2078 1049
f 1536 1049 2079
f 1536 2079 1047
f 1536 1047 2080
f 1536 2080 1045
f 1536 1045 2081
f 1536 1043 2081
f 1536 1658 1043
f 1043 2080 2081
f 1043 1045 1049
f 1053 2076 1051
f 1043 2079 2080
f 1049 2078 1051
f 1053 2077 1051
f 1042 2076 2075
f 2076 1053 2075
f 1049 1047 2079
f 1047 2079 2080
f 1042 2075 1053
f 2075 1042 1537
f 2076 2077 1051
f 2078 2077 1051
f 2079 1045 2080
f 1047 2080 1045
f 1043 1045 2080
f 1046 1044 1048
f 2082 2083 1044
f 1044 2083 1048
f 2084 2083 2085
f 2085 2083 1050
f 1048 2083 1050
f 1052 1053 1050
f 1053 1050 2086
f 2085 2087 1050
f 2087 2086 1050
f 2088 1538 2086
f 2086 1538 1042
f 1538 1632 1539
f 1538 2082 1632
f 1538 2083 2082
f 1538 2084 2083
f 1538 2085 2084
f 1538 2087 2085
f 1538 2086 2087
f 1731 2089 1632
f 2089 1557 1539
f 1539 1603 1557
f 1539 1604 1603
f 1539 1540 1604
f 1539 1732 1540
f 1539 1731 1732
f 1731 1539 1632
f 1540 1732 1659
f 1540 2090 1541
f 1540 2091 2090
f 1540 2092 2091
f 1540 2093 2092
f 1540 1061 2093
f 1540 2094 1061
f 1540 1059 2094
f 1540 1059 2095
f 1540 2095 1057
f 1540 1057 2096
f 1540 1055 2096
f 1540 1659 1055
f 2091 1054 2090
f 1054 1541 2090
f 2094 1055 2095
f 1055 2095 2096
f 1063 2092 2093
f 2092 1065 2091
f 1061 1063 2093
f 1055 1057 1061
f 1061 2094 1059
f 1059 2094 2095
f 1055 2095 1057
f 1059 2095 1057
f 1057 2095 2094
f 1058 1060 1056
f 2097 1056 2098
f 1056 1060 2098
f 2099 2098 2100
f 2100 2098 1062
f 1060 1062 2098
f 1064 1065 1062
f 1065 2101 1062
f 2100 1062 2102
f 2102 1062 2101
f 1054 2101 1542
f 2103 1542 2101
f 1542 1633 1543
f 1542 1056 1633
f 1542 2097 1056
f 1542 2098 2097
f 1542 2099 2098
f 1542 2100 2099
f 1542 2102 2100
f 1542 2101 2102
f 1733 1556 1543
f 1733 1543 1633
f 1543 1605 1556
f 1543 1606 1605
f 1543 1544 1606
f 1543 1734 1544
f 1543 1733 1734
f 2104 1660 1734
f 1544 2105 1545
f 1544 2106 2105
f 1544 2107 2106
f 1544 1075 2107
f 1544 2107 2108
f 1544 2108 1073
f 1544 1073 2109
f 1544 2109 2110
f 1544 2110 1069
f 1544 1069 2111
f 1544 1067 2111
f 1544 1660 1067
f 1660 1544 1734
f 2106 1077 1066
f 1066 1545 2105
f 1073 2110 2109
f 2110 1069 1067
f 2106 1066 2105
f 2107 1077 2106
f 1067 1069 1073
f 1075 1077 2107
f 1073 2108 1075
f 1073 1071 2110
f 1069 1071 2110
f 1067 1071 2110
f 1069 1067 2111
f 1070 1068 1072
f 2112 2113 1068
f 1068 2113 1072
f 2114 2113 2115
f 2115 2113 1074
f 1072 2113 1074
f 1076 1077 1074
f 1077 1074 2116
f 2115 2117 1074
f 2117 2116 1074
f 2118 1546 2116
f 2116 1546 1066
f 1546 1634 1547
f 1546 2112 1634
f 1546 2113 2112
f 1546 2114 2113
f 1546 2115 2114
f 1546 2117 2115
f 1546 2116 2117
f 1735 2119 1634
f 2119 1548 1547
f 1547 1607 1548
f 1547 1608 1607
f 1547 1475 1608
f 1547 1661 1475
f 1547 1736 1661
f 1547 1735 1736
f 1735 1547 1634
f 1475 2121 1480
f 1475 2122 2121
f 1475 2123 2122
f 1475 2124 2123
f 1475 1085 2124
f 1475 2125 1085
f 1475 2125 2126
f 1475 2126 1081
f 1475 1081 2127
f 1475 1079 2127
f 1475 1661 1079
f 2127 1079 1081
f 1079 1081 1085
f 2121 2122 1089
f 2125 2126 1079
f 1081 2126 1079
f 1078 1480 2121
f 2123 2124 1087
f 1089 2122 2123
f 2124 1085 1087
f 1089 2123 1087
f 1085 2125 1083
f 1083 2125 2126
f 2121 1089 1078
f 1083 2126 1081
f 2125 1081 2126
f 1082 1080 1084
f 2128 2129 1080
f 1080 2129 1084
f 2130 2129 2131
f 2131 2129 1086
f 1084 2129 1086
f 1088 1089 1086
f 1089 1086 2132
f 2131 2133 1086
f 2133 2132 1086
f 2134 1481 2132
f 2132 1481 1078
f 1481 1472 1474
f 1481 1344 1472
f 1481 1635 1344
f 1481 2128 1635
f 1481 2129 2128
f 1481 2130 2129
f 1481 2131 2130
f 1481 2133 2131
f 1481 2132 2133
f 1094 1092 1096
f 2136 2137 1092
f 1092 2137 1096
f 1103 1096 1098
f 2138 1103 2137
f 1103 2137 2139
f 1096 2139 1098
f 1096 2137 2139
f 2140 2139 2141
f 1098 1100 2141
f 1098 2141 2139
f 1101 1102 1100
f 2142 615 2141
f 1100 1102 615
f 1100 615 2141
f 615 1252 610
f 615 2136 1252
f 615 2137 2136
f 615 2138 2137
f 615 2139 2138
f 615 2140 2139
f 615 2141 2140
f 1252 611 610
f 610 612 611
f 610 613 612
f 610 1342 613
f 610 1343 1342
f 610 1252 1343
f 613 1342 616
f 616 1342 1276
f 613 617 616
f 613 1115 617
f 613 2143 1115
f 613 2144 2143
f 613 1113 2144
f 613 2145 1113
f 613 2146 2145
f 613 1109 2146
f 613 2147 1109
f 613 2147 1107
f 613 1107 2148
f 613 2148 1276
f 1276 1342 613
f 618 617 1116
f 2143 1116 1115
f 1115 2143 617
f 2143 2144 617
f 1116 2143 617
f 1115 2143 1114
f 1114 2143 1113
f 1113 2143 1111
f 2144 2145 2143
f 2145 1111 2143
f 2145 2146 1111
f 2146 1109 1111
f 1109 2147 1111
f 1109 2147 1105
f 2147 2148 1105
f 1108 1110 1106
f 2149 1106 2150
f 1106 1110 2150
f 1117 1112 1110
f 2151 1117 2150
f 1117 2150 2152
f 1110 1112 2152
f 1110 2152 2150
f 2153 2152 2154
f 1112 1114 2154
f 1112 2154 2152
f 1115 1116 1114
f 1116 618 1114
f 2155 618 2154
f 1114 618 2154
f 618 1253 666
f 618 1106 1253
f 618 2149 1106
f 618 2150 2149
f 618 2151 2150
f 618 2152 2151
f 618 1117 2152
f 618 2152 2153
f 618 2153 2154
f 1312 683 1253
f 1253 683 666
f 666 684 683
f 666 685 684
f 666 735 685
f 666 1312 735
f 1312 666 1253
f 735 1312 1277
f 735 1277 619
f 735 620 619
f 735 1129 620
f 735 2156 1129
f 735 2157 2156
f 735 1127 2157
f 735 2158 1127
f 735 2158 2159
f 735 2159 1123
f 735 1123 2160
f 735 2160 1121
f 735 1121 2161
f 735 1119 2161
f 735 1277 1119
f 621 620 1130
f 1129 620 2157
f 2156 2157 620
f 1127 1125 2157
f 2158 2157 1125
f 2158 1125 2159
f 2159 1125 2160
f 2160 1125 1123
f 2160 1123 1121
f 1121 1123 2161
f 2161 1123 1119
f 1122 1120 1124
f 2162 2163 1120
f 1120 2163 1124
f 1131 1124 1126
f 2164 1131 2163
f 1131 2163 2165
f 1124 2165 1126
f 1124 2163 2165
f 2166 2165 2167
f 1126 1128 2167
f 1126 2167 2165
f 1129 1130 1128
f 1130 621 1128
f 2168 621 2167
f 1128 621 2167
f 621 1254 667
f 621 2162 1254
f 621 2163 2162
f 621 2164 2163
f 621 2165 2164
f 621 2166 2165
f 621 2167 2166
f 1341 667 1254
f 1341 686 667
f 667 687 686
f 667 688 687
f 667 736 688
f 667 622 736
f 667 1340 622
f 667 1341 1340
f 622 1340 1278
f 622 1143 623
f 622 2169 1143
f 622 2170 2169
f 622 1141 2170
f 622 1141 2171
f 622 2171 2172
f 622 2172 1137
f 622 1137 2173
f 622 2173 1135
f 622 1135 2174
f 622 1133 2174
f 622 1278 1133
f 624 623 1144
f 1143 2170 1144
f 1143 2169 623
f 2169 623 2170
f 1144 2170 623
f 1141 1139 2170
f 2171 2170 1139
f 2171 1139 2172
f 2172 1139 1137
f 1137 2173 1139
f 1135 2173 2174
f 2174 1133 2173
f 1137 2173 1133
f 1136 1138 1134
f 2175 1134 2176
f 1134 1138 2176
f 2177 1145 2176
f 1145 2178 2176
f 1138 1145 2176
f 1140 1142 1145
f 2179 2178 2180
f 1145 1142 2180
f 1145 2180 2178
f 1143 1144 1142
f 2181 624 2180
f 1142 1144 624
f 1142 624 2180
f 624 1255 668
f 624 1134 1255
f 624 2175 1134
f 624 2176 2175
f 624 2177 2176
f 624 2178 2177
f 624 1145 2178
f 624 2178 2179
f 624 2179 2180
f 1339 668 1255
f 668 690 689
f 668 691 690
f 668 737 691
f 668 1338 737
f 668 1339 1338
f 737 1279 625
f 737 1338 1279
f 737 626 625
f 737 1157 626
f 737 2182 1157
f 737 2183 2182
f 737 1155 2183
f 737 2184 1155
f 737 2185 2184
f 737 1151 2185
f 737 2186 1151
f 737 1149 2186
f 737 2187 1149
f 737 1279 2187
f 627 626 1158
f 1157 626 2182
f 2182 626 2183
f 1157 2182 1156
f 1156 2182 1155
f 1155 2182 1154
f 1154 2182 1153
f 2184 1153 2183
f 2182 2183 1153
f 2184 2185 1153
f 2185 2186 1153
f 1153 2186 1151
f 1151 2186 1147
f 2186 2187 1147
f 1150 1152 1148
f 2188 1148 2189
f 1148 1152 2189
f 2190 1159 2189
f 1159 2189 2191
f 1152 1159 2189
f 1154 1159 1156
f 2191 2192 1159
f 2192 2193 1159
f 1159 2193 1156
f 1157 1156 1158
f 2194 627 2193
f 627 1158 2193
f 1156 2193 1158
f 627 1256 669
f 627 1148 1256
f 627 2188 1148
f 627 2189 2188
f 627 2190 2189
f 627 2191 2190
f 627 2192 2191
f 627 2193 2192
f 1304 2195 1256
f 2195 692 669
f 669 693 692
f 669 695 693
f 669 1280 695
f 669 1304 1280
f 1304 669 1256
f 695 1280 628
f 695 629 628
f 695 1171 629
f 695 2196 1171
f 695 2197 2196
f 695 1169 2197
f 695 2198 1169
f 695 2199 2198
f 695 1165 2199
f 695 2200 1165
f 695 2200 1163
f 695 1163 2201
f 695 2201 1280
f 630 629 1172
f 1171 1172 2196
f 1171 2196 629
f 1172 629 2196
f 1171 2196 1170
f 1170 2196 1169
f 1169 1168 2196
f 1168 1167 2196
f 2197 1169 2196
f 1169 2196 2198
f 2196 1167 2198
f 1165 1167 2200
f 2199 2200 2198
f 1167 2198 2200
f 1165 2200 1163
f 1163 2200 1161
f 2200 2201 1161
f 1164 1162 1166
f 2202 2203 1162
f 1162 2203 1166
f 2204 1173 2203
f 1173 2203 2205
f 1166 2203 1173
f 1168 1173 1170
f 2205 2206 1173
f 2206 2207 1173
f 1173 2207 1170
f 1171 1170 1172
f 2208 630 2207
f 630 1172 2207
f 1170 2207 1172
f 630 1257 670
f 630 2202 1257
f 630 2203 2202
f 630 2204 2203
f 630 2205 2204
f 630 2206 2205
f 630 2207 2206
f 1337 2209 1257
f 670 697 696
f 670 738 697
f 670 1336 738
f 670 1337 1336
f 1337 670 1257
f 738 1336 631
f 631 1336 1281
f 738 632 631
f 738 1185 632
f 738 2210 1185
f 738 2211 2210
f 738 1183 2211
f 738 2212 1183
f 738 2213 2212
f 738 1179 2213
f 738 2214 1179
f 738 2214 1177
f 738 1177 2215
f 738 2215 1281
f 1281 1336 738
f 633 1186 632
f 1185 632 2210
f 2210 632 2211
f 1185 2210 1184
f 1184 2210 1183
f 1183 2210 1181
f 1181 2210 2213
f 2212 2213 2211
f 2210 2211 2213
f 1181 2213 1179
f 1179 2214 2213
f 1179 2214 1175
f 2214 2215 1175
f 1178 1180 1176
f 2216 1176 2217
f 1176 1180 2217
f 2218 1187 2217
f 1187 2219 2217
f 1180 1187 2217
f 1182 1184 1187
f 2219 1187 2220
f 2220 1187 2221
f 1187 1184 2221
f 1185 1186 1184
f 2222 633 2221
f 1184 1186 2221
f 2221 1186 633
f 633 1258 671
f 633 1176 1258
f 633 2216 1176
f 633 2217 2216
f 633 2218 2217
f 633 1187 2218
f 633 1187 2219
f 633 2219 2220
f 633 2220 2221
f 1335 671 1258
f 671 699 698
f 671 739 699
f 671 634 739
f 671 1334 634
f 671 1335 1334
f 2223 1334 1282
f 634 1199 635
f 634 2224 1199
f 634 2225 2224
f 634 1197 2225
f 634 2226 1197
f 634 2227 2226
f 634 1193 2227
f 634 2228 1193
f 634 1191 2228
f 634 2229 1191
f 634 1189 2229
f 634 1282 2229
f 1282 634 1334
f 636 635 1200
f 1199 2224 635
f 1199 635 2225
f 2225 635 2224
f 2225 1197 2224
f 1197 1195 2224
f 1195 2226 2224
f 2224 2226 2225
f 1195 2226 2227
f 1195 2226 1193
f 2227 2228 2226
f 2226 2228 1193
f 2229 1189 2228
f 1193 2228 1189
f 1192 1190 1194
f 2230 2231 1190
f 1190 2231 1194
f 2232 1201 2231
f 1201 2233 2231
f 1194 2231 1201
f 1196 1201 1198
f 2233 2234 1201
f 2234 2235 1201
f 1201 2235 1198
f 1199 1198 1200
f 2236 636 2235
f 1198 2235 1200
f 2235 636 1200
f 636 1259 672
f 636 2230 1259
f 636 2231 2230
f 636 2232 2231
f 636 1201 2232
f 636 1201 2233
f 636 2233 2234
f 636 2235 2234
f 1333 2237 1259
f 672 701 700
f 672 740 701
f 672 637 740
f 672 1332 637
f 672 1333 1332
f 1333 672 1259
f 637 1213 638
f 637 2239 1213
f 637 2240 2239
f 637 1211 2240
f 637 2241 1211
f 637 2242 2241
f 637 1207 2242
f 637 2243 1207
f 637 1205 2243
f 637 2244 1205
f 637 1283 2244
f 1283 637 1332
f 639 638 1214
f 1213 2240 638
f 2239 638 2240
f 1212 2240 1211
f 1211 1209 2240
f 1209 2242 2240
f 2241 2240 2242
f 1209 1207 2242
f 1207 2242 2243
f 1207 2243 1205
f 1205 2243 1203
f 2243 2244 1203
f 1206 1208 1204
f 2245 1204 2246
f 1204 1208 2246
f 2247 2246 1215
f 1215 2248 2246
f 1208 1215 2246
f 1210 1212 1215
f 2248 1215 2249
f 2249 1215 2250
f 1215 1212 2250
f 1213 1214 1212
f 2251 639 2250
f 639 1214 2250
f 1212 1214 2250
f 1214 673 639
f 1214 703 673
f 1214 743 703
f 1214 1260 743
f 1214 2245 1260
f 1214 2246 2245
f 1214 2247 2246
f 1214 2248 2247
f 1214 1215 2248
f 1214 2248 2249
f 1214 2249 2250
f 1214 2251 2250
f 1214 639 2251
f 743 703 673
f 743 673 1260
f 496 300 136
f 496 136 602
f 496 602 510
f 492 493 494
f 492 494 491
f 491 494 496
f 491 496 489
f 489 496 510
f 489 510 517
f 517 510 515
f 515 510 512
f 515 512 513
f 515 513 514
f 517 145 153
f 517 153 489
f 486 301 152
f 486 152 600
f 486 600 520
f 482 484 485
f 482 485 481
f 481 485 480
f 480 485 486
f 480 486 520
f 480 520 526
f 526 520 525
f 525 520 521
f 525 521 524
f 524 521 522
f 526 597 161
f 526 161 169
f 526 169 480
f 477 302 168
f 477 168 598
f 477 598 529
f 473 474 475
f 473 475 472
f 472 475 477
f 472 477 471
f 471 477 529
f 471 529 535
f 535 529 530
f 535 530 534
f 534 530 533
f 533 530 532
f 535 177 185
f 535 185 471
f 467 303 184
f 467 184 596
f 467 596 539
f 464 465 466
f 464 466 462
f 462 466 467
f 462 467 461
f 461 467 539
f 461 539 545
f 545 539 540
f 545 540 544
f 544 540 542
f 542 540 541
f 545 593 193
f 545 193 201
f 545 201 461
f 458 304 200
f 458 200 594
f 458 594 548
f 454 455 457
f 454 457 453
f 453 457 458
f 453 458 452
f 452 458 548
f 452 548 554
f 554 548 549
f 554 549 553
f 553 549 551
f 553 551 552
f 554 209 217
f 554 217 452
f 448 305 216
f 448 216 592
f 448 592 558
f 445 446 447
f 445 447 443
f 443 447 448
f 443 448 442
f 442 448 558
f 442 558 564
f 564 558 559
f 564 559 563
f 563 559 560
f 563 560 561
f 564 225 233
f 564 233 442
f 564 443 442
f 439 240 306
f 439 240 232
f 439 232 590
f 439 590 567
f 436 437 435
f 435 437 438
f 435 438 439
f 435 439 434
f 434 439 567
f 434 567 573
f 573 567 572
f 572 567 568
f 572 568 569
f 572 569 571
f 573 241 249
f 573 249 434
f 430 307 248
f 430 248 588
f 430 588 576
f 427 428 426
f 426 428 429
f 426 429 424
f 424 429 430
f 424 430 576
f 424 576 583
f 583 576 578
f 583 578 581
f 581 578 579
f 581 579 580
f 583 257 265
f 583 265 424
