v 0.629999 -0.000939 -1.051000
v 0.630000 0.000000 -1.051000
v 0.630000 0.000000 -0.895000
v -0.630000 0.000000 -0.895000
v -0.630000 0.000000 -1.051000
v -0.629999 -0.000939 -1.051000
v 0.629997 -0.001878 -1.051000
v -0.629997 -0.001878 -1.051000
v 0.629994 -0.002818 -1.051000
v -0.629994 -0.002818 -1.051000
v 0.629989 -0.003757 -1.051000
v -0.629989 -0.003757 -1.051000
v 0.629982 -0.004696 -1.051000
v -0.629982 -0.004696 -1.051000
v 0.629975 -0.005635 -1.051000
v -0.629975 -0.005635 -1.051000
v 0.629966 -0.006574 -1.051000
v -0.629966 -0.006574 -1.051000
v 0.629955 -0.007513 -1.051000
v -0.629955 -0.007513 -1.051000
v 0.629943 -0.008453 -1.051000
v -0.629943 -0.008453 -1.051000
v 0.629930 -0.009392 -1.051000
v -0.629930 -0.009392 -1.051000
v 0.629915 -0.010331 -1.051000
v -0.629915 -0.010331 -1.051000
v 0.629899 -0.011270 -1.051000
v -0.629899 -0.011270 -1.051000
v 0.629882 -0.012209 -1.051000
v -0.629882 -0.012209 -1.051000
v 0.629863 -0.013148 -1.051000
v -0.629863 -0.013148 -1.051000
v 0.629842 -0.014087 -1.051000
v -0.629842 -0.014087 -1.051000
v 0.629821 -0.015026 -1.051000
v -0.629821 -0.015026 -1.051000
v 0.629798 -0.015965 -1.051000
v -0.629798 -0.015965 -1.051000
v 0.629773 -0.016904 -1.051000
v -0.629773 -0.016904 -1.051000
v 0.629747 -0.017843 -1.051000
v -0.629747 -0.017843 -1.051000
v 0.629720 -0.018781 -1.051000
v -0.629720 -0.018781 -1.051000
v 0.629691 -0.019720 -1.051000
v -0.629691 -0.019720 -1.051000
v 0.629661 -0.020659 -1.051000
v -0.629661 -0.020659 -1.051000
v 0.629630 -0.021598 -1.051000
v -0.629630 -0.021598 -1.051000
v 0.629597 -0.022536 -1.051000
v -0.629597 -0.022536 -1.051000
v 0.629562 -0.023475 -1.051000
v -0.629562 -0.023475 -1.051000
v 0.629527 -0.024413 -1.051000
v -0.629527 -0.024413 -1.051000
v 0.629490 -0.025352 -1.051000
v -0.629490 -0.025352 -1.051000
v 0.629451 -0.026290 -1.051000
v -0.629451 -0.026290 -1.051000
v 0.629411 -0.027229 -1.051000
v -0.629411 -0.027229 -1.051000
v 0.629370 -0.028167 -1.051000
v -0.629370 -0.028167 -1.051000
v 0.629327 -0.029105 -1.051000
v -0.629327 -0.029105 -1.051000
v 0.629314 -0.029392 -1.051004
v -0.629314 -0.029392 -1.051004
v 0.629300 -0.029680 -1.051017
v -0.629300 -0.029680 -1.051017
v 0.629287 -0.029966 -1.051037
v -0.626768 -0.063736 -0.895000
v 0.629273 -0.030252 -1.051066
v -0.629287 -0.029966 -1.051037
v 0.629259 -0.030536 -1.051103
v -0.629273 -0.030252 -1.051066
v 0.629246 -0.030820 -1.051148
v -0.629259 -0.030536 -1.051103
v 0.629232 -0.031102 -1.051201
v -0.629246 -0.030820 -1.051148
v 0.629218 -0.031382 -1.051262
v -0.629232 -0.031102 -1.051201
v 0.629204 -0.031661 -1.051330
v -0.629218 -0.031382 -1.051262
v 0.629190 -0.031937 -1.051407
v -0.629204 -0.031661 -1.051330
v 0.629176 -0.032211 -1.051492
v -0.629190 -0.031937 -1.051407
v 0.629162 -0.032483 -1.051584
v -0.629176 -0.032211 -1.051492
v 0.629148 -0.032751 -1.051684
v -0.629162 -0.032483 -1.051584
v 0.629134 -0.033017 -1.051792
v -0.629148 -0.032751 -1.051684
v 0.629120 -0.033279 -1.051907
v -0.629134 -0.033017 -1.051792
v 0.629107 -0.033538 -1.052030
v -0.629120 -0.033279 -1.051907
v 0.629093 -0.033793 -1.052160
v -0.629107 -0.033538 -1.052030
v 0.625404 -0.075962 -1.052160
v -0.629093 -0.033793 -1.052160
v 0.629079 -0.034044 -1.052297
v -0.629079 -0.034044 -1.052297
v 0.629066 -0.034291 -1.052442
v -0.629066 -0.034291 -1.052442
v 0.629053 -0.034534 -1.052593
v -0.629053 -0.034534 -1.052593
v 0.629040 -0.034773 -1.052751
v -0.629040 -0.034773 -1.052751
v 0.629027 -0.035007 -1.052916
v -0.625373 -0.076215 -1.052030
v -0.629027 -0.035007 -1.052916
v 0.629014 -0.035236 -1.053087
v -0.625404 -0.075962 -1.052160
v -0.629014 -0.035236 -1.053087
v 0.625434 -0.075712 -1.052297
v -0.625434 -0.075712 -1.052297
v -0.629001 -0.035460 -1.053265
v 0.629001 -0.035460 -1.053265
v -0.625464 -0.075466 -1.052442
v -0.628989 -0.035679 -1.053449
v 0.625464 -0.075466 -1.052442
v 0.628989 -0.035679 -1.053449
v -0.625493 -0.075224 -1.052593
v -0.628977 -0.035892 -1.053639
v 0.625493 -0.075224 -1.052593
v -0.625521 -0.074987 -1.052751
v -0.628965 -0.036100 -1.053835
v 0.628977 -0.035892 -1.053639
v -0.625549 -0.074755 -1.052916
v -0.628953 -0.036302 -1.054037
v 0.625521 -0.074987 -1.052751
v -0.625576 -0.074527 -1.053087
v -0.628942 -0.036498 -1.054245
v 0.628965 -0.036100 -1.053835
v -0.625603 -0.074304 -1.053265
v -0.628931 -0.036688 -1.054458
v 0.625549 -0.074755 -1.052916
v 0.628953 -0.036302 -1.054037
v -0.625108 -0.078357 -1.051262
v -0.625073 -0.078635 -1.051201
v 0.625576 -0.074527 -1.053087
v -0.625002 -0.079197 -1.051103
v -0.625038 -0.078916 -1.051148
v 0.628942 -0.036498 -1.054245
v -0.624930 -0.079764 -1.051037
v -0.624966 -0.079480 -1.051066
v 0.625603 -0.074304 -1.053265
v -0.624857 -0.080333 -1.051004
v -0.624894 -0.080048 -1.051017
v -0.624577 -0.082481 -1.051000
v -0.624820 -0.080619 -1.051000
v 0.625373 -0.076215 -1.052030
v -0.624329 -0.084343 -1.051000
v 0.625341 -0.076472 -1.051907
v -0.624074 -0.086204 -1.051000
v 0.625310 -0.076733 -1.051792
v -0.623549 -0.089924 -1.051000
v -0.623815 -0.088065 -1.051000
v 0.625277 -0.076997 -1.051684
v -0.623278 -0.091783 -1.051000
v 0.625244 -0.077264 -1.051584
v -0.623002 -0.093641 -1.051000
v 0.625211 -0.077533 -1.051492
v -0.622720 -0.095498 -1.051000
v 0.625177 -0.077806 -1.051407
v -0.617104 -0.126818 -0.895000
v 0.625143 -0.078080 -1.051330
v -0.622432 -0.097354 -1.051000
v 0.625108 -0.078357 -1.051262
v -0.622139 -0.099210 -1.051000
v 0.625073 -0.078635 -1.051201
v -0.621841 -0.101064 -1.051000
v -0.621537 -0.102918 -1.051000
v -0.621227 -0.104771 -1.051000
v -0.620912 -0.106622 -1.051000
v -0.620591 -0.108473 -1.051000
v -0.620265 -0.110323 -1.051000
v -0.619933 -0.112172 -1.051000
v -0.619596 -0.114020 -1.051000
v -0.619253 -0.115867 -1.051000
v -0.618905 -0.117713 -1.051000
v -0.618552 -0.119558 -1.051000
v -0.618192 -0.121401 -1.051000
v -0.617828 -0.123244 -1.051000
v -0.617457 -0.125086 -1.051000
v -0.617082 -0.126926 -1.051000
v -0.628784 -0.039129 -1.061000
v -0.628784 -0.039129 -1.084841
v -0.626026 -0.070653 -1.084841
v -0.612436 -0.147721 -1.061000
v -0.612436 -0.147721 -1.084841
v -0.604246 -0.178288 -1.084841
v -0.577481 -0.251826 -1.061000
v -0.577481 -0.251826 -1.084841
v -0.564107 -0.280505 -1.084841
v -0.524978 -0.348278 -1.061000
v -0.524978 -0.348278 -1.084841
v -0.506828 -0.374200 -1.084841
v -0.456525 -0.434149 -1.061000
v -0.456525 -0.434149 -1.084841
v -0.434149 -0.456525 -1.084841
v -0.374200 -0.506828 -1.061000
v -0.374200 -0.506828 -1.084841
v -0.348278 -0.524978 -1.084841
v -0.280505 -0.564107 -1.061000
v -0.280505 -0.564107 -1.084841
v -0.251826 -0.577481 -1.084841
v -0.178288 -0.604246 -1.061000
v -0.178288 -0.604246 -1.084841
v -0.147721 -0.612436 -1.084841
v -0.070653 -0.626026 -1.061000
v -0.070653 -0.626026 -1.084841
v -0.039129 -0.628784 -1.084841
v 0.039129 -0.628784 -1.061000
v 0.039129 -0.628784 -1.084841
v 0.070653 -0.626026 -1.084841
v 0.147721 -0.612436 -1.061000
v 0.147721 -0.612436 -1.084841
v 0.178288 -0.604246 -1.084841
v 0.251826 -0.577481 -1.061000
v 0.251826 -0.577481 -1.084841
v 0.280505 -0.564107 -1.084841
v 0.348278 -0.524978 -1.061000
v 0.348278 -0.524978 -1.084841
v 0.374200 -0.506828 -1.084841
v 0.434149 -0.456525 -1.061000
v 0.434149 -0.456525 -1.084841
v 0.456525 -0.434149 -1.084841
v 0.506828 -0.374200 -1.061000
v 0.506828 -0.374200 -1.084841
v 0.524978 -0.348278 -1.084841
v 0.564107 -0.280505 -1.061000
v 0.564107 -0.280505 -1.084841
v 0.577481 -0.251826 -1.084841
v 0.604246 -0.178288 -1.061000
v 0.604246 -0.178288 -1.084841
v 0.612436 -0.147721 -1.084841
v 0.626026 -0.070653 -1.061000
v 0.626026 -0.070653 -1.084841
v 0.628784 -0.039129 -1.084841
v -0.626026 -0.070653 -1.061000
v -0.604246 -0.178288 -1.061000
v -0.564107 -0.280505 -1.061000
v -0.506828 -0.374200 -1.061000
v -0.434149 -0.456525 -1.061000
v -0.348278 -0.524978 -1.061000
v -0.251826 -0.577481 -1.061000
v -0.147721 -0.612436 -1.061000
v -0.039129 -0.628784 -1.061000
v 0.070653 -0.626026 -1.061000
v 0.178288 -0.604246 -1.061000
v 0.280505 -0.564107 -1.061000
v 0.374200 -0.506828 -1.061000
v 0.456525 -0.434149 -1.061000
v 0.524978 -0.348278 -1.061000
v 0.577481 -0.251826 -1.061000
v 0.612436 -0.147721 -1.061000
v 0.628784 -0.039129 -1.061000
v -0.628784 -0.039125 -1.060715
v -0.612437 -0.147717 -1.060715
v -0.577482 -0.251822 -1.060715
v -0.524981 -0.348275 -1.060715
v -0.456528 -0.434146 -1.060715
v -0.374203 -0.506825 -1.060715
v -0.280509 -0.564105 -1.060715
v -0.178292 -0.604245 -1.060715
v -0.070657 -0.626025 -1.060715
v 0.039125 -0.628784 -1.060715
v 0.147717 -0.612437 -1.060715
v 0.251822 -0.577482 -1.060715
v 0.348275 -0.524981 -1.060715
v 0.434146 -0.456528 -1.060715
v 0.506825 -0.374203 -1.060715
v 0.564105 -0.280509 -1.060715
v 0.604245 -0.178292 -1.060715
v 0.626025 -0.070657 -1.060715
v -0.628785 -0.039112 -1.060430
v -0.612440 -0.147705 -1.060430
v -0.577487 -0.251811 -1.060430
v -0.524987 -0.348265 -1.060430
v -0.456536 -0.434137 -1.060430
v -0.374213 -0.506818 -1.060430
v -0.280520 -0.564100 -1.060430
v -0.178304 -0.604242 -1.060430
v -0.070669 -0.626024 -1.060430
v 0.039112 -0.628785 -1.060430
v 0.147705 -0.612440 -1.060430
v 0.251811 -0.577487 -1.060430
v 0.348265 -0.524987 -1.060430
v 0.434137 -0.456536 -1.060430
v 0.506818 -0.374213 -1.060430
v 0.564100 -0.280520 -1.060430
v 0.604242 -0.178304 -1.060430
v 0.626024 -0.070669 -1.060430
v -0.628786 -0.039092 -1.060146
v -0.612445 -0.147685 -1.060146
v -0.577495 -0.251792 -1.060146
v -0.524999 -0.348248 -1.060146
v -0.456550 -0.434122 -1.060146
v -0.374230 -0.506806 -1.060146
v -0.280538 -0.564091 -1.060146
v -0.178323 -0.604236 -1.060146
v -0.070690 -0.626022 -1.060146
v 0.039092 -0.628786 -1.060146
v 0.147685 -0.612445 -1.060146
v 0.251792 -0.577495 -1.060146
v 0.348248 -0.524999 -1.060146
v 0.434122 -0.456550 -1.060146
v 0.506806 -0.374230 -1.060146
v 0.564091 -0.280538 -1.060146
v 0.604236 -0.178323 -1.060146
v 0.626022 -0.070690 -1.060146
v -0.628788 -0.039063 -1.059862
v -0.612452 -0.147658 -1.059862
v -0.577507 -0.251766 -1.059862
v -0.525015 -0.348224 -1.059862
v -0.456570 -0.434101 -1.059862
v -0.374253 -0.506789 -1.059862
v -0.280564 -0.564078 -1.059862
v -0.178351 -0.604228 -1.059862
v -0.070718 -0.626018 -1.059862
v 0.039063 -0.628788 -1.059862
v 0.147658 -0.612452 -1.059862
v 0.251766 -0.577507 -1.059862
v 0.348224 -0.525015 -1.059862
v 0.434101 -0.456570 -1.059862
v 0.506789 -0.374253 -1.059862
v 0.564078 -0.280564 -1.059862
v 0.604228 -0.178351 -1.059862
v 0.626018 -0.070718 -1.059862
v -0.628790 -0.039027 -1.059579
v -0.612460 -0.147622 -1.059579
v -0.577522 -0.251732 -1.059579
v -0.525035 -0.348193 -1.059579
v -0.456595 -0.434075 -1.059579
v -0.374282 -0.506767 -1.059579
v -0.280597 -0.564061 -1.059579
v -0.178386 -0.604217 -1.059579
v -0.070755 -0.626014 -1.059579
v 0.039027 -0.628790 -1.059579
v 0.147622 -0.612460 -1.059579
v 0.251732 -0.577522 -1.059579
v 0.348193 -0.525035 -1.059579
v 0.434075 -0.456595 -1.059579
v 0.506767 -0.374282 -1.059579
v 0.564061 -0.280597 -1.059579
v 0.604217 -0.178386 -1.059579
v 0.626014 -0.070755 -1.059579
v -0.628793 -0.038982 -1.059298
v -0.612471 -0.147578 -1.059298
v -0.577539 -0.251691 -1.059298
v -0.525060 -0.348156 -1.059298
v -0.456626 -0.434042 -1.059298
v -0.374318 -0.506740 -1.059298
v -0.280637 -0.564042 -1.059298
v -0.178429 -0.604205 -1.059298
v -0.070799 -0.626009 -1.059298
v 0.038982 -0.628793 -1.059298
v 0.147578 -0.612471 -1.059298
v 0.251691 -0.577539 -1.059298
v 0.348156 -0.525060 -1.059298
v 0.434042 -0.456626 -1.059298
v 0.506740 -0.374318 -1.059298
v 0.564042 -0.280637 -1.059298
v 0.604205 -0.178429 -1.059298
v 0.626009 -0.070799 -1.059298
v -0.628796 -0.038929 -1.059017
v -0.612483 -0.147527 -1.059017
v -0.577560 -0.251643 -1.059017
v -0.525089 -0.348112 -1.059017
v -0.456662 -0.434004 -1.059017
v -0.374361 -0.506709 -1.059017
v -0.280684 -0.564018 -1.059017
v -0.178479 -0.604190 -1.059017
v -0.070851 -0.626003 -1.059017
v 0.038929 -0.628796 -1.059017
v 0.147527 -0.612483 -1.059017
v 0.251643 -0.577560 -1.059017
v 0.348112 -0.525089 -1.059017
v 0.434004 -0.456662 -1.059017
v 0.506709 -0.374361 -1.059017
v 0.564018 -0.280684 -1.059017
v 0.604190 -0.178479 -1.059017
v 0.626003 -0.070851 -1.059017
v -0.628800 -0.038869 -1.058739
v -0.612497 -0.147468 -1.058739
v -0.577585 -0.251587 -1.058739
v -0.525122 -0.348061 -1.058739
v -0.456704 -0.433960 -1.058739
v -0.374410 -0.506673 -1.058739
v -0.280739 -0.563991 -1.058739
v -0.178538 -0.604172 -1.058739
v -0.070912 -0.625996 -1.058739
v 0.038869 -0.628800 -1.058739
v 0.147468 -0.612497 -1.058739
v 0.251587 -0.577585 -1.058739
v 0.348061 -0.525122 -1.058739
v 0.433960 -0.456704 -1.058739
v 0.506673 -0.374410 -1.058739
v 0.563991 -0.280739 -1.058739
v 0.604172 -0.178538 -1.058739
v 0.625996 -0.070912 -1.058739
v -0.628804 -0.038800 -1.058462
v -0.612514 -0.147402 -1.058462
v -0.577612 -0.251524 -1.058462
v -0.525160 -0.348004 -1.058462
v -0.456752 -0.433910 -1.058462
v -0.374465 -0.506632 -1.058462
v -0.280800 -0.563960 -1.058462
v -0.178603 -0.604153 -1.058462
v -0.070980 -0.625989 -1.058462
v 0.038800 -0.628804 -1.058462
v 0.147402 -0.612514 -1.058462
v 0.251524 -0.577612 -1.058462
v 0.348004 -0.525160 -1.058462
v 0.433910 -0.456752 -1.058462
v 0.506632 -0.374465 -1.058462
v 0.563960 -0.280800 -1.058462
v 0.604153 -0.178603 -1.058462
v 0.625989 -0.070980 -1.058462
v -0.626025 -0.070657 -1.060715
v -0.604245 -0.178292 -1.060715
v -0.564105 -0.280509 -1.060715
v -0.506825 -0.374203 -1.060715
v -0.434146 -0.456528 -1.060715
v -0.348275 -0.524981 -1.060715
v -0.251822 -0.577482 -1.060715
v -0.147717 -0.612437 -1.060715
v -0.039125 -0.628784 -1.060715
v 0.070657 -0.626025 -1.060715
v 0.178292 -0.604245 -1.060715
v 0.280509 -0.564105 -1.060715
v 0.374203 -0.506825 -1.060715
v 0.456528 -0.434146 -1.060715
v 0.524981 -0.348275 -1.060715
v 0.577482 -0.251822 -1.060715
v 0.612437 -0.147717 -1.060715
v 0.628784 -0.039125 -1.060715
v -0.628809 -0.038724 -1.058187
v -0.612531 -0.147327 -1.058187
v -0.577643 -0.251454 -1.058187
v -0.525202 -0.347940 -1.058187
v -0.456804 -0.433855 -1.058187
v -0.374526 -0.506587 -1.058187
v -0.280868 -0.563926 -1.058187
v -0.178677 -0.604131 -1.058187
v -0.071056 -0.625980 -1.058187
v 0.038724 -0.628809 -1.058187
v 0.147327 -0.612531 -1.058187
v 0.251454 -0.577643 -1.058187
v 0.347940 -0.525202 -1.058187
v 0.433855 -0.456804 -1.058187
v 0.506587 -0.374526 -1.058187
v 0.563926 -0.280868 -1.058187
v 0.604131 -0.178677 -1.058187
v 0.625980 -0.071056 -1.058187
v -0.626024 -0.070669 -1.060430
v -0.604242 -0.178304 -1.060430
v -0.564100 -0.280520 -1.060430
v -0.506818 -0.374213 -1.060430
v -0.434137 -0.456536 -1.060430
v -0.348265 -0.524987 -1.060430
v -0.251811 -0.577487 -1.060430
v -0.147705 -0.612440 -1.060430
v -0.039112 -0.628785 -1.060430
v 0.070669 -0.626024 -1.060430
v 0.178304 -0.604242 -1.060430
v 0.280520 -0.564100 -1.060430
v 0.374213 -0.506818 -1.060430
v 0.456536 -0.434137 -1.060430
v 0.524987 -0.348265 -1.060430
v 0.577487 -0.251811 -1.060430
v 0.612440 -0.147705 -1.060430
v 0.628785 -0.039112 -1.060430
v -0.628814 -0.038640 -1.057915
v -0.612551 -0.147245 -1.057915
v -0.577676 -0.251377 -1.057915
v -0.525249 -0.347870 -1.057915
v -0.456862 -0.433794 -1.057915
v -0.374594 -0.506537 -1.057915
v -0.280944 -0.563889 -1.057915
v -0.178757 -0.604107 -1.057915
v -0.071139 -0.625971 -1.057915
v 0.038640 -0.628814 -1.057915
v 0.147245 -0.612551 -1.057915
v 0.251377 -0.577676 -1.057915
v 0.347870 -0.525249 -1.057915
v 0.433794 -0.456862 -1.057915
v 0.506537 -0.374594 -1.057915
v 0.563889 -0.280944 -1.057915
v 0.604107 -0.178757 -1.057915
v 0.625971 -0.071139 -1.057915
v -0.626022 -0.070690 -1.060146
v -0.604236 -0.178323 -1.060146
v -0.564091 -0.280538 -1.060146
v -0.506806 -0.374230 -1.060146
v -0.434122 -0.456550 -1.060146
v -0.348248 -0.524999 -1.060146
v -0.251792 -0.577495 -1.060146
v -0.147685 -0.612445 -1.060146
v -0.039092 -0.628786 -1.060146
v 0.070690 -0.626022 -1.060146
v 0.178323 -0.604236 -1.060146
v 0.280538 -0.564091 -1.060146
v 0.374230 -0.506806 -1.060146
v 0.456550 -0.434122 -1.060146
v 0.524999 -0.348248 -1.060146
v 0.577495 -0.251792 -1.060146
v 0.612445 -0.147685 -1.060146
v 0.628786 -0.039092 -1.060146
v -0.628820 -0.038548 -1.057645
v -0.612573 -0.147156 -1.057645
v -0.577713 -0.251292 -1.057645
v -0.525300 -0.347793 -1.057645
v -0.456926 -0.433727 -1.057645
v -0.374668 -0.506482 -1.057645
v -0.281026 -0.563848 -1.057645
v -0.178846 -0.604081 -1.057645
v -0.071231 -0.625960 -1.057645
v 0.038548 -0.628820 -1.057645
v 0.147156 -0.612573 -1.057645
v 0.251292 -0.577713 -1.057645
v 0.347793 -0.525300 -1.057645
v 0.433727 -0.456926 -1.057645
v 0.506482 -0.374668 -1.057645
v 0.563848 -0.281026 -1.057645
v 0.604081 -0.178846 -1.057645
v 0.625960 -0.071231 -1.057645
v -0.626018 -0.070718 -1.059862
v -0.604228 -0.178351 -1.059862
v -0.564078 -0.280564 -1.059862
v -0.506789 -0.374253 -1.059862
v -0.434101 -0.456570 -1.059862
v -0.348224 -0.525015 -1.059862
v -0.251766 -0.577507 -1.059862
v -0.147658 -0.612452 -1.059862
v -0.039063 -0.628788 -1.059862
v 0.070718 -0.626018 -1.059862
v 0.178351 -0.604228 -1.059862
v 0.280564 -0.564078 -1.059862
v 0.374253 -0.506789 -1.059862
v 0.456570 -0.434101 -1.059862
v 0.525015 -0.348224 -1.059862
v 0.577507 -0.251766 -1.059862
v 0.612452 -0.147658 -1.059862
v 0.628788 -0.039063 -1.059862
v -0.628826 -0.038449 -1.057377
v -0.612596 -0.147059 -1.057377
v -0.577753 -0.251201 -1.057377
v -0.525355 -0.347710 -1.057377
v -0.456994 -0.433655 -1.057377
v -0.374748 -0.506423 -1.057377
v -0.281115 -0.563803 -1.057377
v -0.178941 -0.604053 -1.057377
v -0.071330 -0.625949 -1.057377
v 0.038449 -0.628826 -1.057377
v 0.147059 -0.612596 -1.057377
v 0.251201 -0.577753 -1.057377
v 0.347710 -0.525355 -1.057377
v 0.433655 -0.456994 -1.057377
v 0.506423 -0.374748 -1.057377
v 0.563803 -0.281115 -1.057377
v 0.604053 -0.178941 -1.057377
v 0.625949 -0.071330 -1.057377
v -0.626014 -0.070755 -1.059579
v -0.604217 -0.178386 -1.059579
v -0.564061 -0.280597 -1.059579
v -0.506767 -0.374282 -1.059579
v -0.434075 -0.456595 -1.059579
v -0.348193 -0.525035 -1.059579
v -0.251732 -0.577522 -1.059579
v -0.147622 -0.612460 -1.059579
v -0.039027 -0.628790 -1.059579
v 0.070755 -0.626014 -1.059579
v 0.178386 -0.604217 -1.059579
v 0.280597 -0.564061 -1.059579
v 0.374282 -0.506767 -1.059579
v 0.456595 -0.434075 -1.059579
v 0.525035 -0.348193 -1.059579
v 0.577522 -0.251732 -1.059579
v 0.612460 -0.147622 -1.059579
v 0.628790 -0.039027 -1.059579
v -0.628832 -0.038341 -1.057113
v -0.612621 -0.146954 -1.057113
v -0.577795 -0.251102 -1.057113
v -0.525414 -0.347621 -1.057113
v -0.457068 -0.433577 -1.057113
v -0.374834 -0.506359 -1.057113
v -0.281212 -0.563755 -1.057113
v -0.179044 -0.604022 -1.057113
v -0.071437 -0.625937 -1.057113
v 0.038341 -0.628832 -1.057113
v 0.146954 -0.612621 -1.057113
v 0.251102 -0.577795 -1.057113
v 0.347621 -0.525414 -1.057113
v 0.433577 -0.457068 -1.057113
v 0.506359 -0.374834 -1.057113
v 0.563755 -0.281212 -1.057113
v 0.604022 -0.179044 -1.057113
v 0.625937 -0.071437 -1.057113
v -0.626009 -0.070799 -1.059298
v -0.604205 -0.178429 -1.059298
v -0.564042 -0.280637 -1.059298
v -0.506740 -0.374318 -1.059298
v -0.434042 -0.456626 -1.059298
v -0.348156 -0.525060 -1.059298
v -0.251691 -0.577539 -1.059298
v -0.147578 -0.612471 -1.059298
v -0.038982 -0.628793 -1.059298
v 0.070799 -0.626009 -1.059298
v 0.178429 -0.604205 -1.059298
v 0.280637 -0.564042 -1.059298
v 0.374318 -0.506740 -1.059298
v 0.456626 -0.434042 -1.059298
v 0.525060 -0.348156 -1.059298
v 0.577539 -0.251691 -1.059298
v 0.612471 -0.147578 -1.059298
v 0.628793 -0.038982 -1.059298
v -0.628839 -0.038227 -1.056852
v -0.612648 -0.146843 -1.056852
v -0.577841 -0.250997 -1.056852
v -0.525477 -0.347525 -1.056852
v -0.457147 -0.433493 -1.056852
v -0.374927 -0.506290 -1.056852
v -0.281314 -0.563704 -1.056852
v -0.179155 -0.603990 -1.056852
v -0.071551 -0.625924 -1.056852
v 0.038227 -0.628839 -1.056852
v 0.146843 -0.612648 -1.056852
v 0.250997 -0.577841 -1.056852
v 0.347525 -0.525477 -1.056852
v 0.433493 -0.457147 -1.056852
v 0.506290 -0.374927 -1.056852
v 0.563704 -0.281314 -1.056852
v 0.603990 -0.179155 -1.056852
v 0.625924 -0.071551 -1.056852
v -0.626003 -0.070851 -1.059017
v -0.604190 -0.178479 -1.059017
v -0.564018 -0.280684 -1.059017
v -0.506709 -0.374361 -1.059017
v -0.434004 -0.456662 -1.059017
v -0.348112 -0.525089 -1.059017
v -0.251643 -0.577560 -1.059017
v -0.147527 -0.612483 -1.059017
v -0.038929 -0.628796 -1.059017
v 0.070851 -0.626003 -1.059017
v 0.178479 -0.604190 -1.059017
v 0.280684 -0.564018 -1.059017
v 0.374361 -0.506709 -1.059017
v 0.456662 -0.434004 -1.059017
v 0.525089 -0.348112 -1.059017
v 0.577560 -0.251643 -1.059017
v 0.612483 -0.147527 -1.059017
v 0.628796 -0.038929 -1.059017
v -0.625996 -0.070912 -1.058739
v -0.604172 -0.178538 -1.058739
v -0.563991 -0.280739 -1.058739
v -0.506673 -0.374410 -1.058739
v -0.433960 -0.456704 -1.058739
v -0.348061 -0.525122 -1.058739
v -0.251587 -0.577585 -1.058739
v -0.147468 -0.612497 -1.058739
v -0.038869 -0.628800 -1.058739
v 0.070912 -0.625996 -1.058739
v 0.178538 -0.604172 -1.058739
v 0.280739 -0.563991 -1.058739
v 0.374410 -0.506673 -1.058739
v 0.456704 -0.433960 -1.058739
v 0.525122 -0.348061 -1.058739
v 0.577585 -0.251587 -1.058739
v 0.612497 -0.147468 -1.058739
v 0.628800 -0.038869 -1.058739
v -0.628847 -0.038104 -1.056594
v -0.612676 -0.146723 -1.056594
v -0.577890 -0.250884 -1.056594
v -0.525545 -0.347423 -1.056594
v -0.457232 -0.433404 -1.056594
v -0.375025 -0.506217 -1.056594
v -0.281424 -0.563649 -1.056594
v -0.179272 -0.603955 -1.056594
v -0.071673 -0.625910 -1.056594
v 0.038104 -0.628847 -1.056594
v 0.146723 -0.612676 -1.056594
v 0.250884 -0.577890 -1.056594
v 0.347423 -0.525545 -1.056594
v 0.433404 -0.457232 -1.056594
v 0.506217 -0.375025 -1.056594
v 0.563649 -0.281424 -1.056594
v 0.603955 -0.179272 -1.056594
v 0.625910 -0.071673 -1.056594
v -0.604153 -0.178603 -1.058462
v -0.563960 -0.280800 -1.058462
v -0.506632 -0.374465 -1.058462
v -0.433910 -0.456752 -1.058462
v -0.348004 -0.525160 -1.058462
v -0.251524 -0.577612 -1.058462
v -0.147402 -0.612514 -1.058462
v -0.038800 -0.628804 -1.058462
v 0.070980 -0.625989 -1.058462
v 0.178603 -0.604153 -1.058462
v 0.280800 -0.563960 -1.058462
v 0.374465 -0.506632 -1.058462
v 0.456752 -0.433910 -1.058462
v 0.525160 -0.348004 -1.058462
v 0.577612 -0.251524 -1.058462
v 0.612514 -0.147402 -1.058462
v 0.628804 -0.038800 -1.058462
v -0.612707 -0.146597 -1.056340
v -0.577942 -0.250765 -1.056340
v -0.525617 -0.347314 -1.056340
v -0.457321 -0.433310 -1.056340
v -0.375130 -0.506140 -1.056340
v -0.281540 -0.563591 -1.056340
v -0.179396 -0.603918 -1.056340
v -0.071802 -0.625895 -1.056340
v 0.037975 -0.628854 -1.056340
v 0.146597 -0.612707 -1.056340
v 0.250765 -0.577942 -1.056340
v 0.347314 -0.525617 -1.056340
v 0.433310 -0.457321 -1.056340
v 0.506140 -0.375130 -1.056340
v 0.563591 -0.281540 -1.056340
v 0.603918 -0.179396 -1.056340
v 0.625895 -0.071802 -1.056340
v -0.604131 -0.178677 -1.058187
v -0.563926 -0.280868 -1.058187
v -0.506587 -0.374526 -1.058187
v -0.433855 -0.456804 -1.058187
v -0.347940 -0.525202 -1.058187
v -0.251454 -0.577643 -1.058187
v -0.147327 -0.612531 -1.058187
v -0.038724 -0.628809 -1.058187
v 0.071056 -0.625980 -1.058187
v 0.178677 -0.604131 -1.058187
v 0.280868 -0.563926 -1.058187
v 0.374526 -0.506587 -1.058187
v 0.456804 -0.433855 -1.058187
v 0.525202 -0.347940 -1.058187
v 0.577643 -0.251454 -1.058187
v 0.612531 -0.147327 -1.058187
v 0.628809 -0.038724 -1.058187
v -0.612738 -0.146464 -1.056089
v -0.577996 -0.250640 -1.056089
v -0.525692 -0.347200 -1.056089
v -0.457415 -0.433211 -1.056089
v -0.375240 -0.506058 -1.056089
v -0.281663 -0.563530 -1.056089
v -0.179528 -0.603879 -1.056089
v -0.071938 -0.625879 -1.056089
v 0.037838 -0.628863 -1.056089
v 0.146464 -0.612738 -1.056089
v 0.250640 -0.577996 -1.056089
v 0.347200 -0.525692 -1.056089
v 0.433211 -0.457415 -1.056089
v 0.506058 -0.375240 -1.056089
v 0.563530 -0.281663 -1.056089
v 0.603879 -0.179528 -1.056089
v 0.625879 -0.071938 -1.056089
v 0.625725 -0.073271 -1.054245
v 0.628871 -0.037694 -1.055843
v 0.628880 -0.037543 -1.055601
v 0.625747 -0.073082 -1.054458
v 0.628863 -0.037838 -1.056089
v 0.625768 -0.072899 -1.054677
v 0.628854 -0.037975 -1.056340
v 0.625789 -0.072722 -1.054901
v 0.628847 -0.038104 -1.056594
v 0.628839 -0.038227 -1.056852
v 0.625808 -0.072552 -1.055129
v 0.628832 -0.038341 -1.057113
v 0.625827 -0.072388 -1.055363
v 0.628826 -0.038449 -1.057377
v 0.625846 -0.072231 -1.055601
v 0.628820 -0.038548 -1.057645
v 0.625863 -0.072081 -1.055843
v 0.628814 -0.038640 -1.057915
v 0.625702 -0.073466 -1.054037
v 0.628890 -0.037385 -1.055363
v 0.625678 -0.073667 -1.053835
v 0.628900 -0.037221 -1.055129
v 0.625654 -0.073874 -1.053639
v 0.628910 -0.037050 -1.054901
v 0.625629 -0.074086 -1.053449
v 0.628920 -0.036872 -1.054677
v 0.628931 -0.036688 -1.054458
v 0.625038 -0.078916 -1.051148
v 0.625002 -0.079197 -1.051103
v 0.624966 -0.079480 -1.051066
v 0.624930 -0.079764 -1.051037
v 0.624894 -0.080048 -1.051017
v 0.624857 -0.080333 -1.051004
v 0.624820 -0.080619 -1.051000
v 0.614712 -0.137944 -1.051000
v 0.615121 -0.136111 -1.051000
v 0.614649 -0.138225 -1.051004
v 0.614586 -0.138505 -1.051017
v 0.614523 -0.138785 -1.051037
v 0.614460 -0.139064 -1.051066
v 0.614397 -0.139342 -1.051103
v 0.614334 -0.139619 -1.051148
v 0.614272 -0.139894 -1.051201
v 0.601585 -0.187070 -1.051037
v 0.614209 -0.140168 -1.051262
v 0.601670 -0.186797 -1.051066
v 0.614147 -0.140440 -1.051330
v 0.601755 -0.186525 -1.051103
v 0.614085 -0.140710 -1.051407
v 0.601839 -0.186253 -1.051148
v 0.614024 -0.140977 -1.051492
v 0.601922 -0.185984 -1.051201
v 0.613963 -0.141242 -1.051584
v 0.602005 -0.185715 -1.051262
v 0.613903 -0.141504 -1.051684
v 0.602087 -0.185449 -1.051330
v 0.613843 -0.141763 -1.051792
v 0.602168 -0.185184 -1.051407
v 0.613784 -0.142019 -1.051907
v 0.602249 -0.184922 -1.051492
v 0.613725 -0.142271 -1.052030
v 0.602329 -0.184663 -1.051584
v 0.613668 -0.142520 -1.052160
v 0.602407 -0.184405 -1.051684
v 0.613611 -0.142765 -1.052297
v -0.625989 -0.070980 -1.058462
v -0.628854 -0.037975 -1.056340
v -0.625980 -0.071056 -1.058187
v -0.628863 -0.037838 -1.056089
v -0.625971 -0.071139 -1.057915
v -0.628871 -0.037694 -1.055843
v -0.625960 -0.071231 -1.057645
v -0.628880 -0.037543 -1.055601
v -0.625949 -0.071330 -1.057377
v -0.628890 -0.037385 -1.055363
v -0.625937 -0.071437 -1.057113
v -0.628900 -0.037221 -1.055129
v -0.625924 -0.071551 -1.056852
v -0.628910 -0.037050 -1.054901
v -0.625910 -0.071673 -1.056594
v -0.625895 -0.071802 -1.056340
v -0.628920 -0.036872 -1.054677
v -0.625879 -0.071938 -1.056089
v -0.625863 -0.072081 -1.055843
v -0.625846 -0.072231 -1.055601
v -0.625827 -0.072388 -1.055363
v -0.625808 -0.072552 -1.055129
v -0.625789 -0.072722 -1.054901
v -0.625768 -0.072899 -1.054677
v -0.625747 -0.073082 -1.054458
v -0.625725 -0.073271 -1.054245
v -0.625702 -0.073466 -1.054037
v -0.625678 -0.073667 -1.053835
v -0.625654 -0.073874 -1.053639
v -0.625629 -0.074086 -1.053449
v -0.625341 -0.076472 -1.051907
v -0.625310 -0.076733 -1.051792
v -0.625277 -0.076997 -1.051684
v -0.625244 -0.077264 -1.051584
v -0.625211 -0.077533 -1.051492
v -0.625177 -0.077806 -1.051407
v -0.625143 -0.078080 -1.051330
v -0.616700 -0.128765 -1.051000
v -0.616314 -0.130604 -1.051000
v -0.615922 -0.132441 -1.051000
v -0.615524 -0.134276 -1.051000
v -0.615121 -0.136111 -1.051000
v -0.613339 -0.143928 -1.053087
v -0.601670 -0.186797 -1.051066
v -0.478018 -0.410365 -0.895000
v -0.601585 -0.187070 -1.051037
v -0.434049 -0.456619 -0.895000
v -0.385627 -0.498189 -0.895000
v -0.333247 -0.534646 -0.895000
v -0.277448 -0.565617 -0.895000
v -0.218802 -0.590784 -0.895000
v -0.157911 -0.609889 -0.895000
v -0.095399 -0.622735 -0.895000
v -0.031909 -0.629191 -0.895000
v 0.031909 -0.629191 -0.895000
v 0.095399 -0.622735 -0.895000
v 0.157911 -0.609889 -0.895000
v 0.218802 -0.590784 -0.895000
v 0.277448 -0.565617 -0.895000
v 0.333247 -0.534646 -0.895000
v 0.385627 -0.498189 -0.895000
v 0.434049 -0.456619 -0.895000
v 0.478018 -0.410365 -0.895000
v 0.517081 -0.359899 -0.895000
v 0.550838 -0.305740 -0.895000
v 0.578943 -0.248444 -0.895000
v 0.601108 -0.188599 -0.895000
v 0.617104 -0.126818 -0.895000
v 0.626768 -0.063736 -0.895000
v -0.602857 -0.182930 -1.052442
v -0.613288 -0.144146 -1.053265
v -0.613238 -0.144359 -1.053449
v -0.602928 -0.182697 -1.052593
v -0.613189 -0.144568 -1.053639
v -0.604107 -0.178757 -1.057915
v -0.612772 -0.146324 -1.055843
v -0.604081 -0.178846 -1.057645
v -0.612807 -0.146176 -1.055601
v -0.604053 -0.178941 -1.057377
v -0.612844 -0.146023 -1.055363
v -0.604022 -0.179044 -1.057113
v -0.612882 -0.145862 -1.055129
v -0.603990 -0.179155 -1.056852
v -0.612921 -0.145696 -1.054901
v -0.603955 -0.179272 -1.056594
v -0.603918 -0.179396 -1.056340
v -0.612963 -0.145523 -1.054677
v -0.603879 -0.179528 -1.056089
v -0.613005 -0.145344 -1.054458
v -0.603838 -0.179666 -1.055843
v -0.613049 -0.145158 -1.054245
v -0.603795 -0.179811 -1.055601
v -0.613094 -0.144967 -1.054037
v -0.603750 -0.179962 -1.055363
v -0.613141 -0.144770 -1.053835
v -0.603702 -0.180120 -1.055129
v -0.603653 -0.180284 -1.054901
v -0.603603 -0.180455 -1.054677
v -0.603550 -0.180631 -1.054458
v -0.603495 -0.180814 -1.054245
v -0.603439 -0.181002 -1.054037
v -0.603381 -0.181196 -1.053835
v -0.603321 -0.181395 -1.053639
v -0.603259 -0.181600 -1.053449
v -0.603196 -0.181810 -1.053265
v -0.603131 -0.182025 -1.053087
v -0.603065 -0.182244 -1.052916
v -0.602997 -0.182469 -1.052751
v -0.602785 -0.183167 -1.052297
v -0.602712 -0.183408 -1.052160
v -0.602637 -0.183652 -1.052030
v -0.602562 -0.183900 -1.051907
v -0.602485 -0.184151 -1.051792
v -0.602407 -0.184405 -1.051684
v -0.602329 -0.184663 -1.051584
v -0.602249 -0.184922 -1.051492
v -0.602168 -0.185184 -1.051407
v -0.602087 -0.185449 -1.051330
v -0.602005 -0.185715 -1.051262
v -0.601922 -0.185984 -1.051201
v -0.601839 -0.186253 -1.051148
v -0.601755 -0.186525 -1.051103
v -0.601500 -0.187344 -1.051017
v -0.601415 -0.187618 -1.051004
v -0.601329 -0.187893 -1.051000
v -0.600766 -0.189685 -1.051000
v -0.559961 -0.288692 -1.051037
v -0.581420 -0.242592 -1.051000
v -0.581309 -0.242858 -1.051004
v -0.581198 -0.243123 -1.051017
v -0.581087 -0.243388 -1.051037
v -0.580977 -0.243651 -1.051066
v -0.580866 -0.243914 -1.051103
v -0.580756 -0.244176 -1.051148
v -0.580647 -0.244436 -1.051201
v -0.580538 -0.244695 -1.051262
v -0.580430 -0.244952 -1.051330
v -0.560092 -0.288438 -1.051066
v -0.580322 -0.245207 -1.051407
v -0.560223 -0.288184 -1.051103
v -0.580215 -0.245459 -1.051492
v -0.560353 -0.287932 -1.051148
v -0.580109 -0.245710 -1.051584
v -0.560482 -0.287681 -1.051201
v -0.580004 -0.245957 -1.051684
v -0.560610 -0.287431 -1.051262
v -0.579900 -0.246202 -1.051792
v -0.560737 -0.287183 -1.051330
v -0.579798 -0.246444 -1.051907
v -0.560863 -0.286937 -1.051407
v -0.579696 -0.246682 -1.052030
v -0.560988 -0.286692 -1.051492
v -0.579596 -0.246917 -1.052160
v -0.561112 -0.286450 -1.051584
v -0.579498 -0.247149 -1.052297
v -0.561234 -0.286211 -1.051684
v -0.579400 -0.247376 -1.052442
v -0.561355 -0.285974 -1.051792
v -0.579305 -0.247600 -1.052593
v -0.561474 -0.285740 -1.051907
v -0.579211 -0.247820 -1.052751
v -0.561591 -0.285509 -1.052030
v -0.579119 -0.248035 -1.052916
v -0.561707 -0.285281 -1.052160
v -0.579028 -0.248246 -1.053087
v -0.561821 -0.285057 -1.052297
v -0.578940 -0.248452 -1.053265
v -0.561933 -0.284836 -1.052442
v -0.578853 -0.248654 -1.053449
v -0.562043 -0.284619 -1.052593
v -0.578769 -0.248850 -1.053639
v -0.563889 -0.280944 -1.057915
v -0.578054 -0.250507 -1.055843
v -0.563848 -0.281026 -1.057645
v -0.578114 -0.250369 -1.055601
v -0.563803 -0.281115 -1.057377
v -0.578177 -0.250224 -1.055363
v -0.563755 -0.281212 -1.057113
v -0.578242 -0.250072 -1.055129
v -0.563704 -0.281314 -1.056852
v -0.578310 -0.249915 -1.054901
v -0.563649 -0.281424 -1.056594
v -0.563591 -0.281540 -1.056340
v -0.578381 -0.249752 -1.054677
v -0.563530 -0.281663 -1.056089
v -0.578454 -0.249583 -1.054458
v -0.563465 -0.281792 -1.055843
v -0.578529 -0.249408 -1.054245
v -0.563398 -0.281927 -1.055601
v -0.578607 -0.249227 -1.054037
v -0.563327 -0.282068 -1.055363
v -0.578687 -0.249042 -1.053835
v -0.563253 -0.282216 -1.055129
v -0.563177 -0.282369 -1.054901
v -0.563097 -0.282528 -1.054677
v -0.563014 -0.282692 -1.054458
v -0.562929 -0.282863 -1.054245
v -0.562841 -0.283038 -1.054037
v -0.562750 -0.283219 -1.053835
v -0.562656 -0.283405 -1.053639
v -0.562560 -0.283596 -1.053449
v -0.562461 -0.283792 -1.053265
v -0.562360 -0.283992 -1.053087
v -0.562256 -0.284197 -1.052916
v -0.562151 -0.284406 -1.052751
v -0.559830 -0.288947 -1.051017
v -0.559698 -0.289202 -1.051004
v -0.559566 -0.289458 -1.051000
v -0.558700 -0.291125 -1.051000
v -0.501324 -0.381543 -1.051037
v -0.530461 -0.339869 -1.051000
v -0.530306 -0.340112 -1.051004
v -0.530150 -0.340353 -1.051017
v -0.529995 -0.340595 -1.051037
v -0.529841 -0.340835 -1.051066
v -0.529686 -0.341075 -1.051103
v -0.529533 -0.341314 -1.051148
v -0.529380 -0.341551 -1.051201
v -0.529227 -0.341787 -1.051262
v -0.529076 -0.342021 -1.051330
v -0.501497 -0.381315 -1.051066
v -0.528926 -0.342253 -1.051407
v -0.501669 -0.381088 -1.051103
v -0.528777 -0.342484 -1.051492
v -0.501841 -0.380862 -1.051148
v -0.528629 -0.342712 -1.051584
v -0.502011 -0.380637 -1.051201
v -0.528483 -0.342937 -1.051684
v -0.502181 -0.380413 -1.051262
v -0.528338 -0.343160 -1.051792
v -0.502349 -0.380191 -1.051330
v -0.528195 -0.343380 -1.051907
v -0.502516 -0.379970 -1.051407
v -0.528054 -0.343598 -1.052030
v -0.502682 -0.379751 -1.051492
v -0.527914 -0.343812 -1.052160
v -0.502845 -0.379535 -1.051584
v -0.527777 -0.344023 -1.052297
v -0.503007 -0.379320 -1.051684
v -0.527642 -0.344230 -1.052442
v -0.503167 -0.379108 -1.051792
v -0.527509 -0.344434 -1.052593
v -0.503325 -0.378898 -1.051907
v -0.527378 -0.344634 -1.052751
v -0.503481 -0.378691 -1.052030
v -0.527250 -0.344830 -1.052916
v -0.503635 -0.378487 -1.052160
v -0.527124 -0.345022 -1.053087
v -0.503786 -0.378285 -1.052297
v -0.527001 -0.345210 -1.053265
v -0.503934 -0.378087 -1.052442
v -0.526881 -0.345393 -1.053449
v -0.504080 -0.377893 -1.052593
v -0.526764 -0.345572 -1.053639
v -0.506537 -0.374594 -1.057915
v -0.525772 -0.347079 -1.055843
v -0.506482 -0.374668 -1.057645
v -0.525855 -0.346953 -1.055601
v -0.506423 -0.374748 -1.057377
v -0.525942 -0.346821 -1.055363
v -0.506359 -0.374834 -1.057113
v -0.526033 -0.346684 -1.055129
v -0.506290 -0.374927 -1.056852
v -0.526127 -0.346541 -1.054901
v -0.506217 -0.375025 -1.056594
v -0.506140 -0.375130 -1.056340
v -0.526225 -0.346392 -1.054677
v -0.506058 -0.375240 -1.056089
v -0.526326 -0.346238 -1.054458
v -0.505973 -0.375356 -1.055843
v -0.526431 -0.346079 -1.054245
v -0.505882 -0.375477 -1.055601
v -0.526538 -0.345915 -1.054037
v -0.505788 -0.375604 -1.055363
v -0.526650 -0.345746 -1.053835
v -0.505690 -0.375736 -1.055129
v -0.505588 -0.375874 -1.054901
v -0.505482 -0.376016 -1.054677
v -0.505372 -0.376164 -1.054458
v -0.505258 -0.376317 -1.054245
v -0.505141 -0.376474 -1.054037
v -0.505020 -0.376637 -1.053835
v -0.504895 -0.376803 -1.053639
v -0.504767 -0.376975 -1.053449
v -0.504636 -0.377150 -1.053265
v -0.504502 -0.377330 -1.053087
v -0.504364 -0.377514 -1.052916
v -0.504224 -0.377701 -1.052751
v -0.501150 -0.381771 -1.051017
v -0.500976 -0.381999 -1.051004
v -0.500801 -0.382228 -1.051000
v -0.499659 -0.383719 -1.051000
v -0.427663 -0.462606 -1.051066
v -0.463384 -0.426820 -1.051000
v -0.463189 -0.427031 -1.051004
v -0.462995 -0.427242 -1.051017
v -0.462800 -0.427453 -1.051037
v -0.462606 -0.427663 -1.051066
v -0.462412 -0.427872 -1.051103
v -0.462219 -0.428081 -1.051148
v -0.462027 -0.428288 -1.051201
v -0.461837 -0.428494 -1.051262
v -0.461647 -0.428698 -1.051330
v -0.427872 -0.462412 -1.051103
v -0.461459 -0.428901 -1.051407
v -0.428081 -0.462219 -1.051148
v -0.461272 -0.429102 -1.051492
v -0.428288 -0.462027 -1.051201
v -0.461087 -0.429301 -1.051584
v -0.428494 -0.461837 -1.051262
v -0.460903 -0.429497 -1.051684
v -0.428698 -0.461647 -1.051330
v -0.460722 -0.429692 -1.051792
v -0.428901 -0.461459 -1.051407
v -0.460543 -0.429884 -1.051907
v -0.429102 -0.461272 -1.051492
v -0.460366 -0.430073 -1.052030
v -0.429301 -0.461087 -1.051584
v -0.460192 -0.430260 -1.052160
v -0.429497 -0.460903 -1.051684
v -0.460020 -0.430444 -1.052297
v -0.429692 -0.460722 -1.051792
v -0.459851 -0.430624 -1.052442
v -0.459684 -0.430802 -1.052593
v -0.459521 -0.430976 -1.052751
v -0.429884 -0.460543 -1.051907
v -0.459361 -0.431147 -1.052916
v -0.430073 -0.460366 -1.052030
v -0.459203 -0.431314 -1.053087
v -0.430260 -0.460192 -1.052160
v -0.459050 -0.431478 -1.053265
v -0.430444 -0.460020 -1.052297
v -0.458900 -0.431638 -1.053449
v -0.430624 -0.459851 -1.052442
v -0.458753 -0.431793 -1.053639
v -0.430802 -0.459684 -1.052593
v -0.433794 -0.456862 -1.057915
v -0.457514 -0.433106 -1.055843
v -0.433727 -0.456926 -1.057645
v -0.457618 -0.432996 -1.055601
v -0.433655 -0.456994 -1.057377
v -0.457727 -0.432881 -1.055363
v -0.433577 -0.457068 -1.057113
v -0.457840 -0.432762 -1.055129
v -0.433493 -0.457147 -1.056852
v -0.457958 -0.432637 -1.054901
v -0.433404 -0.457232 -1.056594
v -0.433310 -0.457321 -1.056340
v -0.458080 -0.432508 -1.054677
v -0.433211 -0.457415 -1.056089
v -0.458206 -0.432374 -1.054458
v -0.433106 -0.457514 -1.055843
v -0.458337 -0.432235 -1.054245
v -0.432996 -0.457618 -1.055601
v -0.458472 -0.432092 -1.054037
v -0.432881 -0.457727 -1.055363
v -0.458610 -0.431945 -1.053835
v -0.432762 -0.457840 -1.055129
v -0.432637 -0.457958 -1.054901
v -0.432508 -0.458080 -1.054677
v -0.432374 -0.458206 -1.054458
v -0.432235 -0.458337 -1.054245
v -0.432092 -0.458472 -1.054037
v -0.431945 -0.458610 -1.053835
v -0.431793 -0.458753 -1.053639
v -0.431638 -0.458900 -1.053449
v -0.431478 -0.459050 -1.053265
v -0.431314 -0.459203 -1.053087
v -0.431147 -0.459361 -1.052916
v -0.430976 -0.459521 -1.052751
v -0.427453 -0.462800 -1.051037
v -0.427242 -0.462995 -1.051017
v -0.427031 -0.463189 -1.051004
v -0.426820 -0.463384 -1.051000
v -0.425436 -0.464655 -1.051000
v -0.340835 -0.529841 -1.051066
v -0.382228 -0.500801 -1.051000
v -0.381999 -0.500976 -1.051004
v -0.381771 -0.501150 -1.051017
v -0.381543 -0.501324 -1.051037
v -0.381315 -0.501497 -1.051066
v -0.381088 -0.501669 -1.051103
v -0.380862 -0.501841 -1.051148
v -0.380637 -0.502011 -1.051201
v -0.380413 -0.502181 -1.051262
v -0.380191 -0.502349 -1.051330
v -0.341075 -0.529686 -1.051103
v -0.379970 -0.502516 -1.051407
v -0.341314 -0.529533 -1.051148
v -0.379751 -0.502682 -1.051492
v -0.341551 -0.529380 -1.051201
v -0.379535 -0.502845 -1.051584
v -0.341787 -0.529227 -1.051262
v -0.379320 -0.503007 -1.051684
v -0.342021 -0.529076 -1.051330
v -0.379108 -0.503167 -1.051792
v -0.342253 -0.528926 -1.051407
v -0.378898 -0.503325 -1.051907
v -0.342484 -0.528777 -1.051492
v -0.378691 -0.503481 -1.052030
v -0.342712 -0.528629 -1.051584
v -0.378487 -0.503635 -1.052160
v -0.342937 -0.528483 -1.051684
v -0.378285 -0.503786 -1.052297
v -0.343160 -0.528338 -1.051792
v -0.378087 -0.503934 -1.052442
v -0.377893 -0.504080 -1.052593
v -0.377701 -0.504224 -1.052751
v -0.343380 -0.528195 -1.051907
v -0.377514 -0.504364 -1.052916
v -0.343598 -0.528054 -1.052030
v -0.377330 -0.504502 -1.053087
v -0.343812 -0.527914 -1.052160
v -0.377150 -0.504636 -1.053265
v -0.344023 -0.527777 -1.052297
v -0.376975 -0.504767 -1.053449
v -0.344230 -0.527642 -1.052442
v -0.376803 -0.504895 -1.053639
v -0.344434 -0.527509 -1.052593
v -0.347870 -0.525249 -1.057915
v -0.375356 -0.505973 -1.055843
v -0.347793 -0.525300 -1.057645
v -0.375477 -0.505882 -1.055601
v -0.347710 -0.525355 -1.057377
v -0.375604 -0.505788 -1.055363
v -0.347621 -0.525414 -1.057113
v -0.375736 -0.505690 -1.055129
v -0.347525 -0.525477 -1.056852
v -0.375874 -0.505588 -1.054901
v -0.347423 -0.525545 -1.056594
v -0.347314 -0.525617 -1.056340
v -0.376016 -0.505482 -1.054677
v -0.347200 -0.525692 -1.056089
v -0.376164 -0.505372 -1.054458
v -0.347079 -0.525772 -1.055843
v -0.376317 -0.505258 -1.054245
v -0.346953 -0.525855 -1.055601
v -0.376474 -0.505141 -1.054037
v -0.346821 -0.525942 -1.055363
v -0.376637 -0.505020 -1.053835
v -0.346684 -0.526033 -1.055129
v -0.346541 -0.526127 -1.054901
v -0.346392 -0.526225 -1.054677
v -0.346238 -0.526326 -1.054458
v -0.346079 -0.526431 -1.054245
v -0.345915 -0.526538 -1.054037
v -0.345746 -0.526650 -1.053835
v -0.345572 -0.526764 -1.053639
v -0.345393 -0.526881 -1.053449
v -0.345210 -0.527001 -1.053265
v -0.345022 -0.527124 -1.053087
v -0.344830 -0.527250 -1.052916
v -0.344634 -0.527378 -1.052751
v -0.340595 -0.529995 -1.051037
v -0.340353 -0.530150 -1.051017
v -0.340112 -0.530306 -1.051004
v -0.339869 -0.530461 -1.051000
v -0.338286 -0.531472 -1.051000
v -0.243651 -0.580977 -1.051066
v -0.289458 -0.559566 -1.051000
v -0.289202 -0.559698 -1.051004
v -0.288947 -0.559830 -1.051017
v -0.288692 -0.559961 -1.051037
v -0.288438 -0.560092 -1.051066
v -0.288184 -0.560223 -1.051103
v -0.287932 -0.560353 -1.051148
v -0.287681 -0.560482 -1.051201
v -0.287431 -0.560610 -1.051262
v -0.287183 -0.560737 -1.051330
v -0.243914 -0.580866 -1.051103
v -0.286937 -0.560863 -1.051407
v -0.244176 -0.580756 -1.051148
v -0.286692 -0.560988 -1.051492
v -0.244436 -0.580647 -1.051201
v -0.286450 -0.561112 -1.051584
v -0.244695 -0.580538 -1.051262
v -0.286211 -0.561234 -1.051684
v -0.244952 -0.580430 -1.051330
v -0.285974 -0.561355 -1.051792
v -0.245207 -0.580322 -1.051407
v -0.285740 -0.561474 -1.051907
v -0.245459 -0.580215 -1.051492
v -0.285509 -0.561591 -1.052030
v -0.245710 -0.580109 -1.051584
v -0.285281 -0.561707 -1.052160
v -0.245957 -0.580004 -1.051684
v -0.285057 -0.561821 -1.052297
v -0.246202 -0.579900 -1.051792
v -0.284836 -0.561933 -1.052442
v -0.284619 -0.562043 -1.052593
v -0.284406 -0.562151 -1.052751
v -0.246444 -0.579798 -1.051907
v -0.284197 -0.562256 -1.052916
v -0.246682 -0.579696 -1.052030
v -0.283992 -0.562360 -1.053087
v -0.246917 -0.579596 -1.052160
v -0.283792 -0.562461 -1.053265
v -0.247149 -0.579498 -1.052297
v -0.283596 -0.562560 -1.053449
v -0.247376 -0.579400 -1.052442
v -0.283405 -0.562656 -1.053639
v -0.247600 -0.579305 -1.052593
v -0.251377 -0.577676 -1.057915
v -0.281792 -0.563465 -1.055843
v -0.251292 -0.577713 -1.057645
v -0.281927 -0.563398 -1.055601
v -0.251201 -0.577753 -1.057377
v -0.282068 -0.563327 -1.055363
v -0.251102 -0.577795 -1.057113
v -0.282216 -0.563253 -1.055129
v -0.250997 -0.577841 -1.056852
v -0.282369 -0.563177 -1.054901
v -0.250884 -0.577890 -1.056594
v -0.250765 -0.577942 -1.056340
v -0.282528 -0.563097 -1.054677
v -0.250640 -0.577996 -1.056089
v -0.282692 -0.563014 -1.054458
v -0.250507 -0.578054 -1.055843
v -0.282863 -0.562929 -1.054245
v -0.250369 -0.578114 -1.055601
v -0.283038 -0.562841 -1.054037
v -0.250224 -0.578177 -1.055363
v -0.283219 -0.562750 -1.053835
v -0.250072 -0.578242 -1.055129
v -0.249915 -0.578310 -1.054901
v -0.249752 -0.578381 -1.054677
v -0.249583 -0.578454 -1.054458
v -0.249408 -0.578529 -1.054245
v -0.249227 -0.578607 -1.054037
v -0.249042 -0.578687 -1.053835
v -0.248850 -0.578769 -1.053639
v -0.248654 -0.578853 -1.053449
v -0.248452 -0.578940 -1.053265
v -0.248246 -0.579028 -1.053087
v -0.248035 -0.579119 -1.052916
v -0.247820 -0.579211 -1.052751
v -0.243388 -0.581087 -1.051037
v -0.243123 -0.581198 -1.051017
v -0.242858 -0.581309 -1.051004
v -0.242592 -0.581420 -1.051000
v -0.240858 -0.582140 -1.051000
v -0.139342 -0.614397 -1.051103
v -0.187893 -0.601329 -1.051000
v -0.187618 -0.601415 -1.051004
v -0.187344 -0.601500 -1.051017
v -0.187070 -0.601585 -1.051037
v -0.186797 -0.601670 -1.051066
v -0.186525 -0.601755 -1.051103
v -0.186253 -0.601839 -1.051148
v -0.185984 -0.601922 -1.051201
v -0.185715 -0.602005 -1.051262
v -0.185449 -0.602087 -1.051330
v -0.185184 -0.602168 -1.051407
v -0.184922 -0.602249 -1.051492
v -0.139619 -0.614334 -1.051148
v -0.184663 -0.602329 -1.051584
v -0.139894 -0.614272 -1.051201
v -0.184405 -0.602407 -1.051684
v -0.140168 -0.614209 -1.051262
v -0.184151 -0.602485 -1.051792
v -0.140440 -0.614147 -1.051330
v -0.183900 -0.602562 -1.051907
v -0.140710 -0.614085 -1.051407
v -0.183652 -0.602637 -1.052030
v -0.140977 -0.614024 -1.051492
v -0.183408 -0.602712 -1.052160
v -0.141242 -0.613963 -1.051584
v -0.183167 -0.602785 -1.052297
v -0.141504 -0.613903 -1.051684
v -0.182930 -0.602857 -1.052442
v -0.141763 -0.613843 -1.051792
v -0.182697 -0.602928 -1.052593
v -0.142019 -0.613784 -1.051907
v -0.182469 -0.602997 -1.052751
v -0.142271 -0.613725 -1.052030
v -0.182244 -0.603065 -1.052916
v -0.142520 -0.613668 -1.052160
v -0.182025 -0.603131 -1.053087
v -0.142765 -0.613611 -1.052297
v -0.181810 -0.603196 -1.053265
v -0.143006 -0.613555 -1.052442
v -0.181600 -0.603259 -1.053449
v -0.143243 -0.613499 -1.052593
v -0.181395 -0.603321 -1.053639
v -0.147245 -0.612551 -1.057915
v -0.179666 -0.603838 -1.055843
v -0.147156 -0.612573 -1.057645
v -0.179811 -0.603795 -1.055601
v -0.147059 -0.612596 -1.057377
v -0.179962 -0.603750 -1.055363
v -0.146954 -0.612621 -1.057113
v -0.180120 -0.603702 -1.055129
v -0.146843 -0.612648 -1.056852
v -0.180284 -0.603653 -1.054901
v -0.146723 -0.612676 -1.056594
v -0.146597 -0.612707 -1.056340
v -0.180455 -0.603603 -1.054677
v -0.146464 -0.612738 -1.056089
v -0.180631 -0.603550 -1.054458
v -0.146324 -0.612772 -1.055843
v -0.180814 -0.603495 -1.054245
v -0.146176 -0.612807 -1.055601
v -0.181002 -0.603439 -1.054037
v -0.146023 -0.612844 -1.055363
v -0.181196 -0.603381 -1.053835
v -0.145862 -0.612882 -1.055129
v -0.145696 -0.612921 -1.054901
v -0.145523 -0.612963 -1.054677
v -0.145344 -0.613005 -1.054458
v -0.145158 -0.613049 -1.054245
v -0.144967 -0.613094 -1.054037
v -0.144770 -0.613141 -1.053835
v -0.144568 -0.613189 -1.053639
v -0.144359 -0.613238 -1.053449
v -0.144146 -0.613288 -1.053265
v -0.143928 -0.613339 -1.053087
v -0.143704 -0.613391 -1.052916
v -0.143476 -0.613445 -1.052751
v -0.139064 -0.614460 -1.051066
v -0.138785 -0.614523 -1.051037
v -0.138505 -0.614586 -1.051017
v -0.138225 -0.614649 -1.051004
v -0.137944 -0.614712 -1.051000
v -0.136111 -0.615121 -1.051000
v -0.030536 -0.629259 -1.051103
v -0.080619 -0.624820 -1.051000
v -0.080333 -0.624857 -1.051004
v -0.080048 -0.624894 -1.051017
v -0.079764 -0.624930 -1.051037
v -0.079480 -0.624966 -1.051066
v -0.079197 -0.625002 -1.051103
v -0.078916 -0.625038 -1.051148
v -0.078635 -0.625073 -1.051201
v -0.078357 -0.625108 -1.051262
v -0.078080 -0.625143 -1.051330
v -0.077806 -0.625177 -1.051407
v -0.077533 -0.625211 -1.051492
v -0.030820 -0.629246 -1.051148
v -0.077264 -0.625244 -1.051584
v -0.031102 -0.629232 -1.051201
v -0.076997 -0.625277 -1.051684
v -0.031382 -0.629218 -1.051262
v -0.076733 -0.625310 -1.051792
v -0.031661 -0.629204 -1.051330
v -0.076472 -0.625341 -1.051907
v -0.031937 -0.629190 -1.051407
v -0.076215 -0.625373 -1.052030
v -0.032211 -0.629176 -1.051492
v -0.075962 -0.625404 -1.052160
v -0.032483 -0.629162 -1.051584
v -0.075712 -0.625434 -1.052297
v -0.032751 -0.629148 -1.051684
v -0.075466 -0.625464 -1.052442
v -0.033017 -0.629134 -1.051792
v -0.075224 -0.625493 -1.052593
v -0.033279 -0.629120 -1.051907
v -0.074987 -0.625521 -1.052751
v -0.033538 -0.629107 -1.052030
v -0.074755 -0.625549 -1.052916
v -0.033793 -0.629093 -1.052160
v -0.074527 -0.625576 -1.053087
v -0.034044 -0.629079 -1.052297
v -0.074304 -0.625603 -1.053265
v -0.034291 -0.629066 -1.052442
v -0.074086 -0.625629 -1.053449
v -0.034534 -0.629053 -1.052593
v -0.073874 -0.625654 -1.053639
v -0.038640 -0.628814 -1.057915
v -0.072081 -0.625863 -1.055843
v -0.038548 -0.628820 -1.057645
v -0.072231 -0.625846 -1.055601
v -0.038449 -0.628826 -1.057377
v -0.072388 -0.625827 -1.055363
v -0.038341 -0.628832 -1.057113
v -0.072552 -0.625808 -1.055129
v -0.038227 -0.628839 -1.056852
v -0.072722 -0.625789 -1.054901
v -0.038104 -0.628847 -1.056594
v -0.037975 -0.628854 -1.056340
v -0.072899 -0.625768 -1.054677
v -0.037838 -0.628863 -1.056089
v -0.073082 -0.625747 -1.054458
v -0.037694 -0.628871 -1.055843
v -0.073271 -0.625725 -1.054245
v -0.037543 -0.628880 -1.055601
v -0.073466 -0.625702 -1.054037
v -0.037385 -0.628890 -1.055363
v -0.073667 -0.625678 -1.053835
v -0.037221 -0.628900 -1.055129
v -0.037050 -0.628910 -1.054901
v -0.036872 -0.628920 -1.054677
v -0.036688 -0.628931 -1.054458
v -0.036498 -0.628942 -1.054245
v -0.036302 -0.628953 -1.054037
v -0.036100 -0.628965 -1.053835
v -0.035892 -0.628977 -1.053639
v -0.035679 -0.628989 -1.053449
v -0.035460 -0.629001 -1.053265
v -0.035236 -0.629014 -1.053087
v -0.035007 -0.629027 -1.052916
v -0.034773 -0.629040 -1.052751
v -0.030252 -0.629273 -1.051066
v -0.029966 -0.629287 -1.051037
v -0.029680 -0.629300 -1.051017
v -0.029392 -0.629314 -1.051004
v -0.029105 -0.629327 -1.051000
v -0.027229 -0.629411 -1.051000
v 0.078916 -0.625038 -1.051148
v 0.029105 -0.629327 -1.051000
v 0.029392 -0.629314 -1.051004
v 0.029680 -0.629300 -1.051017
v 0.029966 -0.629287 -1.051037
v 0.030252 -0.629273 -1.051066
v 0.030536 -0.629259 -1.051103
v 0.030820 -0.629246 -1.051148
v 0.031102 -0.629232 -1.051201
v 0.031382 -0.629218 -1.051262
v 0.031661 -0.629204 -1.051330
v 0.031937 -0.629190 -1.051407
v 0.032211 -0.629176 -1.051492
v 0.078635 -0.625073 -1.051201
v 0.032483 -0.629162 -1.051584
v 0.078357 -0.625108 -1.051262
v 0.032751 -0.629148 -1.051684
v 0.078080 -0.625143 -1.051330
v 0.033017 -0.629134 -1.051792
v 0.077806 -0.625177 -1.051407
v 0.033279 -0.629120 -1.051907
v 0.077533 -0.625211 -1.051492
v 0.033538 -0.629107 -1.052030
v 0.077264 -0.625244 -1.051584
v 0.033793 -0.629093 -1.052160
v 0.076997 -0.625277 -1.051684
v 0.034044 -0.629079 -1.052297
v 0.076733 -0.625310 -1.051792
v 0.034291 -0.629066 -1.052442
v 0.034534 -0.629053 -1.052593
v 0.034773 -0.629040 -1.052751
v 0.076472 -0.625341 -1.051907
v 0.035007 -0.629027 -1.052916
v 0.076215 -0.625373 -1.052030
v 0.035236 -0.629014 -1.053087
v 0.075962 -0.625404 -1.052160
v 0.035460 -0.629001 -1.053265
v 0.075712 -0.625434 -1.052297
v 0.035679 -0.628989 -1.053449
v 0.075466 -0.625464 -1.052442
v 0.035892 -0.628977 -1.053639
v 0.075224 -0.625493 -1.052593
v 0.071139 -0.625971 -1.057915
v 0.037694 -0.628871 -1.055843
v 0.071231 -0.625960 -1.057645
v 0.037543 -0.628880 -1.055601
v 0.071330 -0.625949 -1.057377
v 0.037385 -0.628890 -1.055363
v 0.071437 -0.625937 -1.057113
v 0.037221 -0.628900 -1.055129
v 0.071551 -0.625924 -1.056852
v 0.037050 -0.628910 -1.054901
v 0.071673 -0.625910 -1.056594
v 0.071802 -0.625895 -1.056340
v 0.036872 -0.628920 -1.054677
v 0.071938 -0.625879 -1.056089
v 0.036688 -0.628931 -1.054458
v 0.072081 -0.625863 -1.055843
v 0.036498 -0.628942 -1.054245
v 0.072231 -0.625846 -1.055601
v 0.036302 -0.628953 -1.054037
v 0.072388 -0.625827 -1.055363
v 0.036100 -0.628965 -1.053835
v 0.072552 -0.625808 -1.055129
v 0.072722 -0.625789 -1.054901
v 0.072899 -0.625768 -1.054677
v 0.073082 -0.625747 -1.054458
v 0.073271 -0.625725 -1.054245
v 0.073466 -0.625702 -1.054037
v 0.073667 -0.625678 -1.053835
v 0.073874 -0.625654 -1.053639
v 0.074086 -0.625629 -1.053449
v 0.074304 -0.625603 -1.053265
v 0.074527 -0.625576 -1.053087
v 0.074755 -0.625549 -1.052916
v 0.074987 -0.625521 -1.052751
v 0.079197 -0.625002 -1.051103
v 0.079480 -0.624966 -1.051066
v 0.079764 -0.624930 -1.051037
v 0.080048 -0.624894 -1.051017
v 0.080333 -0.624857 -1.051004
v 0.080619 -0.624820 -1.051000
v 0.082481 -0.624577 -1.051000
v 0.137944 -0.614712 -1.051000
v 0.138225 -0.614649 -1.051004
v 0.138505 -0.614586 -1.051017
v 0.185984 -0.601922 -1.051201
v 0.138785 -0.614523 -1.051037
v 0.139064 -0.614460 -1.051066
v 0.139342 -0.614397 -1.051103
v 0.139619 -0.614334 -1.051148
v 0.139894 -0.614272 -1.051201
v 0.140168 -0.614209 -1.051262
v 0.140440 -0.614147 -1.051330
v 0.140710 -0.614085 -1.051407
v 0.140977 -0.614024 -1.051492
v 0.141242 -0.613963 -1.051584
v 0.141504 -0.613903 -1.051684
v 0.185715 -0.602005 -1.051262
v 0.141763 -0.613843 -1.051792
v 0.185449 -0.602087 -1.051330
v 0.142019 -0.613784 -1.051907
v 0.185184 -0.602168 -1.051407
v 0.142271 -0.613725 -1.052030
v 0.184922 -0.602249 -1.051492
v 0.142520 -0.613668 -1.052160
v 0.184663 -0.602329 -1.051584
v 0.142765 -0.613611 -1.052297
v 0.184405 -0.602407 -1.051684
v 0.143006 -0.613555 -1.052442
v 0.184151 -0.602485 -1.051792
v 0.143243 -0.613499 -1.052593
v 0.183900 -0.602562 -1.051907
v 0.143476 -0.613445 -1.052751
v 0.183652 -0.602637 -1.052030
v 0.143704 -0.613391 -1.052916
v 0.183408 -0.602712 -1.052160
v 0.143928 -0.613339 -1.053087
v 0.183167 -0.602785 -1.052297
v 0.144146 -0.613288 -1.053265
v 0.182930 -0.602857 -1.052442
v 0.144359 -0.613238 -1.053449
v 0.182697 -0.602928 -1.052593
v 0.144568 -0.613189 -1.053639
v 0.178757 -0.604107 -1.057915
v 0.146324 -0.612772 -1.055843
v 0.178846 -0.604081 -1.057645
v 0.146176 -0.612807 -1.055601
v 0.178941 -0.604053 -1.057377
v 0.146023 -0.612844 -1.055363
v 0.179044 -0.604022 -1.057113
v 0.145862 -0.612882 -1.055129
v 0.179155 -0.603990 -1.056852
v 0.145696 -0.612921 -1.054901
v 0.179272 -0.603955 -1.056594
v 0.179396 -0.603918 -1.056340
v 0.145523 -0.612963 -1.054677
v 0.179528 -0.603879 -1.056089
v 0.145344 -0.613005 -1.054458
v 0.179666 -0.603838 -1.055843
v 0.145158 -0.613049 -1.054245
v 0.179811 -0.603795 -1.055601
v 0.144967 -0.613094 -1.054037
v 0.179962 -0.603750 -1.055363
v 0.144770 -0.613141 -1.053835
v 0.180120 -0.603702 -1.055129
v 0.180284 -0.603653 -1.054901
v 0.180455 -0.603603 -1.054677
v 0.180631 -0.603550 -1.054458
v 0.180814 -0.603495 -1.054245
v 0.181002 -0.603439 -1.054037
v 0.181196 -0.603381 -1.053835
v 0.181395 -0.603321 -1.053639
v 0.181600 -0.603259 -1.053449
v 0.181810 -0.603196 -1.053265
v 0.182025 -0.603131 -1.053087
v 0.182244 -0.603065 -1.052916
v 0.182469 -0.602997 -1.052751
v 0.186253 -0.601839 -1.051148
v 0.186525 -0.601755 -1.051103
v 0.186797 -0.601670 -1.051066
v 0.187070 -0.601585 -1.051037
v 0.187344 -0.601500 -1.051017
v 0.187618 -0.601415 -1.051004
v 0.187893 -0.601329 -1.051000
v 0.189685 -0.600766 -1.051000
v 0.242592 -0.581420 -1.051000
v 0.242858 -0.581309 -1.051004
v 0.243123 -0.581198 -1.051017
v 0.287431 -0.560610 -1.051262
v 0.243388 -0.581087 -1.051037
v 0.243651 -0.580977 -1.051066
v 0.243914 -0.580866 -1.051103
v 0.244176 -0.580756 -1.051148
v 0.244436 -0.580647 -1.051201
v 0.244695 -0.580538 -1.051262
v 0.244952 -0.580430 -1.051330
v 0.245207 -0.580322 -1.051407
v 0.245459 -0.580215 -1.051492
v 0.245710 -0.580109 -1.051584
v 0.245957 -0.580004 -1.051684
v 0.287183 -0.560737 -1.051330
v 0.246202 -0.579900 -1.051792
v 0.286937 -0.560863 -1.051407
v 0.246444 -0.579798 -1.051907
v 0.286692 -0.560988 -1.051492
v 0.246682 -0.579696 -1.052030
v 0.286450 -0.561112 -1.051584
v 0.246917 -0.579596 -1.052160
v 0.286211 -0.561234 -1.051684
v 0.247149 -0.579498 -1.052297
v 0.285974 -0.561355 -1.051792
v 0.247376 -0.579400 -1.052442
v 0.247600 -0.579305 -1.052593
v 0.247820 -0.579211 -1.052751
v 0.285740 -0.561474 -1.051907
v 0.248035 -0.579119 -1.052916
v 0.285509 -0.561591 -1.052030
v 0.248246 -0.579028 -1.053087
v 0.285281 -0.561707 -1.052160
v 0.248452 -0.578940 -1.053265
v 0.285057 -0.561821 -1.052297
v 0.248654 -0.578853 -1.053449
v 0.284836 -0.561933 -1.052442
v 0.248850 -0.578769 -1.053639
v 0.284619 -0.562043 -1.052593
v 0.280944 -0.563889 -1.057915
v 0.250507 -0.578054 -1.055843
v 0.281026 -0.563848 -1.057645
v 0.250369 -0.578114 -1.055601
v 0.281115 -0.563803 -1.057377
v 0.250224 -0.578177 -1.055363
v 0.281212 -0.563755 -1.057113
v 0.250072 -0.578242 -1.055129
v 0.281314 -0.563704 -1.056852
v 0.249915 -0.578310 -1.054901
v 0.281424 -0.563649 -1.056594
v 0.281540 -0.563591 -1.056340
v 0.249752 -0.578381 -1.054677
v 0.281663 -0.563530 -1.056089
v 0.249583 -0.578454 -1.054458
v 0.281792 -0.563465 -1.055843
v 0.249408 -0.578529 -1.054245
v 0.281927 -0.563398 -1.055601
v 0.249227 -0.578607 -1.054037
v 0.282068 -0.563327 -1.055363
v 0.249042 -0.578687 -1.053835
v 0.282216 -0.563253 -1.055129
v 0.282369 -0.563177 -1.054901
v 0.282528 -0.563097 -1.054677
v 0.282692 -0.563014 -1.054458
v 0.282863 -0.562929 -1.054245
v 0.283038 -0.562841 -1.054037
v 0.283219 -0.562750 -1.053835
v 0.283405 -0.562656 -1.053639
v 0.283596 -0.562560 -1.053449
v 0.283792 -0.562461 -1.053265
v 0.283992 -0.562360 -1.053087
v 0.284197 -0.562256 -1.052916
v 0.284406 -0.562151 -1.052751
v 0.287681 -0.560482 -1.051201
v 0.287932 -0.560353 -1.051148
v 0.288184 -0.560223 -1.051103
v 0.288438 -0.560092 -1.051066
v 0.288692 -0.559961 -1.051037
v 0.288947 -0.559830 -1.051017
v 0.289202 -0.559698 -1.051004
v 0.289458 -0.559566 -1.051000
v 0.291125 -0.558700 -1.051000
v 0.339869 -0.530461 -1.051000
v 0.340112 -0.530306 -1.051004
v 0.340353 -0.530150 -1.051017
v 0.380191 -0.502349 -1.051330
v 0.340595 -0.529995 -1.051037
v 0.340835 -0.529841 -1.051066
v 0.341075 -0.529686 -1.051103
v 0.341314 -0.529533 -1.051148
v 0.341551 -0.529380 -1.051201
v 0.341787 -0.529227 -1.051262
v 0.342021 -0.529076 -1.051330
v 0.342253 -0.528926 -1.051407
v 0.342484 -0.528777 -1.051492
v 0.342712 -0.528629 -1.051584
v 0.342937 -0.528483 -1.051684
v 0.343160 -0.528338 -1.051792
v 0.343380 -0.528195 -1.051907
v 0.379970 -0.502516 -1.051407
v 0.343598 -0.528054 -1.052030
v 0.379751 -0.502682 -1.051492
v 0.343812 -0.527914 -1.052160
v 0.379535 -0.502845 -1.051584
v 0.344023 -0.527777 -1.052297
v 0.379320 -0.503007 -1.051684
v 0.344230 -0.527642 -1.052442
v 0.379108 -0.503167 -1.051792
v 0.344434 -0.527509 -1.052593
v 0.378898 -0.503325 -1.051907
v 0.344634 -0.527378 -1.052751
v 0.378691 -0.503481 -1.052030
v 0.344830 -0.527250 -1.052916
v 0.378487 -0.503635 -1.052160
v 0.345022 -0.527124 -1.053087
v 0.378285 -0.503786 -1.052297
v 0.345210 -0.527001 -1.053265
v 0.378087 -0.503934 -1.052442
v 0.345393 -0.526881 -1.053449
v 0.377893 -0.504080 -1.052593
v 0.345572 -0.526764 -1.053639
v 0.374594 -0.506537 -1.057915
v 0.347079 -0.525772 -1.055843
v 0.374668 -0.506482 -1.057645
v 0.346953 -0.525855 -1.055601
v 0.374748 -0.506423 -1.057377
v 0.346821 -0.525942 -1.055363
v 0.374834 -0.506359 -1.057113
v 0.346684 -0.526033 -1.055129
v 0.374927 -0.506290 -1.056852
v 0.346541 -0.526127 -1.054901
v 0.375025 -0.506217 -1.056594
v 0.375130 -0.506140 -1.056340
v 0.346392 -0.526225 -1.054677
v 0.375240 -0.506058 -1.056089
v 0.346238 -0.526326 -1.054458
v 0.375356 -0.505973 -1.055843
v 0.346079 -0.526431 -1.054245
v 0.375477 -0.505882 -1.055601
v 0.345915 -0.526538 -1.054037
v 0.375604 -0.505788 -1.055363
v 0.345746 -0.526650 -1.053835
v 0.375736 -0.505690 -1.055129
v 0.375874 -0.505588 -1.054901
v 0.376016 -0.505482 -1.054677
v 0.376164 -0.505372 -1.054458
v 0.376317 -0.505258 -1.054245
v 0.376474 -0.505141 -1.054037
v 0.376637 -0.505020 -1.053835
v 0.376803 -0.504895 -1.053639
v 0.376975 -0.504767 -1.053449
v 0.377150 -0.504636 -1.053265
v 0.377330 -0.504502 -1.053087
v 0.377514 -0.504364 -1.052916
v 0.377701 -0.504224 -1.052751
v 0.380413 -0.502181 -1.051262
v 0.380637 -0.502011 -1.051201
v 0.380862 -0.501841 -1.051148
v 0.381088 -0.501669 -1.051103
v 0.381315 -0.501497 -1.051066
v 0.381543 -0.501324 -1.051037
v 0.381771 -0.501150 -1.051017
v 0.381999 -0.500976 -1.051004
v 0.382228 -0.500801 -1.051000
v 0.383719 -0.499659 -1.051000
v 0.426820 -0.463384 -1.051000
v 0.427031 -0.463189 -1.051004
v 0.427242 -0.462995 -1.051017
v 0.461272 -0.429102 -1.051492
v 0.427453 -0.462800 -1.051037
v 0.427663 -0.462606 -1.051066
v 0.427872 -0.462412 -1.051103
v 0.428081 -0.462219 -1.051148
v 0.428288 -0.462027 -1.051201
v 0.428494 -0.461837 -1.051262
v 0.428698 -0.461647 -1.051330
v 0.428901 -0.461459 -1.051407
v 0.429102 -0.461272 -1.051492
v 0.429301 -0.461087 -1.051584
v 0.429497 -0.460903 -1.051684
v 0.429692 -0.460722 -1.051792
v 0.429884 -0.460543 -1.051907
v 0.430073 -0.460366 -1.052030
v 0.430260 -0.460192 -1.052160
v 0.461087 -0.429301 -1.051584
v 0.430444 -0.460020 -1.052297
v 0.460903 -0.429497 -1.051684
v 0.430624 -0.459851 -1.052442
v 0.460722 -0.429692 -1.051792
v 0.430802 -0.459684 -1.052593
v 0.460543 -0.429884 -1.051907
v 0.430976 -0.459521 -1.052751
v 0.460366 -0.430073 -1.052030
v 0.431147 -0.459361 -1.052916
v 0.460192 -0.430260 -1.052160
v 0.431314 -0.459203 -1.053087
v 0.460020 -0.430444 -1.052297
v 0.431478 -0.459050 -1.053265
v 0.459851 -0.430624 -1.052442
v 0.431638 -0.458900 -1.053449
v 0.459684 -0.430802 -1.052593
v 0.431793 -0.458753 -1.053639
v 0.456862 -0.433794 -1.057915
v 0.433106 -0.457514 -1.055843
v 0.456926 -0.433727 -1.057645
v 0.432996 -0.457618 -1.055601
v 0.456994 -0.433655 -1.057377
v 0.432881 -0.457727 -1.055363
v 0.457068 -0.433577 -1.057113
v 0.432762 -0.457840 -1.055129
v 0.457147 -0.433493 -1.056852
v 0.432637 -0.457958 -1.054901
v 0.457232 -0.433404 -1.056594
v 0.457321 -0.433310 -1.056340
v 0.432508 -0.458080 -1.054677
v 0.457415 -0.433211 -1.056089
v 0.432374 -0.458206 -1.054458
v 0.457514 -0.433106 -1.055843
v 0.432235 -0.458337 -1.054245
v 0.457618 -0.432996 -1.055601
v 0.432092 -0.458472 -1.054037
v 0.457727 -0.432881 -1.055363
v 0.431945 -0.458610 -1.053835
v 0.457840 -0.432762 -1.055129
v 0.457958 -0.432637 -1.054901
v 0.458080 -0.432508 -1.054677
v 0.458206 -0.432374 -1.054458
v 0.458337 -0.432235 -1.054245
v 0.458472 -0.432092 -1.054037
v 0.458610 -0.431945 -1.053835
v 0.458753 -0.431793 -1.053639
v 0.458900 -0.431638 -1.053449
v 0.459050 -0.431478 -1.053265
v 0.459203 -0.431314 -1.053087
v 0.459361 -0.431147 -1.052916
v 0.459521 -0.430976 -1.052751
v 0.461459 -0.428901 -1.051407
v 0.461647 -0.428698 -1.051330
v 0.461837 -0.428494 -1.051262
v 0.462027 -0.428288 -1.051201
v 0.462219 -0.428081 -1.051148
v 0.462412 -0.427872 -1.051103
v 0.462606 -0.427663 -1.051066
v 0.462800 -0.427453 -1.051037
v 0.462995 -0.427242 -1.051017
v 0.463189 -0.427031 -1.051004
v 0.463384 -0.426820 -1.051000
v 0.464655 -0.425436 -1.051000
v 0.500801 -0.382228 -1.051000
v 0.500976 -0.381999 -1.051004
v 0.501150 -0.381771 -1.051017
v 0.528338 -0.343160 -1.051792
v 0.501324 -0.381543 -1.051037
v 0.501497 -0.381315 -1.051066
v 0.501669 -0.381088 -1.051103
v 0.501841 -0.380862 -1.051148
v 0.502011 -0.380637 -1.051201
v 0.502181 -0.380413 -1.051262
v 0.502349 -0.380191 -1.051330
v 0.502516 -0.379970 -1.051407
v 0.502682 -0.379751 -1.051492
v 0.502845 -0.379535 -1.051584
v 0.503007 -0.379320 -1.051684
v 0.503167 -0.379108 -1.051792
v 0.503325 -0.378898 -1.051907
v 0.503481 -0.378691 -1.052030
v 0.503635 -0.378487 -1.052160
v 0.503786 -0.378285 -1.052297
v 0.503934 -0.378087 -1.052442
v 0.504080 -0.377893 -1.052593
v 0.504224 -0.377701 -1.052751
v 0.528195 -0.343380 -1.051907
v 0.504364 -0.377514 -1.052916
v 0.528054 -0.343598 -1.052030
v 0.504502 -0.377330 -1.053087
v 0.527914 -0.343812 -1.052160
v 0.504636 -0.377150 -1.053265
v 0.527777 -0.344023 -1.052297
v 0.504767 -0.376975 -1.053449
v 0.527642 -0.344230 -1.052442
v 0.504895 -0.376803 -1.053639
v 0.527509 -0.344434 -1.052593
v 0.525249 -0.347870 -1.057915
v 0.505973 -0.375356 -1.055843
v 0.525300 -0.347793 -1.057645
v 0.505882 -0.375477 -1.055601
v 0.525355 -0.347710 -1.057377
v 0.505788 -0.375604 -1.055363
v 0.525414 -0.347621 -1.057113
v 0.505690 -0.375736 -1.055129
v 0.525477 -0.347525 -1.056852
v 0.505588 -0.375874 -1.054901
v 0.525545 -0.347423 -1.056594
v 0.525617 -0.347314 -1.056340
v 0.505482 -0.376016 -1.054677
v 0.525692 -0.347200 -1.056089
v 0.505372 -0.376164 -1.054458
v 0.525772 -0.347079 -1.055843
v 0.505258 -0.376317 -1.054245
v 0.525855 -0.346953 -1.055601
v 0.505141 -0.376474 -1.054037
v 0.525942 -0.346821 -1.055363
v 0.505020 -0.376637 -1.053835
v 0.526033 -0.346684 -1.055129
v 0.526127 -0.346541 -1.054901
v 0.526225 -0.346392 -1.054677
v 0.526326 -0.346238 -1.054458
v 0.526431 -0.346079 -1.054245
v 0.526538 -0.345915 -1.054037
v 0.526650 -0.345746 -1.053835
v 0.526764 -0.345572 -1.053639
v 0.526881 -0.345393 -1.053449
v 0.527001 -0.345210 -1.053265
v 0.527124 -0.345022 -1.053087
v 0.527250 -0.344830 -1.052916
v 0.527378 -0.344634 -1.052751
v 0.528483 -0.342937 -1.051684
v 0.528629 -0.342712 -1.051584
v 0.528777 -0.342484 -1.051492
v 0.528926 -0.342253 -1.051407
v 0.529076 -0.342021 -1.051330
v 0.529227 -0.341787 -1.051262
v 0.529380 -0.341551 -1.051201
v 0.529533 -0.341314 -1.051148
v 0.529686 -0.341075 -1.051103
v 0.529841 -0.340835 -1.051066
v 0.529995 -0.340595 -1.051037
v 0.530150 -0.340353 -1.051017
v 0.530306 -0.340112 -1.051004
v 0.530461 -0.339869 -1.051000
v 0.531472 -0.338286 -1.051000
v 0.559566 -0.289458 -1.051000
v 0.559698 -0.289202 -1.051004
v 0.559830 -0.288947 -1.051017
v 0.559961 -0.288692 -1.051037
v 0.560092 -0.288438 -1.051066
v 0.579400 -0.247376 -1.052442
v 0.560223 -0.288184 -1.051103
v 0.560353 -0.287932 -1.051148
v 0.560482 -0.287681 -1.051201
v 0.560610 -0.287431 -1.051262
v 0.560737 -0.287183 -1.051330
v 0.560863 -0.286937 -1.051407
v 0.560988 -0.286692 -1.051492
v 0.561112 -0.286450 -1.051584
v 0.561234 -0.286211 -1.051684
v 0.561355 -0.285974 -1.051792
v 0.561474 -0.285740 -1.051907
v 0.561591 -0.285509 -1.052030
v 0.561707 -0.285281 -1.052160
v 0.561821 -0.285057 -1.052297
v 0.561933 -0.284836 -1.052442
v 0.562043 -0.284619 -1.052593
v 0.562151 -0.284406 -1.052751
v 0.562256 -0.284197 -1.052916
v 0.562360 -0.283992 -1.053087
v 0.562461 -0.283792 -1.053265
v 0.562560 -0.283596 -1.053449
v 0.579305 -0.247600 -1.052593
v 0.562656 -0.283405 -1.053639
v 0.577676 -0.251377 -1.057915
v 0.563465 -0.281792 -1.055843
v 0.577713 -0.251292 -1.057645
v 0.563398 -0.281927 -1.055601
v 0.577753 -0.251201 -1.057377
v 0.563327 -0.282068 -1.055363
v 0.577795 -0.251102 -1.057113
v 0.563253 -0.282216 -1.055129
v 0.577841 -0.250997 -1.056852
v 0.563177 -0.282369 -1.054901
v 0.577890 -0.250884 -1.056594
v 0.577942 -0.250765 -1.056340
v 0.563097 -0.282528 -1.054677
v 0.577996 -0.250640 -1.056089
v 0.563014 -0.282692 -1.054458
v 0.578054 -0.250507 -1.055843
v 0.562929 -0.282863 -1.054245
v 0.578114 -0.250369 -1.055601
v 0.562841 -0.283038 -1.054037
v 0.578177 -0.250224 -1.055363
v 0.562750 -0.283219 -1.053835
v 0.578242 -0.250072 -1.055129
v 0.578310 -0.249915 -1.054901
v 0.578381 -0.249752 -1.054677
v 0.578454 -0.249583 -1.054458
v 0.578529 -0.249408 -1.054245
v 0.578607 -0.249227 -1.054037
v 0.578687 -0.249042 -1.053835
v 0.578769 -0.248850 -1.053639
v 0.578853 -0.248654 -1.053449
v 0.578940 -0.248452 -1.053265
v 0.579028 -0.248246 -1.053087
v 0.579119 -0.248035 -1.052916
v 0.579211 -0.247820 -1.052751
v 0.579498 -0.247149 -1.052297
v 0.579596 -0.246917 -1.052160
v 0.579696 -0.246682 -1.052030
v 0.579798 -0.246444 -1.051907
v 0.579900 -0.246202 -1.051792
v 0.580004 -0.245957 -1.051684
v 0.580109 -0.245710 -1.051584
v 0.580215 -0.245459 -1.051492
v 0.580322 -0.245207 -1.051407
v 0.580430 -0.244952 -1.051330
v 0.580538 -0.244695 -1.051262
v 0.580647 -0.244436 -1.051201
v 0.580756 -0.244176 -1.051148
v 0.580866 -0.243914 -1.051103
v 0.580977 -0.243651 -1.051066
v 0.581087 -0.243388 -1.051037
v 0.581198 -0.243123 -1.051017
v 0.581309 -0.242858 -1.051004
v 0.581420 -0.242592 -1.051000
v 0.582140 -0.240858 -1.051000
v 0.601329 -0.187893 -1.051000
v 0.601415 -0.187618 -1.051004
v 0.601500 -0.187344 -1.051017
v 0.602485 -0.184151 -1.051792
v 0.613555 -0.143006 -1.052442
v 0.613499 -0.143243 -1.052593
v 0.602562 -0.183900 -1.051907
v 0.613445 -0.143476 -1.052751
v 0.602637 -0.183652 -1.052030
v 0.613391 -0.143704 -1.052916
v 0.602712 -0.183408 -1.052160
v 0.613339 -0.143928 -1.053087
v 0.602785 -0.183167 -1.052297
v 0.613288 -0.144146 -1.053265
v 0.602857 -0.182930 -1.052442
v 0.613238 -0.144359 -1.053449
v 0.602928 -0.182697 -1.052593
v 0.613189 -0.144568 -1.053639
v 0.602997 -0.182469 -1.052751
v 0.613141 -0.144770 -1.053835
v 0.603065 -0.182244 -1.052916
v 0.613094 -0.144967 -1.054037
v 0.603131 -0.182025 -1.053087
v 0.613049 -0.145158 -1.054245
v 0.603196 -0.181810 -1.053265
v 0.613005 -0.145344 -1.054458
v 0.612963 -0.145523 -1.054677
v 0.603259 -0.181600 -1.053449
v 0.612921 -0.145696 -1.054901
v 0.603321 -0.181395 -1.053639
v 0.612882 -0.145862 -1.055129
v 0.603381 -0.181196 -1.053835
v 0.612844 -0.146023 -1.055363
v 0.603439 -0.181002 -1.054037
v 0.612807 -0.146176 -1.055601
v 0.603495 -0.180814 -1.054245
v 0.612772 -0.146324 -1.055843
v 0.603550 -0.180631 -1.054458
v 0.612738 -0.146464 -1.056089
v 0.603603 -0.180455 -1.054677
v 0.612707 -0.146597 -1.056340
v 0.603653 -0.180284 -1.054901
v 0.612676 -0.146723 -1.056594
v 0.612648 -0.146843 -1.056852
v 0.603702 -0.180120 -1.055129
v 0.612621 -0.146954 -1.057113
v 0.603750 -0.179962 -1.055363
v 0.612596 -0.147059 -1.057377
v 0.603795 -0.179811 -1.055601
v 0.612573 -0.147156 -1.057645
v 0.603838 -0.179666 -1.055843
v 0.612551 -0.147245 -1.057915
v 0.084343 -0.624329 -1.051000
v 0.086204 -0.624074 -1.051000
v 0.088065 -0.623815 -1.051000
v 0.089924 -0.623549 -1.051000
v 0.091783 -0.623278 -1.051000
v 0.093641 -0.623002 -1.051000
v 0.095498 -0.622720 -1.051000
v 0.097354 -0.622432 -1.051000
v 0.099210 -0.622139 -1.051000
v 0.101064 -0.621841 -1.051000
v 0.102918 -0.621537 -1.051000
v 0.104771 -0.621227 -1.051000
v 0.106622 -0.620912 -1.051000
v 0.108473 -0.620591 -1.051000
v 0.110323 -0.620265 -1.051000
v 0.112172 -0.619933 -1.051000
v 0.114020 -0.619596 -1.051000
v 0.115867 -0.619253 -1.051000
v 0.117713 -0.618905 -1.051000
v 0.119558 -0.618552 -1.051000
v 0.121401 -0.618192 -1.051000
v 0.123244 -0.617828 -1.051000
v 0.125086 -0.617457 -1.051000
v 0.126926 -0.617082 -1.051000
v 0.128765 -0.616700 -1.051000
v 0.130604 -0.616314 -1.051000
v 0.132441 -0.615922 -1.051000
v 0.134276 -0.615524 -1.051000
v 0.136111 -0.615121 -1.051000
v 0.191475 -0.600198 -1.051000
v 0.193264 -0.599624 -1.051000
v 0.195051 -0.599045 -1.051000
v 0.196836 -0.598461 -1.051000
v 0.198620 -0.597871 -1.051000
v 0.200401 -0.597277 -1.051000
v 0.202181 -0.596676 -1.051000
v 0.203960 -0.596071 -1.051000
v 0.205736 -0.595460 -1.051000
v 0.207510 -0.594844 -1.051000
v 0.209283 -0.594223 -1.051000
v 0.211054 -0.593596 -1.051000
v 0.212823 -0.592964 -1.051000
v 0.214590 -0.592327 -1.051000
v 0.216355 -0.591684 -1.051000
v 0.218118 -0.591037 -1.051000
v 0.219880 -0.590384 -1.051000
v 0.221639 -0.589726 -1.051000
v 0.223396 -0.589062 -1.051000
v 0.225152 -0.588393 -1.051000
v 0.226905 -0.587719 -1.051000
v 0.228656 -0.587040 -1.051000
v 0.230406 -0.586356 -1.051000
v 0.232153 -0.585666 -1.051000
v 0.233898 -0.584972 -1.051000
v 0.235641 -0.584272 -1.051000
v 0.237382 -0.583566 -1.051000
v 0.239121 -0.582856 -1.051000
v 0.240858 -0.582140 -1.051000
v 0.292790 -0.557830 -1.051000
v 0.294451 -0.556955 -1.051000
v 0.296111 -0.556074 -1.051000
v 0.297767 -0.555189 -1.051000
v 0.299422 -0.554298 -1.051000
v 0.301073 -0.553403 -1.051000
v 0.302722 -0.552503 -1.051000
v 0.304368 -0.551598 -1.051000
v 0.306011 -0.550688 -1.051000
v 0.307651 -0.549773 -1.051000
v 0.309289 -0.548853 -1.051000
v 0.310924 -0.547929 -1.051000
v 0.312557 -0.546999 -1.051000
v 0.314186 -0.546065 -1.051000
v 0.315813 -0.545126 -1.051000
v 0.317437 -0.544182 -1.051000
v 0.319058 -0.543233 -1.051000
v 0.320676 -0.542279 -1.051000
v 0.322292 -0.541321 -1.051000
v 0.323904 -0.540357 -1.051000
v 0.325514 -0.539389 -1.051000
v 0.327121 -0.538416 -1.051000
v 0.328725 -0.537438 -1.051000
v 0.330326 -0.536456 -1.051000
v 0.331924 -0.535469 -1.051000
v 0.333519 -0.534477 -1.051000
v 0.335111 -0.533480 -1.051000
v 0.336700 -0.532478 -1.051000
v 0.338286 -0.531472 -1.051000
v 0.385208 -0.498513 -1.051000
v 0.386692 -0.497362 -1.051000
v 0.388173 -0.496207 -1.051000
v 0.389651 -0.495047 -1.051000
v 0.391126 -0.493883 -1.051000
v 0.392596 -0.492715 -1.051000
v 0.394064 -0.491542 -1.051000
v 0.395528 -0.490365 -1.051000
v 0.396988 -0.489184 -1.051000
v 0.398445 -0.487998 -1.051000
v 0.399898 -0.486808 -1.051000
v 0.401348 -0.485613 -1.051000
v 0.402794 -0.484414 -1.051000
v 0.404236 -0.483211 -1.051000
v 0.405675 -0.482004 -1.051000
v 0.407111 -0.480792 -1.051000
v 0.408542 -0.479576 -1.051000
v 0.409970 -0.478356 -1.051000
v 0.411395 -0.477131 -1.051000
v 0.412816 -0.475903 -1.051000
v 0.414233 -0.474670 -1.051000
v 0.415646 -0.473432 -1.051000
v 0.417056 -0.472191 -1.051000
v 0.418462 -0.470945 -1.051000
v 0.419864 -0.469696 -1.051000
v 0.421263 -0.468442 -1.051000
v 0.422658 -0.467184 -1.051000
v 0.424049 -0.465921 -1.051000
v 0.425436 -0.464655 -1.051000
v 0.465921 -0.424049 -1.051000
v 0.467184 -0.422658 -1.051000
v 0.468442 -0.421263 -1.051000
v 0.469696 -0.419864 -1.051000
v 0.470945 -0.418462 -1.051000
v 0.472191 -0.417056 -1.051000
v 0.473432 -0.415646 -1.051000
v 0.474670 -0.414233 -1.051000
v 0.475903 -0.412816 -1.051000
v 0.477131 -0.411395 -1.051000
v 0.478356 -0.409970 -1.051000
v 0.479576 -0.408542 -1.051000
v 0.480792 -0.407111 -1.051000
v 0.482004 -0.405675 -1.051000
v 0.483211 -0.404236 -1.051000
v 0.484414 -0.402794 -1.051000
v 0.485613 -0.401348 -1.051000
v 0.486808 -0.399898 -1.051000
v 0.487998 -0.398445 -1.051000
v 0.489184 -0.396988 -1.051000
v 0.490365 -0.395528 -1.051000
v 0.491542 -0.394064 -1.051000
v 0.492715 -0.392596 -1.051000
v 0.493883 -0.391126 -1.051000
v 0.495047 -0.389651 -1.051000
v 0.496207 -0.388173 -1.051000
v 0.497362 -0.386692 -1.051000
v 0.498513 -0.385208 -1.051000
v 0.499659 -0.383719 -1.051000
v 0.532478 -0.336700 -1.051000
v 0.533480 -0.335111 -1.051000
v 0.534477 -0.333519 -1.051000
v 0.535469 -0.331924 -1.051000
v 0.536456 -0.330326 -1.051000
v 0.537438 -0.328725 -1.051000
v 0.538416 -0.327121 -1.051000
v 0.539389 -0.325514 -1.051000
v 0.540357 -0.323904 -1.051000
v 0.541321 -0.322292 -1.051000
v 0.542279 -0.320676 -1.051000
v 0.543233 -0.319058 -1.051000
v 0.544182 -0.317437 -1.051000
v 0.545126 -0.315813 -1.051000
v 0.546065 -0.314186 -1.051000
v 0.546999 -0.312557 -1.051000
v 0.547929 -0.310924 -1.051000
v 0.548853 -0.309289 -1.051000
v 0.549773 -0.307651 -1.051000
v 0.550688 -0.306011 -1.051000
v 0.551598 -0.304368 -1.051000
v 0.552503 -0.302722 -1.051000
v 0.553403 -0.301073 -1.051000
v 0.554298 -0.299422 -1.051000
v 0.555189 -0.297767 -1.051000
v 0.556074 -0.296111 -1.051000
v 0.556955 -0.294451 -1.051000
v 0.557830 -0.292790 -1.051000
v 0.558700 -0.291125 -1.051000
v 0.582856 -0.239121 -1.051000
v 0.583566 -0.237382 -1.051000
v 0.584272 -0.235641 -1.051000
v 0.584972 -0.233898 -1.051000
v 0.585666 -0.232153 -1.051000
v 0.586356 -0.230406 -1.051000
v 0.587040 -0.228656 -1.051000
v 0.587719 -0.226905 -1.051000
v 0.588393 -0.225152 -1.051000
v 0.589062 -0.223396 -1.051000
v 0.589726 -0.221639 -1.051000
v 0.590384 -0.219880 -1.051000
v 0.591037 -0.218118 -1.051000
v 0.591684 -0.216355 -1.051000
v 0.592327 -0.214590 -1.051000
v 0.592964 -0.212823 -1.051000
v 0.593596 -0.211054 -1.051000
v 0.594223 -0.209283 -1.051000
v 0.594844 -0.207510 -1.051000
v 0.595460 -0.205736 -1.051000
v 0.596071 -0.203960 -1.051000
v 0.596676 -0.202181 -1.051000
v 0.597277 -0.200401 -1.051000
v 0.597871 -0.198620 -1.051000
v 0.598461 -0.196836 -1.051000
v 0.599045 -0.195051 -1.051000
v 0.599624 -0.193264 -1.051000
v 0.600198 -0.191475 -1.051000
v 0.600766 -0.189685 -1.051000
v 0.615524 -0.134276 -1.051000
v 0.615922 -0.132441 -1.051000
v 0.616314 -0.130604 -1.051000
v 0.616700 -0.128765 -1.051000
v 0.617082 -0.126926 -1.051000
v 0.617457 -0.125086 -1.051000
v 0.617828 -0.123244 -1.051000
v 0.618192 -0.121401 -1.051000
v 0.618552 -0.119558 -1.051000
v 0.618905 -0.117713 -1.051000
v 0.619253 -0.115867 -1.051000
v 0.619596 -0.114020 -1.051000
v 0.619933 -0.112172 -1.051000
v 0.620265 -0.110323 -1.051000
v 0.620591 -0.108473 -1.051000
v 0.620912 -0.106622 -1.051000
v 0.621227 -0.104771 -1.051000
v 0.621537 -0.102918 -1.051000
v 0.621841 -0.101064 -1.051000
v 0.622139 -0.099210 -1.051000
v 0.622432 -0.097354 -1.051000
v 0.622720 -0.095498 -1.051000
v 0.623002 -0.093641 -1.051000
v 0.623278 -0.091783 -1.051000
v 0.623549 -0.089924 -1.051000
v 0.623815 -0.088065 -1.051000
v 0.624074 -0.086204 -1.051000
v 0.624329 -0.084343 -1.051000
v 0.624577 -0.082481 -1.051000
v -0.614712 -0.137944 -1.051000
v -0.614649 -0.138225 -1.051004
v -0.614586 -0.138505 -1.051017
v -0.614523 -0.138785 -1.051037
v -0.614460 -0.139064 -1.051066
v -0.614397 -0.139342 -1.051103
v -0.614334 -0.139619 -1.051148
v -0.614272 -0.139894 -1.051201
v -0.614209 -0.140168 -1.051262
v -0.614147 -0.140440 -1.051330
v -0.614085 -0.140710 -1.051407
v -0.614024 -0.140977 -1.051492
v -0.613963 -0.141242 -1.051584
v -0.613903 -0.141504 -1.051684
v -0.613843 -0.141763 -1.051792
v -0.613784 -0.142019 -1.051907
v -0.613725 -0.142271 -1.052030
v -0.601108 -0.188599 -0.895000
v -0.611693 -0.150769 -0.995000
v -0.613668 -0.142520 -1.052160
v -0.613611 -0.142765 -1.052297
v -0.613555 -0.143006 -1.052442
v -0.613499 -0.143243 -1.052593
v -0.613445 -0.143476 -1.052751
v -0.613391 -0.143704 -1.052916
v -0.578943 -0.248444 -0.895000
v -0.550838 -0.305740 -0.895000
v -0.517081 -0.359899 -0.895000
v -0.600198 -0.191475 -1.051000
v -0.599624 -0.193264 -1.051000
v -0.599045 -0.195051 -1.051000
v -0.598461 -0.196836 -1.051000
v -0.597871 -0.198620 -1.051000
v -0.597277 -0.200401 -1.051000
v -0.596676 -0.202181 -1.051000
v -0.596071 -0.203960 -1.051000
v -0.595460 -0.205736 -1.051000
v -0.594844 -0.207510 -1.051000
v -0.594223 -0.209283 -1.051000
v -0.593596 -0.211054 -1.051000
v -0.592964 -0.212823 -1.051000
v -0.592327 -0.214590 -1.051000
v -0.591684 -0.216355 -1.051000
v -0.591037 -0.218118 -1.051000
v -0.590384 -0.219880 -1.051000
v -0.589726 -0.221639 -1.051000
v -0.589062 -0.223396 -1.051000
v -0.588393 -0.225152 -1.051000
v -0.587719 -0.226905 -1.051000
v -0.587040 -0.228656 -1.051000
v -0.586356 -0.230406 -1.051000
v -0.585666 -0.232153 -1.051000
v -0.584972 -0.233898 -1.051000
v -0.584272 -0.235641 -1.051000
v -0.583566 -0.237382 -1.051000
v -0.582856 -0.239121 -1.051000
v -0.582140 -0.240858 -1.051000
v -0.557830 -0.292790 -1.051000
v -0.556955 -0.294451 -1.051000
v -0.556074 -0.296111 -1.051000
v -0.555189 -0.297767 -1.051000
v -0.554298 -0.299422 -1.051000
v -0.553403 -0.301073 -1.051000
v -0.552503 -0.302722 -1.051000
v -0.551598 -0.304368 -1.051000
v -0.550688 -0.306011 -1.051000
v -0.549773 -0.307651 -1.051000
v -0.548853 -0.309289 -1.051000
v -0.547929 -0.310924 -1.051000
v -0.546999 -0.312557 -1.051000
v -0.546065 -0.314186 -1.051000
v -0.545126 -0.315813 -1.051000
v -0.544182 -0.317437 -1.051000
v -0.543233 -0.319058 -1.051000
v -0.542279 -0.320676 -1.051000
v -0.541321 -0.322292 -1.051000
v -0.540357 -0.323904 -1.051000
v -0.539389 -0.325514 -1.051000
v -0.538416 -0.327121 -1.051000
v -0.537438 -0.328725 -1.051000
v -0.536456 -0.330326 -1.051000
v -0.535469 -0.331924 -1.051000
v -0.534477 -0.333519 -1.051000
v -0.533480 -0.335111 -1.051000
v -0.532478 -0.336700 -1.051000
v -0.531472 -0.338286 -1.051000
v -0.498513 -0.385208 -1.051000
v -0.497362 -0.386692 -1.051000
v -0.496207 -0.388173 -1.051000
v -0.495047 -0.389651 -1.051000
v -0.493883 -0.391126 -1.051000
v -0.492715 -0.392596 -1.051000
v -0.491542 -0.394064 -1.051000
v -0.490365 -0.395528 -1.051000
v -0.489184 -0.396988 -1.051000
v -0.487998 -0.398445 -1.051000
v -0.486808 -0.399898 -1.051000
v -0.485613 -0.401348 -1.051000
v -0.484414 -0.402794 -1.051000
v -0.483211 -0.404236 -1.051000
v -0.482004 -0.405675 -1.051000
v -0.480792 -0.407111 -1.051000
v -0.479576 -0.408542 -1.051000
v -0.478356 -0.409970 -1.051000
v -0.477131 -0.411395 -1.051000
v -0.475903 -0.412816 -1.051000
v -0.474670 -0.414233 -1.051000
v -0.473432 -0.415646 -1.051000
v -0.472191 -0.417056 -1.051000
v -0.470945 -0.418462 -1.051000
v -0.469696 -0.419864 -1.051000
v -0.468442 -0.421263 -1.051000
v -0.467184 -0.422658 -1.051000
v -0.465921 -0.424049 -1.051000
v -0.464655 -0.425436 -1.051000
v -0.424049 -0.465921 -1.051000
v -0.422658 -0.467184 -1.051000
v -0.421263 -0.468442 -1.051000
v -0.419864 -0.469696 -1.051000
v -0.418462 -0.470945 -1.051000
v -0.417056 -0.472191 -1.051000
v -0.415646 -0.473432 -1.051000
v -0.414233 -0.474670 -1.051000
v -0.412816 -0.475903 -1.051000
v -0.411395 -0.477131 -1.051000
v -0.409970 -0.478356 -1.051000
v -0.408542 -0.479576 -1.051000
v -0.407111 -0.480792 -1.051000
v -0.405675 -0.482004 -1.051000
v -0.404236 -0.483211 -1.051000
v -0.402794 -0.484414 -1.051000
v -0.401348 -0.485613 -1.051000
v -0.399898 -0.486808 -1.051000
v -0.398445 -0.487998 -1.051000
v -0.396988 -0.489184 -1.051000
v -0.395528 -0.490365 -1.051000
v -0.394064 -0.491542 -1.051000
v -0.392596 -0.492715 -1.051000
v -0.391126 -0.493883 -1.051000
v -0.389651 -0.495047 -1.051000
v -0.388173 -0.496207 -1.051000
v -0.386692 -0.497362 -1.051000
v -0.385208 -0.498513 -1.051000
v -0.383719 -0.499659 -1.051000
v -0.336700 -0.532478 -1.051000
v -0.335111 -0.533480 -1.051000
v -0.333519 -0.534477 -1.051000
v -0.331924 -0.535469 -1.051000
v -0.330326 -0.536456 -1.051000
v -0.328725 -0.537438 -1.051000
v -0.327121 -0.538416 -1.051000
v -0.325514 -0.539389 -1.051000
v -0.323904 -0.540357 -1.051000
v -0.322292 -0.541321 -1.051000
v -0.320676 -0.542279 -1.051000
v -0.319058 -0.543233 -1.051000
v -0.317437 -0.544182 -1.051000
v -0.315813 -0.545126 -1.051000
v -0.314186 -0.546065 -1.051000
v -0.312557 -0.546999 -1.051000
v -0.310924 -0.547929 -1.051000
v -0.309289 -0.548853 -1.051000
v -0.307651 -0.549773 -1.051000
v -0.306011 -0.550688 -1.051000
v -0.304368 -0.551598 -1.051000
v -0.302722 -0.552503 -1.051000
v -0.301073 -0.553403 -1.051000
v -0.299422 -0.554298 -1.051000
v -0.297767 -0.555189 -1.051000
v -0.296111 -0.556074 -1.051000
v -0.294451 -0.556955 -1.051000
v -0.292790 -0.557830 -1.051000
v -0.291125 -0.558700 -1.051000
v -0.239121 -0.582856 -1.051000
v -0.237382 -0.583566 -1.051000
v -0.235641 -0.584272 -1.051000
v -0.233898 -0.584972 -1.051000
v -0.232153 -0.585666 -1.051000
v -0.230406 -0.586356 -1.051000
v -0.228656 -0.587040 -1.051000
v -0.226905 -0.587719 -1.051000
v -0.225152 -0.588393 -1.051000
v -0.223396 -0.589062 -1.051000
v -0.221639 -0.589726 -1.051000
v -0.219880 -0.590384 -1.051000
v -0.218118 -0.591037 -1.051000
v -0.216355 -0.591684 -1.051000
v -0.214590 -0.592327 -1.051000
v -0.212823 -0.592964 -1.051000
v -0.211054 -0.593596 -1.051000
v -0.209283 -0.594223 -1.051000
v -0.207510 -0.594844 -1.051000
v -0.205736 -0.595460 -1.051000
v -0.203960 -0.596071 -1.051000
v -0.202181 -0.596676 -1.051000
v -0.200401 -0.597277 -1.051000
v -0.198620 -0.597871 -1.051000
v -0.196836 -0.598461 -1.051000
v -0.195051 -0.599045 -1.051000
v -0.193264 -0.599624 -1.051000
v -0.191475 -0.600198 -1.051000
v -0.189685 -0.600766 -1.051000
v -0.134276 -0.615524 -1.051000
v -0.132441 -0.615922 -1.051000
v -0.130604 -0.616314 -1.051000
v -0.128765 -0.616700 -1.051000
v -0.126926 -0.617082 -1.051000
v -0.125086 -0.617457 -1.051000
v -0.123244 -0.617828 -1.051000
v -0.121401 -0.618192 -1.051000
v -0.119558 -0.618552 -1.051000
v -0.117713 -0.618905 -1.051000
v -0.115867 -0.619253 -1.051000
v -0.114020 -0.619596 -1.051000
v -0.112172 -0.619933 -1.051000
v -0.110323 -0.620265 -1.051000
v -0.108473 -0.620591 -1.051000
v -0.106622 -0.620912 -1.051000
v -0.104771 -0.621227 -1.051000
v -0.102918 -0.621537 -1.051000
v -0.101064 -0.621841 -1.051000
v -0.099210 -0.622139 -1.051000
v -0.097354 -0.622432 -1.051000
v -0.095498 -0.622720 -1.051000
v -0.093641 -0.623002 -1.051000
v -0.091783 -0.623278 -1.051000
v -0.089924 -0.623549 -1.051000
v -0.088065 -0.623815 -1.051000
v -0.086204 -0.624074 -1.051000
v -0.084343 -0.624329 -1.051000
v -0.082481 -0.624577 -1.051000
v -0.025352 -0.629490 -1.051000
v -0.023475 -0.629562 -1.051000
v -0.021598 -0.629630 -1.051000
v -0.019720 -0.629691 -1.051000
v -0.017843 -0.629747 -1.051000
v -0.015965 -0.629798 -1.051000
v -0.014087 -0.629842 -1.051000
v -0.012209 -0.629882 -1.051000
v -0.010331 -0.629915 -1.051000
v -0.008453 -0.629943 -1.051000
v -0.006574 -0.629966 -1.051000
v -0.004696 -0.629982 -1.051000
v -0.002818 -0.629994 -1.051000
v -0.000939 -0.629999 -1.051000
v 0.000939 -0.629999 -1.051000
v 0.002818 -0.629994 -1.051000
v 0.004696 -0.629982 -1.051000
v 0.006574 -0.629966 -1.051000
v 0.008453 -0.629943 -1.051000
v 0.010331 -0.629915 -1.051000
v 0.012209 -0.629882 -1.051000
v 0.014087 -0.629842 -1.051000
v 0.015965 -0.629798 -1.051000
v 0.017843 -0.629747 -1.051000
v 0.019720 -0.629691 -1.051000
v 0.021598 -0.629630 -1.051000
v 0.023475 -0.629562 -1.051000
v 0.025352 -0.629490 -1.051000
v 0.027229 -0.629411 -1.051000
f 1 2 3
f 4 5 6
f 7 1 3
f 4 6 8
f 9 7 3
f 4 8 10
f 11 9 3
f 4 10 12
f 13 11 3
f 4 12 14
f 15 13 3
f 4 14 16
f 17 15 3
f 4 16 18
f 19 17 3
f 4 18 20
f 21 19 3
f 4 20 22
f 23 21 3
f 4 22 24
f 25 23 3
f 4 24 26
f 27 25 3
f 4 26 28
f 29 27 3
f 4 28 30
f 31 29 3
f 4 30 32
f 33 31 3
f 4 32 34
f 35 33 3
f 4 34 36
f 37 35 3
f 4 36 38
f 39 37 3
f 4 38 40
f 41 39 3
f 4 40 42
f 43 41 3
f 4 42 44
f 45 43 3
f 4 44 46
f 47 45 3
f 4 46 48
f 49 47 3
f 4 48 50
f 51 49 3
f 4 50 52
f 53 51 3
f 4 52 54
f 55 53 3
f 4 54 56
f 57 55 3
f 4 56 58
f 59 57 3
f 4 58 60
f 61 59 3
f 4 60 62
f 63 61 3
f 4 62 64
f 65 63 3
f 4 64 66
f 67 65 3
f 4 66 68
f 69 67 3
f 4 68 70
f 71 69 3
f 4 70 72
f 73 71 3
f 72 70 74
f 75 73 3
f 72 74 76
f 77 75 3
f 72 76 78
f 79 77 3
f 72 78 80
f 81 79 3
f 72 80 82
f 83 81 3
f 72 82 84
f 85 83 3
f 72 84 86
f 87 85 3
f 72 86 88
f 89 87 3
f 72 88 90
f 91 89 3
f 72 90 92
f 93 91 3
f 72 92 94
f 95 93 3
f 72 94 96
f 97 95 3
f 72 96 98
f 99 97 3
f 72 98 100
f 99 3 101
f 72 100 102
f 99 101 103
f 72 102 104
f 103 101 105
f 72 104 106
f 105 101 107
f 72 106 108
f 107 101 109
f 72 108 110
f 109 101 111
f 112 110 113
f 111 101 114
f 115 113 116
f 114 101 117
f 118 116 119
f 114 117 120
f 121 119 122
f 123 124 120
f 125 122 126
f 124 123 127
f 128 126 129
f 124 127 130
f 131 129 132
f 130 127 133
f 134 132 135
f 130 133 136
f 137 135 138
f 136 133 139
f 72 110 112
f 136 139 140
f 72 141 142
f 140 139 143
f 144 72 145
f 140 143 146
f 147 72 148
f 146 143 149
f 150 72 151
f 123 120 117
f 152 72 153
f 101 3 154
f 155 72 152
f 154 3 156
f 157 72 155
f 156 3 158
f 159 72 160
f 158 3 161
f 162 72 159
f 161 3 163
f 164 72 162
f 163 3 165
f 166 72 164
f 165 3 167
f 166 168 72
f 167 3 169
f 170 168 166
f 169 3 171
f 172 168 170
f 171 3 173
f 174 168 172
f 175 168 174
f 176 168 175
f 177 168 176
f 178 168 177
f 179 168 178
f 180 168 179
f 181 168 180
f 182 168 181
f 183 168 182
f 184 168 183
f 185 168 184
f 186 168 185
f 187 168 186
f 188 168 187
f 189 190 191
f 192 193 194
f 195 196 197
f 198 199 200
f 201 202 203
f 204 205 206
f 207 208 209
f 210 211 212
f 213 214 215
f 216 217 218
f 219 220 221
f 222 223 224
f 225 226 227
f 228 229 230
f 231 232 233
f 234 235 236
f 237 238 239
f 240 241 242
f 189 191 243
f 192 194 244
f 195 197 245
f 198 200 246
f 201 203 247
f 204 206 248
f 207 209 249
f 210 212 250
f 213 215 251
f 216 218 252
f 219 221 253
f 222 224 254
f 225 227 255
f 228 230 256
f 231 233 257
f 234 236 258
f 237 239 259
f 240 242 260
f 189 243 261
f 192 244 262
f 195 245 263
f 198 246 264
f 201 247 265
f 204 248 266
f 207 249 267
f 210 250 268
f 213 251 269
f 216 252 270
f 219 253 271
f 222 254 272
f 225 255 273
f 228 256 274
f 231 257 275
f 234 258 276
f 237 259 277
f 240 260 278
f 261 243 279
f 262 244 280
f 263 245 281
f 264 246 282
f 265 247 283
f 266 248 284
f 267 249 285
f 268 250 286
f 269 251 287
f 270 252 288
f 271 253 289
f 272 254 290
f 273 255 291
f 274 256 292
f 275 257 293
f 276 258 294
f 277 259 295
f 278 260 296
f 279 243 297
f 280 244 298
f 281 245 299
f 282 246 300
f 283 247 301
f 284 248 302
f 285 249 303
f 286 250 304
f 287 251 305
f 288 252 306
f 289 253 307
f 290 254 308
f 291 255 309
f 292 256 310
f 293 257 311
f 294 258 312
f 295 259 313
f 296 260 314
f 297 243 315
f 298 244 316
f 299 245 317
f 300 246 318
f 301 247 319
f 302 248 320
f 303 249 321
f 304 250 322
f 305 251 323
f 306 252 324
f 307 253 325
f 308 254 326
f 309 255 327
f 310 256 328
f 311 257 329
f 312 258 330
f 313 259 331
f 314 260 332
f 315 243 333
f 316 244 334
f 317 245 335
f 318 246 336
f 319 247 337
f 320 248 338
f 321 249 339
f 322 250 340
f 323 251 341
f 324 252 342
f 325 253 343
f 326 254 344
f 327 255 345
f 328 256 346
f 329 257 347
f 330 258 348
f 331 259 349
f 332 260 350
f 333 243 351
f 334 244 352
f 335 245 353
f 336 246 354
f 337 247 355
f 338 248 356
f 339 249 357
f 340 250 358
f 341 251 359
f 342 252 360
f 343 253 361
f 344 254 362
f 345 255 363
f 346 256 364
f 347 257 365
f 348 258 366
f 349 259 367
f 350 260 368
f 351 243 369
f 352 244 370
f 353 245 371
f 354 246 372
f 355 247 373
f 356 248 374
f 357 249 375
f 358 250 376
f 359 251 377
f 360 252 378
f 361 253 379
f 362 254 380
f 363 255 381
f 364 256 382
f 365 257 383
f 366 258 384
f 367 259 385
f 368 260 386
f 369 243 387
f 370 244 388
f 371 245 389
f 372 246 390
f 373 247 391
f 374 248 392
f 375 249 393
f 376 250 394
f 377 251 395
f 378 252 396
f 379 253 397
f 380 254 398
f 381 255 399
f 382 256 400
f 383 257 401
f 384 258 402
f 385 259 403
f 386 260 404
f 387 243 405
f 388 244 406
f 389 245 407
f 390 246 408
f 391 247 409
f 392 248 410
f 393 249 411
f 394 250 412
f 395 251 413
f 396 252 414
f 397 253 415
f 398 254 416
f 399 255 417
f 400 256 418
f 401 257 419
f 402 258 420
f 403 259 421
f 404 260 422
f 405 243 423
f 406 244 424
f 407 245 425
f 408 246 426
f 409 247 427
f 410 248 428
f 411 249 429
f 412 250 430
f 413 251 431
f 414 252 432
f 415 253 433
f 416 254 434
f 417 255 435
f 418 256 436
f 419 257 437
f 420 258 438
f 421 259 439
f 422 260 440
f 405 423 441
f 406 424 442
f 407 425 443
f 408 426 444
f 409 427 445
f 410 428 446
f 411 429 447
f 412 430 448
f 413 431 449
f 414 432 450
f 415 433 451
f 416 434 452
f 417 435 453
f 418 436 454
f 419 437 455
f 420 438 456
f 421 439 457
f 422 440 458
f 441 423 459
f 442 424 460
f 443 425 461
f 444 426 462
f 445 427 463
f 446 428 464
f 447 429 465
f 448 430 466
f 449 431 467
f 450 432 468
f 451 433 469
f 452 434 470
f 453 435 471
f 454 436 472
f 455 437 473
f 456 438 474
f 457 439 475
f 458 440 476
f 441 459 477
f 442 460 478
f 443 461 479
f 444 462 480
f 445 463 481
f 446 464 482
f 447 465 483
f 448 466 484
f 449 467 485
f 450 468 486
f 451 469 487
f 452 470 488
f 453 471 489
f 454 472 490
f 455 473 491
f 456 474 492
f 457 475 493
f 458 476 494
f 477 459 495
f 478 460 496
f 479 461 497
f 480 462 498
f 481 463 499
f 482 464 500
f 483 465 501
f 484 466 502
f 485 467 503
f 486 468 504
f 487 469 505
f 488 470 506
f 489 471 507
f 490 472 508
f 491 473 509
f 492 474 510
f 493 475 511
f 494 476 512
f 477 495 513
f 478 496 514
f 479 497 515
f 480 498 516
f 481 499 517
f 482 500 518
f 483 501 519
f 484 502 520
f 485 503 521
f 486 504 522
f 487 505 523
f 488 506 524
f 489 507 525
f 490 508 526
f 491 509 527
f 492 510 528
f 493 511 529
f 494 512 530
f 513 495 531
f 514 496 532
f 515 497 533
f 516 498 534
f 517 499 535
f 518 500 536
f 519 501 537
f 520 502 538
f 521 503 539
f 522 504 540
f 523 505 541
f 524 506 542
f 525 507 543
f 526 508 544
f 527 509 545
f 528 510 546
f 529 511 547
f 530 512 548
f 513 531 549
f 514 532 550
f 515 533 551
f 516 534 552
f 517 535 553
f 518 536 554
f 519 537 555
f 520 538 556
f 521 539 557
f 522 540 558
f 523 541 559
f 524 542 560
f 525 543 561
f 526 544 562
f 527 545 563
f 528 546 564
f 529 547 565
f 530 548 566
f 549 531 567
f 550 532 568
f 551 533 569
f 552 534 570
f 553 535 571
f 554 536 572
f 555 537 573
f 556 538 574
f 557 539 575
f 558 540 576
f 559 541 577
f 560 542 578
f 561 543 579
f 562 544 580
f 563 545 581
f 564 546 582
f 565 547 583
f 566 548 584
f 549 567 585
f 550 568 586
f 551 569 587
f 552 570 588
f 553 571 589
f 554 572 590
f 555 573 591
f 556 574 592
f 557 575 593
f 558 576 594
f 559 577 595
f 560 578 596
f 561 579 597
f 562 580 598
f 563 581 599
f 564 582 600
f 565 583 601
f 566 584 602
f 585 567 603
f 586 568 604
f 587 569 605
f 588 570 606
f 589 571 607
f 590 572 608
f 591 573 609
f 592 574 610
f 593 575 611
f 594 576 612
f 595 577 613
f 596 578 614
f 597 579 615
f 598 580 616
f 599 581 617
f 600 582 618
f 601 583 619
f 602 584 620
f 585 603 621
f 586 604 622
f 587 605 623
f 588 606 624
f 589 607 625
f 590 608 626
f 591 609 627
f 592 610 628
f 593 611 629
f 594 612 630
f 595 613 631
f 596 614 632
f 597 615 633
f 598 616 634
f 599 617 635
f 600 618 636
f 601 619 637
f 602 620 638
f 621 603 639
f 622 604 640
f 623 605 641
f 624 606 642
f 625 607 643
f 626 608 644
f 627 609 645
f 628 610 646
f 629 611 647
f 630 612 648
f 631 613 649
f 632 614 650
f 633 615 651
f 634 616 652
f 635 617 653
f 636 618 654
f 637 619 655
f 638 620 656
f 621 639 657
f 622 640 658
f 623 641 659
f 624 642 660
f 625 643 661
f 626 644 662
f 627 645 663
f 628 646 664
f 629 647 665
f 630 648 666
f 631 649 667
f 632 650 668
f 633 651 669
f 634 652 670
f 635 653 671
f 636 654 672
f 637 655 673
f 638 656 674
f 621 657 675
f 622 658 676
f 623 659 677
f 624 660 678
f 625 661 679
f 626 662 680
f 627 663 681
f 628 664 682
f 629 665 683
f 630 666 684
f 631 667 685
f 632 668 686
f 633 669 687
f 634 670 688
f 635 671 689
f 636 672 690
f 637 673 691
f 638 674 692
f 676 658 693
f 677 659 694
f 678 660 695
f 679 661 696
f 680 662 697
f 681 663 698
f 682 664 699
f 683 665 700
f 684 666 701
f 685 667 702
f 686 668 703
f 687 669 704
f 688 670 705
f 689 671 706
f 690 672 707
f 691 673 708
f 692 674 709
f 676 693 710
f 677 694 711
f 678 695 712
f 679 696 713
f 680 697 714
f 681 698 715
f 682 699 716
f 683 700 717
f 684 701 718
f 685 702 719
f 686 703 720
f 687 704 721
f 688 705 722
f 689 706 723
f 690 707 724
f 691 708 725
f 692 709 726
f 710 693 727
f 711 694 728
f 712 695 729
f 713 696 730
f 714 697 731
f 715 698 732
f 716 699 733
f 717 700 734
f 718 701 735
f 719 702 736
f 720 703 737
f 721 704 738
f 722 705 739
f 723 706 740
f 724 707 741
f 725 708 742
f 726 709 743
f 710 727 744
f 711 728 745
f 712 729 746
f 713 730 747
f 714 731 748
f 715 732 749
f 716 733 750
f 717 734 751
f 718 735 752
f 719 736 753
f 720 737 754
f 721 738 755
f 722 739 756
f 723 740 757
f 724 741 758
f 725 742 759
f 726 743 760
f 761 762 763
f 764 762 761
f 764 765 762
f 766 765 764
f 766 767 765
f 768 767 766
f 768 769 767
f 768 770 769
f 771 770 768
f 771 772 770
f 773 772 771
f 773 774 772
f 775 774 773
f 775 776 774
f 777 776 775
f 777 778 776
f 760 778 777
f 760 743 778
f 761 763 779
f 779 763 780
f 779 780 781
f 781 780 782
f 781 782 783
f 783 782 784
f 783 784 785
f 785 784 786
f 785 786 149
f 149 786 787
f 146 149 787
f 788 173 3
f 789 788 3
f 790 789 3
f 791 790 3
f 792 791 3
f 793 792 3
f 794 793 3
f 3 795 796
f 797 795 3
f 798 797 3
f 799 798 3
f 800 799 3
f 801 800 3
f 802 801 3
f 803 802 3
f 803 3 804
f 803 804 805
f 805 804 806
f 805 806 807
f 807 806 808
f 807 808 809
f 809 808 810
f 809 810 811
f 811 810 812
f 811 812 813
f 813 812 814
f 813 814 815
f 815 814 816
f 815 816 817
f 817 816 818
f 817 818 819
f 819 818 820
f 819 820 821
f 821 820 822
f 821 822 823
f 823 822 824
f 823 824 825
f 826 827 675
f 828 827 826
f 828 829 827
f 830 829 828
f 830 831 829
f 832 831 830
f 832 833 831
f 834 833 832
f 834 835 833
f 836 835 834
f 836 837 835
f 838 837 836
f 838 839 837
f 840 839 838
f 841 839 840
f 841 842 839
f 843 842 841
f 843 138 842
f 138 843 844
f 138 844 845
f 138 845 846
f 138 846 847
f 138 847 848
f 138 848 849
f 138 849 850
f 138 850 851
f 138 851 852
f 138 852 853
f 138 853 854
f 138 854 855
f 138 855 137
f 137 134 135
f 134 131 132
f 131 128 129
f 128 125 126
f 125 121 122
f 121 118 119
f 118 115 116
f 115 112 113
f 72 112 856
f 856 857 72
f 72 857 858
f 858 859 72
f 72 859 860
f 860 861 72
f 72 861 862
f 862 141 72
f 145 72 142
f 148 72 144
f 151 72 147
f 153 72 150
f 160 72 157
f 863 168 188
f 864 168 863
f 865 168 864
f 866 168 865
f 867 168 866
f 868 869 870
f 868 871 872
f 872 871 873
f 873 871 874
f 874 871 875
f 875 871 876
f 876 871 877
f 877 871 878
f 878 871 879
f 879 871 880
f 880 871 881
f 881 871 882
f 882 871 883
f 883 871 884
f 884 871 885
f 885 871 886
f 886 871 887
f 887 871 888
f 888 871 889
f 889 871 890
f 890 871 891
f 891 871 892
f 892 871 893
f 893 871 894
f 895 896 897
f 898 897 899
f 744 727 900
f 744 900 901
f 901 900 902
f 901 902 903
f 903 902 904
f 903 904 905
f 905 904 906
f 905 906 907
f 907 906 908
f 907 908 909
f 909 908 910
f 909 910 911
f 909 911 912
f 912 911 913
f 912 913 914
f 914 913 915
f 914 915 916
f 916 915 917
f 916 917 918
f 918 917 919
f 918 919 920
f 920 919 921
f 920 921 899
f 899 921 922
f 899 922 923
f 899 923 924
f 899 924 925
f 899 925 926
f 899 926 927
f 899 927 928
f 899 928 929
f 899 929 930
f 899 930 931
f 899 931 932
f 899 932 933
f 899 933 898
f 898 895 897
f 895 934 896
f 896 934 935
f 935 936 896
f 896 936 937
f 937 938 896
f 896 938 939
f 939 940 896
f 896 940 941
f 941 942 896
f 896 942 943
f 943 944 896
f 896 944 945
f 945 946 896
f 896 946 947
f 947 869 896
f 869 871 868
f 894 871 3
f 897 948 3
f 3 948 949
f 3 949 950
f 3 950 951
f 952 953 954
f 954 955 952
f 952 955 956
f 956 957 952
f 952 957 958
f 958 959 952
f 952 959 960
f 960 961 952
f 961 962 963
f 962 964 965
f 964 966 967
f 966 968 969
f 968 970 971
f 970 972 973
f 972 974 975
f 974 976 977
f 976 978 979
f 978 980 981
f 980 982 983
f 983 982 984
f 985 984 986
f 987 986 988
f 989 988 990
f 991 990 992
f 993 992 994
f 995 994 996
f 745 728 997
f 745 997 998
f 998 997 999
f 998 999 1000
f 1000 999 1001
f 1000 1001 1002
f 1002 1001 1003
f 1002 1003 1004
f 1004 1003 1005
f 1004 1005 1006
f 1006 1005 1007
f 1006 1007 1008
f 1006 1008 1009
f 1009 1008 1010
f 1009 1010 1011
f 1011 1010 1012
f 1011 1012 1013
f 1013 1012 1014
f 1013 1014 1015
f 1015 1014 1016
f 1015 1016 1017
f 1017 1016 1018
f 1017 1018 996
f 996 1018 1019
f 996 1019 1020
f 996 1020 1021
f 996 1021 1022
f 996 1022 1023
f 996 1023 1024
f 996 1024 1025
f 996 1025 1026
f 996 1026 1027
f 996 1027 1028
f 996 1028 1029
f 996 1029 1030
f 996 1030 995
f 995 993 994
f 993 991 992
f 991 989 990
f 989 987 988
f 987 985 986
f 985 983 984
f 980 983 981
f 978 981 979
f 976 979 977
f 974 977 975
f 972 975 973
f 970 973 971
f 968 971 969
f 966 969 967
f 964 967 965
f 962 965 963
f 961 963 952
f 952 3 953
f 994 1031 3
f 3 1031 1032
f 3 1032 1033
f 3 1033 1034
f 1035 1036 1037
f 1037 1038 1035
f 1035 1038 1039
f 1039 1040 1035
f 1035 1040 1041
f 1041 1042 1035
f 1035 1042 1043
f 1043 1044 1035
f 1044 1045 1046
f 1045 1047 1048
f 1047 1049 1050
f 1049 1051 1052
f 1051 1053 1054
f 1053 1055 1056
f 1055 1057 1058
f 1057 1059 1060
f 1059 1061 1062
f 1061 1063 1064
f 1063 1065 1066
f 1066 1065 1067
f 1068 1067 1069
f 1070 1069 1071
f 1072 1071 1073
f 1074 1073 1075
f 1076 1075 1077
f 1078 1077 1079
f 746 729 1080
f 746 1080 1081
f 1081 1080 1082
f 1081 1082 1083
f 1083 1082 1084
f 1083 1084 1085
f 1085 1084 1086
f 1085 1086 1087
f 1087 1086 1088
f 1087 1088 1089
f 1089 1088 1090
f 1089 1090 1091
f 1089 1091 1092
f 1092 1091 1093
f 1092 1093 1094
f 1094 1093 1095
f 1094 1095 1096
f 1096 1095 1097
f 1096 1097 1098
f 1098 1097 1099
f 1098 1099 1100
f 1100 1099 1101
f 1100 1101 1079
f 1079 1101 1102
f 1079 1102 1103
f 1079 1103 1104
f 1079 1104 1105
f 1079 1105 1106
f 1079 1106 1107
f 1079 1107 1108
f 1079 1108 1109
f 1079 1109 1110
f 1079 1110 1111
f 1079 1111 1112
f 1079 1112 1113
f 1079 1113 1078
f 1078 1076 1077
f 1076 1074 1075
f 1074 1072 1073
f 1072 1070 1071
f 1070 1068 1069
f 1068 1066 1067
f 1063 1066 1064
f 1061 1064 1062
f 1059 1062 1060
f 1057 1060 1058
f 1055 1058 1056
f 1053 1056 1054
f 1051 1054 1052
f 1049 1052 1050
f 1047 1050 1048
f 1045 1048 1046
f 1044 1046 1035
f 1035 3 1036
f 1077 1114 3
f 3 1114 1115
f 3 1115 1116
f 3 1116 1117
f 1118 1119 1120
f 1120 1121 1118
f 1118 1121 1122
f 1122 1123 1118
f 1118 1123 1124
f 1124 1125 1118
f 1118 1125 1126
f 1126 1127 1118
f 1118 1127 1128
f 1129 1128 1130
f 1131 1130 1132
f 1133 1132 1134
f 1135 1134 1136
f 1137 1136 1138
f 1139 1138 1140
f 1141 1140 1142
f 1143 1142 1144
f 1145 1144 1146
f 1147 1146 1148
f 1148 1149 1147
f 1149 1150 1151
f 1150 1152 1153
f 1152 1154 1155
f 1154 1156 1157
f 1156 1158 1159
f 1158 1160 1161
f 747 730 1162
f 747 1162 1163
f 1163 1162 1164
f 1163 1164 1165
f 1165 1164 1166
f 1165 1166 1167
f 1167 1166 1168
f 1167 1168 1169
f 1169 1168 1170
f 1169 1170 1171
f 1171 1170 1172
f 1171 1172 1173
f 1171 1173 1174
f 1174 1173 1175
f 1174 1175 1176
f 1176 1175 1177
f 1176 1177 1178
f 1178 1177 1179
f 1178 1179 1180
f 1180 1179 1181
f 1180 1181 1182
f 1182 1181 1183
f 1182 1183 1160
f 1160 1183 1184
f 1160 1184 1185
f 1160 1185 1186
f 1160 1186 1187
f 1160 1187 1188
f 1160 1188 1189
f 1160 1189 1190
f 1160 1190 1191
f 1160 1191 1192
f 1160 1192 1193
f 1160 1193 1194
f 1160 1194 1195
f 1160 1195 1161
f 1158 1161 1159
f 1156 1159 1157
f 1154 1157 1155
f 1152 1155 1153
f 1150 1153 1151
f 1149 1151 1147
f 1147 1145 1146
f 1145 1143 1144
f 1143 1141 1142
f 1141 1139 1140
f 1139 1137 1138
f 1137 1135 1136
f 1135 1133 1134
f 1133 1131 1132
f 1131 1129 1130
f 1129 1118 1128
f 1118 3 1119
f 1158 1196 1197
f 1158 1197 3
f 3 1197 1198
f 3 1198 1199
f 3 1199 1200
f 1201 1202 1203
f 1203 1204 1201
f 1201 1204 1205
f 1205 1206 1201
f 1201 1206 1207
f 1207 1208 1201
f 1201 1208 1209
f 1209 1210 1201
f 1201 1210 1211
f 1212 1211 1213
f 1214 1213 1215
f 1216 1215 1217
f 1218 1217 1219
f 1220 1219 1221
f 1222 1221 1223
f 1224 1223 1225
f 1226 1225 1227
f 1228 1227 1229
f 1230 1229 1231
f 1231 1232 1230
f 1232 1233 1234
f 1233 1235 1236
f 1235 1237 1238
f 1237 1239 1240
f 1239 1241 1242
f 1241 1243 1244
f 748 731 1245
f 748 1245 1246
f 1246 1245 1247
f 1246 1247 1248
f 1248 1247 1249
f 1248 1249 1250
f 1250 1249 1251
f 1250 1251 1252
f 1252 1251 1253
f 1252 1253 1254
f 1254 1253 1255
f 1254 1255 1256
f 1254 1256 1257
f 1257 1256 1258
f 1257 1258 1259
f 1259 1258 1260
f 1259 1260 1261
f 1261 1260 1262
f 1261 1262 1263
f 1263 1262 1264
f 1263 1264 1265
f 1265 1264 1266
f 1265 1266 1243
f 1243 1266 1267
f 1243 1267 1268
f 1243 1268 1269
f 1243 1269 1270
f 1243 1270 1271
f 1243 1271 1272
f 1243 1272 1273
f 1243 1273 1274
f 1243 1274 1275
f 1243 1275 1276
f 1243 1276 1277
f 1243 1277 1278
f 1243 1278 1244
f 1241 1244 1242
f 1239 1242 1240
f 1237 1240 1238
f 1235 1238 1236
f 1233 1236 1234
f 1232 1234 1230
f 1230 1228 1229
f 1228 1226 1227
f 1226 1224 1225
f 1224 1222 1223
f 1222 1220 1221
f 1220 1218 1219
f 1218 1216 1217
f 1216 1214 1215
f 1214 1212 1213
f 1212 1201 1211
f 1201 3 1202
f 1241 1279 1280
f 1241 1280 3
f 3 1280 1281
f 3 1281 1282
f 3 1282 1283
f 1284 1285 1286
f 1286 1287 1284
f 1284 1287 1288
f 1288 1289 1284
f 1284 1289 1290
f 1290 1291 1284
f 1284 1291 1292
f 1292 1293 1284
f 1284 1293 1294
f 1295 1294 1296
f 1297 1296 1298
f 1299 1298 1300
f 1301 1300 1302
f 1303 1302 1304
f 1305 1304 1306
f 1307 1306 1308
f 1309 1308 1310
f 1311 1310 1312
f 1313 1312 1314
f 1314 1315 1313
f 1315 1316 1317
f 1316 1318 1319
f 1318 1320 1321
f 1320 1322 1323
f 1322 1324 1325
f 1324 1326 1327
f 749 732 1328
f 749 1328 1329
f 1329 1328 1330
f 1329 1330 1331
f 1331 1330 1332
f 1331 1332 1333
f 1333 1332 1334
f 1333 1334 1335
f 1335 1334 1336
f 1335 1336 1337
f 1337 1336 1338
f 1337 1338 1339
f 1337 1339 1340
f 1340 1339 1341
f 1340 1341 1342
f 1342 1341 1343
f 1342 1343 1344
f 1344 1343 1345
f 1344 1345 1346
f 1346 1345 1347
f 1346 1347 1348
f 1348 1347 1349
f 1348 1349 1326
f 1326 1349 1350
f 1326 1350 1351
f 1326 1351 1352
f 1326 1352 1353
f 1326 1353 1354
f 1326 1354 1355
f 1326 1355 1356
f 1326 1356 1357
f 1326 1357 1358
f 1326 1358 1359
f 1326 1359 1360
f 1326 1360 1361
f 1326 1361 1327
f 1324 1327 1325
f 1322 1325 1323
f 1320 1323 1321
f 1318 1321 1319
f 1316 1319 1317
f 1315 1317 1313
f 1313 1311 1312
f 1311 1309 1310
f 1309 1307 1308
f 1307 1305 1306
f 1305 1303 1304
f 1303 1301 1302
f 1301 1299 1300
f 1299 1297 1298
f 1297 1295 1296
f 1295 1284 1294
f 1284 3 1285
f 1324 1362 1363
f 1324 1363 3
f 3 1363 1364
f 3 1364 1365
f 3 1365 1366
f 1367 1368 1369
f 1369 1370 1367
f 1367 1370 1371
f 1371 1372 1367
f 1367 1372 1373
f 1373 1374 1367
f 1367 1374 1375
f 1375 1376 1367
f 1367 1376 1377
f 1377 1378 1367
f 1378 1379 1380
f 1379 1381 1382
f 1381 1383 1384
f 1383 1385 1386
f 1385 1387 1388
f 1387 1389 1390
f 1389 1391 1392
f 1391 1393 1394
f 1393 1395 1396
f 1396 1395 1397
f 1398 1397 1399
f 1400 1399 1401
f 1402 1401 1403
f 1404 1403 1405
f 1406 1405 1407
f 1408 1407 1409
f 750 733 1410
f 750 1410 1411
f 1411 1410 1412
f 1411 1412 1413
f 1413 1412 1414
f 1413 1414 1415
f 1415 1414 1416
f 1415 1416 1417
f 1417 1416 1418
f 1417 1418 1419
f 1419 1418 1420
f 1419 1420 1421
f 1419 1421 1422
f 1422 1421 1423
f 1422 1423 1424
f 1424 1423 1425
f 1424 1425 1426
f 1426 1425 1427
f 1426 1427 1428
f 1428 1427 1429
f 1428 1429 1430
f 1430 1429 1431
f 1430 1431 1409
f 1409 1431 1432
f 1409 1432 1433
f 1409 1433 1434
f 1409 1434 1435
f 1409 1435 1436
f 1409 1436 1437
f 1409 1437 1438
f 1409 1438 1439
f 1409 1439 1440
f 1409 1440 1441
f 1409 1441 1442
f 1409 1442 1443
f 1409 1443 1408
f 1408 1406 1407
f 1406 1404 1405
f 1404 1402 1403
f 1402 1400 1401
f 1400 1398 1399
f 1398 1396 1397
f 1393 1396 1394
f 1391 1394 1392
f 1389 1392 1390
f 1387 1390 1388
f 1385 1388 1386
f 1383 1386 1384
f 1381 1384 1382
f 1379 1382 1380
f 1378 1380 1367
f 1367 3 1368
f 1407 1444 1445
f 1407 1445 1446
f 1407 1446 3
f 3 1446 1447
f 3 1447 1448
f 3 1448 1449
f 1450 1451 1452
f 1452 1453 1450
f 1450 1453 1454
f 1454 1455 1450
f 1450 1455 1456
f 1456 1457 1450
f 1450 1457 1458
f 1458 1459 1450
f 1450 1459 1460
f 1460 1461 1450
f 1461 1462 1463
f 1462 1464 1465
f 1464 1466 1467
f 1466 1468 1469
f 1468 1470 1471
f 1470 1472 1473
f 1472 1474 1475
f 1474 1476 1477
f 1476 1478 1479
f 1479 1478 1480
f 1481 1480 1482
f 1483 1482 1484
f 1485 1484 1486
f 1487 1486 1488
f 1489 1488 1490
f 1491 1490 1492
f 751 734 1493
f 751 1493 1494
f 1494 1493 1495
f 1494 1495 1496
f 1496 1495 1497
f 1496 1497 1498
f 1498 1497 1499
f 1498 1499 1500
f 1500 1499 1501
f 1500 1501 1502
f 1502 1501 1503
f 1502 1503 1504
f 1502 1504 1505
f 1505 1504 1506
f 1505 1506 1507
f 1507 1506 1508
f 1507 1508 1509
f 1509 1508 1510
f 1509 1510 1511
f 1511 1510 1512
f 1511 1512 1513
f 1513 1512 1514
f 1513 1514 1492
f 1492 1514 1515
f 1492 1515 1516
f 1492 1516 1517
f 1492 1517 1518
f 1492 1518 1519
f 1492 1519 1520
f 1492 1520 1521
f 1492 1521 1522
f 1492 1522 1523
f 1492 1523 1524
f 1492 1524 1525
f 1492 1525 1526
f 1492 1526 1491
f 1491 1489 1490
f 1489 1487 1488
f 1487 1485 1486
f 1485 1483 1484
f 1483 1481 1482
f 1481 1479 1480
f 1476 1479 1477
f 1474 1477 1475
f 1472 1475 1473
f 1470 1473 1471
f 1468 1471 1469
f 1466 1469 1467
f 1464 1467 1465
f 1462 1465 1463
f 1461 1463 1450
f 1450 3 1451
f 1490 1527 1528
f 1490 1528 1529
f 1490 1529 3
f 3 1529 1530
f 3 1530 1531
f 3 1531 1532
f 1533 1534 1535
f 1535 1536 1533
f 1533 1536 1537
f 1537 1538 1533
f 1533 1538 1539
f 1539 1540 1533
f 1533 1540 1541
f 1541 1542 1533
f 1533 1542 1543
f 1543 1544 1533
f 1533 1544 1545
f 1546 1545 1547
f 1548 1547 1549
f 1550 1549 1551
f 1552 1551 1553
f 1554 1553 1555
f 1556 1555 1557
f 1558 1557 1559
f 1560 1559 1561
f 1561 1562 1560
f 1562 1563 1564
f 1563 1565 1566
f 1565 1567 1568
f 1567 1569 1570
f 1569 1571 1572
f 1571 1573 1574
f 752 735 1575
f 752 1575 1576
f 1576 1575 1577
f 1576 1577 1578
f 1578 1577 1579
f 1578 1579 1580
f 1580 1579 1581
f 1580 1581 1582
f 1582 1581 1583
f 1582 1583 1584
f 1584 1583 1585
f 1584 1585 1586
f 1584 1586 1587
f 1587 1586 1588
f 1587 1588 1589
f 1589 1588 1590
f 1589 1590 1591
f 1591 1590 1592
f 1591 1592 1593
f 1593 1592 1594
f 1593 1594 1595
f 1595 1594 1596
f 1595 1596 1573
f 1573 1596 1597
f 1573 1597 1598
f 1573 1598 1599
f 1573 1599 1600
f 1573 1600 1601
f 1573 1601 1602
f 1573 1602 1603
f 1573 1603 1604
f 1573 1604 1605
f 1573 1605 1606
f 1573 1606 1607
f 1573 1607 1608
f 1573 1608 1574
f 1571 1574 1572
f 1569 1572 1570
f 1567 1570 1568
f 1565 1568 1566
f 1563 1566 1564
f 1562 1564 1560
f 1560 1558 1559
f 1558 1556 1557
f 1556 1554 1555
f 1554 1552 1553
f 1552 1550 1551
f 1550 1548 1549
f 1548 1546 1547
f 1546 1533 1545
f 1533 3 1534
f 1571 1609 1610
f 1571 1610 1611
f 1571 1611 1612
f 1571 1612 3
f 3 1612 1613
f 3 1613 1614
f 3 1614 1615
f 3 1616 1617
f 1617 1618 1619
f 1619 1618 1620
f 1620 1621 1619
f 1619 1621 1622
f 1622 1623 1619
f 1619 1623 1624
f 1624 1625 1619
f 1619 1625 1626
f 1626 1627 1619
f 1619 1627 1628
f 1628 1629 1619
f 1629 1630 1631
f 1630 1632 1633
f 1632 1634 1635
f 1634 1636 1637
f 1636 1638 1639
f 1638 1640 1641
f 1640 1642 1643
f 1643 1642 1644
f 1645 1644 1646
f 1647 1646 1648
f 1649 1648 1650
f 1651 1650 1652
f 1653 1652 1654
f 1655 1654 1656
f 753 736 1657
f 753 1657 1658
f 1658 1657 1659
f 1658 1659 1660
f 1660 1659 1661
f 1660 1661 1662
f 1662 1661 1663
f 1662 1663 1664
f 1664 1663 1665
f 1664 1665 1666
f 1666 1665 1667
f 1666 1667 1668
f 1666 1668 1669
f 1669 1668 1670
f 1669 1670 1671
f 1671 1670 1672
f 1671 1672 1673
f 1673 1672 1674
f 1673 1674 1675
f 1675 1674 1676
f 1675 1676 1677
f 1677 1676 1678
f 1677 1678 1656
f 1656 1678 1679
f 1656 1679 1680
f 1656 1680 1681
f 1656 1681 1682
f 1656 1682 1683
f 1656 1683 1684
f 1656 1684 1685
f 1656 1685 1686
f 1656 1686 1687
f 1656 1687 1688
f 1656 1688 1689
f 1656 1689 1690
f 1656 1690 1655
f 1655 1653 1654
f 1653 1651 1652
f 1651 1649 1650
f 1649 1647 1648
f 1647 1645 1646
f 1645 1643 1644
f 1640 1643 1641
f 1638 1641 1639
f 1636 1639 1637
f 1634 1637 1635
f 1632 1635 1633
f 1630 1633 1631
f 1629 1631 1619
f 1617 1619 3
f 1654 1691 1692
f 1654 1692 1693
f 1654 1693 1694
f 1654 1694 1695
f 1654 1695 3
f 3 1695 1696
f 3 1696 1697
f 3 1697 1698
f 3 1699 1700
f 1700 1701 1702
f 1702 1701 1703
f 1703 1704 1702
f 1702 1704 1705
f 1705 1706 1702
f 1702 1706 1707
f 1707 1708 1702
f 1702 1708 1709
f 1709 1710 1702
f 1702 1710 1711
f 1711 1712 1702
f 1702 1712 1713
f 1714 1713 1715
f 1716 1715 1717
f 1718 1717 1719
f 1720 1719 1721
f 1722 1721 1723
f 1724 1723 1725
f 1725 1726 1724
f 1726 1727 1728
f 1727 1729 1730
f 1729 1731 1732
f 1731 1733 1734
f 1733 1735 1736
f 1735 1737 1738
f 754 737 1739
f 754 1739 1740
f 1740 1739 1741
f 1740 1741 1742
f 1742 1741 1743
f 1742 1743 1744
f 1744 1743 1745
f 1744 1745 1746
f 1746 1745 1747
f 1746 1747 1748
f 1748 1747 1749
f 1748 1749 1750
f 1748 1750 1751
f 1751 1750 1752
f 1751 1752 1753
f 1753 1752 1754
f 1753 1754 1755
f 1755 1754 1756
f 1755 1756 1757
f 1757 1756 1758
f 1757 1758 1759
f 1759 1758 1760
f 1759 1760 1737
f 1737 1760 1761
f 1737 1761 1762
f 1737 1762 1763
f 1737 1763 1764
f 1737 1764 1765
f 1737 1765 1766
f 1737 1766 1767
f 1737 1767 1768
f 1737 1768 1769
f 1737 1769 1770
f 1737 1770 1771
f 1737 1771 1772
f 1737 1772 1738
f 1735 1738 1736
f 1733 1736 1734
f 1731 1734 1732
f 1729 1732 1730
f 1727 1730 1728
f 1726 1728 1724
f 1724 1722 1723
f 1722 1720 1721
f 1720 1718 1719
f 1718 1716 1717
f 1716 1714 1715
f 1714 1702 1713
f 1700 1702 3
f 1735 1773 1774
f 1735 1774 1775
f 1735 1775 1776
f 1735 1776 1777
f 1735 1777 1778
f 1735 1778 3
f 3 1778 1779
f 3 1779 1780
f 3 1780 1781
f 3 1782 1783
f 1783 1784 1785
f 1785 1784 1786
f 1786 1787 1785
f 1785 1787 1788
f 1788 1789 1785
f 1785 1789 1790
f 1790 1791 1785
f 1785 1791 1792
f 1792 1793 1785
f 1785 1793 1794
f 1794 1795 1785
f 1785 1795 1796
f 1796 1797 1785
f 1797 1798 1799
f 1798 1800 1801
f 1800 1802 1803
f 1802 1804 1805
f 1804 1806 1807
f 1807 1806 1808
f 1809 1808 1810
f 1811 1810 1812
f 1813 1812 1814
f 1815 1814 1816
f 1817 1816 1818
f 1819 1818 1820
f 755 738 1821
f 755 1821 1822
f 1822 1821 1823
f 1822 1823 1824
f 1824 1823 1825
f 1824 1825 1826
f 1826 1825 1827
f 1826 1827 1828
f 1828 1827 1829
f 1828 1829 1830
f 1830 1829 1831
f 1830 1831 1832
f 1830 1832 1833
f 1833 1832 1834
f 1833 1834 1835
f 1835 1834 1836
f 1835 1836 1837
f 1837 1836 1838
f 1837 1838 1839
f 1839 1838 1840
f 1839 1840 1841
f 1841 1840 1842
f 1841 1842 1820
f 1820 1842 1843
f 1820 1843 1844
f 1820 1844 1845
f 1820 1845 1846
f 1820 1846 1847
f 1820 1847 1848
f 1820 1848 1849
f 1820 1849 1850
f 1820 1850 1851
f 1820 1851 1852
f 1820 1852 1853
f 1820 1853 1854
f 1820 1854 1819
f 1819 1817 1818
f 1817 1815 1816
f 1815 1813 1814
f 1813 1811 1812
f 1811 1809 1810
f 1809 1807 1808
f 1804 1807 1805
f 1802 1805 1803
f 1800 1803 1801
f 1798 1801 1799
f 1797 1799 1785
f 1783 1785 3
f 1818 1855 1856
f 1818 1856 1857
f 1818 1857 1858
f 1818 1858 1859
f 1818 1859 1860
f 1818 1860 1861
f 1818 1861 3
f 3 1861 1862
f 3 1862 1863
f 3 1863 1864
f 3 1865 1866
f 1866 1867 1868
f 1868 1867 1869
f 1869 1870 1868
f 1868 1870 1871
f 1871 1872 1868
f 1868 1872 1873
f 1873 1874 1868
f 1868 1874 1875
f 1875 1876 1868
f 1868 1876 1877
f 1877 1878 1868
f 1868 1878 1879
f 1879 1880 1868
f 1868 1880 1881
f 1881 1882 1868
f 1882 1883 1884
f 1883 1885 1886
f 1885 1887 1888
f 1888 1887 1889
f 1890 1889 1891
f 1892 1891 1893
f 1894 1893 1895
f 1896 1895 1897
f 1898 1897 1899
f 1900 1899 1901
f 756 739 1902
f 756 1902 1903
f 1903 1902 1904
f 1903 1904 1905
f 1905 1904 1906
f 1905 1906 1907
f 1907 1906 1908
f 1907 1908 1909
f 1909 1908 1910
f 1909 1910 1911
f 1911 1910 1912
f 1911 1912 1913
f 1911 1913 1914
f 1914 1913 1915
f 1914 1915 1916
f 1916 1915 1917
f 1916 1917 1918
f 1918 1917 1919
f 1918 1919 1920
f 1920 1919 1921
f 1920 1921 1922
f 1922 1921 1923
f 1922 1923 1901
f 1901 1923 1924
f 1901 1924 1925
f 1901 1925 1926
f 1901 1926 1927
f 1901 1927 1928
f 1901 1928 1929
f 1901 1929 1930
f 1901 1930 1931
f 1901 1931 1932
f 1901 1932 1933
f 1901 1933 1934
f 1901 1934 1935
f 1901 1935 1900
f 1900 1898 1899
f 1898 1896 1897
f 1896 1894 1895
f 1894 1892 1893
f 1892 1890 1891
f 1890 1888 1889
f 1885 1888 1886
f 1883 1886 1884
f 1882 1884 1868
f 1866 1868 3
f 1899 1936 1937
f 1899 1937 1938
f 1899 1938 1939
f 1899 1939 1940
f 1899 1940 1941
f 1899 1941 1942
f 1899 1942 1943
f 1899 1943 3
f 3 1943 1944
f 3 1944 1945
f 3 1945 1946
f 3 1946 1947
f 3 1948 1949
f 3 1949 1950
f 1951 1950 1952
f 1952 1953 1951
f 1951 1953 1954
f 1954 1955 1951
f 1951 1955 1956
f 1956 1957 1951
f 1951 1957 1958
f 1958 1959 1951
f 1951 1959 1960
f 1960 1961 1951
f 1951 1961 1962
f 1962 1963 1951
f 1951 1963 1964
f 1964 1965 1951
f 1951 1965 1966
f 1966 1967 1951
f 1951 1967 1968
f 1968 1969 1951
f 1969 1970 1971
f 1970 1972 1973
f 1972 1974 1975
f 1974 1976 1977
f 1976 1978 1979
f 1978 1980 1981
f 757 740 1982
f 757 1982 1983
f 1983 1982 1984
f 1983 1984 1985
f 1985 1984 1986
f 1985 1986 1987
f 1987 1986 1988
f 1987 1988 1989
f 1989 1988 1990
f 1989 1990 1991
f 1991 1990 1992
f 1991 1992 1993
f 1991 1993 1994
f 1994 1993 1995
f 1994 1995 1996
f 1996 1995 1997
f 1996 1997 1998
f 1998 1997 1999
f 1998 1999 2000
f 2000 1999 2001
f 2000 2001 2002
f 2002 2001 2003
f 2002 2003 1980
f 1980 2003 2004
f 1980 2004 2005
f 1980 2005 2006
f 1980 2006 2007
f 1980 2007 2008
f 1980 2008 2009
f 1980 2009 2010
f 1980 2010 2011
f 1980 2011 2012
f 1980 2012 2013
f 1980 2013 2014
f 1980 2014 2015
f 1980 2015 1981
f 1978 1981 1979
f 1976 1979 1977
f 1974 1977 1975
f 1972 1975 1973
f 1970 1973 1971
f 1969 1971 1951
f 1951 3 1950
f 1978 2016 2017
f 1978 2017 2018
f 1978 2018 2019
f 1978 2019 2020
f 1978 2020 2021
f 1978 2021 2022
f 1978 2022 2023
f 1978 2023 2024
f 1978 2024 2025
f 1978 2025 2026
f 1978 2026 3
f 3 2026 2027
f 3 2027 2028
f 3 2028 2029
f 3 2029 2030
f 3 2031 2032
f 3 2032 2033
f 3 2033 2034
f 3 2034 2035
f 2036 2035 2037
f 2037 2038 2036
f 2036 2038 2039
f 2039 2040 2036
f 2036 2040 2041
f 2041 2042 2036
f 2036 2042 2043
f 2043 2044 2036
f 2036 2044 2045
f 2045 2046 2036
f 2036 2046 2047
f 2047 2048 2036
f 2036 2048 2049
f 2049 2050 2036
f 2036 2050 2051
f 2051 2052 2036
f 2036 2052 2053
f 2053 2054 2036
f 2036 2054 2055
f 2055 2056 2036
f 2036 2056 2057
f 2058 2057 2059
f 758 741 2060
f 758 2060 2061
f 2061 2060 2062
f 2061 2062 2063
f 2063 2062 2064
f 2063 2064 2065
f 2065 2064 2066
f 2065 2066 2067
f 2067 2066 2068
f 2067 2068 2069
f 2069 2068 2070
f 2069 2070 2071
f 2069 2071 2072
f 2072 2071 2073
f 2072 2073 2074
f 2074 2073 2075
f 2074 2075 2076
f 2076 2075 2077
f 2076 2077 2078
f 2078 2077 2079
f 2078 2079 2080
f 2080 2079 2081
f 2080 2081 2059
f 2059 2081 2082
f 2059 2082 2083
f 2059 2083 2084
f 2059 2084 2085
f 2059 2085 2086
f 2059 2086 2087
f 2059 2087 2088
f 2059 2088 2089
f 2059 2089 2090
f 2059 2090 2091
f 2059 2091 2092
f 2059 2092 2093
f 2059 2093 2058
f 2058 2036 2057
f 2036 3 2035
f 2057 2094 2095
f 2057 2095 2096
f 2057 2096 2097
f 2057 2097 2098
f 2057 2098 2099
f 2057 2099 2100
f 2057 2100 2101
f 2057 2101 2102
f 2057 2102 2103
f 2057 2103 2104
f 2057 2104 2105
f 2057 2105 2106
f 2057 2106 2107
f 2057 2107 2108
f 2057 2108 3
f 3 2108 2109
f 3 2109 2110
f 3 2110 2111
f 3 2111 2112
f 3 2112 2113
f 3 2114 2115
f 3 2115 2116
f 3 2116 804
f 825 824 2117
f 825 2117 2118
f 2118 2117 2119
f 2119 2117 2120
f 2119 2120 2121
f 2121 2120 2122
f 2121 2122 2123
f 2123 2122 2124
f 2123 2124 2125
f 2125 2124 2126
f 2125 2126 2127
f 2127 2126 2128
f 2127 2128 2129
f 2129 2128 2130
f 2129 2130 2131
f 2131 2130 2132
f 2131 2132 2133
f 2133 2132 2134
f 2133 2134 2135
f 2135 2134 2136
f 2135 2136 2137
f 2137 2136 2138
f 2137 2138 2139
f 2139 2138 2140
f 2140 2138 2141
f 2140 2141 2142
f 2142 2141 2143
f 2142 2143 2144
f 2144 2143 2145
f 2144 2145 2146
f 2146 2145 2147
f 2146 2147 2148
f 2148 2147 2149
f 2148 2149 2150
f 2150 2149 2151
f 2150 2151 2152
f 2152 2151 2153
f 2152 2153 2154
f 2154 2153 2155
f 2154 2155 2156
f 2156 2155 2157
f 2157 2155 2158
f 2157 2158 2159
f 2159 2158 2160
f 2159 2160 2161
f 2161 2160 2162
f 2161 2162 2163
f 2163 2162 2164
f 2163 2164 2165
f 2165 2164 759
f 2165 759 742
f 826 675 657
f 3 1615 2166
f 3 2166 2167
f 3 2167 2168
f 3 2168 2169
f 3 2169 2170
f 3 2170 2171
f 3 2171 2172
f 3 2172 2173
f 3 2173 2174
f 3 2174 2175
f 3 2175 2176
f 3 2176 2177
f 3 2177 2178
f 3 2178 2179
f 3 2179 2180
f 3 2180 2181
f 3 2181 2182
f 3 2182 2183
f 3 2183 2184
f 3 2184 2185
f 3 2185 2186
f 3 2186 2187
f 3 2187 2188
f 3 2188 2189
f 3 2189 2190
f 3 2190 2191
f 3 2191 2192
f 3 2192 2193
f 3 2193 2194
f 3 2194 1616
f 3 1698 2195
f 3 2195 2196
f 3 2196 2197
f 3 2197 2198
f 3 2198 2199
f 3 2199 2200
f 3 2200 2201
f 3 2201 2202
f 3 2202 2203
f 3 2203 2204
f 3 2204 2205
f 3 2205 2206
f 3 2206 2207
f 3 2207 2208
f 3 2208 2209
f 3 2209 2210
f 3 2210 2211
f 3 2211 2212
f 3 2212 2213
f 3 2213 2214
f 3 2214 2215
f 3 2215 2216
f 3 2216 2217
f 3 2217 2218
f 3 2218 2219
f 3 2219 2220
f 3 2220 2221
f 3 2221 2222
f 3 2222 2223
f 3 2223 1699
f 3 1781 2224
f 3 2224 2225
f 3 2225 2226
f 3 2226 2227
f 3 2227 2228
f 3 2228 2229
f 3 2229 2230
f 3 2230 2231
f 3 2231 2232
f 3 2232 2233
f 3 2233 2234
f 3 2234 2235
f 3 2235 2236
f 3 2236 2237
f 3 2237 2238
f 3 2238 2239
f 3 2239 2240
f 3 2240 2241
f 3 2241 2242
f 3 2242 2243
f 3 2243 2244
f 3 2244 2245
f 3 2245 2246
f 3 2246 2247
f 3 2247 2248
f 3 2248 2249
f 3 2249 2250
f 3 2250 2251
f 3 2251 2252
f 3 2252 1782
f 3 1864 2253
f 3 2253 2254
f 3 2254 2255
f 3 2255 2256
f 3 2256 2257
f 3 2257 2258
f 3 2258 2259
f 3 2259 2260
f 3 2260 2261
f 3 2261 2262
f 3 2262 2263
f 3 2263 2264
f 3 2264 2265
f 3 2265 2266
f 3 2266 2267
f 3 2267 2268
f 3 2268 2269
f 3 2269 2270
f 3 2270 2271
f 3 2271 2272
f 3 2272 2273
f 3 2273 2274
f 3 2274 2275
f 3 2275 2276
f 3 2276 2277
f 3 2277 2278
f 3 2278 2279
f 3 2279 2280
f 3 2280 2281
f 3 2281 1865
f 3 1947 2282
f 3 2282 2283
f 3 2283 2284
f 3 2284 2285
f 3 2285 2286
f 3 2286 2287
f 3 2287 2288
f 3 2288 2289
f 3 2289 2290
f 3 2290 2291
f 3 2291 2292
f 3 2292 2293
f 3 2293 2294
f 3 2294 2295
f 3 2295 2296
f 3 2296 2297
f 3 2297 2298
f 3 2298 2299
f 3 2299 2300
f 3 2300 2301
f 3 2301 2302
f 3 2302 2303
f 3 2303 2304
f 3 2304 2305
f 3 2305 2306
f 3 2306 2307
f 3 2307 2308
f 3 2308 2309
f 3 2309 2310
f 3 2310 1948
f 3 2030 2311
f 3 2311 2312
f 3 2312 2313
f 3 2313 2314
f 3 2314 2315
f 3 2315 2316
f 3 2316 2317
f 3 2317 2318
f 3 2318 2319
f 3 2319 2320
f 3 2320 2321
f 3 2321 2322
f 3 2322 2323
f 3 2323 2324
f 3 2324 2325
f 3 2325 2326
f 3 2326 2327
f 3 2327 2328
f 3 2328 2329
f 3 2329 2330
f 3 2330 2331
f 3 2331 2332
f 3 2332 2333
f 3 2333 2334
f 3 2334 2335
f 3 2335 2336
f 3 2336 2337
f 3 2337 2338
f 3 2338 2339
f 3 2339 2031
f 3 2113 2340
f 3 2340 2341
f 3 2341 2342
f 3 2342 2343
f 3 2343 2344
f 3 2344 2345
f 3 2345 2346
f 3 2346 2347
f 3 2347 2348
f 3 2348 2349
f 3 2349 2350
f 3 2350 2351
f 3 2351 2352
f 3 2352 2353
f 3 2353 2354
f 3 2354 2355
f 3 2355 2356
f 3 2356 2357
f 3 2357 2358
f 3 2358 2359
f 3 2359 2360
f 3 2360 2361
f 3 2361 2362
f 3 2362 2363
f 3 2363 2364
f 3 2364 2365
f 3 2365 2366
f 3 2366 2367
f 3 2367 2368
f 3 2368 2114
f 3 796 2369
f 3 2369 2370
f 3 2370 2371
f 3 2371 2372
f 3 2372 2373
f 3 2373 2374
f 3 2374 2375
f 3 2375 2376
f 3 2376 2377
f 3 2377 2378
f 3 2378 2379
f 3 2379 2380
f 3 2380 2381
f 3 2381 2382
f 3 2382 2383
f 3 2383 2384
f 3 2384 2385
f 3 2385 2386
f 3 2386 2387
f 3 2387 2388
f 3 2388 2389
f 3 2389 2390
f 3 2390 2391
f 3 2391 2392
f 3 2392 2393
f 3 2393 2394
f 3 2394 2395
f 3 2395 2396
f 3 2396 2397
f 3 2397 794
f 2398 168 867
f 2399 168 2398
f 2400 168 2399
f 2401 168 2400
f 2402 168 2401
f 2403 168 2402
f 2404 168 2403
f 2405 168 2404
f 2406 168 2405
f 2407 168 2406
f 2408 168 2407
f 2409 168 2408
f 2410 168 2409
f 2411 168 2410
f 2412 168 2411
f 2413 168 2412
f 2414 168 2413
f 2414 2415 2416
f 2417 2415 2414
f 2418 2415 2417
f 2419 2415 2418
f 2420 2415 2419
f 2421 2415 2420
f 2422 2415 2421
f 868 2415 2422
f 896 2415 868
f 896 2423 2415
f 896 2424 2423
f 896 2425 2424
f 896 870 2425
f 3 951 2426
f 3 2426 2427
f 3 2427 2428
f 3 2428 2429
f 3 2429 2430
f 3 2430 2431
f 3 2431 2432
f 3 2432 2433
f 3 2433 2434
f 3 2434 2435
f 3 2435 2436
f 3 2436 2437
f 3 2437 2438
f 3 2438 2439
f 3 2439 2440
f 3 2440 2441
f 3 2441 2442
f 3 2442 2443
f 3 2443 2444
f 3 2444 2445
f 3 2445 2446
f 3 2446 2447
f 3 2447 2448
f 3 2448 2449
f 3 2449 2450
f 3 2450 2451
f 3 2451 2452
f 3 2452 2453
f 3 2453 2454
f 3 2454 953
f 3 1034 2455
f 3 2455 2456
f 3 2456 2457
f 3 2457 2458
f 3 2458 2459
f 3 2459 2460
f 3 2460 2461
f 3 2461 2462
f 3 2462 2463
f 3 2463 2464
f 3 2464 2465
f 3 2465 2466
f 3 2466 2467
f 3 2467 2468
f 3 2468 2469
f 3 2469 2470
f 3 2470 2471
f 3 2471 2472
f 3 2472 2473
f 3 2473 2474
f 3 2474 2475
f 3 2475 2476
f 3 2476 2477
f 3 2477 2478
f 3 2478 2479
f 3 2479 2480
f 3 2480 2481
f 3 2481 2482
f 3 2482 2483
f 3 2483 1036
f 3 1117 2484
f 3 2484 2485
f 3 2485 2486
f 3 2486 2487
f 3 2487 2488
f 3 2488 2489
f 3 2489 2490
f 3 2490 2491
f 3 2491 2492
f 3 2492 2493
f 3 2493 2494
f 3 2494 2495
f 3 2495 2496
f 3 2496 2497
f 3 2497 2498
f 3 2498 2499
f 3 2499 2500
f 3 2500 2501
f 3 2501 2502
f 3 2502 2503
f 3 2503 2504
f 3 2504 2505
f 3 2505 2506
f 3 2506 2507
f 3 2507 2508
f 3 2508 2509
f 3 2509 2510
f 3 2510 2511
f 3 2511 2512
f 3 2512 1119
f 3 1200 2513
f 3 2513 2514
f 3 2514 2515
f 3 2515 2516
f 3 2516 2517
f 3 2517 2518
f 3 2518 2519
f 3 2519 2520
f 3 2520 2521
f 3 2521 2522
f 3 2522 2523
f 3 2523 2524
f 3 2524 2525
f 3 2525 2526
f 3 2526 2527
f 3 2527 2528
f 3 2528 2529
f 3 2529 2530
f 3 2530 2531
f 3 2531 2532
f 3 2532 2533
f 3 2533 2534
f 3 2534 2535
f 3 2535 2536
f 3 2536 2537
f 3 2537 2538
f 3 2538 2539
f 3 2539 2540
f 3 2540 2541
f 3 2541 1202
f 3 1283 2542
f 3 2542 2543
f 3 2543 2544
f 3 2544 2545
f 3 2545 2546
f 3 2546 2547
f 3 2547 2548
f 3 2548 2549
f 3 2549 2550
f 3 2550 2551
f 3 2551 2552
f 3 2552 2553
f 3 2553 2554
f 3 2554 2555
f 3 2555 2556
f 3 2556 2557
f 3 2557 2558
f 3 2558 2559
f 3 2559 2560
f 3 2560 2561
f 3 2561 2562
f 3 2562 2563
f 3 2563 2564
f 3 2564 2565
f 3 2565 2566
f 3 2566 2567
f 3 2567 2568
f 3 2568 2569
f 3 2569 2570
f 3 2570 1285
f 3 1366 2571
f 3 2571 2572
f 3 2572 2573
f 3 2573 2574
f 3 2574 2575
f 3 2575 2576
f 3 2576 2577
f 3 2577 2578
f 3 2578 2579
f 3 2579 2580
f 3 2580 2581
f 3 2581 2582
f 3 2582 2583
f 3 2583 2584
f 3 2584 2585
f 3 2585 2586
f 3 2586 2587
f 3 2587 2588
f 3 2588 2589
f 3 2589 2590
f 3 2590 2591
f 3 2591 2592
f 3 2592 2593
f 3 2593 2594
f 3 2594 2595
f 3 2595 2596
f 3 2596 2597
f 3 2597 2598
f 3 2598 2599
f 3 2599 1368
f 3 1449 2600
f 3 2600 2601
f 3 2601 2602
f 3 2602 2603
f 3 2603 2604
f 3 2604 2605
f 3 2605 2606
f 3 2606 2607
f 3 2607 2608
f 3 2608 2609
f 3 2609 2610
f 3 2610 2611
f 3 2611 2612
f 3 2612 2613
f 3 2613 2614
f 3 2614 2615
f 3 2615 2616
f 3 2616 2617
f 3 2617 2618
f 3 2618 2619
f 3 2619 2620
f 3 2620 2621
f 3 2621 2622
f 3 2622 2623
f 3 2623 2624
f 3 2624 2625
f 3 2625 2626
f 3 2626 2627
f 3 2627 2628
f 3 2628 1451
f 3 1532 2629
f 3 2629 2630
f 3 2630 2631
f 3 2631 2632
f 3 2632 2633
f 3 2633 2634
f 3 2634 2635
f 3 2635 2636
f 3 2636 2637
f 3 2637 2638
f 3 2638 2639
f 3 2639 2640
f 3 2640 2641
f 3 2641 2642
f 3 2642 2643
f 3 2643 2644
f 3 2644 2645
f 3 2645 2646
f 3 2646 2647
f 3 2647 2648
f 3 2648 2649
f 3 2649 2650
f 3 2650 2651
f 3 2651 2652
f 3 2652 2653
f 3 2653 2654
f 3 2654 2655
f 3 2655 2656
f 3 2656 2657
f 3 2657 1534
f 2415 168 2416
f 168 2414 2416
f 2036 2094 2057
f 872 870 868
f 871 948 3
f 952 1031 3
f 1035 1114 3
