v -0.629999 0.000939 -1.051000
v -0.630000 0.000000 -1.051000
v -0.630000 0.000000 -0.895000
v 0.630000 0.000000 -0.895000
v 0.630000 0.000000 -1.051000
v 0.629999 0.000939 -1.051000
v -0.629997 0.001878 -1.051000
v 0.629997 0.001878 -1.051000
v -0.629994 0.002818 -1.051000
v 0.629994 0.002818 -1.051000
v -0.629989 0.003757 -1.051000
v 0.629989 0.003757 -1.051000
v -0.629982 0.004696 -1.051000
v 0.629982 0.004696 -1.051000
v -0.629975 0.005635 -1.051000
v 0.629975 0.005635 -1.051000
v -0.629966 0.006574 -1.051000
v 0.629966 0.006574 -1.051000
v -0.629955 0.007513 -1.051000
v 0.629955 0.007513 -1.051000
v -0.629943 0.008453 -1.051000
v 0.629943 0.008453 -1.051000
v -0.629930 0.009392 -1.051000
v 0.629930 0.009392 -1.051000
v -0.629915 0.010331 -1.051000
v 0.629915 0.010331 -1.051000
v -0.629899 0.011270 -1.051000
v 0.629899 0.011270 -1.051000
v -0.629882 0.012209 -1.051000
v 0.629882 0.012209 -1.051000
v -0.629863 0.013148 -1.051000
v 0.629863 0.013148 -1.051000
v -0.629842 0.014087 -1.051000
v 0.629842 0.014087 -1.051000
v -0.629821 0.015026 -1.051000
v 0.629821 0.015026 -1.051000
v -0.629798 0.015965 -1.051000
v 0.629798 0.015965 -1.051000
v -0.629773 0.016904 -1.051000
v 0.629773 0.016904 -1.051000
v -0.629747 0.017843 -1.051000
v 0.629747 0.017843 -1.051000
v -0.629720 0.018781 -1.051000
v 0.629720 0.018781 -1.051000
v -0.629691 0.019720 -1.051000
v 0.629691 0.019720 -1.051000
v -0.629661 0.020659 -1.051000
v 0.629661 0.020659 -1.051000
v -0.629630 0.021598 -1.051000
v 0.629630 0.021598 -1.051000
v -0.629597 0.022536 -1.051000
v 0.629597 0.022536 -1.051000
v -0.629562 0.023475 -1.051000
v 0.629562 0.023475 -1.051000
v -0.629527 0.024413 -1.051000
v 0.629527 0.024413 -1.051000
v -0.629490 0.025352 -1.051000
v 0.629490 0.025352 -1.051000
v -0.629451 0.026290 -1.051000
v 0.629451 0.026290 -1.051000
v -0.629411 0.027229 -1.051000
v 0.629411 0.027229 -1.051000
v -0.629370 0.028167 -1.051000
v 0.629370 0.028167 -1.051000
v -0.629327 0.029105 -1.051000
v 0.629327 0.029105 -1.051000
v -0.629314 0.029392 -1.051004
v 0.629314 0.029392 -1.051004
v -0.629300 0.029680 -1.051017
v 0.629300 0.029680 -1.051017
v -0.629287 0.029966 -1.051037
v 0.626768 0.063736 -0.895000
v -0.629273 0.030252 -1.051066
v 0.629287 0.029966 -1.051037
v -0.629259 0.030536 -1.051103
v 0.629273 0.030252 -1.051066
v -0.629246 0.030820 -1.051148
v 0.629259 0.030536 -1.051103
v -0.629232 0.031102 -1.051201
v 0.629246 0.030820 -1.051148
v -0.629218 0.031382 -1.051262
v 0.629232 0.031102 -1.051201
v -0.629204 0.031661 -1.051330
v 0.629218 0.031382 -1.051262
v -0.629190 0.031937 -1.051407
v 0.629204 0.031661 -1.051330
v -0.629176 0.032211 -1.051492
v 0.629190 0.031937 -1.051407
v -0.629162 0.032483 -1.051584
v 0.629176 0.032211 -1.051492
v -0.629148 0.032751 -1.051684
v 0.629162 0.032483 -1.051584
v -0.629134 0.033017 -1.051792
v 0.629148 0.032751 -1.051684
v -0.629120 0.033279 -1.051907
v 0.629134 0.033017 -1.051792
v -0.629107 0.033538 -1.052030
v 0.629120 0.033279 -1.051907
v -0.629093 0.033793 -1.052160
v 0.629107 0.033538 -1.052030
v -0.625404 0.075962 -1.052160
v 0.629093 0.033793 -1.052160
v -0.629079 0.034044 -1.052297
v 0.629079 0.034044 -1.052297
v -0.629066 0.034291 -1.052442
v 0.629066 0.034291 -1.052442
v -0.629053 0.034534 -1.052593
v 0.629053 0.034534 -1.052593
v -0.629040 0.034773 -1.052751
v 0.629040 0.034773 -1.052751
v -0.629027 0.035007 -1.052916
v 0.625373 0.076215 -1.052030
v 0.629027 0.035007 -1.052916
v -0.629014 0.035236 -1.053087
v 0.625404 0.075962 -1.052160
v 0.629014 0.035236 -1.053087
v -0.625434 0.075712 -1.052297
v 0.625434 0.075712 -1.052297
v 0.629001 0.035460 -1.053265
v -0.629001 0.035460 -1.053265
v 0.625464 0.075466 -1.052442
v 0.628989 0.035679 -1.053449
v -0.625464 0.075466 -1.052442
v -0.628989 0.035679 -1.053449
v 0.625493 0.075224 -1.052593
v 0.628977 0.035892 -1.053639
v -0.625493 0.075224 -1.052593
v 0.625521 0.074987 -1.052751
v 0.628965 0.036100 -1.053835
v -0.628977 0.035892 -1.053639
v 0.625549 0.074755 -1.052916
v 0.628953 0.036302 -1.054037
v -0.625521 0.074987 -1.052751
v 0.625576 0.074527 -1.053087
v 0.628942 0.036498 -1.054245
v -0.628965 0.036100 -1.053835
v 0.625603 0.074304 -1.053265
v 0.628931 0.036688 -1.054458
v -0.625549 0.074755 -1.052916
v -0.628953 0.036302 -1.054037
v 0.625108 0.078357 -1.051262
v 0.625073 0.078635 -1.051201
v -0.625576 0.074527 -1.053087
v 0.625002 0.079197 -1.051103
v 0.625038 0.078916 -1.051148
v -0.628942 0.036498 -1.054245
v 0.624930 0.079764 -1.051037
v 0.624966 0.079480 -1.051066
v -0.625603 0.074304 -1.053265
v 0.624857 0.080333 -1.051004
v 0.624894 0.080048 -1.051017
v -0.628920 0.036872 -1.054677
v -0.628931 0.036688 -1.054458
v 0.624577 0.082481 -1.051000
v 0.624820 0.080619 -1.051000
v -0.625629 0.074086 -1.053449
v 0.624329 0.084343 -1.051000
v -0.628910 0.037050 -1.054901
v 0.624074 0.086204 -1.051000
v -0.625654 0.073874 -1.053639
v 0.623549 0.089924 -1.051000
v 0.623815 0.088065 -1.051000
v -0.628900 0.037221 -1.055129
v 0.623278 0.091783 -1.051000
v -0.625678 0.073667 -1.053835
v 0.623002 0.093641 -1.051000
v -0.625702 0.073466 -1.054037
v -0.628890 0.037385 -1.055363
v 0.622720 0.095498 -1.051000
v -0.628826 0.038449 -1.057377
v -0.625989 0.070980 -1.058462
v -0.628820 0.038548 -1.057645
v 0.617104 0.126818 -0.895000
v -0.628814 0.038640 -1.057915
v -0.626009 0.070799 -1.059298
v 0.622432 0.097354 -1.051000
v -0.628809 0.038724 -1.058187
v 0.622139 0.099210 -1.051000
v -0.628804 0.038800 -1.058462
v 0.621841 0.101064 -1.051000
v 0.621537 0.102918 -1.051000
v 0.621227 0.104771 -1.051000
v 0.620912 0.106622 -1.051000
v 0.620591 0.108473 -1.051000
v 0.620265 0.110323 -1.051000
v 0.619933 0.112172 -1.051000
v 0.619596 0.114020 -1.051000
v 0.619253 0.115867 -1.051000
v 0.618905 0.117713 -1.051000
v 0.618552 0.119558 -1.051000
v 0.618192 0.121401 -1.051000
v 0.617828 0.123244 -1.051000
v 0.617457 0.125086 -1.051000
v 0.617082 0.126926 -1.051000
v -0.626026 0.070653 -1.061000
v -0.626026 0.070653 -1.084841
v -0.627055 0.060845 -1.095000
v -0.628784 0.039129 -1.084841
v -0.628784 0.039129 -1.061000
v 0.628784 0.039129 -1.061000
v 0.628784 0.039129 -1.084841
v 0.628094 0.048966 -1.095000
v 0.626026 0.070653 -1.084841
v 0.626026 0.070653 -1.061000
v 0.612436 0.147721 -1.061000
v 0.612436 0.147721 -1.084841
v 0.610049 0.157289 -1.095000
v 0.604246 0.178288 -1.084841
v 0.604246 0.178288 -1.061000
v 0.577481 0.251826 -1.061000
v 0.577481 0.251826 -1.084841
v 0.573468 0.260834 -1.095000
v 0.564107 0.280505 -1.084841
v 0.564107 0.280505 -1.061000
v 0.524978 0.348278 -1.061000
v 0.524978 0.348278 -1.084841
v 0.519463 0.356453 -1.095000
v 0.506828 0.374200 -1.084841
v 0.506828 0.374200 -1.061000
v 0.456525 0.434149 -1.061000
v 0.456525 0.434149 -1.084841
v 0.449673 0.441241 -1.095000
v 0.434149 0.456525 -1.084841
v 0.434149 0.456525 -1.061000
v 0.374200 0.506828 -1.061000
v 0.374200 0.506828 -1.084841
v 0.366221 0.512623 -1.095000
v 0.348278 0.524978 -1.084841
v 0.348278 0.524978 -1.061000
v 0.280505 0.564107 -1.061000
v 0.280505 0.564107 -1.084841
v 0.271641 0.568429 -1.095000
v 0.251826 0.577481 -1.084841
v 0.251826 0.577481 -1.061000
v 0.178288 0.604246 -1.061000
v 0.178288 0.604246 -1.084841
v 0.168808 0.606963 -1.095000
v 0.147721 0.612436 -1.084841
v 0.147721 0.612436 -1.061000
v 0.070653 0.626026 -1.061000
v 0.070653 0.626026 -1.084841
v 0.060845 0.627055 -1.095000
v 0.039129 0.628784 -1.084841
v 0.039129 0.628784 -1.061000
v -0.039129 0.628784 -1.061000
v -0.039129 0.628784 -1.084841
v -0.048966 0.628094 -1.095000
v -0.070653 0.626026 -1.084841
v -0.070653 0.626026 -1.061000
v -0.147721 0.612436 -1.061000
v -0.147721 0.612436 -1.084841
v -0.157289 0.610049 -1.095000
v -0.178288 0.604246 -1.084841
v -0.178288 0.604246 -1.061000
v -0.251826 0.577481 -1.061000
v -0.251826 0.577481 -1.084841
v -0.260834 0.573468 -1.095000
v -0.280505 0.564107 -1.084841
v -0.280505 0.564107 -1.061000
v -0.348278 0.524978 -1.061000
v -0.348278 0.524978 -1.084841
v -0.356453 0.519463 -1.095000
v -0.374200 0.506828 -1.084841
v -0.374200 0.506828 -1.061000
v -0.434149 0.456525 -1.061000
v -0.434149 0.456525 -1.084841
v -0.441241 0.449673 -1.095000
v -0.456525 0.434149 -1.084841
v -0.456525 0.434149 -1.061000
v -0.506828 0.374200 -1.061000
v -0.506828 0.374200 -1.084841
v -0.512623 0.366221 -1.095000
v -0.524978 0.348278 -1.084841
v -0.524978 0.348278 -1.061000
v -0.564107 0.280505 -1.061000
v -0.564107 0.280505 -1.084841
v -0.568429 0.271641 -1.095000
v -0.577481 0.251826 -1.084841
v -0.577481 0.251826 -1.061000
v -0.604246 0.178288 -1.061000
v -0.604246 0.178288 -1.084841
v -0.606963 0.168808 -1.095000
v -0.612436 0.147721 -1.084841
v -0.612436 0.147721 -1.061000
v -0.628784 0.039125 -1.060715
v 0.626025 0.070657 -1.060715
v 0.604245 0.178292 -1.060715
v 0.564105 0.280509 -1.060715
v 0.506825 0.374203 -1.060715
v 0.434146 0.456528 -1.060715
v 0.348275 0.524981 -1.060715
v 0.251822 0.577482 -1.060715
v 0.147717 0.612437 -1.060715
v 0.039125 0.628784 -1.060715
v -0.070657 0.626025 -1.060715
v -0.178292 0.604245 -1.060715
v -0.280509 0.564105 -1.060715
v -0.374203 0.506825 -1.060715
v -0.456528 0.434146 -1.060715
v -0.524981 0.348275 -1.060715
v -0.577482 0.251822 -1.060715
v -0.612437 0.147717 -1.060715
v -0.628788 0.039063 -1.059862
v -0.626025 0.070657 -1.060715
v -0.628785 0.039112 -1.060430
v 0.626024 0.070669 -1.060430
v 0.628784 0.039125 -1.060715
v 0.604242 0.178304 -1.060430
v 0.612437 0.147717 -1.060715
v 0.564100 0.280520 -1.060430
v 0.577482 0.251822 -1.060715
v 0.506818 0.374213 -1.060430
v 0.524981 0.348275 -1.060715
v 0.434137 0.456536 -1.060430
v 0.456528 0.434146 -1.060715
v 0.348265 0.524987 -1.060430
v 0.374203 0.506825 -1.060715
v 0.251811 0.577487 -1.060430
v 0.280509 0.564105 -1.060715
v 0.147705 0.612440 -1.060430
v 0.178292 0.604245 -1.060715
v 0.039112 0.628785 -1.060430
v 0.070657 0.626025 -1.060715
v -0.070669 0.626024 -1.060430
v -0.039125 0.628784 -1.060715
v -0.178304 0.604242 -1.060430
v -0.147717 0.612437 -1.060715
v -0.280520 0.564100 -1.060430
v -0.251822 0.577482 -1.060715
v -0.374213 0.506818 -1.060430
v -0.348275 0.524981 -1.060715
v -0.456536 0.434137 -1.060430
v -0.434146 0.456528 -1.060715
v -0.524987 0.348265 -1.060430
v -0.506825 0.374203 -1.060715
v -0.577487 0.251811 -1.060430
v -0.564105 0.280509 -1.060715
v -0.612440 0.147705 -1.060430
v -0.604245 0.178292 -1.060715
v -0.628790 0.039027 -1.059579
v -0.626024 0.070669 -1.060430
v -0.628786 0.039092 -1.060146
v 0.626022 0.070690 -1.060146
v 0.628785 0.039112 -1.060430
v 0.604236 0.178323 -1.060146
v 0.612440 0.147705 -1.060430
v 0.564091 0.280538 -1.060146
v 0.577487 0.251811 -1.060430
v 0.506806 0.374230 -1.060146
v 0.524987 0.348265 -1.060430
v 0.434122 0.456550 -1.060146
v 0.456536 0.434137 -1.060430
v 0.348248 0.524999 -1.060146
v 0.374213 0.506818 -1.060430
v 0.251792 0.577495 -1.060146
v 0.280520 0.564100 -1.060430
v 0.147685 0.612445 -1.060146
v 0.178304 0.604242 -1.060430
v 0.039092 0.628786 -1.060146
v 0.070669 0.626024 -1.060430
v -0.070690 0.626022 -1.060146
v -0.039112 0.628785 -1.060430
v -0.178323 0.604236 -1.060146
v -0.147705 0.612440 -1.060430
v -0.280538 0.564091 -1.060146
v -0.251811 0.577487 -1.060430
v -0.374230 0.506806 -1.060146
v -0.348265 0.524987 -1.060430
v -0.456550 0.434122 -1.060146
v -0.434137 0.456536 -1.060430
v -0.524999 0.348248 -1.060146
v -0.506818 0.374213 -1.060430
v -0.577495 0.251792 -1.060146
v -0.564100 0.280520 -1.060430
v -0.612445 0.147685 -1.060146
v -0.604242 0.178304 -1.060430
v -0.628793 0.038982 -1.059298
v -0.626022 0.070690 -1.060146
v 0.626018 0.070718 -1.059862
v 0.628786 0.039092 -1.060146
v 0.604228 0.178351 -1.059862
v 0.612445 0.147685 -1.060146
v 0.564078 0.280564 -1.059862
v 0.577495 0.251792 -1.060146
v 0.506789 0.374253 -1.059862
v 0.524999 0.348248 -1.060146
v 0.434101 0.456570 -1.059862
v 0.456550 0.434122 -1.060146
v 0.348224 0.525015 -1.059862
v 0.374230 0.506806 -1.060146
v 0.251766 0.577507 -1.059862
v 0.280538 0.564091 -1.060146
v 0.147658 0.612452 -1.059862
v 0.178323 0.604236 -1.060146
v 0.039063 0.628788 -1.059862
v 0.070690 0.626022 -1.060146
v -0.070718 0.626018 -1.059862
v -0.039092 0.628786 -1.060146
v -0.178351 0.604228 -1.059862
v -0.147685 0.612445 -1.060146
v -0.280564 0.564078 -1.059862
v -0.251792 0.577495 -1.060146
v -0.374253 0.506789 -1.059862
v -0.348248 0.524999 -1.060146
v -0.456570 0.434101 -1.059862
v -0.434122 0.456550 -1.060146
v -0.525015 0.348224 -1.059862
v -0.506806 0.374230 -1.060146
v -0.577507 0.251766 -1.059862
v -0.564091 0.280538 -1.060146
v -0.612452 0.147658 -1.059862
v -0.604236 0.178323 -1.060146
v -0.628796 0.038929 -1.059017
v -0.626018 0.070718 -1.059862
v 0.626014 0.070755 -1.059579
v 0.628788 0.039063 -1.059862
v 0.604217 0.178386 -1.059579
v 0.612452 0.147658 -1.059862
v 0.564061 0.280597 -1.059579
v 0.577507 0.251766 -1.059862
v 0.506767 0.374282 -1.059579
v 0.525015 0.348224 -1.059862
v 0.434075 0.456595 -1.059579
v 0.456570 0.434101 -1.059862
v 0.348193 0.525035 -1.059579
v 0.374253 0.506789 -1.059862
v 0.251732 0.577522 -1.059579
v 0.280564 0.564078 -1.059862
v 0.147622 0.612460 -1.059579
v 0.178351 0.604228 -1.059862
v 0.039027 0.628790 -1.059579
v 0.070718 0.626018 -1.059862
v -0.070755 0.626014 -1.059579
v -0.039063 0.628788 -1.059862
v -0.178386 0.604217 -1.059579
v -0.147658 0.612452 -1.059862
v -0.280597 0.564061 -1.059579
v -0.251766 0.577507 -1.059862
v -0.374282 0.506767 -1.059579
v -0.348224 0.525015 -1.059862
v -0.456595 0.434075 -1.059579
v -0.434101 0.456570 -1.059862
v -0.525035 0.348193 -1.059579
v -0.506789 0.374253 -1.059862
v -0.577522 0.251732 -1.059579
v -0.564078 0.280564 -1.059862
v -0.612460 0.147622 -1.059579
v -0.604228 0.178351 -1.059862
v -0.628800 0.038869 -1.058739
v -0.626014 0.070755 -1.059579
v 0.626009 0.070799 -1.059298
v 0.628790 0.039027 -1.059579
v 0.604205 0.178429 -1.059298
v 0.612460 0.147622 -1.059579
v 0.564042 0.280637 -1.059298
v 0.577522 0.251732 -1.059579
v 0.506740 0.374318 -1.059298
v 0.525035 0.348193 -1.059579
v 0.434042 0.456626 -1.059298
v 0.456595 0.434075 -1.059579
v 0.348156 0.525060 -1.059298
v 0.374282 0.506767 -1.059579
v 0.251691 0.577539 -1.059298
v 0.280597 0.564061 -1.059579
v 0.147578 0.612471 -1.059298
v 0.178386 0.604217 -1.059579
v 0.038982 0.628793 -1.059298
v 0.070755 0.626014 -1.059579
v -0.070799 0.626009 -1.059298
v -0.039027 0.628790 -1.059579
v -0.178429 0.604205 -1.059298
v -0.147622 0.612460 -1.059579
v -0.280637 0.564042 -1.059298
v -0.251732 0.577522 -1.059579
v -0.374318 0.506740 -1.059298
v -0.348193 0.525035 -1.059579
v -0.456626 0.434042 -1.059298
v -0.434075 0.456595 -1.059579
v -0.525060 0.348156 -1.059298
v -0.506767 0.374282 -1.059579
v -0.577539 0.251691 -1.059298
v -0.564061 0.280597 -1.059579
v -0.612471 0.147578 -1.059298
v -0.604217 0.178386 -1.059579
v 0.626003 0.070851 -1.059017
v 0.628793 0.038982 -1.059298
v 0.604190 0.178479 -1.059017
v 0.612471 0.147578 -1.059298
v 0.564018 0.280684 -1.059017
v 0.577539 0.251691 -1.059298
v 0.506709 0.374361 -1.059017
v 0.525060 0.348156 -1.059298
v 0.434004 0.456662 -1.059017
v 0.456626 0.434042 -1.059298
v 0.348112 0.525089 -1.059017
v 0.374318 0.506740 -1.059298
v 0.251643 0.577560 -1.059017
v 0.280637 0.564042 -1.059298
v 0.147527 0.612483 -1.059017
v 0.178429 0.604205 -1.059298
v 0.038929 0.628796 -1.059017
v 0.070799 0.626009 -1.059298
v -0.070851 0.626003 -1.059017
v -0.038982 0.628793 -1.059298
v -0.178479 0.604190 -1.059017
v -0.147578 0.612471 -1.059298
v -0.280684 0.564018 -1.059017
v -0.251691 0.577539 -1.059298
v -0.374361 0.506709 -1.059017
v -0.348156 0.525060 -1.059298
v -0.456662 0.434004 -1.059017
v -0.434042 0.456626 -1.059298
v -0.525089 0.348112 -1.059017
v -0.506740 0.374318 -1.059298
v -0.577560 0.251643 -1.059017
v -0.564042 0.280637 -1.059298
v -0.612483 0.147527 -1.059017
v -0.604205 0.178429 -1.059298
v -0.626003 0.070851 -1.059017
v 0.625996 0.070912 -1.058739
v 0.628796 0.038929 -1.059017
v 0.604172 0.178538 -1.058739
v 0.612483 0.147527 -1.059017
v 0.563991 0.280739 -1.058739
v 0.577560 0.251643 -1.059017
v 0.506673 0.374410 -1.058739
v 0.525089 0.348112 -1.059017
v 0.433960 0.456704 -1.058739
v 0.456662 0.434004 -1.059017
v 0.348061 0.525122 -1.058739
v 0.374361 0.506709 -1.059017
v 0.251587 0.577585 -1.058739
v 0.280684 0.564018 -1.059017
v 0.147468 0.612497 -1.058739
v 0.178479 0.604190 -1.059017
v 0.038869 0.628800 -1.058739
v 0.070851 0.626003 -1.059017
v -0.070912 0.625996 -1.058739
v -0.038929 0.628796 -1.059017
v -0.178538 0.604172 -1.058739
v -0.147527 0.612483 -1.059017
v -0.280739 0.563991 -1.058739
v -0.251643 0.577560 -1.059017
v -0.374410 0.506673 -1.058739
v -0.348112 0.525089 -1.059017
v -0.456704 0.433960 -1.058739
v -0.434004 0.456662 -1.059017
v -0.525122 0.348061 -1.058739
v -0.506709 0.374361 -1.059017
v -0.577585 0.251587 -1.058739
v -0.564018 0.280684 -1.059017
v -0.612497 0.147468 -1.058739
v -0.604190 0.178479 -1.059017
v -0.625996 0.070912 -1.058739
v 0.625989 0.070980 -1.058462
v 0.628800 0.038869 -1.058739
v 0.604153 0.178603 -1.058462
v 0.612497 0.147468 -1.058739
v 0.563960 0.280800 -1.058462
v 0.577585 0.251587 -1.058739
v 0.506632 0.374465 -1.058462
v 0.525122 0.348061 -1.058739
v 0.433910 0.456752 -1.058462
v 0.456704 0.433960 -1.058739
v 0.348004 0.525160 -1.058462
v 0.374410 0.506673 -1.058739
v 0.251524 0.577612 -1.058462
v 0.280739 0.563991 -1.058739
v 0.147402 0.612514 -1.058462
v 0.178538 0.604172 -1.058739
v 0.038800 0.628804 -1.058462
v 0.070912 0.625996 -1.058739
v -0.070980 0.625989 -1.058462
v -0.038869 0.628800 -1.058739
v -0.178603 0.604153 -1.058462
v -0.147468 0.612497 -1.058739
v -0.280800 0.563960 -1.058462
v -0.251587 0.577585 -1.058739
v -0.374465 0.506632 -1.058462
v -0.348061 0.525122 -1.058739
v -0.456752 0.433910 -1.058462
v -0.433960 0.456704 -1.058739
v -0.525160 0.348004 -1.058462
v -0.506673 0.374410 -1.058739
v -0.577612 0.251524 -1.058462
v -0.563991 0.280739 -1.058739
v -0.612514 0.147402 -1.058462
v -0.604172 0.178538 -1.058739
v 0.625980 0.071056 -1.058187
v 0.604131 0.178677 -1.058187
v 0.563926 0.280868 -1.058187
v 0.506587 0.374526 -1.058187
v 0.433855 0.456804 -1.058187
v 0.347940 0.525202 -1.058187
v 0.251454 0.577643 -1.058187
v 0.147327 0.612531 -1.058187
v 0.038724 0.628809 -1.058187
v -0.071056 0.625980 -1.058187
v -0.178677 0.604131 -1.058187
v -0.280868 0.563926 -1.058187
v -0.374526 0.506587 -1.058187
v -0.456804 0.433855 -1.058187
v -0.525202 0.347940 -1.058187
v -0.577643 0.251454 -1.058187
v -0.612531 0.147327 -1.058187
v -0.625980 0.071056 -1.058187
v 0.628809 0.038724 -1.058187
v 0.628804 0.038800 -1.058462
v 0.612531 0.147327 -1.058187
v 0.612514 0.147402 -1.058462
v 0.577643 0.251454 -1.058187
v 0.577612 0.251524 -1.058462
v 0.525202 0.347940 -1.058187
v 0.525160 0.348004 -1.058462
v 0.456804 0.433855 -1.058187
v 0.456752 0.433910 -1.058462
v 0.374526 0.506587 -1.058187
v 0.374465 0.506632 -1.058462
v 0.280868 0.563926 -1.058187
v 0.280800 0.563960 -1.058462
v 0.178677 0.604131 -1.058187
v 0.178603 0.604153 -1.058462
v 0.071056 0.625980 -1.058187
v 0.070980 0.625989 -1.058462
v -0.038724 0.628809 -1.058187
v -0.038800 0.628804 -1.058462
v -0.147327 0.612531 -1.058187
v -0.147402 0.612514 -1.058462
v -0.251454 0.577643 -1.058187
v -0.251524 0.577612 -1.058462
v -0.347940 0.525202 -1.058187
v -0.348004 0.525160 -1.058462
v -0.433855 0.456804 -1.058187
v -0.433910 0.456752 -1.058462
v -0.506587 0.374526 -1.058187
v -0.506632 0.374465 -1.058462
v -0.563926 0.280868 -1.058187
v -0.563960 0.280800 -1.058462
v -0.604131 0.178677 -1.058187
v -0.604153 0.178603 -1.058462
v -0.625971 0.071139 -1.057915
v 0.628814 0.038640 -1.057915
v 0.612551 0.147245 -1.057915
v 0.577676 0.251377 -1.057915
v 0.525249 0.347870 -1.057915
v 0.456862 0.433794 -1.057915
v 0.374594 0.506537 -1.057915
v 0.280944 0.563889 -1.057915
v 0.178757 0.604107 -1.057915
v 0.071139 0.625971 -1.057915
v -0.038640 0.628814 -1.057915
v -0.147245 0.612551 -1.057915
v -0.251377 0.577676 -1.057915
v -0.347870 0.525249 -1.057915
v -0.433794 0.456862 -1.057915
v -0.506537 0.374594 -1.057915
v -0.563889 0.280944 -1.057915
v -0.604107 0.178757 -1.057915
v -0.625960 0.071231 -1.057645
v 0.628820 0.038548 -1.057645
v 0.612573 0.147156 -1.057645
v 0.577713 0.251292 -1.057645
v 0.525300 0.347793 -1.057645
v 0.456926 0.433727 -1.057645
v 0.374668 0.506482 -1.057645
v 0.281026 0.563848 -1.057645
v 0.178846 0.604081 -1.057645
v 0.071231 0.625960 -1.057645
v -0.038548 0.628820 -1.057645
v -0.147156 0.612573 -1.057645
v -0.251292 0.577713 -1.057645
v -0.347793 0.525300 -1.057645
v -0.433727 0.456926 -1.057645
v -0.506482 0.374668 -1.057645
v -0.563848 0.281026 -1.057645
v -0.604081 0.178846 -1.057645
v -0.625949 0.071330 -1.057377
v 0.628826 0.038449 -1.057377
v 0.612596 0.147059 -1.057377
v 0.577753 0.251201 -1.057377
v 0.525355 0.347710 -1.057377
v 0.456994 0.433655 -1.057377
v 0.374748 0.506423 -1.057377
v 0.281115 0.563803 -1.057377
v 0.178941 0.604053 -1.057377
v 0.071330 0.625949 -1.057377
v -0.038449 0.628826 -1.057377
v -0.147059 0.612596 -1.057377
v -0.251201 0.577753 -1.057377
v -0.347710 0.525355 -1.057377
v -0.433655 0.456994 -1.057377
v -0.506423 0.374748 -1.057377
v -0.563803 0.281115 -1.057377
v -0.604053 0.178941 -1.057377
v -0.625937 0.071437 -1.057113
v 0.628832 0.038341 -1.057113
v 0.612621 0.146954 -1.057113
v 0.577795 0.251102 -1.057113
v 0.525414 0.347621 -1.057113
v 0.457068 0.433577 -1.057113
v 0.374834 0.506359 -1.057113
v 0.281212 0.563755 -1.057113
v 0.179044 0.604022 -1.057113
v 0.071437 0.625937 -1.057113
v -0.038341 0.628832 -1.057113
v -0.146954 0.612621 -1.057113
v -0.251102 0.577795 -1.057113
v -0.347621 0.525414 -1.057113
v -0.433577 0.457068 -1.057113
v -0.506359 0.374834 -1.057113
v -0.563755 0.281212 -1.057113
v -0.604022 0.179044 -1.057113
v -0.625924 0.071551 -1.056852
v 0.628839 0.038227 -1.056852
v 0.612648 0.146843 -1.056852
v 0.577841 0.250997 -1.056852
v 0.525477 0.347525 -1.056852
v 0.457147 0.433493 -1.056852
v 0.374927 0.506290 -1.056852
v 0.281314 0.563704 -1.056852
v 0.179155 0.603990 -1.056852
v 0.071551 0.625924 -1.056852
v -0.038227 0.628839 -1.056852
v -0.146843 0.612648 -1.056852
v -0.250997 0.577841 -1.056852
v -0.347525 0.525477 -1.056852
v -0.433493 0.457147 -1.056852
v -0.506290 0.374927 -1.056852
v -0.563704 0.281314 -1.056852
v -0.603990 0.179155 -1.056852
v -0.625910 0.071673 -1.056594
v 0.628847 0.038104 -1.056594
v 0.612676 0.146723 -1.056594
v 0.577890 0.250884 -1.056594
v 0.525545 0.347423 -1.056594
v 0.457232 0.433404 -1.056594
v 0.375025 0.506217 -1.056594
v 0.281424 0.563649 -1.056594
v 0.179272 0.603955 -1.056594
v 0.071673 0.625910 -1.056594
v -0.038104 0.628847 -1.056594
v -0.146723 0.612676 -1.056594
v -0.250884 0.577890 -1.056594
v -0.347423 0.525545 -1.056594
v -0.433404 0.457232 -1.056594
v -0.506217 0.375025 -1.056594
v -0.563649 0.281424 -1.056594
v -0.603955 0.179272 -1.056594
v -0.625895 0.071802 -1.056340
v 0.628854 0.037975 -1.056340
v 0.612707 0.146597 -1.056340
v 0.577942 0.250765 -1.056340
v 0.525617 0.347314 -1.056340
v 0.457321 0.433310 -1.056340
v 0.375130 0.506140 -1.056340
v 0.281540 0.563591 -1.056340
v 0.179396 0.603918 -1.056340
v 0.071802 0.625895 -1.056340
v -0.037975 0.628854 -1.056340
v -0.146597 0.612707 -1.056340
v -0.250765 0.577942 -1.056340
v -0.347314 0.525617 -1.056340
v -0.433310 0.457321 -1.056340
v -0.506140 0.375130 -1.056340
v -0.563591 0.281540 -1.056340
v -0.603918 0.179396 -1.056340
v -0.625879 0.071938 -1.056089
v 0.628863 0.037838 -1.056089
v 0.612738 0.146464 -1.056089
v 0.577996 0.250640 -1.056089
v 0.525692 0.347200 -1.056089
v 0.457415 0.433211 -1.056089
v 0.375240 0.506058 -1.056089
v 0.281663 0.563530 -1.056089
v 0.179528 0.603879 -1.056089
v 0.071938 0.625879 -1.056089
v -0.037838 0.628863 -1.056089
v -0.146464 0.612738 -1.056089
v -0.250640 0.577996 -1.056089
v -0.347200 0.525692 -1.056089
v -0.433211 0.457415 -1.056089
v -0.506058 0.375240 -1.056089
v -0.563530 0.281663 -1.056089
v -0.603879 0.179528 -1.056089
v -0.625863 0.072081 -1.055843
v 0.625971 0.071139 -1.057915
v 0.604107 0.178757 -1.057915
v 0.563889 0.280944 -1.057915
v 0.506537 0.374594 -1.057915
v 0.433794 0.456862 -1.057915
v 0.347870 0.525249 -1.057915
v 0.251377 0.577676 -1.057915
v 0.147245 0.612551 -1.057915
v 0.038640 0.628814 -1.057915
v -0.071139 0.625971 -1.057915
v -0.178757 0.604107 -1.057915
v -0.280944 0.563889 -1.057915
v -0.374594 0.506537 -1.057915
v -0.456862 0.433794 -1.057915
v -0.525249 0.347870 -1.057915
v -0.577676 0.251377 -1.057915
v -0.612551 0.147245 -1.057915
v -0.625846 0.072231 -1.055601
v 0.628871 0.037694 -1.055843
v 0.612772 0.146324 -1.055843
v 0.578054 0.250507 -1.055843
v 0.525772 0.347079 -1.055843
v 0.457514 0.433106 -1.055843
v 0.375356 0.505973 -1.055843
v 0.281792 0.563465 -1.055843
v 0.179666 0.603838 -1.055843
v 0.072081 0.625863 -1.055843
v -0.037694 0.628871 -1.055843
v -0.146324 0.612772 -1.055843
v -0.250507 0.578054 -1.055843
v -0.347079 0.525772 -1.055843
v -0.433106 0.457514 -1.055843
v -0.505973 0.375356 -1.055843
v -0.563465 0.281792 -1.055843
v -0.603838 0.179666 -1.055843
v -0.625827 0.072388 -1.055363
v 0.625960 0.071231 -1.057645
v 0.604081 0.178846 -1.057645
v 0.563848 0.281026 -1.057645
v 0.506482 0.374668 -1.057645
v 0.433727 0.456926 -1.057645
v 0.347793 0.525300 -1.057645
v 0.251292 0.577713 -1.057645
v 0.147156 0.612573 -1.057645
v 0.038548 0.628820 -1.057645
v -0.071231 0.625960 -1.057645
v -0.178846 0.604081 -1.057645
v -0.281026 0.563848 -1.057645
v -0.374668 0.506482 -1.057645
v -0.456926 0.433727 -1.057645
v -0.525300 0.347793 -1.057645
v -0.577713 0.251292 -1.057645
v -0.612573 0.147156 -1.057645
v -0.628832 0.038341 -1.057113
v 0.628880 0.037543 -1.055601
v 0.612807 0.146176 -1.055601
v 0.578114 0.250369 -1.055601
v 0.525855 0.346953 -1.055601
v 0.457618 0.432996 -1.055601
v 0.375477 0.505882 -1.055601
v 0.281927 0.563398 -1.055601
v 0.179811 0.603795 -1.055601
v 0.072231 0.625846 -1.055601
v -0.037543 0.628880 -1.055601
v -0.146176 0.612807 -1.055601
v -0.250369 0.578114 -1.055601
v -0.346953 0.525855 -1.055601
v -0.432996 0.457618 -1.055601
v -0.505882 0.375477 -1.055601
v -0.563398 0.281927 -1.055601
v -0.603795 0.179811 -1.055601
v -0.625808 0.072552 -1.055129
v 0.625949 0.071330 -1.057377
v 0.604053 0.178941 -1.057377
v 0.563803 0.281115 -1.057377
v 0.506423 0.374748 -1.057377
v 0.433655 0.456994 -1.057377
v 0.347710 0.525355 -1.057377
v 0.251201 0.577753 -1.057377
v 0.147059 0.612596 -1.057377
v 0.038449 0.628826 -1.057377
v -0.071330 0.625949 -1.057377
v -0.178941 0.604053 -1.057377
v -0.281115 0.563803 -1.057377
v -0.374748 0.506423 -1.057377
v -0.456994 0.433655 -1.057377
v -0.525355 0.347710 -1.057377
v -0.577753 0.251201 -1.057377
v -0.612596 0.147059 -1.057377
v -0.628839 0.038227 -1.056852
v 0.628890 0.037385 -1.055363
v 0.612844 0.146023 -1.055363
v 0.578177 0.250224 -1.055363
v 0.525942 0.346821 -1.055363
v 0.457727 0.432881 -1.055363
v 0.375604 0.505788 -1.055363
v 0.282068 0.563327 -1.055363
v 0.179962 0.603750 -1.055363
v 0.072388 0.625827 -1.055363
v -0.037385 0.628890 -1.055363
v -0.146023 0.612844 -1.055363
v -0.250224 0.578177 -1.055363
v -0.346821 0.525942 -1.055363
v -0.432881 0.457727 -1.055363
v -0.505788 0.375604 -1.055363
v -0.563327 0.282068 -1.055363
v -0.603750 0.179962 -1.055363
v -0.625789 0.072722 -1.054901
v 0.625937 0.071437 -1.057113
v 0.604022 0.179044 -1.057113
v 0.563755 0.281212 -1.057113
v 0.506359 0.374834 -1.057113
v 0.433577 0.457068 -1.057113
v 0.347621 0.525414 -1.057113
v 0.251102 0.577795 -1.057113
v 0.146954 0.612621 -1.057113
v 0.038341 0.628832 -1.057113
v -0.071437 0.625937 -1.057113
v -0.179044 0.604022 -1.057113
v -0.281212 0.563755 -1.057113
v -0.374834 0.506359 -1.057113
v -0.457068 0.433577 -1.057113
v -0.525414 0.347621 -1.057113
v -0.577795 0.251102 -1.057113
v -0.612621 0.146954 -1.057113
v -0.628847 0.038104 -1.056594
v 0.628900 0.037221 -1.055129
v 0.612882 0.145862 -1.055129
v 0.578242 0.250072 -1.055129
v 0.526033 0.346684 -1.055129
v 0.457840 0.432762 -1.055129
v 0.375736 0.505690 -1.055129
v 0.282216 0.563253 -1.055129
v 0.180120 0.603702 -1.055129
v 0.072552 0.625808 -1.055129
v -0.037221 0.628900 -1.055129
v -0.145862 0.612882 -1.055129
v -0.250072 0.578242 -1.055129
v -0.346684 0.526033 -1.055129
v -0.432762 0.457840 -1.055129
v -0.505690 0.375736 -1.055129
v -0.563253 0.282216 -1.055129
v -0.603702 0.180120 -1.055129
v -0.628854 0.037975 -1.056340
v 0.625924 0.071551 -1.056852
v 0.603990 0.179155 -1.056852
v 0.563704 0.281314 -1.056852
v 0.506290 0.374927 -1.056852
v 0.433493 0.457147 -1.056852
v 0.347525 0.525477 -1.056852
v 0.250997 0.577841 -1.056852
v 0.146843 0.612648 -1.056852
v 0.038227 0.628839 -1.056852
v -0.071551 0.625924 -1.056852
v -0.179155 0.603990 -1.056852
v -0.281314 0.563704 -1.056852
v -0.374927 0.506290 -1.056852
v -0.457147 0.433493 -1.056852
v -0.525477 0.347525 -1.056852
v -0.577841 0.250997 -1.056852
v -0.612648 0.146843 -1.056852
v -0.625768 0.072899 -1.054677
v 0.628910 0.037050 -1.054901
v 0.612921 0.145696 -1.054901
v 0.578310 0.249915 -1.054901
v 0.526127 0.346541 -1.054901
v 0.457958 0.432637 -1.054901
v 0.375874 0.505588 -1.054901
v 0.282369 0.563177 -1.054901
v 0.180284 0.603653 -1.054901
v 0.072722 0.625789 -1.054901
v -0.037050 0.628910 -1.054901
v -0.145696 0.612921 -1.054901
v -0.249915 0.578310 -1.054901
v -0.346541 0.526127 -1.054901
v -0.432637 0.457958 -1.054901
v -0.505588 0.375874 -1.054901
v -0.563177 0.282369 -1.054901
v -0.603653 0.180284 -1.054901
v -0.628863 0.037838 -1.056089
v 0.625910 0.071673 -1.056594
v 0.603955 0.179272 -1.056594
v 0.563649 0.281424 -1.056594
v 0.506217 0.375025 -1.056594
v 0.433404 0.457232 -1.056594
v 0.347423 0.525545 -1.056594
v 0.250884 0.577890 -1.056594
v 0.146723 0.612676 -1.056594
v 0.038104 0.628847 -1.056594
v -0.071673 0.625910 -1.056594
v -0.179272 0.603955 -1.056594
v -0.281424 0.563649 -1.056594
v -0.375025 0.506217 -1.056594
v -0.457232 0.433404 -1.056594
v -0.525545 0.347423 -1.056594
v -0.577890 0.250884 -1.056594
v -0.612676 0.146723 -1.056594
v -0.625747 0.073082 -1.054458
v 0.625895 0.071802 -1.056340
v 0.603918 0.179396 -1.056340
v 0.563591 0.281540 -1.056340
v 0.506140 0.375130 -1.056340
v 0.433310 0.457321 -1.056340
v 0.347314 0.525617 -1.056340
v 0.250765 0.577942 -1.056340
v 0.146597 0.612707 -1.056340
v 0.037975 0.628854 -1.056340
v -0.071802 0.625895 -1.056340
v -0.179396 0.603918 -1.056340
v -0.281540 0.563591 -1.056340
v -0.375130 0.506140 -1.056340
v -0.457321 0.433310 -1.056340
v -0.525617 0.347314 -1.056340
v -0.577942 0.250765 -1.056340
v -0.612707 0.146597 -1.056340
v -0.628871 0.037694 -1.055843
v 0.628920 0.036872 -1.054677
v 0.612963 0.145523 -1.054677
v 0.578381 0.249752 -1.054677
v 0.526225 0.346392 -1.054677
v 0.458080 0.432508 -1.054677
v 0.376016 0.505482 -1.054677
v 0.282528 0.563097 -1.054677
v 0.180455 0.603603 -1.054677
v 0.072899 0.625768 -1.054677
v -0.036872 0.628920 -1.054677
v -0.145523 0.612963 -1.054677
v -0.249752 0.578381 -1.054677
v -0.346392 0.526225 -1.054677
v -0.432508 0.458080 -1.054677
v -0.505482 0.376016 -1.054677
v -0.563097 0.282528 -1.054677
v -0.603603 0.180455 -1.054677
v -0.625725 0.073271 -1.054245
v 0.625879 0.071938 -1.056089
v 0.603879 0.179528 -1.056089
v 0.563530 0.281663 -1.056089
v 0.506058 0.375240 -1.056089
v 0.433211 0.457415 -1.056089
v 0.347200 0.525692 -1.056089
v 0.250640 0.577996 -1.056089
v 0.146464 0.612738 -1.056089
v 0.037838 0.628863 -1.056089
v -0.071938 0.625879 -1.056089
v -0.179528 0.603879 -1.056089
v -0.281663 0.563530 -1.056089
v -0.375240 0.506058 -1.056089
v -0.457415 0.433211 -1.056089
v -0.525692 0.347200 -1.056089
v -0.577996 0.250640 -1.056089
v -0.612738 0.146464 -1.056089
v -0.628880 0.037543 -1.055601
v 0.613005 0.145344 -1.054458
v 0.578454 0.249583 -1.054458
v 0.526326 0.346238 -1.054458
v 0.458206 0.432374 -1.054458
v 0.376164 0.505372 -1.054458
v 0.282692 0.563014 -1.054458
v 0.180631 0.603550 -1.054458
v 0.073082 0.625747 -1.054458
v -0.036688 0.628931 -1.054458
v -0.145344 0.613005 -1.054458
v -0.249583 0.578454 -1.054458
v -0.346238 0.526326 -1.054458
v -0.432374 0.458206 -1.054458
v -0.505372 0.376164 -1.054458
v -0.563014 0.282692 -1.054458
v -0.603550 0.180631 -1.054458
v 0.625863 0.072081 -1.055843
v 0.603838 0.179666 -1.055843
v 0.563465 0.281792 -1.055843
v 0.505973 0.375356 -1.055843
v 0.433106 0.457514 -1.055843
v 0.347079 0.525772 -1.055843
v 0.250507 0.578054 -1.055843
v 0.146324 0.612772 -1.055843
v 0.037694 0.628871 -1.055843
v -0.072081 0.625863 -1.055843
v -0.179666 0.603838 -1.055843
v -0.281792 0.563465 -1.055843
v -0.375356 0.505973 -1.055843
v -0.457514 0.433106 -1.055843
v -0.525772 0.347079 -1.055843
v -0.578054 0.250507 -1.055843
v -0.612772 0.146324 -1.055843
v 0.625846 0.072231 -1.055601
v 0.613049 0.145158 -1.054245
v 0.578529 0.249408 -1.054245
v 0.526431 0.346079 -1.054245
v 0.458337 0.432235 -1.054245
v 0.376317 0.505258 -1.054245
v 0.282863 0.562929 -1.054245
v 0.180814 0.603495 -1.054245
v 0.073271 0.625725 -1.054245
v -0.036498 0.628942 -1.054245
v -0.145158 0.613049 -1.054245
v -0.249408 0.578529 -1.054245
v -0.346079 0.526431 -1.054245
v -0.432235 0.458337 -1.054245
v -0.505258 0.376317 -1.054245
v -0.562929 0.282863 -1.054245
v -0.603495 0.180814 -1.054245
v 0.625827 0.072388 -1.055363
v 0.603795 0.179811 -1.055601
v 0.563398 0.281927 -1.055601
v 0.505882 0.375477 -1.055601
v 0.432996 0.457618 -1.055601
v 0.346953 0.525855 -1.055601
v 0.250369 0.578114 -1.055601
v 0.146176 0.612807 -1.055601
v 0.037543 0.628880 -1.055601
v -0.072231 0.625846 -1.055601
v -0.179811 0.603795 -1.055601
v -0.281927 0.563398 -1.055601
v -0.375477 0.505882 -1.055601
v -0.457618 0.432996 -1.055601
v -0.525855 0.346953 -1.055601
v -0.578114 0.250369 -1.055601
v -0.612807 0.146176 -1.055601
v 0.625808 0.072552 -1.055129
v 0.613094 0.144967 -1.054037
v 0.578607 0.249227 -1.054037
v 0.526538 0.345915 -1.054037
v 0.458472 0.432092 -1.054037
v 0.376474 0.505141 -1.054037
v 0.283038 0.562841 -1.054037
v 0.181002 0.603439 -1.054037
v 0.073466 0.625702 -1.054037
v -0.036302 0.628953 -1.054037
v -0.144967 0.613094 -1.054037
v -0.249227 0.578607 -1.054037
v -0.345915 0.526538 -1.054037
v -0.432092 0.458472 -1.054037
v -0.505141 0.376474 -1.054037
v -0.562841 0.283038 -1.054037
v -0.603439 0.181002 -1.054037
v 0.625789 0.072722 -1.054901
v 0.603750 0.179962 -1.055363
v 0.563327 0.282068 -1.055363
v 0.505788 0.375604 -1.055363
v 0.432881 0.457727 -1.055363
v 0.346821 0.525942 -1.055363
v 0.250224 0.578177 -1.055363
v 0.146023 0.612844 -1.055363
v 0.037385 0.628890 -1.055363
v -0.072388 0.625827 -1.055363
v -0.179962 0.603750 -1.055363
v -0.282068 0.563327 -1.055363
v -0.375604 0.505788 -1.055363
v -0.457727 0.432881 -1.055363
v -0.525942 0.346821 -1.055363
v -0.578177 0.250224 -1.055363
v -0.612844 0.146023 -1.055363
v -0.625373 0.076215 -1.052030
v 0.625768 0.072899 -1.054677
v 0.613141 0.144770 -1.053835
v 0.578687 0.249042 -1.053835
v 0.526650 0.345746 -1.053835
v 0.458610 0.431945 -1.053835
v 0.376637 0.505020 -1.053835
v 0.283219 0.562750 -1.053835
v 0.181196 0.603381 -1.053835
v 0.073667 0.625678 -1.053835
v -0.036100 0.628965 -1.053835
v -0.144770 0.613141 -1.053835
v -0.249042 0.578687 -1.053835
v -0.345746 0.526650 -1.053835
v -0.431945 0.458610 -1.053835
v -0.505020 0.376637 -1.053835
v -0.562750 0.283219 -1.053835
v -0.603381 0.181196 -1.053835
v -0.625341 0.076472 -1.051907
v 0.625747 0.073082 -1.054458
v 0.603702 0.180120 -1.055129
v 0.563253 0.282216 -1.055129
v 0.505690 0.375736 -1.055129
v 0.432762 0.457840 -1.055129
v 0.346684 0.526033 -1.055129
v 0.250072 0.578242 -1.055129
v 0.145862 0.612882 -1.055129
v 0.037221 0.628900 -1.055129
v -0.072552 0.625808 -1.055129
v -0.180120 0.603702 -1.055129
v -0.282216 0.563253 -1.055129
v -0.375736 0.505690 -1.055129
v -0.457840 0.432762 -1.055129
v -0.526033 0.346684 -1.055129
v -0.578242 0.250072 -1.055129
v -0.612882 0.145862 -1.055129
v -0.625310 0.076733 -1.051792
v 0.625725 0.073271 -1.054245
v 0.613189 0.144568 -1.053639
v 0.578769 0.248850 -1.053639
v 0.526764 0.345572 -1.053639
v 0.458753 0.431793 -1.053639
v 0.376803 0.504895 -1.053639
v 0.283405 0.562656 -1.053639
v 0.181395 0.603321 -1.053639
v 0.073874 0.625654 -1.053639
v -0.035892 0.628977 -1.053639
v -0.144568 0.613189 -1.053639
v -0.248850 0.578769 -1.053639
v -0.345572 0.526764 -1.053639
v -0.431793 0.458753 -1.053639
v -0.504895 0.376803 -1.053639
v -0.562656 0.283405 -1.053639
v -0.603321 0.181395 -1.053639
v -0.625277 0.076997 -1.051684
v 0.625702 0.073466 -1.054037
v 0.603653 0.180284 -1.054901
v 0.563177 0.282369 -1.054901
v 0.505588 0.375874 -1.054901
v 0.432637 0.457958 -1.054901
v 0.346541 0.526127 -1.054901
v 0.249915 0.578310 -1.054901
v 0.145696 0.612921 -1.054901
v 0.037050 0.628910 -1.054901
v -0.072722 0.625789 -1.054901
v -0.180284 0.603653 -1.054901
v -0.282369 0.563177 -1.054901
v -0.375874 0.505588 -1.054901
v -0.457958 0.432637 -1.054901
v -0.526127 0.346541 -1.054901
v -0.578310 0.249915 -1.054901
v -0.612921 0.145696 -1.054901
v -0.625244 0.077264 -1.051584
v 0.625678 0.073667 -1.053835
v 0.613238 0.144359 -1.053449
v 0.578853 0.248654 -1.053449
v 0.526881 0.345393 -1.053449
v 0.458900 0.431638 -1.053449
v 0.376975 0.504767 -1.053449
v 0.283596 0.562560 -1.053449
v 0.181600 0.603259 -1.053449
v 0.074086 0.625629 -1.053449
v -0.035679 0.628989 -1.053449
v -0.144359 0.613238 -1.053449
v -0.248654 0.578853 -1.053449
v -0.345393 0.526881 -1.053449
v -0.431638 0.458900 -1.053449
v -0.504767 0.376975 -1.053449
v -0.562560 0.283596 -1.053449
v -0.603259 0.181600 -1.053449
v -0.625211 0.077533 -1.051492
v 0.625654 0.073874 -1.053639
v 0.603603 0.180455 -1.054677
v 0.563097 0.282528 -1.054677
v 0.505482 0.376016 -1.054677
v 0.432508 0.458080 -1.054677
v 0.346392 0.526225 -1.054677
v 0.249752 0.578381 -1.054677
v 0.145523 0.612963 -1.054677
v 0.036872 0.628920 -1.054677
v -0.072899 0.625768 -1.054677
v -0.180455 0.603603 -1.054677
v -0.282528 0.563097 -1.054677
v -0.376016 0.505482 -1.054677
v -0.458080 0.432508 -1.054677
v -0.526225 0.346392 -1.054677
v -0.578381 0.249752 -1.054677
v -0.612963 0.145523 -1.054677
v -0.625177 0.077806 -1.051407
v 0.625629 0.074086 -1.053449
v 0.613288 0.144146 -1.053265
v 0.578940 0.248452 -1.053265
v 0.527001 0.345210 -1.053265
v 0.459050 0.431478 -1.053265
v 0.377150 0.504636 -1.053265
v 0.283792 0.562461 -1.053265
v 0.181810 0.603196 -1.053265
v 0.074304 0.625603 -1.053265
v -0.035460 0.629001 -1.053265
v -0.144146 0.613288 -1.053265
v -0.248452 0.578940 -1.053265
v -0.345210 0.527001 -1.053265
v -0.431478 0.459050 -1.053265
v -0.504636 0.377150 -1.053265
v -0.562461 0.283792 -1.053265
v -0.603196 0.181810 -1.053265
v -0.625143 0.078080 -1.051330
v 0.603550 0.180631 -1.054458
v 0.563014 0.282692 -1.054458
v 0.505372 0.376164 -1.054458
v 0.432374 0.458206 -1.054458
v 0.346238 0.526326 -1.054458
v 0.249583 0.578454 -1.054458
v 0.145344 0.613005 -1.054458
v 0.036688 0.628931 -1.054458
v -0.073082 0.625747 -1.054458
v -0.180631 0.603550 -1.054458
v -0.282692 0.563014 -1.054458
v -0.376164 0.505372 -1.054458
v -0.458206 0.432374 -1.054458
v -0.526326 0.346238 -1.054458
v -0.578454 0.249583 -1.054458
v -0.613005 0.145344 -1.054458
v -0.625108 0.078357 -1.051262
v 0.603495 0.180814 -1.054245
v 0.562929 0.282863 -1.054245
v 0.505258 0.376317 -1.054245
v 0.432235 0.458337 -1.054245
v 0.346079 0.526431 -1.054245
v 0.249408 0.578529 -1.054245
v 0.145158 0.613049 -1.054245
v 0.036498 0.628942 -1.054245
v -0.073271 0.625725 -1.054245
v -0.180814 0.603495 -1.054245
v -0.282863 0.562929 -1.054245
v -0.376317 0.505258 -1.054245
v -0.458337 0.432235 -1.054245
v -0.526431 0.346079 -1.054245
v -0.578529 0.249408 -1.054245
v -0.613049 0.145158 -1.054245
v -0.625073 0.078635 -1.051201
v 0.613339 0.143928 -1.053087
v 0.579028 0.248246 -1.053087
v 0.527124 0.345022 -1.053087
v 0.459203 0.431314 -1.053087
v 0.377330 0.504502 -1.053087
v 0.283992 0.562360 -1.053087
v 0.182025 0.603131 -1.053087
v 0.074527 0.625576 -1.053087
v -0.035236 0.629014 -1.053087
v -0.143928 0.613339 -1.053087
v -0.248246 0.579028 -1.053087
v -0.345022 0.527124 -1.053087
v -0.431314 0.459203 -1.053087
v -0.504502 0.377330 -1.053087
v -0.562360 0.283992 -1.053087
v -0.603131 0.182025 -1.053087
v -0.625038 0.078916 -1.051148
v 0.603439 0.181002 -1.054037
v 0.562841 0.283038 -1.054037
v 0.505141 0.376474 -1.054037
v 0.432092 0.458472 -1.054037
v 0.345915 0.526538 -1.054037
v 0.249227 0.578607 -1.054037
v 0.144967 0.613094 -1.054037
v 0.036302 0.628953 -1.054037
v -0.073466 0.625702 -1.054037
v -0.181002 0.603439 -1.054037
v -0.283038 0.562841 -1.054037
v -0.376474 0.505141 -1.054037
v -0.458472 0.432092 -1.054037
v -0.526538 0.345915 -1.054037
v -0.578607 0.249227 -1.054037
v -0.613094 0.144967 -1.054037
v -0.625002 0.079197 -1.051103
v 0.613391 0.143704 -1.052916
v 0.579119 0.248035 -1.052916
v 0.527250 0.344830 -1.052916
v 0.459361 0.431147 -1.052916
v 0.377514 0.504364 -1.052916
v 0.284197 0.562256 -1.052916
v 0.182244 0.603065 -1.052916
v 0.074755 0.625549 -1.052916
v -0.035007 0.629027 -1.052916
v -0.143704 0.613391 -1.052916
v -0.248035 0.579119 -1.052916
v -0.344830 0.527250 -1.052916
v -0.431147 0.459361 -1.052916
v -0.504364 0.377514 -1.052916
v -0.562256 0.284197 -1.052916
v -0.603065 0.182244 -1.052916
v -0.624966 0.079480 -1.051066
v 0.603381 0.181196 -1.053835
v 0.562750 0.283219 -1.053835
v 0.505020 0.376637 -1.053835
v 0.431945 0.458610 -1.053835
v 0.345746 0.526650 -1.053835
v 0.249042 0.578687 -1.053835
v 0.144770 0.613141 -1.053835
v 0.036100 0.628965 -1.053835
v -0.073667 0.625678 -1.053835
v -0.181196 0.603381 -1.053835
v -0.283219 0.562750 -1.053835
v -0.376637 0.505020 -1.053835
v -0.458610 0.431945 -1.053835
v -0.526650 0.345746 -1.053835
v -0.578687 0.249042 -1.053835
v -0.613141 0.144770 -1.053835
v -0.624930 0.079764 -1.051037
v 0.613445 0.143476 -1.052751
v 0.579211 0.247820 -1.052751
v 0.527378 0.344634 -1.052751
v 0.459521 0.430976 -1.052751
v 0.377701 0.504224 -1.052751
v 0.284406 0.562151 -1.052751
v 0.182469 0.602997 -1.052751
v 0.074987 0.625521 -1.052751
v -0.034773 0.629040 -1.052751
v -0.143476 0.613445 -1.052751
v -0.247820 0.579211 -1.052751
v -0.344634 0.527378 -1.052751
v -0.430976 0.459521 -1.052751
v -0.504224 0.377701 -1.052751
v -0.562151 0.284406 -1.052751
v -0.602997 0.182469 -1.052751
v -0.624894 0.080048 -1.051017
v 0.603321 0.181395 -1.053639
v 0.562656 0.283405 -1.053639
v 0.504895 0.376803 -1.053639
v 0.431793 0.458753 -1.053639
v 0.345572 0.526764 -1.053639
v 0.248850 0.578769 -1.053639
v 0.144568 0.613189 -1.053639
v 0.035892 0.628977 -1.053639
v -0.073874 0.625654 -1.053639
v -0.181395 0.603321 -1.053639
v -0.283405 0.562656 -1.053639
v -0.376803 0.504895 -1.053639
v -0.458753 0.431793 -1.053639
v -0.526764 0.345572 -1.053639
v -0.578769 0.248850 -1.053639
v -0.613189 0.144568 -1.053639
v -0.624857 0.080333 -1.051004
v 0.613499 0.143243 -1.052593
v 0.579305 0.247600 -1.052593
v 0.527509 0.344434 -1.052593
v 0.459684 0.430802 -1.052593
v 0.377893 0.504080 -1.052593
v 0.284619 0.562043 -1.052593
v 0.182697 0.602928 -1.052593
v 0.075224 0.625493 -1.052593
v -0.034534 0.629053 -1.052593
v -0.143243 0.613499 -1.052593
v -0.247600 0.579305 -1.052593
v -0.344434 0.527509 -1.052593
v -0.430802 0.459684 -1.052593
v -0.504080 0.377893 -1.052593
v -0.562043 0.284619 -1.052593
v -0.602928 0.182697 -1.052593
v -0.624820 0.080619 -1.051000
v 0.625341 0.076472 -1.051907
v 0.603259 0.181600 -1.053449
v 0.562560 0.283596 -1.053449
v 0.504767 0.376975 -1.053449
v 0.431638 0.458900 -1.053449
v 0.345393 0.526881 -1.053449
v 0.248654 0.578853 -1.053449
v 0.144359 0.613238 -1.053449
v 0.035679 0.628989 -1.053449
v -0.074086 0.625629 -1.053449
v -0.181600 0.603259 -1.053449
v -0.283596 0.562560 -1.053449
v -0.376975 0.504767 -1.053449
v -0.458900 0.431638 -1.053449
v -0.526881 0.345393 -1.053449
v -0.578853 0.248654 -1.053449
v -0.613238 0.144359 -1.053449
v -0.614712 0.137944 -1.051000
v -0.615121 0.136111 -1.051000
v 0.625310 0.076733 -1.051792
v 0.613555 0.143006 -1.052442
v 0.579400 0.247376 -1.052442
v 0.527642 0.344230 -1.052442
v 0.459851 0.430624 -1.052442
v 0.378087 0.503934 -1.052442
v 0.284836 0.561933 -1.052442
v 0.182930 0.602857 -1.052442
v 0.075466 0.625464 -1.052442
v -0.034291 0.629066 -1.052442
v -0.143006 0.613555 -1.052442
v -0.247376 0.579400 -1.052442
v -0.344230 0.527642 -1.052442
v -0.430624 0.459851 -1.052442
v -0.503934 0.378087 -1.052442
v -0.561933 0.284836 -1.052442
v -0.602857 0.182930 -1.052442
v -0.614649 0.138225 -1.051004
v 0.625277 0.076997 -1.051684
v 0.603196 0.181810 -1.053265
v 0.562461 0.283792 -1.053265
v 0.504636 0.377150 -1.053265
v 0.431478 0.459050 -1.053265
v 0.345210 0.527001 -1.053265
v 0.248452 0.578940 -1.053265
v 0.144146 0.613288 -1.053265
v 0.035460 0.629001 -1.053265
v -0.074304 0.625603 -1.053265
v -0.181810 0.603196 -1.053265
v -0.283792 0.562461 -1.053265
v -0.377150 0.504636 -1.053265
v -0.459050 0.431478 -1.053265
v -0.527001 0.345210 -1.053265
v -0.578940 0.248452 -1.053265
v -0.613288 0.144146 -1.053265
v -0.614586 0.138505 -1.051017
v 0.625244 0.077264 -1.051584
v 0.613611 0.142765 -1.052297
v 0.579498 0.247149 -1.052297
v 0.527777 0.344023 -1.052297
v 0.460020 0.430444 -1.052297
v 0.378285 0.503786 -1.052297
v 0.285057 0.561821 -1.052297
v 0.183167 0.602785 -1.052297
v 0.075712 0.625434 -1.052297
v -0.034044 0.629079 -1.052297
v -0.142765 0.613611 -1.052297
v -0.247149 0.579498 -1.052297
v -0.344023 0.527777 -1.052297
v -0.430444 0.460020 -1.052297
v -0.503786 0.378285 -1.052297
v -0.561821 0.285057 -1.052297
v -0.602785 0.183167 -1.052297
v -0.614523 0.138785 -1.051037
v 0.625211 0.077533 -1.051492
v 0.603131 0.182025 -1.053087
v 0.562360 0.283992 -1.053087
v 0.504502 0.377330 -1.053087
v 0.431314 0.459203 -1.053087
v 0.345022 0.527124 -1.053087
v 0.248246 0.579028 -1.053087
v 0.143928 0.613339 -1.053087
v 0.035236 0.629014 -1.053087
v -0.074527 0.625576 -1.053087
v -0.182025 0.603131 -1.053087
v -0.283992 0.562360 -1.053087
v -0.377330 0.504502 -1.053087
v -0.459203 0.431314 -1.053087
v -0.527124 0.345022 -1.053087
v -0.579028 0.248246 -1.053087
v -0.613339 0.143928 -1.053087
v -0.614460 0.139064 -1.051066
v 0.625177 0.077806 -1.051407
v 0.613668 0.142520 -1.052160
v 0.579596 0.246917 -1.052160
v 0.527914 0.343812 -1.052160
v 0.460192 0.430260 -1.052160
v 0.378487 0.503635 -1.052160
v 0.285281 0.561707 -1.052160
v 0.183408 0.602712 -1.052160
v 0.075962 0.625404 -1.052160
v -0.033793 0.629093 -1.052160
v -0.142520 0.613668 -1.052160
v -0.246917 0.579596 -1.052160
v -0.343812 0.527914 -1.052160
v -0.430260 0.460192 -1.052160
v -0.503635 0.378487 -1.052160
v -0.561707 0.285281 -1.052160
v -0.602712 0.183408 -1.052160
v -0.614397 0.139342 -1.051103
v 0.625143 0.078080 -1.051330
v 0.603065 0.182244 -1.052916
v 0.562256 0.284197 -1.052916
v 0.504364 0.377514 -1.052916
v 0.431147 0.459361 -1.052916
v 0.344830 0.527250 -1.052916
v 0.248035 0.579119 -1.052916
v 0.143704 0.613391 -1.052916
v 0.035007 0.629027 -1.052916
v -0.074755 0.625549 -1.052916
v -0.182244 0.603065 -1.052916
v -0.284197 0.562256 -1.052916
v -0.377514 0.504364 -1.052916
v -0.459361 0.431147 -1.052916
v -0.527250 0.344830 -1.052916
v -0.579119 0.248035 -1.052916
v -0.613391 0.143704 -1.052916
v -0.614334 0.139619 -1.051148
v 0.613725 0.142271 -1.052030
v 0.579696 0.246682 -1.052030
v 0.528054 0.343598 -1.052030
v 0.460366 0.430073 -1.052030
v 0.378691 0.503481 -1.052030
v 0.285509 0.561591 -1.052030
v 0.183652 0.602637 -1.052030
v 0.076215 0.625373 -1.052030
v -0.033538 0.629107 -1.052030
v -0.142271 0.613725 -1.052030
v -0.246682 0.579696 -1.052030
v -0.343598 0.528054 -1.052030
v -0.430073 0.460366 -1.052030
v -0.503481 0.378691 -1.052030
v -0.561591 0.285509 -1.052030
v -0.602637 0.183652 -1.052030
v -0.614272 0.139894 -1.051201
v 0.602997 0.182469 -1.052751
v 0.562151 0.284406 -1.052751
v 0.504224 0.377701 -1.052751
v 0.430976 0.459521 -1.052751
v 0.344634 0.527378 -1.052751
v 0.247820 0.579211 -1.052751
v 0.143476 0.613445 -1.052751
v 0.034773 0.629040 -1.052751
v -0.074987 0.625521 -1.052751
v -0.182469 0.602997 -1.052751
v -0.284406 0.562151 -1.052751
v -0.377701 0.504224 -1.052751
v -0.459521 0.430976 -1.052751
v -0.527378 0.344634 -1.052751
v -0.579211 0.247820 -1.052751
v -0.613445 0.143476 -1.052751
v -0.601922 0.185984 -1.051201
v 0.613784 0.142019 -1.051907
v 0.579798 0.246444 -1.051907
v 0.528195 0.343380 -1.051907
v 0.460543 0.429884 -1.051907
v 0.378898 0.503325 -1.051907
v 0.285740 0.561474 -1.051907
v 0.183900 0.602562 -1.051907
v 0.076472 0.625341 -1.051907
v -0.033279 0.629120 -1.051907
v -0.142019 0.613784 -1.051907
v -0.246444 0.579798 -1.051907
v -0.343380 0.528195 -1.051907
v -0.429884 0.460543 -1.051907
v -0.503325 0.378898 -1.051907
v -0.561474 0.285740 -1.051907
v -0.602562 0.183900 -1.051907
v -0.614209 0.140168 -1.051262
v 0.602928 0.182697 -1.052593
v 0.562043 0.284619 -1.052593
v 0.504080 0.377893 -1.052593
v 0.430802 0.459684 -1.052593
v 0.344434 0.527509 -1.052593
v 0.247600 0.579305 -1.052593
v 0.143243 0.613499 -1.052593
v 0.034534 0.629053 -1.052593
v -0.075224 0.625493 -1.052593
v -0.182697 0.602928 -1.052593
v -0.284619 0.562043 -1.052593
v -0.377893 0.504080 -1.052593
v -0.459684 0.430802 -1.052593
v -0.527509 0.344434 -1.052593
v -0.579305 0.247600 -1.052593
v -0.613499 0.143243 -1.052593
v -0.614147 0.140440 -1.051330
v 0.613843 0.141763 -1.051792
v 0.579900 0.246202 -1.051792
v 0.528338 0.343160 -1.051792
v 0.460722 0.429692 -1.051792
v 0.379108 0.503167 -1.051792
v 0.285974 0.561355 -1.051792
v 0.184151 0.602485 -1.051792
v 0.076733 0.625310 -1.051792
v -0.033017 0.629134 -1.051792
v -0.141763 0.613843 -1.051792
v -0.246202 0.579900 -1.051792
v -0.343160 0.528338 -1.051792
v -0.429692 0.460722 -1.051792
v -0.503167 0.379108 -1.051792
v -0.561355 0.285974 -1.051792
v -0.602485 0.184151 -1.051792
v -0.614085 0.140710 -1.051407
v 0.602857 0.182930 -1.052442
v 0.561933 0.284836 -1.052442
v 0.503934 0.378087 -1.052442
v 0.430624 0.459851 -1.052442
v 0.344230 0.527642 -1.052442
v 0.247376 0.579400 -1.052442
v 0.143006 0.613555 -1.052442
v 0.034291 0.629066 -1.052442
v -0.075466 0.625464 -1.052442
v -0.182930 0.602857 -1.052442
v -0.284836 0.561933 -1.052442
v -0.378087 0.503934 -1.052442
v -0.459851 0.430624 -1.052442
v -0.527642 0.344230 -1.052442
v -0.579400 0.247376 -1.052442
v -0.613555 0.143006 -1.052442
v -0.614024 0.140977 -1.051492
v 0.616700 0.128765 -1.051000
v 0.602785 0.183167 -1.052297
v 0.561821 0.285057 -1.052297
v 0.503786 0.378285 -1.052297
v 0.430444 0.460020 -1.052297
v 0.344023 0.527777 -1.052297
v 0.247149 0.579498 -1.052297
v 0.142765 0.613611 -1.052297
v 0.034044 0.629079 -1.052297
v -0.075712 0.625434 -1.052297
v -0.183167 0.602785 -1.052297
v -0.285057 0.561821 -1.052297
v -0.378285 0.503786 -1.052297
v -0.460020 0.430444 -1.052297
v -0.527777 0.344023 -1.052297
v -0.579498 0.247149 -1.052297
v -0.613611 0.142765 -1.052297
v -0.613963 0.141242 -1.051584
v 0.616314 0.130604 -1.051000
v 0.613903 0.141504 -1.051684
v 0.580004 0.245957 -1.051684
v 0.528483 0.342937 -1.051684
v 0.460903 0.429497 -1.051684
v 0.379320 0.503007 -1.051684
v 0.286211 0.561234 -1.051684
v 0.184405 0.602407 -1.051684
v 0.076997 0.625277 -1.051684
v -0.032751 0.629148 -1.051684
v -0.141504 0.613903 -1.051684
v -0.245957 0.580004 -1.051684
v -0.342937 0.528483 -1.051684
v -0.429497 0.460903 -1.051684
v -0.503007 0.379320 -1.051684
v -0.561234 0.286211 -1.051684
v -0.602407 0.184405 -1.051684
v -0.602005 0.185715 -1.051262
v 0.615922 0.132441 -1.051000
v 0.602712 0.183408 -1.052160
v 0.561707 0.285281 -1.052160
v 0.503635 0.378487 -1.052160
v 0.430260 0.460192 -1.052160
v 0.343812 0.527914 -1.052160
v 0.246917 0.579596 -1.052160
v 0.142520 0.613668 -1.052160
v 0.033793 0.629093 -1.052160
v -0.075962 0.625404 -1.052160
v -0.183408 0.602712 -1.052160
v -0.285281 0.561707 -1.052160
v -0.378487 0.503635 -1.052160
v -0.460192 0.430260 -1.052160
v -0.527914 0.343812 -1.052160
v -0.579596 0.246917 -1.052160
v -0.613668 0.142520 -1.052160
v -0.613903 0.141504 -1.051684
v 0.615524 0.134276 -1.051000
v 0.613963 0.141242 -1.051584
v 0.580109 0.245710 -1.051584
v 0.528629 0.342712 -1.051584
v 0.461087 0.429301 -1.051584
v 0.379535 0.502845 -1.051584
v 0.286450 0.561112 -1.051584
v 0.184663 0.602329 -1.051584
v 0.077264 0.625244 -1.051584
v -0.032483 0.629162 -1.051584
v -0.141242 0.613963 -1.051584
v -0.245710 0.580109 -1.051584
v -0.342712 0.528629 -1.051584
v -0.429301 0.461087 -1.051584
v -0.502845 0.379535 -1.051584
v -0.561112 0.286450 -1.051584
v -0.602329 0.184663 -1.051584
v -0.602087 0.185449 -1.051330
v 0.615121 0.136111 -1.051000
v 0.602637 0.183652 -1.052030
v 0.561591 0.285509 -1.052030
v 0.503481 0.378691 -1.052030
v 0.430073 0.460366 -1.052030
v 0.343598 0.528054 -1.052030
v 0.246682 0.579696 -1.052030
v 0.142271 0.613725 -1.052030
v 0.033538 0.629107 -1.052030
v -0.076215 0.625373 -1.052030
v -0.183652 0.602637 -1.052030
v -0.285509 0.561591 -1.052030
v -0.378691 0.503481 -1.052030
v -0.460366 0.430073 -1.052030
v -0.528054 0.343598 -1.052030
v -0.579696 0.246682 -1.052030
v -0.613725 0.142271 -1.052030
v -0.601839 0.186253 -1.051148
v 0.157911 0.609889 -0.895000
v 0.601585 0.187070 -1.051037
v 0.095399 0.622735 -0.895000
v 0.614024 0.140977 -1.051492
v 0.580215 0.245459 -1.051492
v 0.528777 0.342484 -1.051492
v 0.461272 0.429102 -1.051492
v 0.379751 0.502682 -1.051492
v 0.286692 0.560988 -1.051492
v 0.184922 0.602249 -1.051492
v 0.077533 0.625211 -1.051492
v -0.032211 0.629176 -1.051492
v -0.140977 0.614024 -1.051492
v -0.245459 0.580215 -1.051492
v -0.342484 0.528777 -1.051492
v -0.429102 0.461272 -1.051492
v -0.502682 0.379751 -1.051492
v -0.560988 0.286692 -1.051492
v -0.602249 0.184922 -1.051492
v -0.601755 0.186525 -1.051103
v 0.434049 0.456619 -0.895000
v 0.385627 0.498189 -0.895000
v 0.602562 0.183900 -1.051907
v 0.561474 0.285740 -1.051907
v 0.503325 0.378898 -1.051907
v 0.429884 0.460543 -1.051907
v 0.343380 0.528195 -1.051907
v 0.246444 0.579798 -1.051907
v 0.142019 0.613784 -1.051907
v 0.033279 0.629120 -1.051907
v -0.076472 0.625341 -1.051907
v -0.183900 0.602562 -1.051907
v -0.285740 0.561474 -1.051907
v -0.378898 0.503325 -1.051907
v -0.460543 0.429884 -1.051907
v -0.528195 0.343380 -1.051907
v -0.579798 0.246444 -1.051907
v -0.613784 0.142019 -1.051907
v -0.601670 0.186797 -1.051066
v 0.614085 0.140710 -1.051407
v 0.580322 0.245207 -1.051407
v 0.528926 0.342253 -1.051407
v 0.461459 0.428901 -1.051407
v 0.379970 0.502516 -1.051407
v 0.286937 0.560863 -1.051407
v 0.185184 0.602168 -1.051407
v 0.077806 0.625177 -1.051407
v -0.031937 0.629190 -1.051407
v -0.140710 0.614085 -1.051407
v -0.245207 0.580322 -1.051407
v -0.342253 0.528926 -1.051407
v -0.428901 0.461459 -1.051407
v -0.502516 0.379970 -1.051407
v -0.560863 0.286937 -1.051407
v -0.602168 0.185184 -1.051407
v -0.601585 0.187070 -1.051037
v 0.602485 0.184151 -1.051792
v 0.561355 0.285974 -1.051792
v 0.503167 0.379108 -1.051792
v 0.429692 0.460722 -1.051792
v 0.343160 0.528338 -1.051792
v 0.246202 0.579900 -1.051792
v 0.141763 0.613843 -1.051792
v 0.033017 0.629134 -1.051792
v -0.076733 0.625310 -1.051792
v -0.184151 0.602485 -1.051792
v -0.285974 0.561355 -1.051792
v -0.379108 0.503167 -1.051792
v -0.460722 0.429692 -1.051792
v -0.528338 0.343160 -1.051792
v -0.579900 0.246202 -1.051792
v -0.613843 0.141763 -1.051792
v -0.601500 0.187344 -1.051017
v 0.614147 0.140440 -1.051330
v 0.580430 0.244952 -1.051330
v 0.529076 0.342021 -1.051330
v 0.461647 0.428698 -1.051330
v 0.380191 0.502349 -1.051330
v 0.287183 0.560737 -1.051330
v 0.185449 0.602087 -1.051330
v 0.078080 0.625143 -1.051330
v -0.031661 0.629204 -1.051330
v -0.140440 0.614147 -1.051330
v -0.244952 0.580430 -1.051330
v -0.342021 0.529076 -1.051330
v -0.428698 0.461647 -1.051330
v -0.502349 0.380191 -1.051330
v -0.560737 0.287183 -1.051330
v 0.602407 0.184405 -1.051684
v 0.561234 0.286211 -1.051684
v 0.503007 0.379320 -1.051684
v 0.429497 0.460903 -1.051684
v 0.342937 0.528483 -1.051684
v 0.245957 0.580004 -1.051684
v 0.141504 0.613903 -1.051684
v 0.032751 0.629148 -1.051684
v -0.076997 0.625277 -1.051684
v -0.184405 0.602407 -1.051684
v -0.286211 0.561234 -1.051684
v -0.379320 0.503007 -1.051684
v -0.460903 0.429497 -1.051684
v -0.528483 0.342937 -1.051684
v -0.580004 0.245957 -1.051684
v -0.601415 0.187618 -1.051004
v 0.614209 0.140168 -1.051262
v 0.580538 0.244695 -1.051262
v 0.529227 0.341787 -1.051262
v 0.461837 0.428494 -1.051262
v 0.380413 0.502181 -1.051262
v 0.287431 0.560610 -1.051262
v 0.185715 0.602005 -1.051262
v 0.078357 0.625108 -1.051262
v -0.031382 0.629218 -1.051262
v -0.140168 0.614209 -1.051262
v -0.244695 0.580538 -1.051262
v -0.341787 0.529227 -1.051262
v -0.428494 0.461837 -1.051262
v -0.502181 0.380413 -1.051262
v -0.560610 0.287431 -1.051262
v -0.601329 0.187893 -1.051000
v 0.602329 0.184663 -1.051584
v 0.561112 0.286450 -1.051584
v 0.502845 0.379535 -1.051584
v 0.429301 0.461087 -1.051584
v 0.342712 0.528629 -1.051584
v 0.245710 0.580109 -1.051584
v 0.141242 0.613963 -1.051584
v 0.032483 0.629162 -1.051584
v -0.077264 0.625244 -1.051584
v -0.184663 0.602329 -1.051584
v -0.286450 0.561112 -1.051584
v -0.379535 0.502845 -1.051584
v -0.461087 0.429301 -1.051584
v -0.528629 0.342712 -1.051584
v -0.580109 0.245710 -1.051584
v -0.581420 0.242592 -1.051000
v -0.582140 0.240858 -1.051000
v 0.614272 0.139894 -1.051201
v 0.580647 0.244436 -1.051201
v 0.529380 0.341551 -1.051201
v 0.462027 0.428288 -1.051201
v 0.380637 0.502011 -1.051201
v 0.287681 0.560482 -1.051201
v 0.185984 0.601922 -1.051201
v 0.078635 0.625073 -1.051201
v -0.031102 0.629232 -1.051201
v -0.139894 0.614272 -1.051201
v -0.244436 0.580647 -1.051201
v -0.341551 0.529380 -1.051201
v -0.428288 0.462027 -1.051201
v -0.502011 0.380637 -1.051201
v -0.560482 0.287681 -1.051201
v -0.581309 0.242858 -1.051004
v 0.602249 0.184922 -1.051492
v 0.560988 0.286692 -1.051492
v 0.502682 0.379751 -1.051492
v 0.429102 0.461272 -1.051492
v 0.342484 0.528777 -1.051492
v 0.245459 0.580215 -1.051492
v 0.140977 0.614024 -1.051492
v 0.032211 0.629176 -1.051492
v -0.077533 0.625211 -1.051492
v -0.184922 0.602249 -1.051492
v -0.286692 0.560988 -1.051492
v -0.379751 0.502682 -1.051492
v -0.461272 0.429102 -1.051492
v -0.528777 0.342484 -1.051492
v -0.580215 0.245459 -1.051492
v -0.581198 0.243123 -1.051017
v 0.614334 0.139619 -1.051148
v 0.580756 0.244176 -1.051148
v 0.529533 0.341314 -1.051148
v 0.462219 0.428081 -1.051148
v 0.380862 0.501841 -1.051148
v 0.287932 0.560353 -1.051148
v 0.186253 0.601839 -1.051148
v 0.078916 0.625038 -1.051148
v -0.030820 0.629246 -1.051148
v -0.139619 0.614334 -1.051148
v -0.244176 0.580756 -1.051148
v -0.341314 0.529533 -1.051148
v -0.428081 0.462219 -1.051148
v -0.501841 0.380862 -1.051148
v -0.560353 0.287932 -1.051148
v -0.581087 0.243388 -1.051037
v 0.602168 0.185184 -1.051407
v 0.560863 0.286937 -1.051407
v 0.502516 0.379970 -1.051407
v 0.428901 0.461459 -1.051407
v 0.342253 0.528926 -1.051407
v 0.245207 0.580322 -1.051407
v 0.140710 0.614085 -1.051407
v 0.031937 0.629190 -1.051407
v -0.077806 0.625177 -1.051407
v -0.185184 0.602168 -1.051407
v -0.286937 0.560863 -1.051407
v -0.379970 0.502516 -1.051407
v -0.461459 0.428901 -1.051407
v -0.528926 0.342253 -1.051407
v -0.580322 0.245207 -1.051407
v -0.559961 0.288692 -1.051037
v 0.614397 0.139342 -1.051103
v 0.580866 0.243914 -1.051103
v 0.529686 0.341075 -1.051103
v 0.462412 0.427872 -1.051103
v 0.381088 0.501669 -1.051103
v 0.288184 0.560223 -1.051103
v 0.186525 0.601755 -1.051103
v 0.079197 0.625002 -1.051103
v -0.030536 0.629259 -1.051103
v -0.139342 0.614397 -1.051103
v -0.243914 0.580866 -1.051103
v -0.341075 0.529686 -1.051103
v -0.427872 0.462412 -1.051103
v -0.501669 0.381088 -1.051103
v -0.560223 0.288184 -1.051103
v -0.580977 0.243651 -1.051066
v 0.602087 0.185449 -1.051330
v 0.560737 0.287183 -1.051330
v 0.502349 0.380191 -1.051330
v 0.428698 0.461647 -1.051330
v 0.342021 0.529076 -1.051330
v 0.244952 0.580430 -1.051330
v 0.140440 0.614147 -1.051330
v 0.031661 0.629204 -1.051330
v -0.078080 0.625143 -1.051330
v -0.185449 0.602087 -1.051330
v -0.287183 0.560737 -1.051330
v -0.380191 0.502349 -1.051330
v -0.461647 0.428698 -1.051330
v -0.529076 0.342021 -1.051330
v -0.580430 0.244952 -1.051330
v -0.580866 0.243914 -1.051103
v 0.614460 0.139064 -1.051066
v -0.580756 0.244176 -1.051148
v 0.602005 0.185715 -1.051262
v 0.580977 0.243651 -1.051066
v 0.560610 0.287431 -1.051262
v 0.529841 0.340835 -1.051066
v 0.502181 0.380413 -1.051262
v 0.462606 0.427663 -1.051066
v 0.428494 0.461837 -1.051262
v 0.381315 0.501497 -1.051066
v 0.341787 0.529227 -1.051262
v 0.288438 0.560092 -1.051066
v 0.244695 0.580538 -1.051262
v 0.186797 0.601670 -1.051066
v 0.140168 0.614209 -1.051262
v 0.079480 0.624966 -1.051066
v 0.031382 0.629218 -1.051262
v -0.030252 0.629273 -1.051066
v -0.078357 0.625108 -1.051262
v -0.139064 0.614460 -1.051066
v -0.185715 0.602005 -1.051262
v -0.243651 0.580977 -1.051066
v -0.287431 0.560610 -1.051262
v -0.340835 0.529841 -1.051066
v -0.380413 0.502181 -1.051262
v -0.427663 0.462606 -1.051066
v -0.461837 0.428494 -1.051262
v -0.501497 0.381315 -1.051066
v -0.529227 0.341787 -1.051262
v -0.560092 0.288438 -1.051066
v -0.580538 0.244695 -1.051262
v -0.559830 0.288947 -1.051017
v 0.614523 0.138785 -1.051037
v 0.581087 0.243388 -1.051037
v 0.529995 0.340595 -1.051037
v 0.462800 0.427453 -1.051037
v 0.381543 0.501324 -1.051037
v 0.288692 0.559961 -1.051037
v 0.187070 0.601585 -1.051037
v 0.079764 0.624930 -1.051037
v -0.029966 0.629287 -1.051037
v -0.138785 0.614523 -1.051037
v -0.243388 0.581087 -1.051037
v -0.340595 0.529995 -1.051037
v -0.427453 0.462800 -1.051037
v -0.501324 0.381543 -1.051037
v -0.559698 0.289202 -1.051004
v 0.601922 0.185984 -1.051201
v 0.560482 0.287681 -1.051201
v 0.502011 0.380637 -1.051201
v 0.428288 0.462027 -1.051201
v 0.341551 0.529380 -1.051201
v 0.244436 0.580647 -1.051201
v 0.139894 0.614272 -1.051201
v 0.031102 0.629232 -1.051201
v -0.078635 0.625073 -1.051201
v -0.185984 0.601922 -1.051201
v -0.287681 0.560482 -1.051201
v -0.380637 0.502011 -1.051201
v -0.462027 0.428288 -1.051201
v -0.529380 0.341551 -1.051201
v -0.580647 0.244436 -1.051201
v 0.614586 0.138505 -1.051017
v 0.581198 0.243123 -1.051017
v 0.530150 0.340353 -1.051017
v 0.462995 0.427242 -1.051017
v 0.381771 0.501150 -1.051017
v 0.288947 0.559830 -1.051017
v 0.187344 0.601500 -1.051017
v 0.080048 0.624894 -1.051017
v -0.029680 0.629300 -1.051017
v -0.138505 0.614586 -1.051017
v -0.243123 0.581198 -1.051017
v -0.340353 0.530150 -1.051017
v -0.427242 0.462995 -1.051017
v -0.501150 0.381771 -1.051017
v -0.559566 0.289458 -1.051000
v 0.601839 0.186253 -1.051148
v 0.560353 0.287932 -1.051148
v 0.501841 0.380862 -1.051148
v 0.428081 0.462219 -1.051148
v 0.341314 0.529533 -1.051148
v 0.244176 0.580756 -1.051148
v 0.139619 0.614334 -1.051148
v 0.030820 0.629246 -1.051148
v -0.078916 0.625038 -1.051148
v -0.186253 0.601839 -1.051148
v -0.287932 0.560353 -1.051148
v -0.380862 0.501841 -1.051148
v -0.462219 0.428081 -1.051148
v -0.529533 0.341314 -1.051148
v -0.530461 0.339869 -1.051000
v -0.531472 0.338286 -1.051000
v 0.601755 0.186525 -1.051103
v 0.581309 0.242858 -1.051004
v 0.530306 0.340112 -1.051004
v 0.463189 0.427031 -1.051004
v 0.381999 0.500976 -1.051004
v 0.289202 0.559698 -1.051004
v 0.187618 0.601415 -1.051004
v 0.080333 0.624857 -1.051004
v -0.029392 0.629314 -1.051004
v -0.138225 0.614649 -1.051004
v -0.242858 0.581309 -1.051004
v -0.340112 0.530306 -1.051004
v -0.427031 0.463189 -1.051004
v -0.500976 0.381999 -1.051004
v -0.530306 0.340112 -1.051004
v 0.517081 0.359899 -0.895000
v 0.601670 0.186797 -1.051066
v 0.560223 0.288184 -1.051103
v 0.501669 0.381088 -1.051103
v 0.427872 0.462412 -1.051103
v 0.341075 0.529686 -1.051103
v 0.243914 0.580866 -1.051103
v 0.139342 0.614397 -1.051103
v 0.030536 0.629259 -1.051103
v -0.079197 0.625002 -1.051103
v -0.186525 0.601755 -1.051103
v -0.288184 0.560223 -1.051103
v -0.381088 0.501669 -1.051103
v -0.462412 0.427872 -1.051103
v -0.529686 0.341075 -1.051103
v -0.530150 0.340353 -1.051017
v 0.581420 0.242592 -1.051000
v 0.530461 0.339869 -1.051000
v 0.463384 0.426820 -1.051000
v 0.382228 0.500801 -1.051000
v 0.289458 0.559566 -1.051000
v 0.187893 0.601329 -1.051000
v 0.080619 0.624820 -1.051000
v -0.029105 0.629327 -1.051000
v -0.137944 0.614712 -1.051000
v -0.242592 0.581420 -1.051000
v -0.339869 0.530461 -1.051000
v -0.426820 0.463384 -1.051000
v -0.500801 0.382228 -1.051000
v -0.626768 0.063736 -0.895000
v 0.560092 0.288438 -1.051066
v 0.501497 0.381315 -1.051066
v 0.427663 0.462606 -1.051066
v 0.340835 0.529841 -1.051066
v 0.243651 0.580977 -1.051066
v 0.139064 0.614460 -1.051066
v 0.030252 0.629273 -1.051066
v -0.079480 0.624966 -1.051066
v -0.186797 0.601670 -1.051066
v -0.288438 0.560092 -1.051066
v -0.381315 0.501497 -1.051066
v -0.462606 0.427663 -1.051066
v -0.529841 0.340835 -1.051066
v -0.529995 0.340595 -1.051037
v 0.614649 0.138225 -1.051004
v 0.601500 0.187344 -1.051017
v 0.601415 0.187618 -1.051004
v 0.559961 0.288692 -1.051037
v 0.501324 0.381543 -1.051037
v 0.427453 0.462800 -1.051037
v 0.340595 0.529995 -1.051037
v 0.243388 0.581087 -1.051037
v 0.138785 0.614523 -1.051037
v 0.029966 0.629287 -1.051037
v -0.079764 0.624930 -1.051037
v -0.187070 0.601585 -1.051037
v -0.288692 0.559961 -1.051037
v -0.381543 0.501324 -1.051037
v -0.462800 0.427453 -1.051037
v 0.601329 0.187893 -1.051000
v 0.559830 0.288947 -1.051017
v 0.501150 0.381771 -1.051017
v 0.427242 0.462995 -1.051017
v 0.340353 0.530150 -1.051017
v 0.243123 0.581198 -1.051017
v 0.138505 0.614586 -1.051017
v 0.029680 0.629300 -1.051017
v -0.080048 0.624894 -1.051017
v -0.187344 0.601500 -1.051017
v -0.288947 0.559830 -1.051017
v -0.381771 0.501150 -1.051017
v -0.462995 0.427242 -1.051017
v -0.463384 0.426820 -1.051000
v -0.464655 0.425436 -1.051000
v 0.559698 0.289202 -1.051004
v 0.500976 0.381999 -1.051004
v 0.427031 0.463189 -1.051004
v 0.340112 0.530306 -1.051004
v 0.242858 0.581309 -1.051004
v 0.138225 0.614649 -1.051004
v 0.029392 0.629314 -1.051004
v -0.080333 0.624857 -1.051004
v -0.187618 0.601415 -1.051004
v -0.289202 0.559698 -1.051004
v -0.381999 0.500976 -1.051004
v -0.463189 0.427031 -1.051004
v 0.600766 0.189685 -1.051000
v 0.559566 0.289458 -1.051000
v 0.500801 0.382228 -1.051000
v 0.426820 0.463384 -1.051000
v 0.339869 0.530461 -1.051000
v 0.242592 0.581420 -1.051000
v 0.137944 0.614712 -1.051000
v 0.029105 0.629327 -1.051000
v -0.080619 0.624820 -1.051000
v -0.187893 0.601329 -1.051000
v -0.289458 0.559566 -1.051000
v -0.382228 0.500801 -1.051000
v -0.383719 0.499659 -1.051000
v 0.558700 0.291125 -1.051000
v -0.291125 0.558700 -1.051000
v 0.499659 0.383719 -1.051000
v -0.189685 0.600766 -1.051000
v 0.425436 0.464655 -1.051000
v -0.082481 0.624577 -1.051000
v 0.338286 0.531472 -1.051000
v 0.027229 0.629411 -1.051000
v 0.240858 0.582140 -1.051000
v 0.136111 0.615121 -1.051000
v 0.614712 0.137944 -1.051000
v 0.601108 0.188599 -0.895000
v 0.611693 0.150769 -0.995000
v 0.578943 0.248444 -0.895000
v 0.550838 0.305740 -0.895000
v 0.478018 0.410365 -0.895000
v 0.333247 0.534646 -0.895000
v 0.277448 0.565617 -0.895000
v 0.218802 0.590784 -0.895000
v 0.031909 0.629191 -0.895000
v -0.031909 0.629191 -0.895000
v -0.095399 0.622735 -0.895000
v -0.157911 0.609889 -0.895000
v -0.218802 0.590784 -0.895000
v -0.277448 0.565617 -0.895000
v -0.333247 0.534646 -0.895000
v -0.385627 0.498189 -0.895000
v -0.434049 0.456619 -0.895000
v -0.478018 0.410365 -0.895000
v -0.517081 0.359899 -0.895000
v -0.550838 0.305740 -0.895000
v -0.578943 0.248444 -0.895000
v -0.601108 0.188599 -0.895000
v -0.617104 0.126818 -0.895000
v 0.600198 0.191475 -1.051000
v 0.599624 0.193264 -1.051000
v 0.599045 0.195051 -1.051000
v 0.598461 0.196836 -1.051000
v 0.597871 0.198620 -1.051000
v 0.597277 0.200401 -1.051000
v 0.596676 0.202181 -1.051000
v 0.596071 0.203960 -1.051000
v 0.595460 0.205736 -1.051000
v 0.594844 0.207510 -1.051000
v 0.594223 0.209283 -1.051000
v 0.593596 0.211054 -1.051000
v 0.592964 0.212823 -1.051000
v 0.592327 0.214590 -1.051000
v 0.591684 0.216355 -1.051000
v 0.591037 0.218118 -1.051000
v 0.590384 0.219880 -1.051000
v 0.589726 0.221639 -1.051000
v 0.589062 0.223396 -1.051000
v 0.588393 0.225152 -1.051000
v 0.587719 0.226905 -1.051000
v 0.587040 0.228656 -1.051000
v 0.586356 0.230406 -1.051000
v 0.585666 0.232153 -1.051000
v 0.584972 0.233898 -1.051000
v 0.584272 0.235641 -1.051000
v 0.583566 0.237382 -1.051000
v 0.582856 0.239121 -1.051000
v 0.582140 0.240858 -1.051000
v 0.557830 0.292790 -1.051000
v 0.556955 0.294451 -1.051000
v 0.556074 0.296111 -1.051000
v 0.555189 0.297767 -1.051000
v 0.554298 0.299422 -1.051000
v 0.553403 0.301073 -1.051000
v 0.552503 0.302722 -1.051000
v 0.551598 0.304368 -1.051000
v 0.550688 0.306011 -1.051000
v 0.549773 0.307651 -1.051000
v 0.548853 0.309289 -1.051000
v 0.547929 0.310924 -1.051000
v 0.546999 0.312557 -1.051000
v 0.546065 0.314186 -1.051000
v 0.545126 0.315813 -1.051000
v 0.544182 0.317437 -1.051000
v 0.543233 0.319058 -1.051000
v 0.542279 0.320676 -1.051000
v 0.541321 0.322292 -1.051000
v 0.540357 0.323904 -1.051000
v 0.539389 0.325514 -1.051000
v 0.538416 0.327121 -1.051000
v 0.537438 0.328725 -1.051000
v 0.536456 0.330326 -1.051000
v 0.535469 0.331924 -1.051000
v 0.534477 0.333519 -1.051000
v 0.533480 0.335111 -1.051000
v 0.532478 0.336700 -1.051000
v 0.531472 0.338286 -1.051000
v 0.498513 0.385208 -1.051000
v 0.497362 0.386692 -1.051000
v 0.496207 0.388173 -1.051000
v 0.495047 0.389651 -1.051000
v 0.493883 0.391126 -1.051000
v 0.492715 0.392596 -1.051000
v 0.491542 0.394064 -1.051000
v 0.490365 0.395528 -1.051000
v 0.489184 0.396988 -1.051000
v 0.487998 0.398445 -1.051000
v 0.486808 0.399898 -1.051000
v 0.485613 0.401348 -1.051000
v 0.484414 0.402794 -1.051000
v 0.483211 0.404236 -1.051000
v 0.482004 0.405675 -1.051000
v 0.480792 0.407111 -1.051000
v 0.479576 0.408542 -1.051000
v 0.478356 0.409970 -1.051000
v 0.477131 0.411395 -1.051000
v 0.475903 0.412816 -1.051000
v 0.474670 0.414233 -1.051000
v 0.473432 0.415646 -1.051000
v 0.472191 0.417056 -1.051000
v 0.470945 0.418462 -1.051000
v 0.469696 0.419864 -1.051000
v 0.468442 0.421263 -1.051000
v 0.467184 0.422658 -1.051000
v 0.465921 0.424049 -1.051000
v 0.464655 0.425436 -1.051000
v 0.424049 0.465921 -1.051000
v 0.422658 0.467184 -1.051000
v 0.421263 0.468442 -1.051000
v 0.419864 0.469696 -1.051000
v 0.418462 0.470945 -1.051000
v 0.417056 0.472191 -1.051000
v 0.415646 0.473432 -1.051000
v 0.414233 0.474670 -1.051000
v 0.412816 0.475903 -1.051000
v 0.411395 0.477131 -1.051000
v 0.409970 0.478356 -1.051000
v 0.408542 0.479576 -1.051000
v 0.407111 0.480792 -1.051000
v 0.405675 0.482004 -1.051000
v 0.404236 0.483211 -1.051000
v 0.402794 0.484414 -1.051000
v 0.401348 0.485613 -1.051000
v 0.399898 0.486808 -1.051000
v 0.398445 0.487998 -1.051000
v 0.396988 0.489184 -1.051000
v 0.395528 0.490365 -1.051000
v 0.394064 0.491542 -1.051000
v 0.392596 0.492715 -1.051000
v 0.391126 0.493883 -1.051000
v 0.389651 0.495047 -1.051000
v 0.388173 0.496207 -1.051000
v 0.386692 0.497362 -1.051000
v 0.385208 0.498513 -1.051000
v 0.383719 0.499659 -1.051000
v 0.336700 0.532478 -1.051000
v 0.335111 0.533480 -1.051000
v 0.333519 0.534477 -1.051000
v 0.331924 0.535469 -1.051000
v 0.330326 0.536456 -1.051000
v 0.328725 0.537438 -1.051000
v 0.327121 0.538416 -1.051000
v 0.325514 0.539389 -1.051000
v 0.323904 0.540357 -1.051000
v 0.322292 0.541321 -1.051000
v 0.320676 0.542279 -1.051000
v 0.319058 0.543233 -1.051000
v 0.317437 0.544182 -1.051000
v 0.315813 0.545126 -1.051000
v 0.314186 0.546065 -1.051000
v 0.312557 0.546999 -1.051000
v 0.310924 0.547929 -1.051000
v 0.309289 0.548853 -1.051000
v 0.307651 0.549773 -1.051000
v 0.306011 0.550688 -1.051000
v 0.304368 0.551598 -1.051000
v 0.302722 0.552503 -1.051000
v 0.301073 0.553403 -1.051000
v 0.299422 0.554298 -1.051000
v 0.297767 0.555189 -1.051000
v 0.296111 0.556074 -1.051000
v 0.294451 0.556955 -1.051000
v 0.292790 0.557830 -1.051000
v 0.291125 0.558700 -1.051000
v 0.239121 0.582856 -1.051000
v 0.237382 0.583566 -1.051000
v 0.235641 0.584272 -1.051000
v 0.233898 0.584972 -1.051000
v 0.232153 0.585666 -1.051000
v 0.230406 0.586356 -1.051000
v 0.228656 0.587040 -1.051000
v 0.226905 0.587719 -1.051000
v 0.225152 0.588393 -1.051000
v 0.223396 0.589062 -1.051000
v 0.221639 0.589726 -1.051000
v 0.219880 0.590384 -1.051000
v 0.218118 0.591037 -1.051000
v 0.216355 0.591684 -1.051000
v 0.214590 0.592327 -1.051000
v 0.212823 0.592964 -1.051000
v 0.211054 0.593596 -1.051000
v 0.209283 0.594223 -1.051000
v 0.207510 0.594844 -1.051000
v 0.205736 0.595460 -1.051000
v 0.203960 0.596071 -1.051000
v 0.202181 0.596676 -1.051000
v 0.200401 0.597277 -1.051000
v 0.198620 0.597871 -1.051000
v 0.196836 0.598461 -1.051000
v 0.195051 0.599045 -1.051000
v 0.193264 0.599624 -1.051000
v 0.191475 0.600198 -1.051000
v 0.189685 0.600766 -1.051000
v 0.134276 0.615524 -1.051000
v 0.132441 0.615922 -1.051000
v 0.130604 0.616314 -1.051000
v 0.128765 0.616700 -1.051000
v 0.126926 0.617082 -1.051000
v 0.125086 0.617457 -1.051000
v 0.123244 0.617828 -1.051000
v 0.121401 0.618192 -1.051000
v 0.119558 0.618552 -1.051000
v 0.117713 0.618905 -1.051000
v 0.115867 0.619253 -1.051000
v 0.114020 0.619596 -1.051000
v 0.112172 0.619933 -1.051000
v 0.110323 0.620265 -1.051000
v 0.108473 0.620591 -1.051000
v 0.106622 0.620912 -1.051000
v 0.104771 0.621227 -1.051000
v 0.102918 0.621537 -1.051000
v 0.101064 0.621841 -1.051000
v 0.099210 0.622139 -1.051000
v 0.097354 0.622432 -1.051000
v 0.095498 0.622720 -1.051000
v 0.093641 0.623002 -1.051000
v 0.091783 0.623278 -1.051000
v 0.089924 0.623549 -1.051000
v 0.088065 0.623815 -1.051000
v 0.086204 0.624074 -1.051000
v 0.084343 0.624329 -1.051000
v 0.082481 0.624577 -1.051000
v 0.025352 0.629490 -1.051000
v 0.023475 0.629562 -1.051000
v 0.021598 0.629630 -1.051000
v 0.019720 0.629691 -1.051000
v 0.017843 0.629747 -1.051000
v 0.015965 0.629798 -1.051000
v 0.014087 0.629842 -1.051000
v 0.012209 0.629882 -1.051000
v 0.010331 0.629915 -1.051000
v 0.008453 0.629943 -1.051000
v 0.006574 0.629966 -1.051000
v 0.004696 0.629982 -1.051000
v 0.002818 0.629994 -1.051000
v 0.000939 0.629999 -1.051000
v -0.000939 0.629999 -1.051000
v -0.002818 0.629994 -1.051000
v -0.004696 0.629982 -1.051000
v -0.006574 0.629966 -1.051000
v -0.008453 0.629943 -1.051000
v -0.010331 0.629915 -1.051000
v -0.012209 0.629882 -1.051000
v -0.014087 0.629842 -1.051000
v -0.015965 0.629798 -1.051000
v -0.017843 0.629747 -1.051000
v -0.019720 0.629691 -1.051000
v -0.021598 0.629630 -1.051000
v -0.023475 0.629562 -1.051000
v -0.025352 0.629490 -1.051000
v -0.027229 0.629411 -1.051000
v -0.084343 0.624329 -1.051000
v -0.086204 0.624074 -1.051000
v -0.088065 0.623815 -1.051000
v -0.089924 0.623549 -1.051000
v -0.091783 0.623278 -1.051000
v -0.093641 0.623002 -1.051000
v -0.095498 0.622720 -1.051000
v -0.097354 0.622432 -1.051000
v -0.099210 0.622139 -1.051000
v -0.101064 0.621841 -1.051000
v -0.102918 0.621537 -1.051000
v -0.104771 0.621227 -1.051000
v -0.106622 0.620912 -1.051000
v -0.108473 0.620591 -1.051000
v -0.110323 0.620265 -1.051000
v -0.112172 0.619933 -1.051000
v -0.114020 0.619596 -1.051000
v -0.115867 0.619253 -1.051000
v -0.117713 0.618905 -1.051000
v -0.119558 0.618552 -1.051000
v -0.121401 0.618192 -1.051000
v -0.123244 0.617828 -1.051000
v -0.125086 0.617457 -1.051000
v -0.126926 0.617082 -1.051000
v -0.128765 0.616700 -1.051000
v -0.130604 0.616314 -1.051000
v -0.132441 0.615922 -1.051000
v -0.134276 0.615524 -1.051000
v -0.136111 0.615121 -1.051000
v -0.191475 0.600198 -1.051000
v -0.193264 0.599624 -1.051000
v -0.195051 0.599045 -1.051000
v -0.196836 0.598461 -1.051000
v -0.198620 0.597871 -1.051000
v -0.200401 0.597277 -1.051000
v -0.202181 0.596676 -1.051000
v -0.203960 0.596071 -1.051000
v -0.205736 0.595460 -1.051000
v -0.207510 0.594844 -1.051000
v -0.209283 0.594223 -1.051000
v -0.211054 0.593596 -1.051000
v -0.212823 0.592964 -1.051000
v -0.214590 0.592327 -1.051000
v -0.216355 0.591684 -1.051000
v -0.218118 0.591037 -1.051000
v -0.219880 0.590384 -1.051000
v -0.221639 0.589726 -1.051000
v -0.223396 0.589062 -1.051000
v -0.225152 0.588393 -1.051000
v -0.226905 0.587719 -1.051000
v -0.228656 0.587040 -1.051000
v -0.230406 0.586356 -1.051000
v -0.232153 0.585666 -1.051000
v -0.233898 0.584972 -1.051000
v -0.235641 0.584272 -1.051000
v -0.237382 0.583566 -1.051000
v -0.239121 0.582856 -1.051000
v -0.240858 0.582140 -1.051000
v -0.292790 0.557830 -1.051000
v -0.294451 0.556955 -1.051000
v -0.296111 0.556074 -1.051000
v -0.297767 0.555189 -1.051000
v -0.299422 0.554298 -1.051000
v -0.301073 0.553403 -1.051000
v -0.302722 0.552503 -1.051000
v -0.304368 0.551598 -1.051000
v -0.306011 0.550688 -1.051000
v -0.307651 0.549773 -1.051000
v -0.309289 0.548853 -1.051000
v -0.310924 0.547929 -1.051000
v -0.312557 0.546999 -1.051000
v -0.314186 0.546065 -1.051000
v -0.315813 0.545126 -1.051000
v -0.317437 0.544182 -1.051000
v -0.319058 0.543233 -1.051000
v -0.320676 0.542279 -1.051000
v -0.322292 0.541321 -1.051000
v -0.323904 0.540357 -1.051000
v -0.325514 0.539389 -1.051000
v -0.327121 0.538416 -1.051000
v -0.328725 0.537438 -1.051000
v -0.330326 0.536456 -1.051000
v -0.331924 0.535469 -1.051000
v -0.333519 0.534477 -1.051000
v -0.335111 0.533480 -1.051000
v -0.336700 0.532478 -1.051000
v -0.338286 0.531472 -1.051000
v -0.385208 0.498513 -1.051000
v -0.386692 0.497362 -1.051000
v -0.388173 0.496207 -1.051000
v -0.389651 0.495047 -1.051000
v -0.391126 0.493883 -1.051000
v -0.392596 0.492715 -1.051000
v -0.394064 0.491542 -1.051000
v -0.395528 0.490365 -1.051000
v -0.396988 0.489184 -1.051000
v -0.398445 0.487998 -1.051000
v -0.399898 0.486808 -1.051000
v -0.401348 0.485613 -1.051000
v -0.402794 0.484414 -1.051000
v -0.404236 0.483211 -1.051000
v -0.405675 0.482004 -1.051000
v -0.407111 0.480792 -1.051000
v -0.408542 0.479576 -1.051000
v -0.409970 0.478356 -1.051000
v -0.411395 0.477131 -1.051000
v -0.412816 0.475903 -1.051000
v -0.414233 0.474670 -1.051000
v -0.415646 0.473432 -1.051000
v -0.417056 0.472191 -1.051000
v -0.418462 0.470945 -1.051000
v -0.419864 0.469696 -1.051000
v -0.421263 0.468442 -1.051000
v -0.422658 0.467184 -1.051000
v -0.424049 0.465921 -1.051000
v -0.425436 0.464655 -1.051000
v -0.465921 0.424049 -1.051000
v -0.467184 0.422658 -1.051000
v -0.468442 0.421263 -1.051000
v -0.469696 0.419864 -1.051000
v -0.470945 0.418462 -1.051000
v -0.472191 0.417056 -1.051000
v -0.473432 0.415646 -1.051000
v -0.474670 0.414233 -1.051000
v -0.475903 0.412816 -1.051000
v -0.477131 0.411395 -1.051000
v -0.478356 0.409970 -1.051000
v -0.479576 0.408542 -1.051000
v -0.480792 0.407111 -1.051000
v -0.482004 0.405675 -1.051000
v -0.483211 0.404236 -1.051000
v -0.484414 0.402794 -1.051000
v -0.485613 0.401348 -1.051000
v -0.486808 0.399898 -1.051000
v -0.487998 0.398445 -1.051000
v -0.489184 0.396988 -1.051000
v -0.490365 0.395528 -1.051000
v -0.491542 0.394064 -1.051000
v -0.492715 0.392596 -1.051000
v -0.493883 0.391126 -1.051000
v -0.495047 0.389651 -1.051000
v -0.496207 0.388173 -1.051000
v -0.497362 0.386692 -1.051000
v -0.498513 0.385208 -1.051000
v -0.499659 0.383719 -1.051000
v -0.532478 0.336700 -1.051000
v -0.533480 0.335111 -1.051000
v -0.534477 0.333519 -1.051000
v -0.535469 0.331924 -1.051000
v -0.536456 0.330326 -1.051000
v -0.537438 0.328725 -1.051000
v -0.538416 0.327121 -1.051000
v -0.539389 0.325514 -1.051000
v -0.540357 0.323904 -1.051000
v -0.541321 0.322292 -1.051000
v -0.542279 0.320676 -1.051000
v -0.543233 0.319058 -1.051000
v -0.544182 0.317437 -1.051000
v -0.545126 0.315813 -1.051000
v -0.546065 0.314186 -1.051000
v -0.546999 0.312557 -1.051000
v -0.547929 0.310924 -1.051000
v -0.548853 0.309289 -1.051000
v -0.549773 0.307651 -1.051000
v -0.550688 0.306011 -1.051000
v -0.551598 0.304368 -1.051000
v -0.552503 0.302722 -1.051000
v -0.553403 0.301073 -1.051000
v -0.554298 0.299422 -1.051000
v -0.555189 0.297767 -1.051000
v -0.556074 0.296111 -1.051000
v -0.556955 0.294451 -1.051000
v -0.557830 0.292790 -1.051000
v -0.558700 0.291125 -1.051000
v -0.582856 0.239121 -1.051000
v -0.583566 0.237382 -1.051000
v -0.584272 0.235641 -1.051000
v -0.584972 0.233898 -1.051000
v -0.585666 0.232153 -1.051000
v -0.586356 0.230406 -1.051000
v -0.587040 0.228656 -1.051000
v -0.587719 0.226905 -1.051000
v -0.588393 0.225152 -1.051000
v -0.589062 0.223396 -1.051000
v -0.589726 0.221639 -1.051000
v -0.590384 0.219880 -1.051000
v -0.591037 0.218118 -1.051000
v -0.591684 0.216355 -1.051000
v -0.592327 0.214590 -1.051000
v -0.592964 0.212823 -1.051000
v -0.593596 0.211054 -1.051000
v -0.594223 0.209283 -1.051000
v -0.594844 0.207510 -1.051000
v -0.595460 0.205736 -1.051000
v -0.596071 0.203960 -1.051000
v -0.596676 0.202181 -1.051000
v -0.597277 0.200401 -1.051000
v -0.597871 0.198620 -1.051000
v -0.598461 0.196836 -1.051000
v -0.599045 0.195051 -1.051000
v -0.599624 0.193264 -1.051000
v -0.600198 0.191475 -1.051000
v -0.600766 0.189685 -1.051000
v -0.615524 0.134276 -1.051000
v -0.615922 0.132441 -1.051000
v -0.616314 0.130604 -1.051000
v -0.616700 0.128765 -1.051000
v -0.617082 0.126926 -1.051000
v -0.617457 0.125086 -1.051000
v -0.617828 0.123244 -1.051000
v -0.618192 0.121401 -1.051000
v -0.618552 0.119558 -1.051000
v -0.618905 0.117713 -1.051000
v -0.619253 0.115867 -1.051000
v -0.619596 0.114020 -1.051000
v -0.619933 0.112172 -1.051000
v -0.620265 0.110323 -1.051000
v -0.620591 0.108473 -1.051000
v -0.620912 0.106622 -1.051000
v -0.621227 0.104771 -1.051000
v -0.621537 0.102918 -1.051000
v -0.621841 0.101064 -1.051000
v -0.622139 0.099210 -1.051000
v -0.622432 0.097354 -1.051000
v -0.622720 0.095498 -1.051000
v -0.623002 0.093641 -1.051000
v -0.623278 0.091783 -1.051000
v -0.623549 0.089924 -1.051000
v -0.623815 0.088065 -1.051000
v -0.624074 0.086204 -1.051000
v -0.624329 0.084343 -1.051000
v -0.624577 0.082481 -1.051000
f 1 2 3
f 4 5 6
f 7 1 3
f 4 6 8
f 9 7 3
f 4 8 10
f 11 9 3
f 4 10 12
f 13 11 3
f 4 12 14
f 15 13 3
f 4 14 16
f 17 15 3
f 4 16 18
f 19 17 3
f 4 18 20
f 21 19 3
f 4 20 22
f 23 21 3
f 4 22 24
f 25 23 3
f 4 24 26
f 27 25 3
f 4 26 28
f 29 27 3
f 4 28 30
f 31 29 3
f 4 30 32
f 33 31 3
f 4 32 34
f 35 33 3
f 4 34 36
f 37 35 3
f 4 36 38
f 39 37 3
f 4 38 40
f 41 39 3
f 4 40 42
f 43 41 3
f 4 42 44
f 45 43 3
f 4 44 46
f 47 45 3
f 4 46 48
f 49 47 3
f 4 48 50
f 51 49 3
f 4 50 52
f 53 51 3
f 4 52 54
f 55 53 3
f 4 54 56
f 57 55 3
f 4 56 58
f 59 57 3
f 4 58 60
f 61 59 3
f 4 60 62
f 63 61 3
f 4 62 64
f 65 63 3
f 4 64 66
f 67 65 3
f 4 66 68
f 69 67 3
f 4 68 70
f 71 69 3
f 4 70 72
f 73 71 3
f 72 70 74
f 75 73 3
f 72 74 76
f 77 75 3
f 72 76 78
f 79 77 3
f 72 78 80
f 81 79 3
f 72 80 82
f 83 81 3
f 72 82 84
f 85 83 3
f 72 84 86
f 87 85 3
f 72 86 88
f 89 87 3
f 72 88 90
f 91 89 3
f 72 90 92
f 93 91 3
f 72 92 94
f 95 93 3
f 72 94 96
f 97 95 3
f 72 96 98
f 99 97 3
f 72 98 100
f 99 3 101
f 72 100 102
f 99 101 103
f 72 102 104
f 103 101 105
f 72 104 106
f 105 101 107
f 72 106 108
f 107 101 109
f 72 108 110
f 109 101 111
f 112 110 113
f 111 101 114
f 115 113 116
f 114 101 117
f 118 116 119
f 114 117 120
f 121 119 122
f 123 124 120
f 125 122 126
f 124 123 127
f 128 126 129
f 124 127 130
f 131 129 132
f 130 127 133
f 134 132 135
f 130 133 136
f 137 135 138
f 136 133 139
f 72 110 112
f 136 139 140
f 72 141 142
f 140 139 143
f 144 72 145
f 140 143 146
f 147 72 148
f 146 143 149
f 150 72 151
f 149 152 153
f 154 72 155
f 156 152 149
f 157 72 154
f 156 158 152
f 159 72 157
f 160 158 156
f 161 72 162
f 160 163 158
f 164 72 161
f 165 163 160
f 166 72 164
f 167 168 165
f 169 72 166
f 170 171 172
f 169 173 72
f 174 172 175
f 176 173 169
f 177 174 175
f 178 173 176
f 179 177 175
f 180 173 178
f 181 173 180
f 182 173 181
f 183 173 182
f 184 173 183
f 185 173 184
f 186 173 185
f 187 173 186
f 188 173 187
f 189 173 188
f 190 173 189
f 191 173 190
f 192 173 191
f 193 173 192
f 194 173 193
f 195 196 197
f 197 198 199
f 200 201 202
f 202 203 204
f 205 206 207
f 207 208 209
f 210 211 212
f 212 213 214
f 215 216 217
f 217 218 219
f 220 221 222
f 222 223 224
f 225 226 227
f 227 228 229
f 230 231 232
f 232 233 234
f 235 236 237
f 237 238 239
f 240 241 242
f 242 243 244
f 245 246 247
f 247 248 249
f 250 251 252
f 252 253 254
f 255 256 257
f 257 258 259
f 260 261 262
f 262 263 264
f 265 266 267
f 267 268 269
f 270 271 272
f 272 273 274
f 275 276 277
f 277 278 279
f 280 281 282
f 282 283 284
f 195 197 199
f 195 199 285
f 200 202 204
f 200 204 286
f 205 207 209
f 205 209 287
f 210 212 214
f 210 214 288
f 215 217 219
f 215 219 289
f 220 222 224
f 220 224 290
f 225 227 229
f 225 229 291
f 230 232 234
f 230 234 292
f 235 237 239
f 235 239 293
f 240 242 244
f 240 244 294
f 245 247 249
f 245 249 295
f 250 252 254
f 250 254 296
f 255 257 259
f 255 259 297
f 260 262 264
f 260 264 298
f 265 267 269
f 265 269 299
f 270 272 274
f 270 274 300
f 275 277 279
f 275 279 301
f 280 282 284
f 280 284 302
f 195 303 304
f 285 305 195
f 200 306 307
f 286 306 200
f 205 308 309
f 287 308 205
f 210 310 311
f 288 310 210
f 215 312 313
f 289 312 215
f 220 314 315
f 290 314 220
f 225 316 317
f 291 316 225
f 230 318 319
f 292 318 230
f 235 320 321
f 293 320 235
f 240 322 323
f 294 322 240
f 245 324 325
f 295 324 245
f 250 326 327
f 296 326 250
f 255 328 329
f 297 328 255
f 260 330 331
f 298 330 260
f 265 332 333
f 299 332 265
f 270 334 335
f 300 334 270
f 275 336 337
f 301 336 275
f 280 338 339
f 302 338 280
f 304 340 341
f 195 305 342
f 307 343 344
f 306 343 307
f 309 345 346
f 308 345 309
f 311 347 348
f 310 347 311
f 313 349 350
f 312 349 313
f 315 351 352
f 314 351 315
f 317 353 354
f 316 353 317
f 319 355 356
f 318 355 319
f 321 357 358
f 320 357 321
f 323 359 360
f 322 359 323
f 325 361 362
f 324 361 325
f 327 363 364
f 326 363 327
f 329 365 366
f 328 365 329
f 331 367 368
f 330 367 331
f 333 369 370
f 332 369 333
f 335 371 372
f 334 371 335
f 337 373 374
f 336 373 337
f 339 375 376
f 338 375 339
f 341 377 378
f 342 303 195
f 344 379 380
f 343 379 344
f 346 381 382
f 345 381 346
f 348 383 384
f 347 383 348
f 350 385 386
f 349 385 350
f 352 387 388
f 351 387 352
f 354 389 390
f 353 389 354
f 356 391 392
f 355 391 356
f 358 393 394
f 357 393 358
f 360 395 396
f 359 395 360
f 362 397 398
f 361 397 362
f 364 399 400
f 363 399 364
f 366 401 402
f 365 401 366
f 368 403 404
f 367 403 368
f 370 405 406
f 369 405 370
f 372 407 408
f 371 407 372
f 374 409 410
f 373 409 374
f 376 411 412
f 375 411 376
f 378 413 414
f 303 340 304
f 380 415 416
f 379 415 380
f 382 417 418
f 381 417 382
f 384 419 420
f 383 419 384
f 386 421 422
f 385 421 386
f 388 423 424
f 387 423 388
f 390 425 426
f 389 425 390
f 392 427 428
f 391 427 392
f 394 429 430
f 393 429 394
f 396 431 432
f 395 431 396
f 398 433 434
f 397 433 398
f 400 435 436
f 399 435 400
f 402 437 438
f 401 437 402
f 404 439 440
f 403 439 404
f 406 441 442
f 405 441 406
f 408 443 444
f 407 443 408
f 410 445 446
f 409 445 410
f 412 447 448
f 411 447 412
f 414 449 450
f 340 377 341
f 416 451 452
f 415 451 416
f 418 453 454
f 417 453 418
f 420 455 456
f 419 455 420
f 422 457 458
f 421 457 422
f 424 459 460
f 423 459 424
f 426 461 462
f 425 461 426
f 428 463 464
f 427 463 428
f 430 465 466
f 429 465 430
f 432 467 468
f 431 467 432
f 434 469 470
f 433 469 434
f 436 471 472
f 435 471 436
f 438 473 474
f 437 473 438
f 440 475 476
f 439 475 440
f 442 477 478
f 441 477 442
f 444 479 480
f 443 479 444
f 446 481 482
f 445 481 446
f 448 483 484
f 447 483 448
f 450 179 175
f 377 413 378
f 452 485 486
f 451 485 452
f 454 487 488
f 453 487 454
f 456 489 490
f 455 489 456
f 458 491 492
f 457 491 458
f 460 493 494
f 459 493 460
f 462 495 496
f 461 495 462
f 464 497 498
f 463 497 464
f 466 499 500
f 465 499 466
f 468 501 502
f 467 501 468
f 470 503 504
f 469 503 470
f 472 505 506
f 471 505 472
f 474 507 508
f 473 507 474
f 476 509 510
f 475 509 476
f 478 511 512
f 477 511 478
f 480 513 514
f 479 513 480
f 482 515 516
f 481 515 482
f 484 517 518
f 483 517 484
f 519 175 172
f 413 449 414
f 486 520 521
f 485 520 486
f 488 522 523
f 487 522 488
f 490 524 525
f 489 524 490
f 492 526 527
f 491 526 492
f 494 528 529
f 493 528 494
f 496 530 531
f 495 530 496
f 498 532 533
f 497 532 498
f 500 534 535
f 499 534 500
f 502 536 537
f 501 536 502
f 504 538 539
f 503 538 504
f 506 540 541
f 505 540 506
f 508 542 543
f 507 542 508
f 510 544 545
f 509 544 510
f 512 546 547
f 511 546 512
f 514 548 549
f 513 548 514
f 516 550 551
f 515 550 516
f 518 552 553
f 517 552 518
f 554 519 172
f 449 179 450
f 521 555 556
f 520 555 521
f 523 557 558
f 522 557 523
f 525 559 560
f 524 559 525
f 527 561 562
f 526 561 527
f 529 563 564
f 528 563 529
f 531 565 566
f 530 565 531
f 533 567 568
f 532 567 533
f 535 569 570
f 534 569 535
f 537 571 572
f 536 571 537
f 539 573 574
f 538 573 539
f 541 575 576
f 540 575 541
f 543 577 578
f 542 577 543
f 545 579 580
f 544 579 545
f 547 581 582
f 546 581 547
f 549 583 584
f 548 583 549
f 551 585 586
f 550 585 551
f 553 587 588
f 552 587 553
f 555 589 556
f 557 590 558
f 559 591 560
f 561 592 562
f 563 593 564
f 565 594 566
f 567 595 568
f 569 596 570
f 571 597 572
f 573 598 574
f 575 599 576
f 577 600 578
f 579 601 580
f 581 602 582
f 583 603 584
f 585 604 586
f 587 605 588
f 606 171 170
f 171 554 172
f 607 608 589
f 556 589 608
f 609 610 590
f 558 590 610
f 611 612 591
f 560 591 612
f 613 614 592
f 562 592 614
f 615 616 593
f 564 593 616
f 617 618 594
f 566 594 618
f 619 620 595
f 568 595 620
f 621 622 596
f 570 596 622
f 623 624 597
f 572 597 624
f 625 626 598
f 574 598 626
f 627 628 599
f 576 599 628
f 629 630 600
f 578 600 630
f 631 632 601
f 580 601 632
f 633 634 602
f 582 602 634
f 635 636 603
f 584 603 636
f 637 638 604
f 586 604 638
f 639 640 605
f 588 605 640
f 641 606 170
f 642 607 589
f 643 609 590
f 644 611 591
f 645 613 592
f 646 615 593
f 647 617 594
f 648 619 595
f 649 621 596
f 650 623 597
f 651 625 598
f 652 627 599
f 653 629 600
f 654 631 601
f 655 633 602
f 656 635 603
f 657 637 604
f 658 639 605
f 659 641 170
f 660 642 589
f 661 643 590
f 662 644 591
f 663 645 592
f 664 646 593
f 665 647 594
f 666 648 595
f 667 649 596
f 668 650 597
f 669 651 598
f 670 652 599
f 671 653 600
f 672 654 601
f 673 655 602
f 674 656 603
f 675 657 604
f 676 658 605
f 677 659 170
f 678 660 589
f 679 661 590
f 680 662 591
f 681 663 592
f 682 664 593
f 683 665 594
f 684 666 595
f 685 667 596
f 686 668 597
f 687 669 598
f 688 670 599
f 689 671 600
f 690 672 601
f 691 673 602
f 692 674 603
f 693 675 604
f 694 676 605
f 695 677 170
f 696 678 589
f 697 679 590
f 698 680 591
f 699 681 592
f 700 682 593
f 701 683 594
f 702 684 595
f 703 685 596
f 704 686 597
f 705 687 598
f 706 688 599
f 707 689 600
f 708 690 601
f 709 691 602
f 710 692 603
f 711 693 604
f 712 694 605
f 713 695 170
f 714 696 589
f 715 697 590
f 716 698 591
f 717 699 592
f 718 700 593
f 719 701 594
f 720 702 595
f 721 703 596
f 722 704 597
f 723 705 598
f 724 706 599
f 725 707 600
f 726 708 601
f 727 709 602
f 728 710 603
f 729 711 604
f 730 712 605
f 731 713 170
f 732 714 589
f 733 715 590
f 734 716 591
f 735 717 592
f 736 718 593
f 737 719 594
f 738 720 595
f 739 721 596
f 740 722 597
f 741 723 598
f 742 724 599
f 743 725 600
f 744 726 601
f 745 727 602
f 746 728 603
f 747 729 604
f 748 730 605
f 749 731 170
f 750 732 589
f 751 733 590
f 752 734 591
f 753 735 592
f 754 736 593
f 755 737 594
f 756 738 595
f 757 739 596
f 758 740 597
f 759 741 598
f 760 742 599
f 761 743 600
f 762 744 601
f 763 745 602
f 764 746 603
f 765 747 604
f 766 748 605
f 767 749 170
f 768 750 589
f 769 751 590
f 770 752 591
f 771 753 592
f 772 754 593
f 773 755 594
f 774 756 595
f 775 757 596
f 776 758 597
f 777 759 598
f 778 760 599
f 779 761 600
f 780 762 601
f 781 763 602
f 782 764 603
f 783 765 604
f 784 766 605
f 785 767 170
f 768 589 786
f 769 590 787
f 770 591 788
f 771 592 789
f 772 593 790
f 773 594 791
f 774 595 792
f 775 596 793
f 776 597 794
f 777 598 795
f 778 599 796
f 779 600 797
f 780 601 798
f 781 602 799
f 782 603 800
f 783 604 801
f 784 605 802
f 803 785 170
f 768 786 804
f 769 787 805
f 770 788 806
f 771 789 807
f 772 790 808
f 773 791 809
f 774 792 810
f 775 793 811
f 776 794 812
f 777 795 813
f 778 796 814
f 779 797 815
f 780 798 816
f 781 799 817
f 782 800 818
f 783 801 819
f 784 802 820
f 821 803 170
f 804 786 822
f 805 787 823
f 806 788 824
f 807 789 825
f 808 790 826
f 809 791 827
f 810 792 828
f 811 793 829
f 812 794 830
f 813 795 831
f 814 796 832
f 815 797 833
f 816 798 834
f 817 799 835
f 818 800 836
f 819 801 837
f 820 802 838
f 821 170 839
f 804 822 840
f 805 823 841
f 806 824 842
f 807 825 843
f 808 826 844
f 809 827 845
f 810 828 846
f 811 829 847
f 812 830 848
f 813 831 849
f 814 832 850
f 815 833 851
f 816 834 852
f 817 835 853
f 818 836 854
f 819 837 855
f 820 838 856
f 821 839 857
f 840 822 858
f 841 823 859
f 842 824 860
f 843 825 861
f 844 826 862
f 845 827 863
f 846 828 864
f 847 829 865
f 848 830 866
f 849 831 867
f 850 832 868
f 851 833 869
f 852 834 870
f 853 835 871
f 854 836 872
f 855 837 873
f 856 838 874
f 857 839 875
f 840 858 876
f 841 859 877
f 842 860 878
f 843 861 879
f 844 862 880
f 845 863 881
f 846 864 882
f 847 865 883
f 848 866 884
f 849 867 885
f 850 868 886
f 851 869 887
f 852 870 888
f 853 871 889
f 854 872 890
f 855 873 891
f 856 874 892
f 857 875 893
f 876 858 894
f 877 859 895
f 878 860 896
f 879 861 897
f 880 862 898
f 881 863 899
f 882 864 900
f 883 865 901
f 884 866 902
f 885 867 903
f 886 868 904
f 887 869 905
f 888 870 906
f 889 871 907
f 890 872 908
f 891 873 909
f 892 874 910
f 893 875 911
f 876 894 912
f 877 895 913
f 878 896 914
f 879 897 915
f 880 898 916
f 881 899 917
f 882 900 918
f 883 901 919
f 884 902 920
f 885 903 921
f 886 904 922
f 887 905 923
f 888 906 924
f 889 907 925
f 890 908 926
f 891 909 927
f 892 910 928
f 893 911 929
f 912 894 930
f 913 895 931
f 914 896 932
f 915 897 933
f 916 898 934
f 917 899 935
f 918 900 936
f 919 901 937
f 920 902 938
f 921 903 939
f 922 904 940
f 923 905 941
f 924 906 942
f 925 907 943
f 926 908 944
f 927 909 945
f 928 910 946
f 893 929 947
f 912 930 948
f 913 931 949
f 914 932 950
f 915 933 951
f 916 934 952
f 917 935 953
f 918 936 954
f 919 937 955
f 920 938 956
f 921 939 957
f 922 940 958
f 923 941 959
f 924 942 960
f 925 943 961
f 926 944 962
f 927 945 963
f 928 946 964
f 947 929 965
f 948 930 966
f 949 931 967
f 950 932 968
f 951 933 969
f 952 934 970
f 953 935 971
f 954 936 972
f 955 937 973
f 956 938 974
f 957 939 975
f 958 940 976
f 959 941 977
f 960 942 978
f 961 943 979
f 962 944 980
f 963 945 981
f 964 946 982
f 947 965 983
f 948 966 984
f 949 967 985
f 950 968 986
f 951 969 987
f 952 970 988
f 953 971 989
f 954 972 990
f 955 973 991
f 956 974 992
f 957 975 993
f 958 976 994
f 959 977 995
f 960 978 996
f 961 979 997
f 962 980 998
f 963 981 999
f 964 982 1000
f 983 965 1001
f 948 984 1002
f 949 985 1003
f 950 986 1004
f 951 987 1005
f 952 988 1006
f 953 989 1007
f 954 990 1008
f 955 991 1009
f 956 992 1010
f 957 993 1011
f 958 994 1012
f 959 995 1013
f 960 996 1014
f 961 997 1015
f 962 998 1016
f 963 999 1017
f 964 1000 1018
f 983 1001 1019
f 1002 984 1020
f 1003 985 1021
f 1004 986 1022
f 1005 987 1023
f 1006 988 1024
f 1007 989 1025
f 1008 990 1026
f 1009 991 1027
f 1010 992 1028
f 1011 993 1029
f 1012 994 1030
f 1013 995 1031
f 1014 996 1032
f 1015 997 1033
f 1016 998 1034
f 1017 999 1035
f 1018 1000 1036
f 1019 1001 1037
f 1002 1020 138
f 1003 1021 1038
f 1004 1022 1039
f 1005 1023 1040
f 1006 1024 1041
f 1007 1025 1042
f 1008 1026 1043
f 1009 1027 1044
f 1010 1028 1045
f 1011 1029 1046
f 1012 1030 1047
f 1013 1031 1048
f 1014 1032 1049
f 1015 1033 1050
f 1016 1034 1051
f 1017 1035 1052
f 1018 1036 1053
f 1019 1037 167
f 138 1020 1054
f 1038 1021 1055
f 1039 1022 1056
f 1040 1023 1057
f 1041 1024 1058
f 1042 1025 1059
f 1043 1026 1060
f 1044 1027 1061
f 1045 1028 1062
f 1046 1029 1063
f 1047 1030 1064
f 1048 1031 1065
f 1049 1032 1066
f 1050 1033 1067
f 1051 1034 1068
f 1052 1035 1069
f 1053 1036 1070
f 167 1037 168
f 138 1054 1071
f 1038 1055 1072
f 1039 1056 1073
f 1040 1057 1074
f 1041 1058 1075
f 1042 1059 1076
f 1043 1060 1077
f 1044 1061 1078
f 1045 1062 1079
f 1046 1063 1080
f 1047 1064 1081
f 1048 1065 1082
f 1049 1066 1083
f 1050 1067 1084
f 1051 1068 1085
f 1052 1069 1086
f 1053 1070 1087
f 165 168 163
f 138 1071 1088
f 1072 1055 1089
f 1073 1056 1090
f 1074 1057 1091
f 1075 1058 1092
f 1076 1059 1093
f 1077 1060 1094
f 1078 1061 1095
f 1079 1062 1096
f 1080 1063 1097
f 1081 1064 1098
f 1082 1065 1099
f 1083 1066 1100
f 1084 1067 1101
f 1085 1068 1102
f 1086 1069 1103
f 1087 1070 1104
f 146 149 153
f 138 1088 1105
f 1072 1089 1106
f 1073 1090 1107
f 1074 1091 1108
f 1075 1092 1109
f 1076 1093 1110
f 1077 1094 1111
f 1078 1095 1112
f 1079 1096 1113
f 1080 1097 1114
f 1081 1098 1115
f 1082 1099 1116
f 1083 1100 1117
f 1084 1101 1118
f 1085 1102 1119
f 1086 1103 1120
f 1087 1104 1121
f 123 120 117
f 138 1105 1122
f 1106 1089 1123
f 1107 1090 1124
f 1108 1091 1125
f 1109 1092 1126
f 1110 1093 1127
f 1111 1094 1128
f 1112 1095 1129
f 1113 1096 1130
f 1114 1097 1131
f 1115 1098 1132
f 1116 1099 1133
f 1117 1100 1134
f 1118 1101 1135
f 1119 1102 1136
f 1120 1103 1137
f 1121 1104 1138
f 1139 101 3
f 138 1122 1140
f 1106 1123 1141
f 1107 1124 1142
f 1108 1125 1143
f 1109 1126 1144
f 1110 1127 1145
f 1111 1128 1146
f 1112 1129 1147
f 1113 1130 1148
f 1114 1131 1149
f 1115 1132 1150
f 1116 1133 1151
f 1117 1134 1152
f 1118 1135 1153
f 1119 1136 1154
f 1120 1137 1155
f 1121 1138 1156
f 1157 1139 3
f 138 1140 1158
f 1141 1123 1159
f 1142 1124 1160
f 1143 1125 1161
f 1144 1126 1162
f 1145 1127 1163
f 1146 1128 1164
f 1147 1129 1165
f 1148 1130 1166
f 1149 1131 1167
f 1150 1132 1168
f 1151 1133 1169
f 1152 1134 1170
f 1153 1135 1171
f 1154 1136 1172
f 1155 1137 1173
f 1156 1138 1174
f 1175 1157 3
f 138 1158 1176
f 1141 1159 1177
f 1142 1160 1178
f 1143 1161 1179
f 1144 1162 1180
f 1145 1163 1181
f 1146 1164 1182
f 1147 1165 1183
f 1148 1166 1184
f 1149 1167 1185
f 1150 1168 1186
f 1151 1169 1187
f 1152 1170 1188
f 1153 1171 1189
f 1154 1172 1190
f 1155 1173 1191
f 1156 1174 1192
f 1193 1175 3
f 138 1176 1194
f 1177 1159 1195
f 1178 1160 1196
f 1179 1161 1197
f 1180 1162 1198
f 1181 1163 1199
f 1182 1164 1200
f 1183 1165 1201
f 1184 1166 1202
f 1185 1167 1203
f 1186 1168 1204
f 1187 1169 1205
f 1188 1170 1206
f 1189 1171 1207
f 1190 1172 1208
f 1191 1173 1209
f 1192 1174 1210
f 1211 1193 3
f 138 1194 1212
f 1177 1195 1213
f 1178 1196 1214
f 1179 1197 1215
f 1180 1198 1216
f 1181 1199 1217
f 1182 1200 1218
f 1183 1201 1219
f 1184 1202 1220
f 1185 1203 1221
f 1186 1204 1222
f 1187 1205 1223
f 1188 1206 1224
f 1189 1207 1225
f 1190 1208 1226
f 1191 1209 1227
f 1192 1210 1228
f 1229 1211 3
f 138 1212 1230
f 1213 1195 1231
f 1214 1196 1232
f 1215 1197 1233
f 1216 1198 1234
f 1217 1199 1235
f 1218 1200 1236
f 1219 1201 1237
f 1220 1202 1238
f 1221 1203 1239
f 1222 1204 1240
f 1223 1205 1241
f 1224 1206 1242
f 1225 1207 1243
f 1226 1208 1244
f 1227 1209 1245
f 1228 1210 1246
f 1247 1229 3
f 138 1230 1248
f 1213 1231 1249
f 1214 1232 1250
f 1215 1233 1251
f 1216 1234 1252
f 1217 1235 1253
f 1218 1236 1254
f 1219 1237 1255
f 1220 1238 1256
f 1221 1239 1257
f 1222 1240 1258
f 1223 1241 1259
f 1224 1242 1260
f 1225 1243 1261
f 1226 1244 1262
f 1227 1245 1263
f 1228 1246 1264
f 1265 1247 3
f 138 1248 137
f 1249 1231 1266
f 1250 1232 1267
f 1251 1233 1268
f 1252 1234 1269
f 1253 1235 1270
f 1254 1236 1271
f 1255 1237 1272
f 1256 1238 1273
f 1257 1239 1274
f 1258 1240 1275
f 1259 1241 1276
f 1260 1242 1277
f 1261 1243 1278
f 1262 1244 1279
f 1263 1245 1280
f 1264 1246 1281
f 1282 1265 3
f 137 134 135
f 1249 1266 1283
f 1250 1267 1284
f 1251 1268 1285
f 1252 1269 1286
f 1253 1270 1287
f 1254 1271 1288
f 1255 1272 1289
f 1256 1273 1290
f 1257 1274 1291
f 1258 1275 1292
f 1259 1276 1293
f 1260 1277 1294
f 1261 1278 1295
f 1262 1279 1296
f 1263 1280 1297
f 1264 1281 1298
f 1299 1282 3
f 134 131 132
f 1249 1283 1300
f 1250 1284 1301
f 1251 1285 1302
f 1252 1286 1303
f 1253 1287 1304
f 1254 1288 1305
f 1255 1289 1306
f 1256 1290 1307
f 1257 1291 1308
f 1258 1292 1309
f 1259 1293 1310
f 1260 1294 1311
f 1261 1295 1312
f 1262 1296 1313
f 1263 1297 1314
f 1264 1298 1315
f 1316 1299 3
f 131 128 129
f 1300 1283 1317
f 1301 1284 1318
f 1302 1285 1319
f 1303 1286 1320
f 1304 1287 1321
f 1305 1288 1322
f 1306 1289 1323
f 1307 1290 1324
f 1308 1291 1325
f 1309 1292 1326
f 1310 1293 1327
f 1311 1294 1328
f 1312 1295 1329
f 1313 1296 1330
f 1314 1297 1331
f 1315 1298 1332
f 1333 1316 3
f 128 125 126
f 1300 1317 1334
f 1301 1318 1335
f 1302 1319 1336
f 1303 1320 1337
f 1304 1321 1338
f 1305 1322 1339
f 1306 1323 1340
f 1307 1324 1341
f 1308 1325 1342
f 1309 1326 1343
f 1310 1327 1344
f 1311 1328 1345
f 1312 1329 1346
f 1313 1330 1347
f 1314 1331 1348
f 1315 1332 1349
f 1350 1333 3
f 125 121 122
f 1334 1317 1351
f 1335 1318 1352
f 1336 1319 1353
f 1337 1320 1354
f 1338 1321 1355
f 1339 1322 1356
f 1340 1323 1357
f 1341 1324 1358
f 1342 1325 1359
f 1343 1326 1360
f 1344 1327 1361
f 1345 1328 1362
f 1346 1329 1363
f 1347 1330 1364
f 1348 1331 1365
f 1349 1332 1366
f 1367 1350 3
f 121 118 119
f 1334 1351 1368
f 1335 1352 1369
f 1336 1353 1370
f 1337 1354 1371
f 1338 1355 1372
f 1339 1356 1373
f 1340 1357 1374
f 1341 1358 1375
f 1342 1359 1376
f 1343 1360 1377
f 1344 1361 1378
f 1345 1362 1379
f 1346 1363 1380
f 1347 1364 1381
f 1348 1365 1382
f 1349 1366 1383
f 1384 1367 3
f 118 115 116
f 1368 1351 1385
f 1369 1352 1386
f 1370 1353 1387
f 1371 1354 1388
f 1372 1355 1389
f 1373 1356 1390
f 1374 1357 1391
f 1375 1358 1392
f 1376 1359 1393
f 1377 1360 1394
f 1378 1361 1395
f 1379 1362 1396
f 1380 1363 1397
f 1381 1364 1398
f 1382 1365 1399
f 1383 1366 1400
f 1401 1384 3
f 115 112 113
f 1368 1385 1402
f 1369 1386 1403
f 1370 1387 1404
f 1371 1388 1405
f 1372 1389 1406
f 1373 1390 1407
f 1374 1391 1408
f 1375 1392 1409
f 1376 1393 1410
f 1377 1394 1411
f 1378 1395 1412
f 1379 1396 1413
f 1380 1397 1414
f 1381 1398 1415
f 1382 1399 1416
f 1383 1400 1417
f 1418 1401 3
f 72 112 1419
f 1402 1385 1420
f 1403 1386 1421
f 1404 1387 1422
f 1405 1388 1423
f 1406 1389 1424
f 1407 1390 1425
f 1408 1391 1426
f 1409 1392 1427
f 1410 1393 1428
f 1411 1394 1429
f 1412 1395 1430
f 1413 1396 1431
f 1414 1397 1432
f 1415 1398 1433
f 1416 1399 1434
f 1417 1400 1435
f 3 1436 1437
f 1419 1438 72
f 1402 1420 1439
f 1403 1421 1440
f 1404 1422 1441
f 1405 1423 1442
f 1406 1424 1443
f 1407 1425 1444
f 1408 1426 1445
f 1409 1427 1446
f 1410 1428 1447
f 1411 1429 1448
f 1412 1430 1449
f 1413 1431 1450
f 1414 1432 1451
f 1415 1433 1452
f 1416 1434 1453
f 1417 1435 1454
f 1455 1436 3
f 72 1438 1456
f 1439 1420 1457
f 1440 1421 1458
f 1441 1422 1459
f 1442 1423 1460
f 1443 1424 1461
f 1444 1425 1462
f 1445 1426 1463
f 1446 1427 1464
f 1447 1428 1465
f 1448 1429 1466
f 1449 1430 1467
f 1450 1431 1468
f 1451 1432 1469
f 1452 1433 1470
f 1453 1434 1471
f 1454 1435 1472
f 1473 1455 3
f 1456 1474 72
f 1439 1457 1475
f 1440 1458 1476
f 1441 1459 1477
f 1442 1460 1478
f 1443 1461 1479
f 1444 1462 1480
f 1445 1463 1481
f 1446 1464 1482
f 1447 1465 1483
f 1448 1466 1484
f 1449 1467 1485
f 1450 1468 1486
f 1451 1469 1487
f 1452 1470 1488
f 1453 1471 1489
f 1454 1472 1490
f 1491 1473 3
f 72 1474 1492
f 1475 1457 1493
f 1476 1458 1494
f 1477 1459 1495
f 1478 1460 1496
f 1479 1461 1497
f 1480 1462 1498
f 1481 1463 1499
f 1482 1464 1500
f 1483 1465 1501
f 1484 1466 1502
f 1485 1467 1503
f 1486 1468 1504
f 1487 1469 1505
f 1488 1470 1506
f 1489 1471 1507
f 1490 1472 1508
f 1509 1491 3
f 1492 1510 72
f 1475 1493 1511
f 1476 1494 1512
f 1477 1495 1513
f 1478 1496 1514
f 1479 1497 1515
f 1480 1498 1516
f 1481 1499 1517
f 1482 1500 1518
f 1483 1501 1519
f 1484 1502 1520
f 1485 1503 1521
f 1486 1504 1522
f 1487 1505 1523
f 1488 1506 1524
f 1489 1507 1525
f 1490 1508 1526
f 1527 1509 3
f 72 1510 1528
f 1511 1493 1529
f 1512 1494 1530
f 1513 1495 1531
f 1514 1496 1532
f 1515 1497 1533
f 1516 1498 1534
f 1517 1499 1535
f 1518 1500 1536
f 1519 1501 1537
f 1520 1502 1538
f 1521 1503 1539
f 1522 1504 1540
f 1523 1505 1541
f 1524 1506 1542
f 1525 1507 1543
f 1526 1508 1544
f 1545 1527 3
f 1528 141 72
f 1511 1529 1546
f 1512 1530 1547
f 1513 1531 1548
f 1514 1532 1549
f 1515 1533 1550
f 1516 1534 1551
f 1517 1535 1552
f 1518 1536 1553
f 1519 1537 1554
f 1520 1538 1555
f 1521 1539 1556
f 1522 1540 1557
f 1523 1541 1558
f 1524 1542 1559
f 1525 1543 1560
f 1526 1544 1561
f 1562 1545 3
f 145 72 142
f 1546 1529 1563
f 1547 1530 1564
f 1548 1531 1565
f 1549 1532 1566
f 1550 1533 1567
f 1551 1534 1568
f 1552 1535 1569
f 1553 1536 1570
f 1554 1537 1571
f 1555 1538 1572
f 1556 1539 1573
f 1557 1540 1574
f 1558 1541 1575
f 1559 1542 1576
f 1560 1543 1577
f 1561 1544 1578
f 1562 3 1579
f 148 72 144
f 1546 1563 1580
f 1547 1564 1581
f 1548 1565 1582
f 1549 1566 1583
f 1550 1567 1584
f 1551 1568 1585
f 1552 1569 1586
f 1553 1570 1587
f 1554 1571 1588
f 1555 1572 1589
f 1556 1573 1590
f 1557 1574 1591
f 1558 1575 1592
f 1559 1576 1593
f 1560 1577 1594
f 1561 1578 1595
f 1562 1579 1596
f 151 72 147
f 1580 1563 1597
f 1581 1564 1598
f 1582 1565 1599
f 1583 1566 1600
f 1584 1567 1601
f 1585 1568 1602
f 1586 1569 1603
f 1587 1570 1604
f 1588 1571 1605
f 1589 1572 1606
f 1590 1573 1607
f 1591 1574 1608
f 1592 1575 1609
f 1593 1576 1610
f 1594 1577 1611
f 1595 1578 1612
f 1596 1579 1613
f 155 72 150
f 1580 1597 1614
f 1581 1598 1615
f 1582 1599 1616
f 1583 1600 1617
f 1584 1601 1618
f 1585 1602 1619
f 1586 1603 1620
f 1587 1604 1621
f 1588 1605 1622
f 1589 1606 1623
f 1590 1607 1624
f 1591 1608 1625
f 1592 1609 1626
f 1593 1610 1627
f 1594 1611 1628
f 1595 1612 1629
f 1613 1579 1630
f 162 72 159
f 1614 1597 1631
f 1615 1598 1632
f 1616 1599 1633
f 1617 1600 1634
f 1618 1601 1635
f 1619 1602 1636
f 1620 1603 1637
f 1621 1604 1638
f 1622 1605 1639
f 1623 1606 1640
f 1624 1607 1641
f 1625 1608 1642
f 1626 1609 1643
f 1627 1610 1644
f 1628 1611 1645
f 1629 1612 1646
f 1630 1579 1647
f 1648 173 194
f 1614 1631 1649
f 1615 1632 1650
f 1616 1633 1651
f 1617 1634 1652
f 1618 1635 1653
f 1619 1636 1654
f 1620 1637 1655
f 1621 1638 1656
f 1622 1639 1657
f 1623 1640 1658
f 1624 1641 1659
f 1625 1642 1660
f 1626 1643 1661
f 1627 1644 1662
f 1628 1645 1663
f 1629 1646 1664
f 1647 1579 1665
f 1666 173 1648
f 1614 1649 1667
f 1615 1650 1668
f 1616 1651 1669
f 1617 1652 1670
f 1618 1653 1671
f 1619 1654 1672
f 1620 1655 1673
f 1621 1656 1674
f 1622 1657 1675
f 1623 1658 1676
f 1624 1659 1677
f 1625 1660 1678
f 1626 1661 1679
f 1627 1662 1680
f 1628 1663 1681
f 1629 1664 1682
f 1665 1579 1683
f 1684 173 1666
f 1667 1649 1685
f 1668 1650 1686
f 1669 1651 1687
f 1670 1652 1688
f 1671 1653 1689
f 1672 1654 1690
f 1673 1655 1691
f 1674 1656 1692
f 1675 1657 1693
f 1676 1658 1694
f 1677 1659 1695
f 1678 1660 1696
f 1679 1661 1697
f 1680 1662 1698
f 1681 1663 1699
f 1682 1664 1700
f 1665 1683 1701
f 1702 173 1684
f 1667 1685 1703
f 1668 1686 1704
f 1669 1687 1705
f 1670 1688 1706
f 1671 1689 1707
f 1672 1690 1708
f 1673 1691 1709
f 1674 1692 1710
f 1675 1693 1711
f 1676 1694 1712
f 1677 1695 1713
f 1678 1696 1714
f 1679 1697 1715
f 1680 1698 1716
f 1681 1699 1717
f 1682 1700 1718
f 1701 1683 1719
f 1720 173 1702
f 1703 1685 1721
f 1704 1686 1722
f 1705 1687 1723
f 1706 1688 1724
f 1707 1689 1725
f 1708 1690 1726
f 1709 1691 1727
f 1710 1692 1728
f 1711 1693 1729
f 1712 1694 1730
f 1713 1695 1731
f 1714 1696 1732
f 1715 1697 1733
f 1716 1698 1734
f 1717 1699 1735
f 1718 1700 1736
f 1579 3 1737
f 1738 1739 1740
f 1703 1721 1741
f 1704 1722 1742
f 1705 1723 1743
f 1706 1724 1744
f 1707 1725 1745
f 1708 1726 1746
f 1709 1727 1747
f 1710 1728 1748
f 1711 1729 1749
f 1712 1730 1750
f 1713 1731 1751
f 1714 1732 1752
f 1715 1733 1753
f 1716 1734 1754
f 1717 1735 1755
f 1718 1736 1756
f 1737 3 1757
f 1758 1739 1759
f 1741 1721 1760
f 1742 1722 1761
f 1743 1723 1762
f 1744 1724 1763
f 1745 1725 1764
f 1746 1726 1765
f 1747 1727 1766
f 1748 1728 1767
f 1749 1729 1768
f 1750 1730 1769
f 1751 1731 1770
f 1752 1732 1771
f 1753 1733 1772
f 1754 1734 1773
f 1755 1735 1774
f 1756 1736 1775
f 1757 3 1776
f 1741 1760 1777
f 1742 1761 1778
f 1743 1762 1779
f 1744 1763 1780
f 1745 1764 1781
f 1746 1765 1782
f 1747 1766 1783
f 1748 1767 1784
f 1749 1768 1785
f 1750 1769 1786
f 1751 1770 1787
f 1752 1771 1788
f 1753 1772 1789
f 1754 1773 1790
f 1755 1774 1791
f 1756 1775 1792
f 1776 3 1793
f 1777 1760 1794
f 1778 1761 1795
f 1779 1762 1796
f 1780 1763 1797
f 1781 1764 1798
f 1782 1765 1799
f 1783 1766 1800
f 1784 1767 1801
f 1785 1768 1802
f 1786 1769 1803
f 1787 1770 1804
f 1788 1771 1805
f 1789 1772 1806
f 1790 1773 1807
f 1791 1774 1808
f 1792 1775 1809
f 1793 3 1810
f 1777 1794 1811
f 1778 1795 1812
f 1779 1796 1813
f 1780 1797 1814
f 1781 1798 1815
f 1782 1799 1816
f 1783 1800 1817
f 1784 1801 1818
f 1785 1802 1819
f 1786 1803 1820
f 1787 1804 1821
f 1788 1805 1822
f 1789 1806 1823
f 1790 1807 1824
f 1791 1808 1825
f 1792 1809 1719
f 1701 1719 1809
f 1811 1794 1826
f 1812 1795 1827
f 1813 1796 1828
f 1814 1797 1829
f 1815 1798 1830
f 1816 1799 1831
f 1817 1800 1832
f 1818 1801 1833
f 1819 1802 1834
f 1820 1803 1835
f 1821 1804 1836
f 1822 1805 1837
f 1823 1806 1838
f 1824 1807 1839
f 1825 1808 1840
f 1810 3 1841
f 1811 1826 1842
f 1812 1827 1843
f 1813 1828 1844
f 1814 1829 1845
f 1815 1830 1846
f 1816 1831 1847
f 1817 1832 1848
f 1818 1833 1849
f 1819 1834 1850
f 1820 1835 1851
f 1821 1836 1852
f 1822 1837 1853
f 1823 1838 1854
f 1824 1839 1855
f 1825 1840 1856
f 1857 1841 3
f 1842 1826 1858
f 1843 1827 1859
f 1844 1828 1860
f 1845 1829 1861
f 1846 1830 1862
f 1847 1831 1863
f 1848 1832 1864
f 1849 1833 1865
f 1850 1834 1866
f 1851 1835 1867
f 1852 1836 1868
f 1853 1837 1869
f 1854 1838 1870
f 1855 1839 1871
f 1856 1840 1872
f 3 1873 1874
f 1842 1858 1875
f 1843 1859 1876
f 1844 1860 1877
f 1845 1861 1878
f 1846 1862 1879
f 1847 1863 1880
f 1848 1864 1881
f 1849 1865 1882
f 1850 1866 1883
f 1851 1867 1884
f 1852 1868 1885
f 1853 1869 1886
f 1854 1870 1887
f 1855 1871 1888
f 1856 1872 1889
f 1890 1873 3
f 1875 1858 1891
f 1876 1859 1892
f 1877 1860 1893
f 1878 1861 1894
f 1879 1862 1895
f 1880 1863 1896
f 1881 1864 1897
f 1882 1865 1898
f 1883 1866 1899
f 1884 1867 1900
f 1885 1868 1901
f 1886 1869 1902
f 1887 1870 1903
f 1888 1871 1904
f 1889 1872 1905
f 1906 1890 3
f 1875 1891 1907
f 1876 1892 1908
f 1877 1893 1909
f 1878 1894 1910
f 1879 1895 1911
f 1880 1896 1912
f 1881 1897 1913
f 1882 1898 1914
f 1883 1899 1915
f 1884 1900 1916
f 1885 1901 1917
f 1886 1902 1918
f 1887 1903 1919
f 1888 1904 1920
f 1889 1905 1921
f 1922 1906 3
f 1907 1891 1923
f 1908 1892 1924
f 1909 1893 1925
f 1910 1894 1926
f 1911 1895 1927
f 1912 1896 1928
f 1913 1897 1929
f 1914 1898 1930
f 1915 1899 1931
f 1916 1900 1932
f 1917 1901 1933
f 1918 1902 1934
f 1919 1903 1935
f 1920 1904 1936
f 1921 1905 1937
f 1922 3 1938
f 1907 1923 1939
f 1908 1924 1940
f 1909 1925 1941
f 1910 1926 1942
f 1911 1927 1943
f 1912 1928 1944
f 1913 1929 1945
f 1914 1930 1946
f 1915 1931 1947
f 1916 1932 1948
f 1917 1933 1949
f 1918 1934 1950
f 1919 1935 1951
f 1920 1936 1952
f 1921 1937 1953
f 1922 1938 1954
f 1939 1923 1955
f 1940 1924 1956
f 1941 1925 1957
f 1942 1926 1958
f 1943 1927 1959
f 1944 1928 1960
f 1945 1929 1961
f 1946 1930 1962
f 1947 1931 1963
f 1948 1932 1964
f 1949 1933 1965
f 1950 1934 1966
f 1951 1935 1967
f 1952 1936 1968
f 1953 1937 1969
f 1954 1938 1970
f 1939 1955 1971
f 1970 1938 1972
f 1971 1955 1973
f 1974 1956 1975
f 1940 1956 1974
f 1976 1957 1977
f 1941 1957 1976
f 1978 1958 1979
f 1942 1958 1978
f 1980 1959 1981
f 1943 1959 1980
f 1982 1960 1983
f 1944 1960 1982
f 1984 1961 1985
f 1945 1961 1984
f 1986 1962 1987
f 1946 1962 1986
f 1988 1963 1989
f 1947 1963 1988
f 1990 1964 1991
f 1948 1964 1990
f 1992 1965 1993
f 1949 1965 1992
f 1994 1966 1995
f 1950 1966 1994
f 1996 1967 1997
f 1951 1967 1996
f 1998 1968 1999
f 1952 1968 1998
f 2000 1969 2001
f 1953 1969 2000
f 1938 3 2002
f 1971 1973 2003
f 1974 1975 2004
f 1976 1977 2005
f 1978 1979 2006
f 1980 1981 2007
f 1982 1983 2008
f 1984 1985 2009
f 1986 1987 2010
f 1988 1989 2011
f 1990 1991 2012
f 1992 1993 2013
f 1994 1995 2014
f 1996 1997 2015
f 1998 1999 2016
f 2000 2001 1938
f 2002 3 2017
f 2003 1973 2018
f 2004 1975 2019
f 2005 1977 2020
f 2006 1979 2021
f 2007 1981 2022
f 2008 1983 2023
f 2009 1985 2024
f 2010 1987 2025
f 2011 1989 2026
f 2012 1991 2027
f 2013 1993 2028
f 2014 1995 2029
f 2015 1997 2030
f 2016 1999 2031
f 1938 2001 2032
f 1972 1938 2032
f 2003 2018 2033
f 2004 2019 2034
f 2005 2020 2035
f 2006 2021 2036
f 2007 2022 2037
f 2008 2023 2038
f 2009 2024 2039
f 2010 2025 2040
f 2011 2026 2041
f 2012 2027 2042
f 2013 2028 2043
f 2014 2029 2044
f 2015 2030 2045
f 2016 2031 2046
f 2017 3 2047
f 2033 2018 2048
f 2034 2019 2049
f 2035 2020 2050
f 2036 2021 2051
f 2037 2022 2052
f 2038 2023 2053
f 2039 2024 2054
f 2040 2025 2055
f 2041 2026 2056
f 2042 2027 2057
f 2043 2028 2058
f 2044 2029 2059
f 2045 2030 2060
f 2046 2031 2061
f 3 2062 2063
f 2033 2048 2064
f 2034 2049 2065
f 2035 2050 2066
f 2036 2051 2067
f 2037 2052 2068
f 2038 2053 2069
f 2039 2054 2070
f 2040 2055 2071
f 2041 2056 2072
f 2042 2057 2073
f 2043 2058 2074
f 2044 2059 2075
f 2045 2060 2076
f 2046 2061 2077
f 2078 2062 3
f 2079 2064 2080
f 2065 2049 2081
f 2066 2050 2082
f 2067 2051 2083
f 2068 2052 2084
f 2069 2053 2085
f 2070 2054 2086
f 2071 2055 2087
f 2072 2056 2088
f 2073 2057 2089
f 2074 2058 2090
f 2075 2059 2091
f 2076 2060 2092
f 2077 2061 2093
f 2094 2078 3
f 2080 1739 2079
f 2065 2081 2095
f 2066 2082 2096
f 2067 2083 2097
f 2068 2084 2098
f 2069 2085 2099
f 2070 2086 2100
f 2071 2087 2101
f 2072 2088 2102
f 2073 2089 2103
f 2074 2090 2104
f 2075 2091 2105
f 2076 2092 2106
f 2077 2093 2107
f 2094 3 2107
f 2108 1739 3
f 2095 2081 2109
f 2096 2082 2110
f 2097 2083 2111
f 2098 2084 2112
f 2099 2085 2113
f 2100 2086 2114
f 2101 2087 2115
f 2102 2088 2116
f 2103 2089 2117
f 2104 2090 2118
f 2105 2091 2119
f 2106 2092 2120
f 2107 2093 2121
f 2094 2107 2122
f 2123 2124 2125
f 2095 2109 2126
f 2096 2110 2127
f 2097 2111 2128
f 2098 2112 2129
f 2099 2113 2130
f 2100 2114 2131
f 2101 2115 2132
f 2102 2116 2133
f 2103 2117 2134
f 2104 2118 2135
f 2105 2119 2136
f 2106 2120 2137
f 2122 2107 2121
f 2123 2125 2138
f 2095 2126 2139
f 2096 2127 2140
f 2097 2128 2141
f 2098 2129 2142
f 2099 2130 2143
f 2100 2131 2144
f 2101 2132 2145
f 2102 2133 2146
f 2103 2134 2147
f 2104 2135 2148
f 2105 2136 2149
f 2106 2137 2150
f 3 2151 2152
f 2123 2138 3
f 2095 2139 2153
f 2096 2140 2154
f 2097 2141 2155
f 2098 2142 2156
f 2099 2143 2157
f 2100 2144 2158
f 2101 2145 2159
f 2102 2146 2160
f 2103 2147 2161
f 2104 2148 2162
f 2105 2149 2163
f 2106 2150 2164
f 2164 2151 3
f 3 2138 2165
f 2095 2153 2166
f 2096 2154 2167
f 2097 2155 2168
f 2098 2156 2169
f 2099 2157 2170
f 2100 2158 2171
f 2101 2159 2172
f 2102 2160 2173
f 2103 2161 2174
f 2162 2175 3
f 2163 2176 3
f 2106 2164 3
f 3 2095 2166
f 3 2176 2177
f 3 2166 2178
f 2163 3 2105
f 3 2096 2167
f 3 2175 2179
f 3 2167 2180
f 2162 3 2104
f 3 2097 2168
f 3 2174 2181
f 3 2168 2182
f 2103 2174 3
f 3 2098 2169
f 3 2173 2183
f 3 2169 2184
f 2102 2173 3
f 3 2099 2170
f 3 2172 2185
f 3 2170 2186
f 2101 2172 3
f 3 2100 2171
f 3 2171 2187
f 2188 173 1720
f 2123 173 2188
f 2033 173 2123
f 2033 2189 2190
f 2080 2189 2033
f 2080 2191 2189
f 2080 2192 2191
f 2079 2033 2064
f 1739 2193 2079
f 1739 1758 2193
f 1759 1739 2194
f 2194 1739 2195
f 2195 1739 2196
f 2196 1739 1738
f 1740 1739 2197
f 2197 1739 2198
f 2198 1739 2199
f 2199 1739 2200
f 2200 1739 2201
f 2201 1739 2202
f 2202 1739 2203
f 2203 1739 2204
f 2204 1739 2205
f 2205 1739 2206
f 2206 1739 2207
f 2207 1739 2208
f 2208 1739 2209
f 2209 1739 2210
f 2210 1739 2211
f 2211 1739 2108
f 3 2165 2212
f 3 2212 2213
f 3 2213 2214
f 3 2214 2215
f 3 2215 2216
f 3 2216 2217
f 3 2217 2218
f 3 2218 2219
f 3 2219 2220
f 3 2220 2221
f 3 2221 2222
f 3 2222 2223
f 3 2223 2224
f 3 2224 2225
f 3 2225 2226
f 3 2226 2227
f 3 2227 2228
f 3 2228 2229
f 3 2229 2230
f 3 2230 2231
f 3 2231 2232
f 3 2232 2233
f 3 2233 2234
f 3 2234 2235
f 3 2235 2236
f 3 2236 2237
f 3 2237 2238
f 3 2238 2239
f 3 2239 2240
f 3 2240 2095
f 3 2178 2241
f 3 2241 2242
f 3 2242 2243
f 3 2243 2244
f 3 2244 2245
f 3 2245 2246
f 3 2246 2247
f 3 2247 2248
f 3 2248 2249
f 3 2249 2250
f 3 2250 2251
f 3 2251 2252
f 3 2252 2253
f 3 2253 2254
f 3 2254 2255
f 3 2255 2256
f 3 2256 2257
f 3 2257 2258
f 3 2258 2259
f 3 2259 2260
f 3 2260 2261
f 3 2261 2262
f 3 2262 2263
f 3 2263 2264
f 3 2264 2265
f 3 2265 2266
f 3 2266 2267
f 3 2267 2268
f 3 2268 2269
f 3 2269 2096
f 3 2180 2270
f 3 2270 2271
f 3 2271 2272
f 3 2272 2273
f 3 2273 2274
f 3 2274 2275
f 3 2275 2276
f 3 2276 2277
f 3 2277 2278
f 3 2278 2279
f 3 2279 2280
f 3 2280 2281
f 3 2281 2282
f 3 2282 2283
f 3 2283 2284
f 3 2284 2285
f 3 2285 2286
f 3 2286 2287
f 3 2287 2288
f 3 2288 2289
f 3 2289 2290
f 3 2290 2291
f 3 2291 2292
f 3 2292 2293
f 3 2293 2294
f 3 2294 2295
f 3 2295 2296
f 3 2296 2297
f 3 2297 2298
f 3 2298 2097
f 3 2182 2299
f 3 2299 2300
f 3 2300 2301
f 3 2301 2302
f 3 2302 2303
f 3 2303 2304
f 3 2304 2305
f 3 2305 2306
f 3 2306 2307
f 3 2307 2308
f 3 2308 2309
f 3 2309 2310
f 3 2310 2311
f 3 2311 2312
f 3 2312 2313
f 3 2313 2314
f 3 2314 2315
f 3 2315 2316
f 3 2316 2317
f 3 2317 2318
f 3 2318 2319
f 3 2319 2320
f 3 2320 2321
f 3 2321 2322
f 3 2322 2323
f 3 2323 2324
f 3 2324 2325
f 3 2325 2326
f 3 2326 2327
f 3 2327 2098
f 3 2184 2328
f 3 2328 2329
f 3 2329 2330
f 3 2330 2331
f 3 2331 2332
f 3 2332 2333
f 3 2333 2334
f 3 2334 2335
f 3 2335 2336
f 3 2336 2337
f 3 2337 2338
f 3 2338 2339
f 3 2339 2340
f 3 2340 2341
f 3 2341 2342
f 3 2342 2343
f 3 2343 2344
f 3 2344 2345
f 3 2345 2346
f 3 2346 2347
f 3 2347 2348
f 3 2348 2349
f 3 2349 2350
f 3 2350 2351
f 3 2351 2352
f 3 2352 2353
f 3 2353 2354
f 3 2354 2355
f 3 2355 2356
f 3 2356 2099
f 3 2186 2357
f 3 2357 2358
f 3 2358 2359
f 3 2359 2360
f 3 2360 2361
f 3 2361 2362
f 3 2362 2363
f 3 2363 2364
f 3 2364 2365
f 3 2365 2366
f 3 2366 2367
f 3 2367 2368
f 3 2368 2369
f 3 2369 2370
f 3 2370 2371
f 3 2371 2372
f 3 2372 2373
f 3 2373 2374
f 3 2374 2375
f 3 2375 2376
f 3 2376 2377
f 3 2377 2378
f 3 2378 2379
f 3 2379 2380
f 3 2380 2381
f 3 2381 2382
f 3 2382 2383
f 3 2383 2384
f 3 2384 2385
f 3 2385 2100
f 3 2187 2386
f 3 2386 2387
f 3 2387 2388
f 3 2388 2389
f 3 2389 2390
f 3 2390 2391
f 3 2391 2392
f 3 2392 2393
f 3 2393 2394
f 3 2394 2395
f 3 2395 2396
f 3 2396 2397
f 3 2397 2398
f 3 2398 2399
f 3 2399 2400
f 3 2400 2401
f 3 2401 2402
f 3 2402 2403
f 3 2403 2404
f 3 2404 2405
f 3 2405 2406
f 3 2406 2407
f 3 2407 2408
f 3 2408 2409
f 3 2409 2410
f 3 2410 2411
f 3 2411 2412
f 3 2412 2413
f 3 2413 2414
f 3 2414 2101
f 3 2185 2415
f 3 2415 2416
f 3 2416 2417
f 3 2417 2418
f 3 2418 2419
f 3 2419 2420
f 3 2420 2421
f 3 2421 2422
f 3 2422 2423
f 3 2423 2424
f 3 2424 2425
f 3 2425 2426
f 3 2426 2427
f 3 2427 2428
f 3 2428 2429
f 3 2429 2430
f 3 2430 2431
f 3 2431 2432
f 3 2432 2433
f 3 2433 2434
f 3 2434 2435
f 3 2435 2436
f 3 2436 2437
f 3 2437 2438
f 3 2438 2439
f 3 2439 2440
f 3 2440 2441
f 3 2441 2442
f 3 2442 2443
f 3 2443 2102
f 3 2183 2444
f 3 2444 2445
f 3 2445 2446
f 3 2446 2447
f 3 2447 2448
f 3 2448 2449
f 3 2449 2450
f 3 2450 2451
f 3 2451 2452
f 3 2452 2453
f 3 2453 2454
f 3 2454 2455
f 3 2455 2456
f 3 2456 2457
f 3 2457 2458
f 3 2458 2459
f 3 2459 2460
f 3 2460 2461
f 3 2461 2462
f 3 2462 2463
f 3 2463 2464
f 3 2464 2465
f 3 2465 2466
f 3 2466 2467
f 3 2467 2468
f 3 2468 2469
f 3 2469 2470
f 3 2470 2471
f 3 2471 2472
f 3 2472 2103
f 3 2181 2473
f 3 2473 2474
f 3 2474 2475
f 3 2475 2476
f 3 2476 2477
f 3 2477 2478
f 3 2478 2479
f 3 2479 2480
f 3 2480 2481
f 3 2481 2482
f 3 2482 2483
f 3 2483 2484
f 3 2484 2485
f 3 2485 2486
f 3 2486 2487
f 3 2487 2488
f 3 2488 2489
f 3 2489 2490
f 3 2490 2491
f 3 2491 2492
f 3 2492 2493
f 3 2493 2494
f 3 2494 2495
f 3 2495 2496
f 3 2496 2497
f 3 2497 2498
f 3 2498 2499
f 3 2499 2500
f 3 2500 2501
f 3 2501 2104
f 3 2179 2502
f 3 2502 2503
f 3 2503 2504
f 3 2504 2505
f 3 2505 2506
f 3 2506 2507
f 3 2507 2508
f 3 2508 2509
f 3 2509 2510
f 3 2510 2511
f 3 2511 2512
f 3 2512 2513
f 3 2513 2514
f 3 2514 2515
f 3 2515 2516
f 3 2516 2517
f 3 2517 2518
f 3 2518 2519
f 3 2519 2520
f 3 2520 2521
f 3 2521 2522
f 3 2522 2523
f 3 2523 2524
f 3 2524 2525
f 3 2525 2526
f 3 2526 2527
f 3 2527 2528
f 3 2528 2529
f 3 2529 2530
f 3 2530 2105
f 3 2177 2531
f 3 2531 2532
f 3 2532 2533
f 3 2533 2534
f 3 2534 2535
f 3 2535 2536
f 3 2536 2537
f 3 2537 2538
f 3 2538 2539
f 3 2539 2540
f 3 2540 2541
f 3 2541 2542
f 3 2542 2543
f 3 2543 2544
f 3 2544 2545
f 3 2545 2546
f 3 2546 2547
f 3 2547 2548
f 3 2548 2549
f 3 2549 2550
f 3 2550 2551
f 3 2551 2552
f 3 2552 2553
f 3 2553 2554
f 3 2554 2555
f 3 2555 2556
f 3 2556 2557
f 3 2557 2558
f 3 2558 2559
f 3 2559 2106
f 3 2152 2560
f 3 2560 2561
f 3 2561 2562
f 3 2562 2563
f 3 2563 2564
f 3 2564 2565
f 3 2565 2566
f 3 2566 2567
f 3 2567 2568
f 3 2568 2569
f 3 2569 2570
f 3 2570 2571
f 3 2571 2572
f 3 2572 2573
f 3 2573 2574
f 3 2574 2575
f 3 2575 2576
f 3 2576 2577
f 3 2577 2578
f 3 2578 2579
f 3 2579 2580
f 3 2580 2581
f 3 2581 2582
f 3 2582 2583
f 3 2583 2584
f 3 2584 2585
f 3 2585 2586
f 3 2586 2587
f 3 2587 2588
f 3 2588 2107
f 3 2063 2589
f 3 2589 2590
f 3 2590 2591
f 3 2591 2592
f 3 2592 2593
f 3 2593 2594
f 3 2594 2595
f 3 2595 2596
f 3 2596 2597
f 3 2597 2598
f 3 2598 2599
f 3 2599 2600
f 3 2600 2601
f 3 2601 2602
f 3 2602 2603
f 3 2603 2604
f 3 2604 2605
f 3 2605 2606
f 3 2606 2607
f 3 2607 2608
f 3 2608 2609
f 3 2609 2610
f 3 2610 2611
f 3 2611 2612
f 3 2612 2613
f 3 2613 2614
f 3 2614 2615
f 3 2615 2616
f 3 2616 2617
f 3 2617 2047
f 3 1874 2618
f 3 2618 2619
f 3 2619 2620
f 3 2620 2621
f 3 2621 2622
f 3 2622 2623
f 3 2623 2624
f 3 2624 2625
f 3 2625 2626
f 3 2626 2627
f 3 2627 2628
f 3 2628 2629
f 3 2629 2630
f 3 2630 2631
f 3 2631 2632
f 3 2632 2633
f 3 2633 2634
f 3 2634 2635
f 3 2635 2636
f 3 2636 2637
f 3 2637 2638
f 3 2638 2639
f 3 2639 2640
f 3 2640 2641
f 3 2641 2642
f 3 2642 2643
f 3 2643 2644
f 3 2644 2645
f 3 2645 2646
f 3 2646 1857
f 3 1437 2647
f 3 2647 2648
f 3 2648 2649
f 3 2649 2650
f 3 2650 2651
f 3 2651 2652
f 3 2652 2653
f 3 2653 2654
f 3 2654 2655
f 3 2655 2656
f 3 2656 2657
f 3 2657 2658
f 3 2658 2659
f 3 2659 2660
f 3 2660 2661
f 3 2661 2662
f 3 2662 2663
f 3 2663 2664
f 3 2664 2665
f 3 2665 2666
f 3 2666 2667
f 3 2667 2668
f 3 2668 2669
f 3 2669 2670
f 3 2670 2671
f 3 2671 2672
f 3 2672 2673
f 3 2673 2674
f 3 2674 2675
f 3 2675 1418
f 2189 173 2190
f 173 2033 2190
