v -0.495000 0.000000 0.000000
v -0.492460 0.050078 0.000000
v -0.495000 0.000321 -1.051000
v 0.494588 0.020204 -1.122985
v 0.494596 0.020000 -1.120893
v 0.494596 0.020004 -1.121203
v 0.494595 0.020017 -1.121510
v 0.494594 0.020038 -1.121812
v 0.494593 0.020067 -1.122111
v 0.494592 0.020105 -1.122406
v 0.494590 0.020150 -1.122697
v 0.494585 0.020265 -1.123269
v 0.494582 0.020335 -1.123551
v 0.494579 0.020412 -1.123828
v 0.494575 0.020496 -1.124103
v 0.494572 0.020589 -1.124375
v 0.494567 0.020689 -1.124643
v 0.494563 0.020796 -1.124909
v 0.494558 0.020911 -1.125172
v 0.494553 0.021033 -1.125432
v 0.494547 0.021162 -1.125688
v 0.494542 0.021298 -1.125940
v 0.494535 0.021441 -1.126189
v 0.494529 0.021591 -1.126433
v 0.494522 0.021747 -1.126673
v 0.494515 0.021910 -1.126909
v 0.494507 0.022079 -1.127139
v 0.494500 0.022254 -1.127364
v 0.494491 0.022436 -1.127584
v 0.494483 0.022623 -1.127798
v 0.494474 0.022817 -1.128006
v 0.494465 0.023016 -1.128208
v 0.494455 0.023220 -1.128404
v 0.494445 0.023430 -1.128593
v 0.494435 0.023645 -1.128775
v 0.494424 0.023865 -1.128951
v 0.494413 0.024090 -1.129120
v 0.494402 0.024319 -1.129283
v 0.494391 0.024551 -1.129438
v 0.494379 0.024788 -1.129587
v 0.494367 0.025028 -1.129729
v 0.494354 0.025272 -1.129863
v 0.494342 0.025518 -1.129991
v 0.494329 0.025768 -1.130111
v 0.494316 0.026020 -1.130224
v 0.494302 0.026274 -1.130329
v 0.494289 0.026530 -1.130427
v 0.494275 0.026789 -1.130517
v 0.494260 0.027051 -1.130600
v 0.494246 0.027315 -1.130676
v 0.494231 0.027581 -1.130743
v 0.494216 0.027851 -1.130803
v 0.494201 0.028123 -1.130855
v 0.494185 0.028398 -1.130899
v 0.494169 0.028676 -1.130935
v 0.494152 0.028957 -1.130963
v 0.494136 0.029241 -1.130984
v 0.494118 0.029528 -1.130996
v 0.494101 0.029819 -1.131000
v 0.491773 0.056434 -1.131000
v 0.491739 0.056723 -1.130996
v 0.490546 0.066254 -1.059863
v 0.491706 0.057009 -1.130984
v 0.491673 0.057292 -1.130963
v 0.491641 0.057571 -1.130935
v 0.491608 0.057848 -1.130899
v 0.491576 0.058121 -1.130855
v 0.491544 0.058392 -1.130803
v 0.491512 0.058660 -1.130743
v 0.491480 0.058925 -1.130676
v 0.491449 0.059188 -1.130600
v 0.491417 0.059447 -1.130517
v 0.491386 0.059705 -1.130427
v 0.491355 0.059960 -1.130329
v 0.491324 0.060213 -1.130224
v 0.491293 0.060463 -1.130111
v 0.491263 0.060711 -1.129991
v 0.491232 0.060956 -1.129863
v 0.491202 0.061198 -1.129729
v 0.491173 0.061436 -1.129587
v 0.491143 0.061672 -1.129438
v 0.491114 0.061903 -1.129283
v 0.491085 0.062130 -1.129120
v 0.491057 0.062353 -1.128951
v 0.491029 0.062571 -1.128775
v 0.491002 0.062785 -1.128593
v 0.490975 0.062994 -1.128404
v 0.490949 0.063197 -1.128208
v 0.490924 0.063395 -1.128006
v 0.490899 0.063587 -1.127798
v 0.490875 0.063773 -1.127584
v 0.490851 0.063953 -1.127364
v 0.490829 0.064127 -1.127139
v 0.490807 0.064295 -1.126909
v 0.490786 0.064456 -1.126673
v 0.490765 0.064611 -1.126433
v 0.490746 0.064760 -1.126189
v 0.490727 0.064902 -1.125940
v 0.490709 0.065037 -1.125688
v 0.490692 0.065165 -1.125432
v 0.490676 0.065286 -1.125172
v 0.490661 0.065400 -1.124909
v 0.490646 0.065506 -1.124643
v 0.490633 0.065605 -1.124375
v 0.490621 0.065697 -1.124103
v 0.490610 0.065781 -1.123828
v 0.490599 0.065858 -1.123551
v 0.490590 0.065926 -1.123269
v 0.490582 0.065987 -1.122985
v 0.490575 0.066041 -1.122697
v 0.490569 0.066086 -1.122406
v 0.490564 0.066123 -1.122111
v 0.490560 0.066152 -1.121812
v 0.490557 0.066173 -1.121510
v 0.490555 0.066185 -1.121203
v 0.490555 0.066190 -1.120893
v 0.483565 0.105781 -1.122985
v 0.483609 0.105582 -1.120893
v 0.483608 0.105586 -1.121203
v 0.483605 0.105598 -1.121510
v 0.483601 0.105619 -1.121812
v 0.483594 0.105647 -1.122111
v 0.483586 0.105684 -1.122406
v 0.483577 0.105729 -1.122697
v 0.483552 0.105841 -1.123269
v 0.483537 0.105909 -1.123551
v 0.483521 0.105984 -1.123828
v 0.483503 0.106067 -1.124103
v 0.483483 0.106158 -1.124375
v 0.483461 0.106255 -1.124643
v 0.483438 0.106360 -1.124909
v 0.483414 0.106472 -1.125172
v 0.483387 0.106592 -1.125432
v 0.483359 0.106718 -1.125688
v 0.483330 0.106851 -1.125940
v 0.483299 0.106990 -1.126189
v 0.483267 0.107137 -1.126433
v 0.483233 0.107289 -1.126673
v 0.483198 0.107448 -1.126909
v 0.483161 0.107614 -1.127139
v 0.483123 0.107785 -1.127364
v 0.483083 0.107962 -1.127584
v 0.483042 0.108145 -1.127798
v 0.483000 0.108334 -1.128006
v 0.482956 0.108529 -1.128208
v 0.482911 0.108729 -1.128404
v 0.482865 0.108934 -1.128593
v 0.482817 0.109144 -1.128775
v 0.482769 0.109359 -1.128951
v 0.482719 0.109578 -1.129120
v 0.482668 0.109801 -1.129283
v 0.482616 0.110028 -1.129438
v 0.482564 0.110259 -1.129587
v 0.482510 0.110494 -1.129729
v 0.482456 0.110732 -1.129863
v 0.482400 0.110972 -1.129991
v 0.482344 0.111216 -1.130111
v 0.482288 0.111461 -1.130224
v 0.482230 0.111709 -1.130329
v 0.482172 0.111960 -1.130427
v 0.482114 0.112212 -1.130517
v 0.482054 0.112467 -1.130600
v 0.481994 0.112725 -1.130676
v 0.481933 0.112985 -1.130743
v 0.481871 0.113247 -1.130803
v 0.481809 0.113513 -1.130855
v 0.481746 0.113781 -1.130899
v 0.481682 0.114052 -1.130935
v 0.481617 0.114326 -1.130963
v 0.481551 0.114603 -1.130984
v 0.481484 0.114883 -1.130996
v 0.481416 0.115166 -1.131000
v 0.474747 0.140145 -1.131000
v 0.474502 0.140972 -1.131000
v 0.474419 0.141251 -1.130996
v 0.474337 0.141527 -1.130984
v 0.474255 0.141800 -1.130963
v 0.474174 0.142069 -1.130935
v 0.474094 0.142336 -1.130899
v 0.474015 0.142600 -1.130855
v 0.473937 0.142861 -1.130803
v 0.473859 0.143119 -1.130743
v 0.473781 0.143375 -1.130676
v 0.473705 0.143628 -1.130600
v 0.473629 0.143878 -1.130517
v 0.473553 0.144126 -1.130427
v 0.473478 0.144372 -1.130329
v 0.473404 0.144615 -1.130224
v 0.473330 0.144857 -1.130111
v 0.473257 0.145095 -1.129991
v 0.473185 0.145331 -1.129863
v 0.473113 0.145564 -1.129729
v 0.473042 0.145794 -1.129587
v 0.472972 0.146021 -1.129438
v 0.472904 0.146243 -1.129283
v 0.472836 0.146462 -1.129120
v 0.472769 0.146677 -1.128951
v 0.472704 0.146887 -1.128775
v 0.472640 0.147093 -1.128593
v 0.472578 0.147294 -1.128404
v 0.472517 0.147489 -1.128208
v 0.472457 0.147679 -1.128006
v 0.472399 0.147864 -1.127798
v 0.472343 0.148043 -1.127584
v 0.472289 0.148217 -1.127364
v 0.472236 0.148384 -1.127139
v 0.472186 0.148546 -1.126909
v 0.472137 0.148701 -1.126673
v 0.472090 0.148850 -1.126433
v 0.472045 0.148993 -1.126189
v 0.472001 0.149130 -1.125940
v 0.471960 0.149259 -1.125688
v 0.471921 0.149383 -1.125432
v 0.471885 0.149499 -1.125172
v 0.471850 0.149608 -1.124909
v 0.471817 0.149711 -1.124643
v 0.471787 0.149806 -1.124375
v 0.471759 0.149894 -1.124103
v 0.471733 0.149975 -1.123828
v 0.471710 0.150049 -1.123551
v 0.471689 0.150115 -1.123269
v 0.471670 0.150174 -1.122985
v 0.471654 0.150225 -1.122697
v 0.471640 0.150268 -1.122406
v 0.471629 0.150304 -1.122111
v 0.471620 0.150332 -1.121812
v 0.471614 0.150352 -1.121510
v 0.471610 0.150364 -1.121203
v 0.471608 0.150368 -1.120893
v 0.457850 0.188144 -1.122985
v 0.457928 0.187956 -1.120893
v 0.457926 0.187960 -1.121203
v 0.457921 0.187971 -1.121510
v 0.457913 0.187991 -1.121812
v 0.457902 0.188018 -1.122111
v 0.457888 0.188052 -1.122406
v 0.457871 0.188095 -1.122697
v 0.457827 0.188201 -1.123269
v 0.457800 0.188265 -1.123551
v 0.457771 0.188337 -1.123828
v 0.457739 0.188415 -1.124103
v 0.457704 0.188501 -1.124375
v 0.457665 0.188593 -1.124643
v 0.457624 0.188693 -1.124909
v 0.457581 0.188799 -1.125172
v 0.457534 0.188912 -1.125432
v 0.457485 0.189031 -1.125688
v 0.457433 0.189157 -1.125940
v 0.457378 0.189289 -1.126189
v 0.457321 0.189427 -1.126433
v 0.457261 0.189572 -1.126673
v 0.457198 0.189722 -1.126909
v 0.457134 0.189879 -1.127139
v 0.457066 0.190041 -1.127364
v 0.456996 0.190209 -1.127584
v 0.456924 0.190382 -1.127798
v 0.456850 0.190561 -1.128006
v 0.456773 0.190745 -1.128208
v 0.456694 0.190934 -1.128404
v 0.456613 0.191128 -1.128593
v 0.456530 0.191326 -1.128775
v 0.456444 0.191529 -1.128951
v 0.456357 0.191736 -1.129120
v 0.456269 0.191948 -1.129283
v 0.456178 0.192162 -1.129438
v 0.456086 0.192381 -1.129587
v 0.455993 0.192602 -1.129729
v 0.455898 0.192827 -1.129863
v 0.455801 0.193054 -1.129991
v 0.455704 0.193284 -1.130111
v 0.455606 0.193516 -1.130224
v 0.455506 0.193751 -1.130329
v 0.455405 0.193987 -1.130427
v 0.455304 0.194226 -1.130517
v 0.455201 0.194466 -1.130600
v 0.455097 0.194710 -1.130676
v 0.454992 0.194955 -1.130743
v 0.454886 0.195203 -1.130803
v 0.454778 0.195453 -1.130855
v 0.454669 0.195706 -1.130899
v 0.454559 0.195962 -1.130935
v 0.454447 0.196221 -1.130963
v 0.454335 0.196482 -1.130984
v 0.454220 0.196746 -1.130996
v 0.454104 0.197013 -1.131000
v 0.443198 0.220455 -1.131000
v 0.442814 0.221226 -1.131000
v 0.442683 0.221487 -1.130996
v 0.442554 0.221744 -1.130984
v 0.442427 0.221999 -1.130963
v 0.442301 0.222250 -1.130935
v 0.442175 0.222499 -1.130899
v 0.442052 0.222745 -1.130855
v 0.441929 0.222989 -1.130803
v 0.441807 0.223229 -1.130743
v 0.441687 0.223468 -1.130676
v 0.441567 0.223704 -1.130600
v 0.441449 0.223937 -1.130517
v 0.441332 0.224168 -1.130427
v 0.441215 0.224397 -1.130329
v 0.441100 0.224624 -1.130224
v 0.440985 0.224849 -1.130111
v 0.440872 0.225071 -1.129991
v 0.440759 0.225291 -1.129863
v 0.440648 0.225508 -1.129729
v 0.440539 0.225722 -1.129587
v 0.440431 0.225933 -1.129438
v 0.440324 0.226141 -1.129283
v 0.440219 0.226344 -1.129120
v 0.440117 0.226544 -1.128951
v 0.440016 0.226740 -1.128775
v 0.439917 0.226931 -1.128593
v 0.439821 0.227118 -1.128404
v 0.439727 0.227300 -1.128208
v 0.439635 0.227477 -1.128006
v 0.439546 0.227649 -1.127798
v 0.439460 0.227816 -1.127584
v 0.439376 0.227977 -1.127364
v 0.439295 0.228133 -1.127139
v 0.439217 0.228283 -1.126909
v 0.439142 0.228428 -1.126673
v 0.439070 0.228566 -1.126433
v 0.439001 0.228699 -1.126189
v 0.438935 0.228826 -1.125940
v 0.438872 0.228947 -1.125688
v 0.438812 0.229061 -1.125432
v 0.438755 0.229170 -1.125172
v 0.438702 0.229271 -1.124909
v 0.438652 0.229367 -1.124643
v 0.438606 0.229455 -1.124375
v 0.438563 0.229537 -1.124103
v 0.438524 0.229612 -1.123828
v 0.438488 0.229681 -1.123551
v 0.438456 0.229742 -1.123269
v 0.438427 0.229797 -1.122985
v 0.438402 0.229844 -1.122697
v 0.438381 0.229885 -1.122406
v 0.438364 0.229918 -1.122111
v 0.438350 0.229944 -1.121812
v 0.438340 0.229962 -1.121510
v 0.438334 0.229974 -1.121203
v 0.438333 0.229977 -1.120893
v 0.418224 0.264791 -1.122985
v 0.418333 0.264618 -1.120893
v 0.418330 0.264622 -1.121203
v 0.418323 0.264633 -1.121510
v 0.418312 0.264650 -1.121812
v 0.418297 0.264675 -1.122111
v 0.418277 0.264707 -1.122406
v 0.418252 0.264745 -1.122697
v 0.418191 0.264843 -1.123269
v 0.418153 0.264901 -1.123551
v 0.418112 0.264967 -1.123828
v 0.418067 0.265038 -1.124103
v 0.418017 0.265116 -1.124375
v 0.417964 0.265201 -1.124643
v 0.417906 0.265292 -1.124909
v 0.417844 0.265388 -1.125172
v 0.417779 0.265492 -1.125432
v 0.417710 0.265601 -1.125688
v 0.417637 0.265715 -1.125940
v 0.417560 0.265836 -1.126189
v 0.417479 0.265962 -1.126433
v 0.417395 0.266094 -1.126673
v 0.417308 0.266232 -1.126909
v 0.417217 0.266374 -1.127139
v 0.417122 0.266522 -1.127364
v 0.417024 0.266676 -1.127584
v 0.416923 0.266834 -1.127798
v 0.416819 0.266997 -1.128006
v 0.416711 0.267164 -1.128208
v 0.416600 0.267337 -1.128404
v 0.416487 0.267514 -1.128593
v 0.416370 0.267695 -1.128775
v 0.416251 0.267880 -1.128951
v 0.416130 0.268069 -1.129120
v 0.416006 0.268262 -1.129283
v 0.415879 0.268458 -1.129438
v 0.415751 0.268657 -1.129587
v 0.415620 0.268859 -1.129729
v 0.415488 0.269063 -1.129863
v 0.415353 0.269270 -1.129991
v 0.415217 0.269480 -1.130111
v 0.415080 0.269692 -1.130224
v 0.414941 0.269905 -1.130329
v 0.414801 0.270120 -1.130427
v 0.414660 0.270338 -1.130517
v 0.414517 0.270557 -1.130600
v 0.414372 0.270778 -1.130676
v 0.414226 0.271002 -1.130743
v 0.414078 0.271227 -1.130803
v 0.413929 0.271455 -1.130855
v 0.413778 0.271686 -1.130899
v 0.413625 0.271918 -1.130935
v 0.413470 0.272154 -1.130963
v 0.413313 0.272391 -1.130984
v 0.413155 0.272632 -1.130996
v 0.412994 0.272875 -1.131000
v 0.398183 0.294066 -1.131000
v 0.397671 0.294759 -1.131000
v 0.397497 0.294993 -1.130996
v 0.397326 0.295224 -1.130984
v 0.397156 0.295453 -1.130963
v 0.396988 0.295679 -1.130935
v 0.396821 0.295902 -1.130899
v 0.396657 0.296123 -1.130855
v 0.396493 0.296341 -1.130803
v 0.396332 0.296557 -1.130743
v 0.396172 0.296771 -1.130676
v 0.396013 0.296982 -1.130600
v 0.395856 0.297192 -1.130517
v 0.395700 0.297399 -1.130427
v 0.395546 0.297604 -1.130329
v 0.395393 0.297808 -1.130224
v 0.395241 0.298009 -1.130111
v 0.395091 0.298209 -1.129991
v 0.394942 0.298406 -1.129863
v 0.394795 0.298600 -1.129729
v 0.394650 0.298792 -1.129587
v 0.394507 0.298981 -1.129438
v 0.394366 0.299166 -1.129283
v 0.394227 0.299349 -1.129120
v 0.394091 0.299528 -1.128951
v 0.393958 0.299703 -1.128775
v 0.393828 0.299874 -1.128593
v 0.393700 0.300042 -1.128404
v 0.393576 0.300205 -1.128208
v 0.393455 0.300363 -1.128006
v 0.393338 0.300517 -1.127798
v 0.393224 0.300666 -1.127584
v 0.393113 0.300811 -1.127364
v 0.393007 0.300950 -1.127139
v 0.392904 0.301084 -1.126909
v 0.392805 0.301214 -1.126673
v 0.392709 0.301338 -1.126433
v 0.392618 0.301457 -1.126189
v 0.392531 0.301570 -1.125940
v 0.392448 0.301678 -1.125688
v 0.392369 0.301780 -1.125432
v 0.392295 0.301877 -1.125172
v 0.392225 0.301968 -1.124909
v 0.392159 0.302053 -1.124643
v 0.392098 0.302133 -1.124375
v 0.392042 0.302206 -1.124103
v 0.391990 0.302273 -1.123828
v 0.391943 0.302334 -1.123551
v 0.391900 0.302389 -1.123269
v 0.391863 0.302438 -1.122985
v 0.391830 0.302480 -1.122697
v 0.391802 0.302516 -1.122406
v 0.391779 0.302546 -1.122111
v 0.391761 0.302569 -1.121812
v 0.391748 0.302586 -1.121510
v 0.391741 0.302596 -1.121203
v 0.391738 0.302599 -1.120893
v 0.365889 0.333392 -1.122985
v 0.366027 0.333241 -1.120893
v 0.366024 0.333244 -1.121203
v 0.366015 0.333253 -1.121510
v 0.366001 0.333269 -1.121812
v 0.365981 0.333291 -1.122111
v 0.365956 0.333318 -1.122406
v 0.365925 0.333352 -1.122697
v 0.365848 0.333437 -1.123269
v 0.365801 0.333488 -1.123551
v 0.365749 0.333545 -1.123828
v 0.365692 0.333608 -1.124103
v 0.365630 0.333677 -1.124375
v 0.365562 0.333750 -1.124643
v 0.365490 0.333830 -1.124909
v 0.365412 0.333915 -1.125172
v 0.365330 0.334005 -1.125432
v 0.365243 0.334100 -1.125688
v 0.365151 0.334200 -1.125940
v 0.365054 0.334306 -1.126189
v 0.364953 0.334416 -1.126433
v 0.364847 0.334532 -1.126673
v 0.364737 0.334652 -1.126909
v 0.364623 0.334777 -1.127139
v 0.364504 0.334906 -1.127364
v 0.364381 0.335040 -1.127584
v 0.364254 0.335178 -1.127798
v 0.364123 0.335320 -1.128006
v 0.363988 0.335467 -1.128208
v 0.363849 0.335617 -1.128404
v 0.363706 0.335772 -1.128593
v 0.363560 0.335930 -1.128775
v 0.363411 0.336092 -1.128951
v 0.363258 0.336257 -1.129120
v 0.363102 0.336425 -1.129283
v 0.362944 0.336596 -1.129438
v 0.362783 0.336769 -1.129587
v 0.362619 0.336946 -1.129729
v 0.362453 0.337124 -1.129863
v 0.362285 0.337305 -1.129991
v 0.362115 0.337488 -1.130111
v 0.361943 0.337672 -1.130224
v 0.361769 0.337858 -1.130329
v 0.361594 0.338046 -1.130427
v 0.361416 0.338235 -1.130517
v 0.361237 0.338427 -1.130600
v 0.361057 0.338619 -1.130676
v 0.360874 0.338814 -1.130743
v 0.360689 0.339011 -1.130803
v 0.360503 0.339209 -1.130855
v 0.360314 0.339410 -1.130899
v 0.360123 0.339612 -1.130935
v 0.359930 0.339817 -1.130963
v 0.359734 0.340024 -1.130984
v 0.359536 0.340233 -1.130996
v 0.359336 0.340445 -1.131000
v 0.341070 0.358743 -1.131000
v 0.340445 0.359336 -1.131000
v 0.340233 0.359536 -1.130996
v 0.340024 0.359734 -1.130984
v 0.339817 0.359930 -1.130963
v 0.339612 0.360123 -1.130935
v 0.339410 0.360314 -1.130899
v 0.339209 0.360503 -1.130855
v 0.339011 0.360689 -1.130803
v 0.338814 0.360874 -1.130743
v 0.338619 0.361057 -1.130676
v 0.338427 0.361237 -1.130600
v 0.338235 0.361416 -1.130517
v 0.338046 0.361594 -1.130427
v 0.337858 0.361769 -1.130329
v 0.337672 0.361943 -1.130224
v 0.337488 0.362115 -1.130111
v 0.337305 0.362285 -1.129991
v 0.337124 0.362453 -1.129863
v 0.336946 0.362619 -1.129729
v 0.336769 0.362783 -1.129587
v 0.336596 0.362944 -1.129438
v 0.336425 0.363102 -1.129283
v 0.336257 0.363258 -1.129120
v 0.336092 0.363411 -1.128951
v 0.335930 0.363560 -1.128775
v 0.335772 0.363706 -1.128593
v 0.335617 0.363849 -1.128404
v 0.335467 0.363988 -1.128208
v 0.335320 0.364123 -1.128006
v 0.335178 0.364254 -1.127798
v 0.335040 0.364381 -1.127584
v 0.334906 0.364504 -1.127364
v 0.334777 0.364623 -1.127139
v 0.334652 0.364737 -1.126909
v 0.334532 0.364847 -1.126673
v 0.334416 0.364953 -1.126433
v 0.334306 0.365054 -1.126189
v 0.334200 0.365151 -1.125940
v 0.334100 0.365243 -1.125688
v 0.334005 0.365330 -1.125432
v 0.333915 0.365412 -1.125172
v 0.333830 0.365490 -1.124909
v 0.333750 0.365562 -1.124643
v 0.333677 0.365630 -1.124375
v 0.333608 0.365692 -1.124103
v 0.333545 0.365749 -1.123828
v 0.333488 0.365801 -1.123551
v 0.333437 0.365848 -1.123269
v 0.333392 0.365889 -1.122985
v 0.333352 0.365925 -1.122697
v 0.333318 0.365956 -1.122406
v 0.333291 0.365981 -1.122111
v 0.333269 0.366001 -1.121812
v 0.333253 0.366015 -1.121510
v 0.333244 0.366024 -1.121203
v 0.333241 0.366027 -1.120893
v 0.302438 0.391863 -1.122985
v 0.302599 0.391738 -1.120893
v 0.302596 0.391741 -1.121203
v 0.302586 0.391748 -1.121510
v 0.302569 0.391761 -1.121812
v 0.302546 0.391779 -1.122111
v 0.302516 0.391802 -1.122406
v 0.302480 0.391830 -1.122697
v 0.302389 0.391900 -1.123269
v 0.302334 0.391943 -1.123551
v 0.302273 0.391990 -1.123828
v 0.302206 0.392042 -1.124103
v 0.302133 0.392098 -1.124375
v 0.302053 0.392159 -1.124643
v 0.301968 0.392225 -1.124909
v 0.301877 0.392295 -1.125172
v 0.301780 0.392369 -1.125432
v 0.301678 0.392448 -1.125688
v 0.301570 0.392531 -1.125940
v 0.301457 0.392618 -1.126189
v 0.301338 0.392709 -1.126433
v 0.301214 0.392805 -1.126673
v 0.301084 0.392904 -1.126909
v 0.300950 0.393007 -1.127139
v 0.300811 0.393113 -1.127364
v 0.300666 0.393224 -1.127584
v 0.300517 0.393338 -1.127798
v 0.300363 0.393455 -1.128006
v 0.300205 0.393576 -1.128208
v 0.300042 0.393700 -1.128404
v 0.299874 0.393828 -1.128593
v 0.299703 0.393958 -1.128775
v 0.299528 0.394091 -1.128951
v 0.299349 0.394227 -1.129120
v 0.299166 0.394366 -1.129283
v 0.298981 0.394507 -1.129438
v 0.298792 0.394650 -1.129587
v 0.298600 0.394795 -1.129729
v 0.298406 0.394942 -1.129863
v 0.298209 0.395091 -1.129991
v 0.298009 0.395241 -1.130111
v 0.297808 0.395393 -1.130224
v 0.297604 0.395546 -1.130329
v 0.297399 0.395700 -1.130427
v 0.297192 0.395856 -1.130517
v 0.296982 0.396013 -1.130600
v 0.296771 0.396172 -1.130676
v 0.296557 0.396332 -1.130743
v 0.296341 0.396493 -1.130803
v 0.296123 0.396657 -1.130855
v 0.295902 0.396821 -1.130899
v 0.295679 0.396988 -1.130935
v 0.295453 0.397156 -1.130963
v 0.295224 0.397326 -1.130984
v 0.294993 0.397497 -1.130996
v 0.294759 0.397671 -1.131000
v 0.273593 0.412519 -1.131000
v 0.272875 0.412994 -1.131000
v 0.272632 0.413155 -1.130996
v 0.272391 0.413313 -1.130984
v 0.272154 0.413470 -1.130963
v 0.271918 0.413625 -1.130935
v 0.271686 0.413778 -1.130899
v 0.271455 0.413929 -1.130855
v 0.271227 0.414078 -1.130803
v 0.271002 0.414226 -1.130743
v 0.270778 0.414372 -1.130676
v 0.270557 0.414517 -1.130600
v 0.270338 0.414660 -1.130517
v 0.270120 0.414801 -1.130427
v 0.269905 0.414941 -1.130329
v 0.269692 0.415080 -1.130224
v 0.269480 0.415217 -1.130111
v 0.269270 0.415353 -1.129991
v 0.269063 0.415488 -1.129863
v 0.268859 0.415620 -1.129729
v 0.268657 0.415751 -1.129587
v 0.268458 0.415879 -1.129438
v 0.268262 0.416006 -1.129283
v 0.268069 0.416130 -1.129120
v 0.267880 0.416251 -1.128951
v 0.267695 0.416370 -1.128775
v 0.267514 0.416487 -1.128593
v 0.267337 0.416600 -1.128404
v 0.267164 0.416711 -1.128208
v 0.266997 0.416819 -1.128006
v 0.266834 0.416923 -1.127798
v 0.266676 0.417024 -1.127584
v 0.266522 0.417122 -1.127364
v 0.266374 0.417217 -1.127139
v 0.266232 0.417308 -1.126909
v 0.266094 0.417395 -1.126673
v 0.265962 0.417479 -1.126433
v 0.265836 0.417560 -1.126189
v 0.265715 0.417637 -1.125940
v 0.265601 0.417710 -1.125688
v 0.265492 0.417779 -1.125432
v 0.265388 0.417844 -1.125172
v 0.265292 0.417906 -1.124909
v 0.265201 0.417964 -1.124643
v 0.265116 0.418017 -1.124375
v 0.265038 0.418067 -1.124103
v 0.264967 0.418112 -1.123828
v 0.264901 0.418153 -1.123551
v 0.264843 0.418191 -1.123269
v 0.264791 0.418224 -1.122985
v 0.264745 0.418252 -1.122697
v 0.264707 0.418277 -1.122406
v 0.264675 0.418297 -1.122111
v 0.264650 0.418312 -1.121812
v 0.264633 0.418323 -1.121510
v 0.264622 0.418330 -1.121203
v 0.264618 0.418333 -1.120893
v 0.229797 0.438427 -1.122985
v 0.229977 0.438333 -1.120893
v 0.229974 0.438334 -1.121203
v 0.229962 0.438340 -1.121510
v 0.229944 0.438350 -1.121812
v 0.229918 0.438364 -1.122111
v 0.229885 0.438381 -1.122406
v 0.229844 0.438402 -1.122697
v 0.229742 0.438456 -1.123269
v 0.229681 0.438488 -1.123551
v 0.229612 0.438524 -1.123828
v 0.229537 0.438563 -1.124103
v 0.229455 0.438606 -1.124375
v 0.229367 0.438652 -1.124643
v 0.229271 0.438702 -1.124909
v 0.229170 0.438755 -1.125172
v 0.229061 0.438812 -1.125432
v 0.228947 0.438872 -1.125688
v 0.228826 0.438935 -1.125940
v 0.228699 0.439001 -1.126189
v 0.228566 0.439070 -1.126433
v 0.228428 0.439142 -1.126673
v 0.228283 0.439217 -1.126909
v 0.228133 0.439295 -1.127139
v 0.227977 0.439376 -1.127364
v 0.227816 0.439460 -1.127584
v 0.227649 0.439546 -1.127798
v 0.227477 0.439635 -1.128006
v 0.227300 0.439727 -1.128208
v 0.227118 0.439821 -1.128404
v 0.226931 0.439917 -1.128593
v 0.226740 0.440016 -1.128775
v 0.226544 0.440117 -1.128951
v 0.226344 0.440219 -1.129120
v 0.226141 0.440324 -1.129283
v 0.225933 0.440431 -1.129438
v 0.225722 0.440539 -1.129587
v 0.225508 0.440648 -1.129729
v 0.225291 0.440759 -1.129863
v 0.225071 0.440872 -1.129991
v 0.224849 0.440985 -1.130111
v 0.224624 0.441100 -1.130224
v 0.224397 0.441215 -1.130329
v 0.224168 0.441332 -1.130427
v 0.223937 0.441449 -1.130517
v 0.223704 0.441567 -1.130600
v 0.223468 0.441687 -1.130676
v 0.223229 0.441807 -1.130743
v 0.222989 0.441929 -1.130803
v 0.222745 0.442052 -1.130855
v 0.222499 0.442175 -1.130899
v 0.222250 0.442301 -1.130935
v 0.221999 0.442427 -1.130963
v 0.221744 0.442554 -1.130984
v 0.221487 0.442683 -1.130996
v 0.221226 0.442814 -1.131000
v 0.197804 0.453761 -1.131000
v 0.197013 0.454104 -1.131000
v 0.196746 0.454220 -1.130996
v 0.196482 0.454335 -1.130984
v 0.196221 0.454447 -1.130963
v 0.195962 0.454559 -1.130935
v 0.195706 0.454669 -1.130899
v 0.195453 0.454778 -1.130855
v 0.195203 0.454886 -1.130803
v 0.194955 0.454992 -1.130743
v 0.194710 0.455097 -1.130676
v 0.194466 0.455201 -1.130600
v 0.194226 0.455304 -1.130517
v 0.193987 0.455405 -1.130427
v 0.193751 0.455506 -1.130329
v 0.193516 0.455606 -1.130224
v 0.193284 0.455704 -1.130111
v 0.193054 0.455801 -1.129991
v 0.192827 0.455898 -1.129863
v 0.192602 0.455993 -1.129729
v 0.192381 0.456086 -1.129587
v 0.192162 0.456178 -1.129438
v 0.191948 0.456269 -1.129283
v 0.191736 0.456357 -1.129120
v 0.191529 0.456444 -1.128951
v 0.191326 0.456530 -1.128775
v 0.191128 0.456613 -1.128593
v 0.190934 0.456694 -1.128404
v 0.190745 0.456773 -1.128208
v 0.190561 0.456850 -1.128006
v 0.190382 0.456924 -1.127798
v 0.190209 0.456996 -1.127584
v 0.190041 0.457066 -1.127364
v 0.189879 0.457134 -1.127139
v 0.189722 0.457198 -1.126909
v 0.189572 0.457261 -1.126673
v 0.189427 0.457321 -1.126433
v 0.189289 0.457378 -1.126189
v 0.189157 0.457433 -1.125940
v 0.189031 0.457485 -1.125688
v 0.188912 0.457534 -1.125432
v 0.188799 0.457581 -1.125172
v 0.188693 0.457624 -1.124909
v 0.188593 0.457665 -1.124643
v 0.188501 0.457704 -1.124375
v 0.188415 0.457739 -1.124103
v 0.188337 0.457771 -1.123828
v 0.188265 0.457800 -1.123551
v 0.188201 0.457827 -1.123269
v 0.188144 0.457850 -1.122985
v 0.188095 0.457871 -1.122697
v 0.188052 0.457888 -1.122406
v 0.188018 0.457902 -1.122111
v 0.187991 0.457913 -1.121812
v 0.187971 0.457921 -1.121510
v 0.187960 0.457926 -1.121203
v 0.187956 0.457928 -1.120893
v 0.150174 0.471670 -1.122985
v 0.150368 0.471608 -1.120893
v 0.150364 0.471610 -1.121203
v 0.150352 0.471614 -1.121510
v 0.150332 0.471620 -1.121812
v 0.150304 0.471629 -1.122111
v 0.150268 0.471640 -1.122406
v 0.150225 0.471654 -1.122697
v 0.150115 0.471689 -1.123269
v 0.150049 0.471710 -1.123551
v 0.149975 0.471733 -1.123828
v 0.149894 0.471759 -1.124103
v 0.149806 0.471787 -1.124375
v 0.149711 0.471817 -1.124643
v 0.149608 0.471850 -1.124909
v 0.149499 0.471885 -1.125172
v 0.149383 0.471921 -1.125432
v 0.149259 0.471960 -1.125688
v 0.149130 0.472001 -1.125940
v 0.148993 0.472045 -1.126189
v 0.148850 0.472090 -1.126433
v 0.148701 0.472137 -1.126673
v 0.148546 0.472186 -1.126909
v 0.148384 0.472236 -1.127139
v 0.148217 0.472289 -1.127364
v 0.148043 0.472343 -1.127584
v 0.147864 0.472399 -1.127798
v 0.147679 0.472457 -1.128006
v 0.147489 0.472517 -1.128208
v 0.147294 0.472578 -1.128404
v 0.147093 0.472640 -1.128593
v 0.146887 0.472704 -1.128775
v 0.146677 0.472769 -1.128951
v 0.146462 0.472836 -1.129120
v 0.146243 0.472904 -1.129283
v 0.146021 0.472972 -1.129438
v 0.145794 0.473042 -1.129587
v 0.145564 0.473113 -1.129729
v 0.145331 0.473185 -1.129863
v 0.145095 0.473257 -1.129991
v 0.144857 0.473330 -1.130111
v 0.144615 0.473404 -1.130224
v 0.144372 0.473478 -1.130329
v 0.144126 0.473553 -1.130427
v 0.143878 0.473629 -1.130517
v 0.143628 0.473705 -1.130600
v 0.143375 0.473781 -1.130676
v 0.143119 0.473859 -1.130743
v 0.142861 0.473937 -1.130803
v 0.142600 0.474015 -1.130855
v 0.142336 0.474094 -1.130899
v 0.142069 0.474174 -1.130935
v 0.141800 0.474255 -1.130963
v 0.141527 0.474337 -1.130984
v 0.141251 0.474419 -1.130996
v 0.140972 0.474502 -1.131000
v 0.116004 0.481215 -1.131000
v 0.115166 0.481416 -1.131000
v 0.114883 0.481484 -1.130996
v 0.114603 0.481551 -1.130984
v 0.114326 0.481617 -1.130963
v 0.114052 0.481682 -1.130935
v 0.113781 0.481746 -1.130899
v 0.113513 0.481809 -1.130855
v 0.113247 0.481871 -1.130803
v 0.112985 0.481933 -1.130743
v 0.112725 0.481994 -1.130676
v 0.112467 0.482054 -1.130600
v 0.112212 0.482114 -1.130517
v 0.111960 0.482172 -1.130427
v 0.111709 0.482230 -1.130329
v 0.111461 0.482288 -1.130224
v 0.111216 0.482344 -1.130111
v 0.110972 0.482400 -1.129991
v 0.110732 0.482456 -1.129863
v 0.110494 0.482510 -1.129729
v 0.110259 0.482564 -1.129587
v 0.110028 0.482616 -1.129438
v 0.109801 0.482668 -1.129283
v 0.109578 0.482719 -1.129120
v 0.109359 0.482769 -1.128951
v 0.109144 0.482817 -1.128775
v 0.108934 0.482865 -1.128593
v 0.108729 0.482911 -1.128404
v 0.108529 0.482956 -1.128208
v 0.108334 0.483000 -1.128006
v 0.108145 0.483042 -1.127798
v 0.107962 0.483083 -1.127584
v 0.107785 0.483123 -1.127364
v 0.107614 0.483161 -1.127139
v 0.107448 0.483198 -1.126909
v 0.107289 0.483233 -1.126673
v 0.107137 0.483267 -1.126433
v 0.106990 0.483299 -1.126189
v 0.106851 0.483330 -1.125940
v 0.106718 0.483359 -1.125688
v 0.106592 0.483387 -1.125432
v 0.106472 0.483414 -1.125172
v 0.106360 0.483438 -1.124909
v 0.106255 0.483461 -1.124643
v 0.106158 0.483483 -1.124375
v 0.106067 0.483503 -1.124103
v 0.105984 0.483521 -1.123828
v 0.105909 0.483537 -1.123551
v 0.105841 0.483552 -1.123269
v 0.105781 0.483565 -1.122985
v 0.105729 0.483577 -1.122697
v 0.105684 0.483586 -1.122406
v 0.105647 0.483594 -1.122111
v 0.105619 0.483601 -1.121812
v 0.105598 0.483605 -1.121510
v 0.105586 0.483608 -1.121203
v 0.105582 0.483609 -1.120893
v 0.065987 0.490582 -1.122985
v 0.066190 0.490555 -1.120893
v 0.066185 0.490555 -1.121203
v 0.066173 0.490557 -1.121510
v 0.066152 0.490560 -1.121812
v 0.066123 0.490564 -1.122111
v 0.066086 0.490569 -1.122406
v 0.066041 0.490575 -1.122697
v 0.065926 0.490590 -1.123269
v 0.065858 0.490599 -1.123551
v 0.065781 0.490610 -1.123828
v 0.065697 0.490621 -1.124103
v 0.065605 0.490633 -1.124375
v 0.065506 0.490646 -1.124643
v 0.065400 0.490661 -1.124909
v 0.065286 0.490676 -1.125172
v 0.065165 0.490692 -1.125432
v 0.065037 0.490709 -1.125688
v 0.064902 0.490727 -1.125940
v 0.064760 0.490746 -1.126189
v 0.064611 0.490765 -1.126433
v 0.064456 0.490786 -1.126673
v 0.064295 0.490807 -1.126909
v 0.064127 0.490829 -1.127139
v 0.063953 0.490851 -1.127364
v 0.063773 0.490875 -1.127584
v 0.063587 0.490899 -1.127798
v 0.063395 0.490924 -1.128006
v 0.063197 0.490949 -1.128208
v 0.062994 0.490975 -1.128404
v 0.062785 0.491002 -1.128593
v 0.062571 0.491029 -1.128775
v 0.062353 0.491057 -1.128951
v 0.062130 0.491085 -1.129120
v 0.061903 0.491114 -1.129283
v 0.061672 0.491143 -1.129438
v 0.061436 0.491173 -1.129587
v 0.061198 0.491202 -1.129729
v 0.060956 0.491232 -1.129863
v 0.060711 0.491263 -1.129991
v 0.060463 0.491293 -1.130111
v 0.060213 0.491324 -1.130224
v 0.059960 0.491355 -1.130329
v 0.059705 0.491386 -1.130427
v 0.059447 0.491417 -1.130517
v 0.059188 0.491449 -1.130600
v 0.058925 0.491480 -1.130676
v 0.058660 0.491512 -1.130743
v 0.058392 0.491544 -1.130803
v 0.058121 0.491576 -1.130855
v 0.057848 0.491608 -1.130899
v 0.057571 0.491641 -1.130935
v 0.057292 0.491673 -1.130963
v 0.057009 0.491706 -1.130984
v 0.056723 0.491739 -1.130996
v 0.056434 0.491773 -1.131000
v 0.030679 0.494048 -1.131000
v 0.029819 0.494101 -1.131000
v 0.029528 0.494118 -1.130996
v 0.029241 0.494136 -1.130984
v 0.028957 0.494152 -1.130963
v 0.028676 0.494169 -1.130935
v 0.028398 0.494185 -1.130899
v 0.028123 0.494201 -1.130855
v 0.027851 0.494216 -1.130803
v 0.027581 0.494231 -1.130743
v 0.027315 0.494246 -1.130676
v 0.027051 0.494260 -1.130600
v 0.026789 0.494275 -1.130517
v 0.026530 0.494289 -1.130427
v 0.026274 0.494302 -1.130329
v 0.026020 0.494316 -1.130224
v 0.025768 0.494329 -1.130111
v 0.025518 0.494342 -1.129991
v 0.025272 0.494354 -1.129863
v 0.025028 0.494367 -1.129729
v 0.024788 0.494379 -1.129587
v 0.024551 0.494391 -1.129438
v 0.024319 0.494402 -1.129283
v 0.024090 0.494413 -1.129120
v 0.023865 0.494424 -1.128951
v 0.023645 0.494435 -1.128775
v 0.023430 0.494445 -1.128593
v 0.023220 0.494455 -1.128404
v 0.023016 0.494465 -1.128208
v 0.022817 0.494474 -1.128006
v 0.022623 0.494483 -1.127798
v 0.022436 0.494491 -1.127584
v 0.022254 0.494500 -1.127364
v 0.022079 0.494507 -1.127139
v 0.021910 0.494515 -1.126909
v 0.021747 0.494522 -1.126673
v 0.021591 0.494529 -1.126433
v 0.021441 0.494535 -1.126189
v 0.021298 0.494542 -1.125940
v 0.021162 0.494547 -1.125688
v 0.021033 0.494553 -1.125432
v 0.020911 0.494558 -1.125172
v 0.020796 0.494563 -1.124909
v 0.020689 0.494567 -1.124643
v 0.020589 0.494572 -1.124375
v 0.020496 0.494575 -1.124103
v 0.020412 0.494579 -1.123828
v 0.020335 0.494582 -1.123551
v 0.020265 0.494585 -1.123269
v 0.020204 0.494588 -1.122985
v 0.020150 0.494590 -1.122697
v 0.020105 0.494592 -1.122406
v 0.020067 0.494593 -1.122111
v 0.020038 0.494594 -1.121812
v 0.020017 0.494595 -1.121510
v 0.020004 0.494596 -1.121203
v 0.020000 0.494596 -1.120893
v -0.020204 0.494588 -1.122985
v -0.020000 0.494596 -1.120893
v -0.020004 0.494596 -1.121203
v -0.020017 0.494595 -1.121510
v -0.020038 0.494594 -1.121812
v -0.020067 0.494593 -1.122111
v -0.020105 0.494592 -1.122406
v -0.020150 0.494590 -1.122697
v -0.020265 0.494585 -1.123269
v -0.020335 0.494582 -1.123551
v -0.020412 0.494579 -1.123828
v -0.020496 0.494575 -1.124103
v -0.020589 0.494572 -1.124375
v -0.020689 0.494567 -1.124643
v -0.020796 0.494563 -1.124909
v -0.020911 0.494558 -1.125172
v -0.021033 0.494553 -1.125432
v -0.021162 0.494547 -1.125688
v -0.021298 0.494542 -1.125940
v -0.021441 0.494535 -1.126189
v -0.021591 0.494529 -1.126433
v -0.021747 0.494522 -1.126673
v -0.021910 0.494515 -1.126909
v -0.022079 0.494507 -1.127139
v -0.022254 0.494500 -1.127364
v -0.022436 0.494491 -1.127584
v -0.022623 0.494483 -1.127798
v -0.022817 0.494474 -1.128006
v -0.023016 0.494465 -1.128208
v -0.023220 0.494455 -1.128404
v -0.023430 0.494445 -1.128593
v -0.023645 0.494435 -1.128775
v -0.023865 0.494424 -1.128951
v -0.024090 0.494413 -1.129120
v -0.024319 0.494402 -1.129283
v -0.024551 0.494391 -1.129438
v -0.024788 0.494379 -1.129587
v -0.025028 0.494367 -1.129729
v -0.025272 0.494354 -1.129863
v -0.025518 0.494342 -1.129991
v -0.025768 0.494329 -1.130111
v -0.026020 0.494316 -1.130224
v -0.026274 0.494302 -1.130329
v -0.026530 0.494289 -1.130427
v -0.026789 0.494275 -1.130517
v -0.027051 0.494260 -1.130600
v -0.027315 0.494246 -1.130676
v -0.027581 0.494231 -1.130743
v -0.027851 0.494216 -1.130803
v -0.028123 0.494201 -1.130855
v -0.028398 0.494185 -1.130899
v -0.028676 0.494169 -1.130935
v -0.028957 0.494152 -1.130963
v -0.029241 0.494136 -1.130984
v -0.029528 0.494118 -1.130996
v -0.029819 0.494101 -1.131000
v -0.055577 0.491870 -1.131000
v -0.056434 0.491773 -1.131000
v -0.056723 0.491739 -1.130996
v -0.057009 0.491706 -1.130984
v -0.057292 0.491673 -1.130963
v -0.057571 0.491641 -1.130935
v -0.057848 0.491608 -1.130899
v -0.058121 0.491576 -1.130855
v -0.058392 0.491544 -1.130803
v -0.058660 0.491512 -1.130743
v -0.058925 0.491480 -1.130676
v -0.059188 0.491449 -1.130600
v -0.059447 0.491417 -1.130517
v -0.059705 0.491386 -1.130427
v -0.059960 0.491355 -1.130329
v -0.060213 0.491324 -1.130224
v -0.060463 0.491293 -1.130111
v -0.060711 0.491263 -1.129991
v -0.060956 0.491232 -1.129863
v -0.061198 0.491202 -1.129729
v -0.061436 0.491173 -1.129587
v -0.061672 0.491143 -1.129438
v -0.061903 0.491114 -1.129283
v -0.062130 0.491085 -1.129120
v -0.062353 0.491057 -1.128951
v -0.062571 0.491029 -1.128775
v -0.062785 0.491002 -1.128593
v -0.062994 0.490975 -1.128404
v -0.063197 0.490949 -1.128208
v -0.063395 0.490924 -1.128006
v -0.063587 0.490899 -1.127798
v -0.063773 0.490875 -1.127584
v -0.063953 0.490851 -1.127364
v -0.064127 0.490829 -1.127139
v -0.064295 0.490807 -1.126909
v -0.064456 0.490786 -1.126673
v -0.064611 0.490765 -1.126433
v -0.064760 0.490746 -1.126189
v -0.064902 0.490727 -1.125940
v -0.065037 0.490709 -1.125688
v -0.065165 0.490692 -1.125432
v -0.065286 0.490676 -1.125172
v -0.065400 0.490661 -1.124909
v -0.065506 0.490646 -1.124643
v -0.065605 0.490633 -1.124375
v -0.065697 0.490621 -1.124103
v -0.065781 0.490610 -1.123828
v -0.065858 0.490599 -1.123551
v -0.065926 0.490590 -1.123269
v -0.065987 0.490582 -1.122985
v -0.066041 0.490575 -1.122697
v -0.066086 0.490569 -1.122406
v -0.066123 0.490564 -1.122111
v -0.066152 0.490560 -1.121812
v -0.066173 0.490557 -1.121510
v -0.066185 0.490555 -1.121203
v -0.066190 0.490555 -1.120893
v -0.105781 0.483565 -1.122985
v -0.105582 0.483609 -1.120893
v -0.105586 0.483608 -1.121203
v -0.105598 0.483605 -1.121510
v -0.105619 0.483601 -1.121812
v -0.105647 0.483594 -1.122111
v -0.105684 0.483586 -1.122406
v -0.105729 0.483577 -1.122697
v -0.105841 0.483552 -1.123269
v -0.105909 0.483537 -1.123551
v -0.105984 0.483521 -1.123828
v -0.106067 0.483503 -1.124103
v -0.106158 0.483483 -1.124375
v -0.106255 0.483461 -1.124643
v -0.106360 0.483438 -1.124909
v -0.106472 0.483414 -1.125172
v -0.106592 0.483387 -1.125432
v -0.106718 0.483359 -1.125688
v -0.106851 0.483330 -1.125940
v -0.106990 0.483299 -1.126189
v -0.107137 0.483267 -1.126433
v -0.107289 0.483233 -1.126673
v -0.107448 0.483198 -1.126909
v -0.107614 0.483161 -1.127139
v -0.107785 0.483123 -1.127364
v -0.107962 0.483083 -1.127584
v -0.108145 0.483042 -1.127798
v -0.108334 0.483000 -1.128006
v -0.108529 0.482956 -1.128208
v -0.108729 0.482911 -1.128404
v -0.108934 0.482865 -1.128593
v -0.109144 0.482817 -1.128775
v -0.109359 0.482769 -1.128951
v -0.109578 0.482719 -1.129120
v -0.109801 0.482668 -1.129283
v -0.110028 0.482616 -1.129438
v -0.110259 0.482564 -1.129587
v -0.110494 0.482510 -1.129729
v -0.110732 0.482456 -1.129863
v -0.110972 0.482400 -1.129991
v -0.111216 0.482344 -1.130111
v -0.111461 0.482288 -1.130224
v -0.111709 0.482230 -1.130329
v -0.111960 0.482172 -1.130427
v -0.112212 0.482114 -1.130517
v -0.112467 0.482054 -1.130600
v -0.112725 0.481994 -1.130676
v -0.112985 0.481933 -1.130743
v -0.113247 0.481871 -1.130803
v -0.113513 0.481809 -1.130855
v -0.113781 0.481746 -1.130899
v -0.114052 0.481682 -1.130935
v -0.114326 0.481617 -1.130963
v -0.114603 0.481551 -1.130984
v -0.114883 0.481484 -1.130996
v -0.115166 0.481416 -1.131000
v -0.140145 0.474747 -1.131000
v -0.140972 0.474502 -1.131000
v -0.141251 0.474419 -1.130996
v -0.141527 0.474337 -1.130984
v -0.141800 0.474255 -1.130963
v -0.142069 0.474174 -1.130935
v -0.142336 0.474094 -1.130899
v -0.142600 0.474015 -1.130855
v -0.142861 0.473937 -1.130803
v -0.143119 0.473859 -1.130743
v -0.143375 0.473781 -1.130676
v -0.143628 0.473705 -1.130600
v -0.143878 0.473629 -1.130517
v -0.144126 0.473553 -1.130427
v -0.144372 0.473478 -1.130329
v -0.144615 0.473404 -1.130224
v -0.144857 0.473330 -1.130111
v -0.145095 0.473257 -1.129991
v -0.145331 0.473185 -1.129863
v -0.145564 0.473113 -1.129729
v -0.145794 0.473042 -1.129587
v -0.146021 0.472972 -1.129438
v -0.146243 0.472904 -1.129283
v -0.146462 0.472836 -1.129120
v -0.146677 0.472769 -1.128951
v -0.146887 0.472704 -1.128775
v -0.147093 0.472640 -1.128593
v -0.147294 0.472578 -1.128404
v -0.147489 0.472517 -1.128208
v -0.147679 0.472457 -1.128006
v -0.147864 0.472399 -1.127798
v -0.148043 0.472343 -1.127584
v -0.148217 0.472289 -1.127364
v -0.148384 0.472236 -1.127139
v -0.148546 0.472186 -1.126909
v -0.148701 0.472137 -1.126673
v -0.148850 0.472090 -1.126433
v -0.148993 0.472045 -1.126189
v -0.149130 0.472001 -1.125940
v -0.149259 0.471960 -1.125688
v -0.149383 0.471921 -1.125432
v -0.149499 0.471885 -1.125172
v -0.149608 0.471850 -1.124909
v -0.149711 0.471817 -1.124643
v -0.149806 0.471787 -1.124375
v -0.149894 0.471759 -1.124103
v -0.149975 0.471733 -1.123828
v -0.150049 0.471710 -1.123551
v -0.150115 0.471689 -1.123269
v -0.150174 0.471670 -1.122985
v -0.150225 0.471654 -1.122697
v -0.150268 0.471640 -1.122406
v -0.150304 0.471629 -1.122111
v -0.150332 0.471620 -1.121812
v -0.150352 0.471614 -1.121510
v -0.150364 0.471610 -1.121203
v -0.150368 0.471608 -1.120893
v -0.188144 0.457850 -1.122985
v -0.187956 0.457928 -1.120893
v -0.187960 0.457926 -1.121203
v -0.187971 0.457921 -1.121510
v -0.187991 0.457913 -1.121812
v -0.188018 0.457902 -1.122111
v -0.188052 0.457888 -1.122406
v -0.188095 0.457871 -1.122697
v -0.188201 0.457827 -1.123269
v -0.188265 0.457800 -1.123551
v -0.188337 0.457771 -1.123828
v -0.188415 0.457739 -1.124103
v -0.188501 0.457704 -1.124375
v -0.188593 0.457665 -1.124643
v -0.188693 0.457624 -1.124909
v -0.188799 0.457581 -1.125172
v -0.188912 0.457534 -1.125432
v -0.189031 0.457485 -1.125688
v -0.189157 0.457433 -1.125940
v -0.189289 0.457378 -1.126189
v -0.189427 0.457321 -1.126433
v -0.189572 0.457261 -1.126673
v -0.189722 0.457198 -1.126909
v -0.189879 0.457134 -1.127139
v -0.190041 0.457066 -1.127364
v -0.190209 0.456996 -1.127584
v -0.190382 0.456924 -1.127798
v -0.190561 0.456850 -1.128006
v -0.190745 0.456773 -1.128208
v -0.190934 0.456694 -1.128404
v -0.191128 0.456613 -1.128593
v -0.191326 0.456530 -1.128775
v -0.191529 0.456444 -1.128951
v -0.191736 0.456357 -1.129120
v -0.191948 0.456269 -1.129283
v -0.192162 0.456178 -1.129438
v -0.192381 0.456086 -1.129587
v -0.192602 0.455993 -1.129729
v -0.192827 0.455898 -1.129863
v -0.193054 0.455801 -1.129991
v -0.193284 0.455704 -1.130111
v -0.193516 0.455606 -1.130224
v -0.193751 0.455506 -1.130329
v -0.193987 0.455405 -1.130427
v -0.194226 0.455304 -1.130517
v -0.194466 0.455201 -1.130600
v -0.194710 0.455097 -1.130676
v -0.194955 0.454992 -1.130743
v -0.195203 0.454886 -1.130803
v -0.195453 0.454778 -1.130855
v -0.195706 0.454669 -1.130899
v -0.195962 0.454559 -1.130935
v -0.196221 0.454447 -1.130963
v -0.196482 0.454335 -1.130984
v -0.196746 0.454220 -1.130996
v -0.197013 0.454104 -1.131000
v -0.220455 0.443198 -1.131000
v -0.221226 0.442814 -1.131000
v -0.221487 0.442683 -1.130996
v -0.221744 0.442554 -1.130984
v -0.221999 0.442427 -1.130963
v -0.222250 0.442301 -1.130935
v -0.222499 0.442175 -1.130899
v -0.222745 0.442052 -1.130855
v -0.222989 0.441929 -1.130803
v -0.223229 0.441807 -1.130743
v -0.223468 0.441687 -1.130676
v -0.223704 0.441567 -1.130600
v -0.223937 0.441449 -1.130517
v -0.224168 0.441332 -1.130427
v -0.224397 0.441215 -1.130329
v -0.224624 0.441100 -1.130224
v -0.224849 0.440985 -1.130111
v -0.225071 0.440872 -1.129991
v -0.225291 0.440759 -1.129863
v -0.225508 0.440648 -1.129729
v -0.225722 0.440539 -1.129587
v -0.225933 0.440431 -1.129438
v -0.226141 0.440324 -1.129283
v -0.226344 0.440219 -1.129120
v -0.226544 0.440117 -1.128951
v -0.226740 0.440016 -1.128775
v -0.226931 0.439917 -1.128593
v -0.227118 0.439821 -1.128404
v -0.227300 0.439727 -1.128208
v -0.227477 0.439635 -1.128006
v -0.227649 0.439546 -1.127798
v -0.227816 0.439460 -1.127584
v -0.227977 0.439376 -1.127364
v -0.228133 0.439295 -1.127139
v -0.228283 0.439217 -1.126909
v -0.228428 0.439142 -1.126673
v -0.228566 0.439070 -1.126433
v -0.228699 0.439001 -1.126189
v -0.228826 0.438935 -1.125940
v -0.228947 0.438872 -1.125688
v -0.229061 0.438812 -1.125432
v -0.229170 0.438755 -1.125172
v -0.229271 0.438702 -1.124909
v -0.229367 0.438652 -1.124643
v -0.229455 0.438606 -1.124375
v -0.229537 0.438563 -1.124103
v -0.229612 0.438524 -1.123828
v -0.229681 0.438488 -1.123551
v -0.229742 0.438456 -1.123269
v -0.229797 0.438427 -1.122985
v -0.229844 0.438402 -1.122697
v -0.229885 0.438381 -1.122406
v -0.229918 0.438364 -1.122111
v -0.229944 0.438350 -1.121812
v -0.229962 0.438340 -1.121510
v -0.229974 0.438334 -1.121203
v -0.229977 0.438333 -1.120893
v -0.264791 0.418224 -1.122985
v -0.264618 0.418333 -1.120893
v -0.264622 0.418330 -1.121203
v -0.264633 0.418323 -1.121510
v -0.264650 0.418312 -1.121812
v -0.264675 0.418297 -1.122111
v -0.264707 0.418277 -1.122406
v -0.264745 0.418252 -1.122697
v -0.264843 0.418191 -1.123269
v -0.264901 0.418153 -1.123551
v -0.264967 0.418112 -1.123828
v -0.265038 0.418067 -1.124103
v -0.265116 0.418017 -1.124375
v -0.265201 0.417964 -1.124643
v -0.265292 0.417906 -1.124909
v -0.265388 0.417844 -1.125172
v -0.265492 0.417779 -1.125432
v -0.265601 0.417710 -1.125688
v -0.265715 0.417637 -1.125940
v -0.265836 0.417560 -1.126189
v -0.265962 0.417479 -1.126433
v -0.266094 0.417395 -1.126673
v -0.266232 0.417308 -1.126909
v -0.266374 0.417217 -1.127139
v -0.266522 0.417122 -1.127364
v -0.266676 0.417024 -1.127584
v -0.266834 0.416923 -1.127798
v -0.266997 0.416819 -1.128006
v -0.267164 0.416711 -1.128208
v -0.267337 0.416600 -1.128404
v -0.267514 0.416487 -1.128593
v -0.267695 0.416370 -1.128775
v -0.267880 0.416251 -1.128951
v -0.268069 0.416130 -1.129120
v -0.268262 0.416006 -1.129283
v -0.268458 0.415879 -1.129438
v -0.268657 0.415751 -1.129587
v -0.268859 0.415620 -1.129729
v -0.269063 0.415488 -1.129863
v -0.269270 0.415353 -1.129991
v -0.269480 0.415217 -1.130111
v -0.269692 0.415080 -1.130224
v -0.269905 0.414941 -1.130329
v -0.270120 0.414801 -1.130427
v -0.270338 0.414660 -1.130517
v -0.270557 0.414517 -1.130600
v -0.270778 0.414372 -1.130676
v -0.271002 0.414226 -1.130743
v -0.271227 0.414078 -1.130803
v -0.271455 0.413929 -1.130855
v -0.271686 0.413778 -1.130899
v -0.271918 0.413625 -1.130935
v -0.272154 0.413470 -1.130963
v -0.272391 0.413313 -1.130984
v -0.272632 0.413155 -1.130996
v -0.272875 0.412994 -1.131000
v -0.294066 0.398183 -1.131000
v -0.294759 0.397671 -1.131000
v -0.294993 0.397497 -1.130996
v -0.295224 0.397326 -1.130984
v -0.295453 0.397156 -1.130963
v -0.295679 0.396988 -1.130935
v -0.295902 0.396821 -1.130899
v -0.296123 0.396657 -1.130855
v -0.296341 0.396493 -1.130803
v -0.296557 0.396332 -1.130743
v -0.296771 0.396172 -1.130676
v -0.296982 0.396013 -1.130600
v -0.297192 0.395856 -1.130517
v -0.297399 0.395700 -1.130427
v -0.297604 0.395546 -1.130329
v -0.297808 0.395393 -1.130224
v -0.298009 0.395241 -1.130111
v -0.298209 0.395091 -1.129991
v -0.298406 0.394942 -1.129863
v -0.298600 0.394795 -1.129729
v -0.298792 0.394650 -1.129587
v -0.298981 0.394507 -1.129438
v -0.299166 0.394366 -1.129283
v -0.299349 0.394227 -1.129120
v -0.299528 0.394091 -1.128951
v -0.299703 0.393958 -1.128775
v -0.299874 0.393828 -1.128593
v -0.300042 0.393700 -1.128404
v -0.300205 0.393576 -1.128208
v -0.300363 0.393455 -1.128006
v -0.300517 0.393338 -1.127798
v -0.300666 0.393224 -1.127584
v -0.300811 0.393113 -1.127364
v -0.300950 0.393007 -1.127139
v -0.301084 0.392904 -1.126909
v -0.301214 0.392805 -1.126673
v -0.301338 0.392709 -1.126433
v -0.301457 0.392618 -1.126189
v -0.301570 0.392531 -1.125940
v -0.301678 0.392448 -1.125688
v -0.301780 0.392369 -1.125432
v -0.301877 0.392295 -1.125172
v -0.301968 0.392225 -1.124909
v -0.302053 0.392159 -1.124643
v -0.302133 0.392098 -1.124375
v -0.302206 0.392042 -1.124103
v -0.302273 0.391990 -1.123828
v -0.302334 0.391943 -1.123551
v -0.302389 0.391900 -1.123269
v -0.302438 0.391863 -1.122985
v -0.302480 0.391830 -1.122697
v -0.302516 0.391802 -1.122406
v -0.302546 0.391779 -1.122111
v -0.302569 0.391761 -1.121812
v -0.302586 0.391748 -1.121510
v -0.302596 0.391741 -1.121203
v -0.302599 0.391738 -1.120893
v -0.333392 0.365889 -1.122985
v -0.333241 0.366027 -1.120893
v -0.333244 0.366024 -1.121203
v -0.333253 0.366015 -1.121510
v -0.333269 0.366001 -1.121812
v -0.333291 0.365981 -1.122111
v -0.333318 0.365956 -1.122406
v -0.333352 0.365925 -1.122697
v -0.333437 0.365848 -1.123269
v -0.333488 0.365801 -1.123551
v -0.333545 0.365749 -1.123828
v -0.333608 0.365692 -1.124103
v -0.333677 0.365630 -1.124375
v -0.333750 0.365562 -1.124643
v -0.333830 0.365490 -1.124909
v -0.333915 0.365412 -1.125172
v -0.334005 0.365330 -1.125432
v -0.334100 0.365243 -1.125688
v -0.334200 0.365151 -1.125940
v -0.334306 0.365054 -1.126189
v -0.334416 0.364953 -1.126433
v -0.334532 0.364847 -1.126673
v -0.334652 0.364737 -1.126909
v -0.334777 0.364623 -1.127139
v -0.334906 0.364504 -1.127364
v -0.335040 0.364381 -1.127584
v -0.335178 0.364254 -1.127798
v -0.335320 0.364123 -1.128006
v -0.335467 0.363988 -1.128208
v -0.335617 0.363849 -1.128404
v -0.335772 0.363706 -1.128593
v -0.335930 0.363560 -1.128775
v -0.336092 0.363411 -1.128951
v -0.336257 0.363258 -1.129120
v -0.336425 0.363102 -1.129283
v -0.336596 0.362944 -1.129438
v -0.336769 0.362783 -1.129587
v -0.336946 0.362619 -1.129729
v -0.337124 0.362453 -1.129863
v -0.337305 0.362285 -1.129991
v -0.337488 0.362115 -1.130111
v -0.337672 0.361943 -1.130224
v -0.337858 0.361769 -1.130329
v -0.338046 0.361594 -1.130427
v -0.338235 0.361416 -1.130517
v -0.338427 0.361237 -1.130600
v -0.338619 0.361057 -1.130676
v -0.338814 0.360874 -1.130743
v -0.339011 0.360689 -1.130803
v -0.339209 0.360503 -1.130855
v -0.339410 0.360314 -1.130899
v -0.339612 0.360123 -1.130935
v -0.339817 0.359930 -1.130963
v -0.340024 0.359734 -1.130984
v -0.340233 0.359536 -1.130996
v -0.340445 0.359336 -1.131000
v -0.358743 0.341070 -1.131000
v -0.359336 0.340445 -1.131000
v -0.359536 0.340233 -1.130996
v -0.359734 0.340024 -1.130984
v -0.359930 0.339817 -1.130963
v -0.360123 0.339612 -1.130935
v -0.360314 0.339410 -1.130899
v -0.360503 0.339209 -1.130855
v -0.360689 0.339011 -1.130803
v -0.360874 0.338814 -1.130743
v -0.361057 0.338619 -1.130676
v -0.361237 0.338427 -1.130600
v -0.361416 0.338235 -1.130517
v -0.361594 0.338046 -1.130427
v -0.361769 0.337858 -1.130329
v -0.361943 0.337672 -1.130224
v -0.362115 0.337488 -1.130111
v -0.362285 0.337305 -1.129991
v -0.362453 0.337124 -1.129863
v -0.362619 0.336946 -1.129729
v -0.362783 0.336769 -1.129587
v -0.362944 0.336596 -1.129438
v -0.363102 0.336425 -1.129283
v -0.363258 0.336257 -1.129120
v -0.363411 0.336092 -1.128951
v -0.363560 0.335930 -1.128775
v -0.363706 0.335772 -1.128593
v -0.363849 0.335617 -1.128404
v -0.363988 0.335467 -1.128208
v -0.364123 0.335320 -1.128006
v -0.364254 0.335178 -1.127798
v -0.364381 0.335040 -1.127584
v -0.364504 0.334906 -1.127364
v -0.364623 0.334777 -1.127139
v -0.364737 0.334652 -1.126909
v -0.364847 0.334532 -1.126673
v -0.364953 0.334416 -1.126433
v -0.365054 0.334306 -1.126189
v -0.365151 0.334200 -1.125940
v -0.365243 0.334100 -1.125688
v -0.365330 0.334005 -1.125432
v -0.365412 0.333915 -1.125172
v -0.365490 0.333830 -1.124909
v -0.365562 0.333750 -1.124643
v -0.365630 0.333677 -1.124375
v -0.365692 0.333608 -1.124103
v -0.365749 0.333545 -1.123828
v -0.365801 0.333488 -1.123551
v -0.365848 0.333437 -1.123269
v -0.365889 0.333392 -1.122985
v -0.365925 0.333352 -1.122697
v -0.365956 0.333318 -1.122406
v -0.365981 0.333291 -1.122111
v -0.366001 0.333269 -1.121812
v -0.366015 0.333253 -1.121510
v -0.366024 0.333244 -1.121203
v -0.366027 0.333241 -1.120893
v -0.391863 0.302438 -1.122985
v -0.391738 0.302599 -1.120893
v -0.391741 0.302596 -1.121203
v -0.391748 0.302586 -1.121510
v -0.391761 0.302569 -1.121812
v -0.391779 0.302546 -1.122111
v -0.391802 0.302516 -1.122406
v -0.391830 0.302480 -1.122697
v -0.391900 0.302389 -1.123269
v -0.391943 0.302334 -1.123551
v -0.391990 0.302273 -1.123828
v -0.392042 0.302206 -1.124103
v -0.392098 0.302133 -1.124375
v -0.392159 0.302053 -1.124643
v -0.392225 0.301968 -1.124909
v -0.392295 0.301877 -1.125172
v -0.392369 0.301780 -1.125432
v -0.392448 0.301678 -1.125688
v -0.392531 0.301570 -1.125940
v -0.392618 0.301457 -1.126189
v -0.392709 0.301338 -1.126433
v -0.392805 0.301214 -1.126673
v -0.392904 0.301084 -1.126909
v -0.393007 0.300950 -1.127139
v -0.393113 0.300811 -1.127364
v -0.393224 0.300666 -1.127584
v -0.393338 0.300517 -1.127798
v -0.393455 0.300363 -1.128006
v -0.393576 0.300205 -1.128208
v -0.393700 0.300042 -1.128404
v -0.393828 0.299874 -1.128593
v -0.393958 0.299703 -1.128775
v -0.394091 0.299528 -1.128951
v -0.394227 0.299349 -1.129120
v -0.394366 0.299166 -1.129283
v -0.394507 0.298981 -1.129438
v -0.394650 0.298792 -1.129587
v -0.394795 0.298600 -1.129729
v -0.394942 0.298406 -1.129863
v -0.395091 0.298209 -1.129991
v -0.395241 0.298009 -1.130111
v -0.395393 0.297808 -1.130224
v -0.395546 0.297604 -1.130329
v -0.395700 0.297399 -1.130427
v -0.395856 0.297192 -1.130517
v -0.396013 0.296982 -1.130600
v -0.396172 0.296771 -1.130676
v -0.396332 0.296557 -1.130743
v -0.396493 0.296341 -1.130803
v -0.396657 0.296123 -1.130855
v -0.396821 0.295902 -1.130899
v -0.396988 0.295679 -1.130935
v -0.397156 0.295453 -1.130963
v -0.397326 0.295224 -1.130984
v -0.397497 0.294993 -1.130996
v -0.397671 0.294759 -1.131000
v -0.412519 0.273593 -1.131000
v -0.412994 0.272875 -1.131000
v -0.413155 0.272632 -1.130996
v -0.413313 0.272391 -1.130984
v -0.413470 0.272154 -1.130963
v -0.413625 0.271918 -1.130935
v -0.413778 0.271686 -1.130899
v -0.413929 0.271455 -1.130855
v -0.414078 0.271227 -1.130803
v -0.414226 0.271002 -1.130743
v -0.414372 0.270778 -1.130676
v -0.414517 0.270557 -1.130600
v -0.414660 0.270338 -1.130517
v -0.414801 0.270120 -1.130427
v -0.414941 0.269905 -1.130329
v -0.415080 0.269692 -1.130224
v -0.415217 0.269480 -1.130111
v -0.415353 0.269270 -1.129991
v -0.415488 0.269063 -1.129863
v -0.415620 0.268859 -1.129729
v -0.415751 0.268657 -1.129587
v -0.415879 0.268458 -1.129438
v -0.416006 0.268262 -1.129283
v -0.416130 0.268069 -1.129120
v -0.416251 0.267880 -1.128951
v -0.416370 0.267695 -1.128775
v -0.416487 0.267514 -1.128593
v -0.416600 0.267337 -1.128404
v -0.416711 0.267164 -1.128208
v -0.416819 0.266997 -1.128006
v -0.416923 0.266834 -1.127798
v -0.417024 0.266676 -1.127584
v -0.417122 0.266522 -1.127364
v -0.417217 0.266374 -1.127139
v -0.417308 0.266232 -1.126909
v -0.417395 0.266094 -1.126673
v -0.417479 0.265962 -1.126433
v -0.417560 0.265836 -1.126189
v -0.417637 0.265715 -1.125940
v -0.417710 0.265601 -1.125688
v -0.417779 0.265492 -1.125432
v -0.417844 0.265388 -1.125172
v -0.417906 0.265292 -1.124909
v -0.417964 0.265201 -1.124643
v -0.418017 0.265116 -1.124375
v -0.418067 0.265038 -1.124103
v -0.418112 0.264967 -1.123828
v -0.418153 0.264901 -1.123551
v -0.418191 0.264843 -1.123269
v -0.418224 0.264791 -1.122985
v -0.418252 0.264745 -1.122697
v -0.418277 0.264707 -1.122406
v -0.418297 0.264675 -1.122111
v -0.418312 0.264650 -1.121812
v -0.418323 0.264633 -1.121510
v -0.418330 0.264622 -1.121203
v -0.418333 0.264618 -1.120893
v -0.438427 0.229797 -1.122985
v -0.438333 0.229977 -1.120893
v -0.438334 0.229974 -1.121203
v -0.438340 0.229962 -1.121510
v -0.438350 0.229944 -1.121812
v -0.438364 0.229918 -1.122111
v -0.438381 0.229885 -1.122406
v -0.438402 0.229844 -1.122697
v -0.438456 0.229742 -1.123269
v -0.438488 0.229681 -1.123551
v -0.438524 0.229612 -1.123828
v -0.438563 0.229537 -1.124103
v -0.438606 0.229455 -1.124375
v -0.438652 0.229367 -1.124643
v -0.438702 0.229271 -1.124909
v -0.438755 0.229170 -1.125172
v -0.438812 0.229061 -1.125432
v -0.438872 0.228947 -1.125688
v -0.438935 0.228826 -1.125940
v -0.439001 0.228699 -1.126189
v -0.439070 0.228566 -1.126433
v -0.439142 0.228428 -1.126673
v -0.439217 0.228283 -1.126909
v -0.439295 0.228133 -1.127139
v -0.439376 0.227977 -1.127364
v -0.439460 0.227816 -1.127584
v -0.439546 0.227649 -1.127798
v -0.439635 0.227477 -1.128006
v -0.439727 0.227300 -1.128208
v -0.439821 0.227118 -1.128404
v -0.439917 0.226931 -1.128593
v -0.440016 0.226740 -1.128775
v -0.440117 0.226544 -1.128951
v -0.440219 0.226344 -1.129120
v -0.440324 0.226141 -1.129283
v -0.440431 0.225933 -1.129438
v -0.440539 0.225722 -1.129587
v -0.440648 0.225508 -1.129729
v -0.440759 0.225291 -1.129863
v -0.440872 0.225071 -1.129991
v -0.440985 0.224849 -1.130111
v -0.441100 0.224624 -1.130224
v -0.441215 0.224397 -1.130329
v -0.441332 0.224168 -1.130427
v -0.441449 0.223937 -1.130517
v -0.441567 0.223704 -1.130600
v -0.441687 0.223468 -1.130676
v -0.441807 0.223229 -1.130743
v -0.441929 0.222989 -1.130803
v -0.442052 0.222745 -1.130855
v -0.442175 0.222499 -1.130899
v -0.442301 0.222250 -1.130935
v -0.442427 0.221999 -1.130963
v -0.442554 0.221744 -1.130984
v -0.442683 0.221487 -1.130996
v -0.442814 0.221226 -1.131000
v -0.453761 0.197804 -1.131000
v -0.454104 0.197013 -1.131000
v -0.454220 0.196746 -1.130996
v -0.454335 0.196482 -1.130984
v -0.454447 0.196221 -1.130963
v -0.454559 0.195962 -1.130935
v -0.454669 0.195706 -1.130899
v -0.454778 0.195453 -1.130855
v -0.454886 0.195203 -1.130803
v -0.454992 0.194955 -1.130743
v -0.455097 0.194710 -1.130676
v -0.455201 0.194466 -1.130600
v -0.455304 0.194226 -1.130517
v -0.455405 0.193987 -1.130427
v -0.455506 0.193751 -1.130329
v -0.455606 0.193516 -1.130224
v -0.455704 0.193284 -1.130111
v -0.455801 0.193054 -1.129991
v -0.455898 0.192827 -1.129863
v -0.455993 0.192602 -1.129729
v -0.456086 0.192381 -1.129587
v -0.456178 0.192162 -1.129438
v -0.456269 0.191948 -1.129283
v -0.456357 0.191736 -1.129120
v -0.456444 0.191529 -1.128951
v -0.456530 0.191326 -1.128775
v -0.456613 0.191128 -1.128593
v -0.456694 0.190934 -1.128404
v -0.456773 0.190745 -1.128208
v -0.456850 0.190561 -1.128006
v -0.456924 0.190382 -1.127798
v -0.456996 0.190209 -1.127584
v -0.457066 0.190041 -1.127364
v -0.457134 0.189879 -1.127139
v -0.457198 0.189722 -1.126909
v -0.457261 0.189572 -1.126673
v -0.457321 0.189427 -1.126433
v -0.457378 0.189289 -1.126189
v -0.457433 0.189157 -1.125940
v -0.457485 0.189031 -1.125688
v -0.457534 0.188912 -1.125432
v -0.457581 0.188799 -1.125172
v -0.457624 0.188693 -1.124909
v -0.457665 0.188593 -1.124643
v -0.457704 0.188501 -1.124375
v -0.457739 0.188415 -1.124103
v -0.457771 0.188337 -1.123828
v -0.457800 0.188265 -1.123551
v -0.457827 0.188201 -1.123269
v -0.457850 0.188144 -1.122985
v -0.457871 0.188095 -1.122697
v -0.457888 0.188052 -1.122406
v -0.457902 0.188018 -1.122111
v -0.457913 0.187991 -1.121812
v -0.457921 0.187971 -1.121510
v -0.457926 0.187960 -1.121203
v -0.457928 0.187956 -1.120893
v -0.471670 0.150174 -1.122985
v -0.471608 0.150368 -1.120893
v -0.471610 0.150364 -1.121203
v -0.471614 0.150352 -1.121510
v -0.471620 0.150332 -1.121812
v -0.471629 0.150304 -1.122111
v -0.471640 0.150268 -1.122406
v -0.471654 0.150225 -1.122697
v -0.471689 0.150115 -1.123269
v -0.471710 0.150049 -1.123551
v -0.471733 0.149975 -1.123828
v -0.471759 0.149894 -1.124103
v -0.471787 0.149806 -1.124375
v -0.471817 0.149711 -1.124643
v -0.471850 0.149608 -1.124909
v -0.471885 0.149499 -1.125172
v -0.471921 0.149383 -1.125432
v -0.471960 0.149259 -1.125688
v -0.472001 0.149130 -1.125940
v -0.472045 0.148993 -1.126189
v -0.472090 0.148850 -1.126433
v -0.472137 0.148701 -1.126673
v -0.472186 0.148546 -1.126909
v -0.472236 0.148384 -1.127139
v -0.472289 0.148217 -1.127364
v -0.472343 0.148043 -1.127584
v -0.472399 0.147864 -1.127798
v -0.472457 0.147679 -1.128006
v -0.472517 0.147489 -1.128208
v -0.472578 0.147294 -1.128404
v -0.472640 0.147093 -1.128593
v -0.472704 0.146887 -1.128775
v -0.472769 0.146677 -1.128951
v -0.472836 0.146462 -1.129120
v -0.472904 0.146243 -1.129283
v -0.472972 0.146021 -1.129438
v -0.473042 0.145794 -1.129587
v -0.473113 0.145564 -1.129729
v -0.473185 0.145331 -1.129863
v -0.473257 0.145095 -1.129991
v -0.473330 0.144857 -1.130111
v -0.473404 0.144615 -1.130224
v -0.473478 0.144372 -1.130329
v -0.473553 0.144126 -1.130427
v -0.473629 0.143878 -1.130517
v -0.473705 0.143628 -1.130600
v -0.473781 0.143375 -1.130676
v -0.473859 0.143119 -1.130743
v -0.473937 0.142861 -1.130803
v -0.474015 0.142600 -1.130855
v -0.474094 0.142336 -1.130899
v -0.474174 0.142069 -1.130935
v -0.474255 0.141800 -1.130963
v -0.474337 0.141527 -1.130984
v -0.474419 0.141251 -1.130996
v -0.474502 0.140972 -1.131000
v -0.481215 0.116004 -1.131000
v -0.481416 0.115166 -1.131000
v -0.481484 0.114883 -1.130996
v -0.481551 0.114603 -1.130984
v -0.481617 0.114326 -1.130963
v -0.481682 0.114052 -1.130935
v -0.481746 0.113781 -1.130899
v -0.481809 0.113513 -1.130855
v -0.481871 0.113247 -1.130803
v -0.481933 0.112985 -1.130743
v -0.481994 0.112725 -1.130676
v -0.482054 0.112467 -1.130600
v -0.482114 0.112212 -1.130517
v -0.482172 0.111960 -1.130427
v -0.482230 0.111709 -1.130329
v -0.482288 0.111461 -1.130224
v -0.482344 0.111216 -1.130111
v -0.482400 0.110972 -1.129991
v -0.482456 0.110732 -1.129863
v -0.482510 0.110494 -1.129729
v -0.482564 0.110259 -1.129587
v -0.482616 0.110028 -1.129438
v -0.482668 0.109801 -1.129283
v -0.482719 0.109578 -1.129120
v -0.482769 0.109359 -1.128951
v -0.482817 0.109144 -1.128775
v -0.482865 0.108934 -1.128593
v -0.482911 0.108729 -1.128404
v -0.482956 0.108529 -1.128208
v -0.483000 0.108334 -1.128006
v -0.483042 0.108145 -1.127798
v -0.483083 0.107962 -1.127584
v -0.483123 0.107785 -1.127364
v -0.483161 0.107614 -1.127139
v -0.483198 0.107448 -1.126909
v -0.483233 0.107289 -1.126673
v -0.483267 0.107137 -1.126433
v -0.483299 0.106990 -1.126189
v -0.483330 0.106851 -1.125940
v -0.483359 0.106718 -1.125688
v -0.483387 0.106592 -1.125432
v -0.483414 0.106472 -1.125172
v -0.483438 0.106360 -1.124909
v -0.483461 0.106255 -1.124643
v -0.483483 0.106158 -1.124375
v -0.483503 0.106067 -1.124103
v -0.483521 0.105984 -1.123828
v -0.483537 0.105909 -1.123551
v -0.483552 0.105841 -1.123269
v -0.483565 0.105781 -1.122985
v -0.483577 0.105729 -1.122697
v -0.483586 0.105684 -1.122406
v -0.483594 0.105647 -1.122111
v -0.483601 0.105619 -1.121812
v -0.483605 0.105598 -1.121510
v -0.483608 0.105586 -1.121203
v -0.483609 0.105582 -1.120893
v -0.490582 0.065987 -1.122985
v -0.490555 0.066190 -1.120893
v -0.490555 0.066185 -1.121203
v -0.490557 0.066173 -1.121510
v -0.490560 0.066152 -1.121812
v -0.490564 0.066123 -1.122111
v -0.490569 0.066086 -1.122406
v -0.490575 0.066041 -1.122697
v -0.490590 0.065926 -1.123269
v -0.490599 0.065858 -1.123551
v -0.490610 0.065781 -1.123828
v -0.490621 0.065697 -1.124103
v -0.490633 0.065605 -1.124375
v -0.490646 0.065506 -1.124643
v -0.490661 0.065400 -1.124909
v -0.490676 0.065286 -1.125172
v -0.490692 0.065165 -1.125432
v -0.490709 0.065037 -1.125688
v -0.490727 0.064902 -1.125940
v -0.490746 0.064760 -1.126189
v -0.490765 0.064611 -1.126433
v -0.490786 0.064456 -1.126673
v -0.490807 0.064295 -1.126909
v -0.490829 0.064127 -1.127139
v -0.490851 0.063953 -1.127364
v -0.490875 0.063773 -1.127584
v -0.490899 0.063587 -1.127798
v -0.490924 0.063395 -1.128006
v -0.490949 0.063197 -1.128208
v -0.490975 0.062994 -1.128404
v -0.491002 0.062785 -1.128593
v -0.491029 0.062571 -1.128775
v -0.491057 0.062353 -1.128951
v -0.491085 0.062130 -1.129120
v -0.491114 0.061903 -1.129283
v -0.491143 0.061672 -1.129438
v -0.491173 0.061436 -1.129587
v -0.491202 0.061198 -1.129729
v -0.491232 0.060956 -1.129863
v -0.491263 0.060711 -1.129991
v -0.491293 0.060463 -1.130111
v -0.491324 0.060213 -1.130224
v -0.491355 0.059960 -1.130329
v -0.491386 0.059705 -1.130427
v -0.491417 0.059447 -1.130517
v -0.491449 0.059188 -1.130600
v -0.491480 0.058925 -1.130676
v -0.491512 0.058660 -1.130743
v -0.491544 0.058392 -1.130803
v -0.491576 0.058121 -1.130855
v -0.491608 0.057848 -1.130899
v -0.491641 0.057571 -1.130935
v -0.491673 0.057292 -1.130963
v -0.491706 0.057009 -1.130984
v -0.491739 0.056723 -1.130996
v -0.491773 0.056434 -1.131000
v -0.494048 0.030679 -1.131000
v -0.494101 0.029819 -1.131000
v -0.494118 0.029528 -1.130996
v -0.494136 0.029241 -1.130984
v -0.494152 0.028957 -1.130963
v -0.494169 0.028676 -1.130935
v -0.494185 0.028398 -1.130899
v -0.494201 0.028123 -1.130855
v -0.494216 0.027851 -1.130803
v -0.494231 0.027581 -1.130743
v -0.494246 0.027315 -1.130676
v -0.494260 0.027051 -1.130600
v -0.494275 0.026789 -1.130517
v -0.494289 0.026530 -1.130427
v -0.494302 0.026274 -1.130329
v -0.494316 0.026020 -1.130224
v -0.494329 0.025768 -1.130111
v -0.494342 0.025518 -1.129991
v -0.494354 0.025272 -1.129863
v -0.494367 0.025028 -1.129729
v -0.494379 0.024788 -1.129587
v -0.494391 0.024551 -1.129438
v -0.494402 0.024319 -1.129283
v -0.494413 0.024090 -1.129120
v -0.494424 0.023865 -1.128951
v -0.494435 0.023645 -1.128775
v -0.494445 0.023430 -1.128593
v -0.494455 0.023220 -1.128404
v -0.494465 0.023016 -1.128208
v -0.494474 0.022817 -1.128006
v -0.494483 0.022623 -1.127798
v -0.494491 0.022436 -1.127584
v -0.494500 0.022254 -1.127364
v -0.494507 0.022079 -1.127139
v -0.494515 0.021910 -1.126909
v -0.494522 0.021747 -1.126673
v -0.494529 0.021591 -1.126433
v -0.494535 0.021441 -1.126189
v -0.494542 0.021298 -1.125940
v -0.494547 0.021162 -1.125688
v -0.494553 0.021033 -1.125432
v -0.494558 0.020911 -1.125172
v -0.494563 0.020796 -1.124909
v -0.494567 0.020689 -1.124643
v -0.494572 0.020589 -1.124375
v -0.494575 0.020496 -1.124103
v -0.494579 0.020412 -1.123828
v -0.494582 0.020335 -1.123551
v -0.494585 0.020265 -1.123269
v -0.494588 0.020204 -1.122985
v -0.494590 0.020150 -1.122697
v -0.494592 0.020105 -1.122406
v -0.494593 0.020067 -1.122111
v -0.494594 0.020038 -1.121812
v -0.494595 0.020017 -1.121510
v -0.494596 0.020004 -1.121203
v -0.494596 0.020000 -1.120893
v -0.484867 0.099643 0.000000
v 0.491870 0.055577 -1.131000
v 0.490555 0.066190 -1.061000
v 0.471608 0.150368 -1.061000
v 0.438333 0.229977 -1.061000
v 0.391738 0.302599 -1.061000
v 0.333241 0.366027 -1.061000
v 0.264618 0.418333 -1.061000
v 0.187956 0.457928 -1.061000
v 0.105582 0.483609 -1.061000
v 0.020000 0.494596 -1.061000
v -0.066190 0.490555 -1.061000
v -0.150368 0.471608 -1.061000
v -0.229977 0.438333 -1.061000
v -0.302599 0.391738 -1.061000
v -0.366027 0.333241 -1.061000
v -0.418333 0.264618 -1.061000
v -0.457928 0.187956 -1.061000
v -0.483609 0.105582 -1.061000
v -0.494596 0.020000 -1.061000
v -0.472299 0.148185 0.000000
v -0.478133 0.128115 -0.125667
v 0.494596 0.020000 -1.061000
v 0.491966 0.054721 -1.131000
v 0.483609 0.105582 -1.061000
v 0.474990 0.139318 -1.131000
v 0.457928 0.187956 -1.061000
v 0.443581 0.219683 -1.131000
v 0.418333 0.264618 -1.061000
v 0.398695 0.293373 -1.131000
v 0.366027 0.333241 -1.061000
v 0.341694 0.358148 -1.131000
v 0.302599 0.391738 -1.061000
v 0.274311 0.412042 -1.131000
v 0.229977 0.438333 -1.061000
v 0.198594 0.453415 -1.131000
v 0.150368 0.471608 -1.061000
v 0.116842 0.481012 -1.131000
v 0.066190 0.490555 -1.061000
v 0.031540 0.493994 -1.131000
v -0.020000 0.494596 -1.061000
v -0.054721 0.491966 -1.131000
v -0.105582 0.483609 -1.061000
v -0.139318 0.474990 -1.131000
v -0.187956 0.457928 -1.061000
v -0.219683 0.443581 -1.131000
v -0.264618 0.418333 -1.061000
v -0.293373 0.398695 -1.131000
v -0.333241 0.366027 -1.061000
v -0.358148 0.341694 -1.131000
v -0.391738 0.302599 -1.061000
v -0.412042 0.274311 -1.131000
v -0.438333 0.229977 -1.061000
v -0.453415 0.198594 -1.131000
v -0.471608 0.150368 -1.061000
v -0.481012 0.116842 -1.131000
v -0.490555 0.066190 -1.061000
v -0.493994 0.031540 -1.131000
v -0.478133 0.128115 -0.251333
v 0.494048 0.030679 -1.131000
v 0.492061 0.053864 -1.131000
v 0.481215 0.116004 -1.131000
v 0.475232 0.138491 -1.131000
v 0.453761 0.197804 -1.131000
v 0.443963 0.218910 -1.131000
v 0.412519 0.273593 -1.131000
v 0.399205 0.292678 -1.131000
v 0.358743 0.341070 -1.131000
v 0.342317 0.357553 -1.131000
v 0.294066 0.398183 -1.131000
v 0.275028 0.411563 -1.131000
v 0.220455 0.443198 -1.131000
v 0.199383 0.453069 -1.131000
v 0.140145 0.474747 -1.131000
v 0.117679 0.480808 -1.131000
v 0.055577 0.491870 -1.131000
v 0.032400 0.493939 -1.131000
v -0.030679 0.494048 -1.131000
v -0.053864 0.492061 -1.131000
v -0.116004 0.481215 -1.131000
v -0.138491 0.475232 -1.131000
v -0.197804 0.453761 -1.131000
v -0.218910 0.443963 -1.131000
v -0.273593 0.412519 -1.131000
v -0.292678 0.399205 -1.131000
v -0.341070 0.358743 -1.131000
v -0.357553 0.342317 -1.131000
v -0.398183 0.294066 -1.131000
v -0.411563 0.275028 -1.131000
v -0.443198 0.220455 -1.131000
v -0.453069 0.199383 -1.131000
v -0.474747 0.140145 -1.131000
v -0.480808 0.117679 -1.131000
v -0.491870 0.055577 -1.131000
v -0.493939 0.032400 -1.131000
v -0.454884 0.195206 0.000000
v -0.432802 0.240224 0.000000
v 0.492154 0.053007 -1.131000
v 0.475711 0.136835 -1.131000
v 0.475949 0.136007 -1.131000
v 0.444723 0.217363 -1.131000
v 0.445101 0.216588 -1.131000
v 0.400222 0.291286 -1.131000
v 0.400728 0.290589 -1.131000
v 0.343560 0.356358 -1.131000
v 0.344180 0.355760 -1.131000
v 0.276460 0.410603 -1.131000
v 0.277174 0.410121 -1.131000
v 0.200959 0.452372 -1.131000
v 0.201747 0.452021 -1.131000
v 0.119353 0.480396 -1.131000
v 0.120189 0.480187 -1.131000
v 0.034120 0.493823 -1.131000
v 0.034980 0.493763 -1.131000
v -0.052150 0.492245 -1.131000
v -0.051293 0.492335 -1.131000
v -0.136835 0.475711 -1.131000
v -0.136007 0.475949 -1.131000
v -0.217363 0.444723 -1.131000
v -0.216588 0.445101 -1.131000
v -0.291286 0.400222 -1.131000
v -0.290589 0.400728 -1.131000
v -0.356358 0.343560 -1.131000
v -0.355760 0.344180 -1.131000
v -0.410603 0.276460 -1.131000
v -0.410121 0.277174 -1.131000
v -0.452372 0.200959 -1.131000
v -0.452021 0.201747 -1.131000
v -0.480396 0.119353 -1.131000
v -0.480187 0.120189 -1.131000
v -0.493823 0.034120 -1.131000
v -0.493763 0.034980 -1.131000
v -0.428683 0.247500 -0.125667
v 0.493994 0.031540 -1.131000
v 0.492245 0.052150 -1.131000
v 0.481012 0.116842 -1.131000
v 0.480808 0.117679 -1.131000
v 0.475472 0.137663 -1.131000
v 0.453415 0.198594 -1.131000
v 0.453069 0.199383 -1.131000
v 0.444344 0.218137 -1.131000
v 0.412042 0.274311 -1.131000
v 0.411563 0.275028 -1.131000
v 0.399714 0.291982 -1.131000
v 0.358148 0.341694 -1.131000
v 0.357553 0.342317 -1.131000
v 0.342939 0.356956 -1.131000
v 0.293373 0.398695 -1.131000
v 0.292678 0.399205 -1.131000
v 0.275745 0.411084 -1.131000
v 0.219683 0.443581 -1.131000
v 0.218910 0.443963 -1.131000
v 0.200171 0.452721 -1.131000
v 0.139318 0.474990 -1.131000
v 0.138491 0.475232 -1.131000
v 0.118516 0.480603 -1.131000
v 0.054721 0.491966 -1.131000
v 0.053864 0.492061 -1.131000
v 0.033260 0.493881 -1.131000
v -0.031540 0.493994 -1.131000
v -0.032400 0.493939 -1.131000
v -0.053007 0.492154 -1.131000
v -0.116842 0.481012 -1.131000
v -0.117679 0.480808 -1.131000
v -0.137663 0.475472 -1.131000
v -0.198594 0.453415 -1.131000
v -0.199383 0.453069 -1.131000
v -0.218137 0.444344 -1.131000
v -0.274311 0.412042 -1.131000
v -0.275028 0.411563 -1.131000
v -0.291982 0.399714 -1.131000
v -0.341694 0.358148 -1.131000
v -0.342317 0.357553 -1.131000
v -0.356956 0.342939 -1.131000
v -0.398695 0.293373 -1.131000
v -0.399205 0.292678 -1.131000
v -0.411084 0.275745 -1.131000
v -0.443581 0.219683 -1.131000
v -0.443963 0.218910 -1.131000
v -0.452721 0.200171 -1.131000
v -0.474990 0.139318 -1.131000
v -0.475232 0.138491 -1.131000
v -0.480603 0.118516 -1.131000
v -0.491966 0.054721 -1.131000
v -0.492061 0.053864 -1.131000
v -0.493881 0.033260 -1.131000
v -0.406278 0.282778 0.000000
v -0.375585 0.322429 0.000000
v -0.428683 0.247500 -0.251333
v 0.493939 0.032400 -1.131000
v 0.492335 0.051293 -1.131000
v 0.490554 0.066194 -1.060715
v 0.480603 0.118516 -1.131000
v 0.471607 0.150372 -1.060715
v 0.483610 0.105578 -1.060715
v 0.452721 0.200171 -1.131000
v 0.438331 0.229981 -1.060715
v 0.457929 0.187952 -1.060715
v 0.411084 0.275745 -1.131000
v 0.391736 0.302602 -1.060715
v 0.418335 0.264615 -1.060715
v 0.356956 0.342939 -1.131000
v 0.333238 0.366029 -1.060715
v 0.366029 0.333238 -1.060715
v 0.291982 0.399714 -1.131000
v 0.264615 0.418335 -1.060715
v 0.302602 0.391736 -1.060715
v 0.218137 0.444344 -1.131000
v 0.187952 0.457929 -1.060715
v 0.229981 0.438331 -1.060715
v 0.137663 0.475472 -1.131000
v 0.105578 0.483610 -1.060715
v 0.150372 0.471607 -1.060715
v 0.053007 0.492154 -1.131000
v 0.019996 0.494596 -1.060715
v 0.066194 0.490554 -1.060715
v -0.033260 0.493881 -1.131000
v -0.066194 0.490554 -1.060715
v -0.019996 0.494596 -1.060715
v -0.118516 0.480603 -1.131000
v -0.150372 0.471607 -1.060715
v -0.105578 0.483610 -1.060715
v -0.200171 0.452721 -1.131000
v -0.229981 0.438331 -1.060715
v -0.187952 0.457929 -1.060715
v -0.275745 0.411084 -1.131000
v -0.302602 0.391736 -1.060715
v -0.264615 0.418335 -1.060715
v -0.342939 0.356956 -1.131000
v -0.366029 0.333238 -1.060715
v -0.333238 0.366029 -1.060715
v -0.399714 0.291982 -1.131000
v -0.418335 0.264615 -1.060715
v -0.391736 0.302602 -1.060715
v -0.444344 0.218137 -1.131000
v -0.457929 0.187952 -1.060715
v -0.438331 0.229981 -1.060715
v -0.475472 0.137663 -1.131000
v -0.483610 0.105578 -1.060715
v -0.471607 0.150372 -1.060715
v -0.492154 0.053007 -1.131000
v -0.341039 0.358772 0.000000
v 0.493881 0.033260 -1.131000
v 0.492424 0.050436 -1.131000
v 0.490553 0.066206 -1.060431
v 0.480396 0.119353 -1.131000
v 0.476185 0.135178 -1.131000
v 0.471603 0.150384 -1.060431
v 0.483612 0.105566 -1.060431
v 0.452372 0.200959 -1.131000
v 0.445477 0.215813 -1.131000
v 0.438325 0.229992 -1.060431
v 0.457934 0.187940 -1.060431
v 0.410603 0.276460 -1.131000
v 0.401234 0.289890 -1.131000
v 0.391728 0.302612 -1.060431
v 0.418341 0.264605 -1.060431
v 0.356358 0.343560 -1.131000
v 0.344799 0.355160 -1.131000
v 0.333229 0.366038 -1.060431
v 0.366038 0.333229 -1.060431
v 0.291286 0.400222 -1.131000
v 0.277888 0.409638 -1.131000
v 0.264605 0.418341 -1.060431
v 0.302612 0.391728 -1.060431
v 0.217363 0.444723 -1.131000
v 0.202534 0.451669 -1.131000
v 0.187940 0.457934 -1.060431
v 0.229992 0.438325 -1.060431
v 0.136835 0.475711 -1.131000
v 0.121025 0.479977 -1.131000
v 0.105566 0.483612 -1.060431
v 0.150384 0.471603 -1.060431
v 0.052150 0.492245 -1.131000
v 0.035839 0.493701 -1.131000
v 0.019984 0.494596 -1.060431
v 0.066206 0.490553 -1.060431
v -0.034120 0.493823 -1.131000
v -0.050436 0.492424 -1.131000
v -0.066206 0.490553 -1.060431
v -0.019984 0.494596 -1.060431
v -0.119353 0.480396 -1.131000
v -0.135178 0.476185 -1.131000
v -0.150384 0.471603 -1.060431
v -0.105566 0.483612 -1.060431
v -0.200959 0.452372 -1.131000
v -0.215813 0.445477 -1.131000
v -0.229992 0.438325 -1.060431
v -0.187940 0.457934 -1.060431
v -0.276460 0.410603 -1.131000
v -0.289890 0.401234 -1.131000
v -0.302612 0.391728 -1.060431
v -0.264605 0.418341 -1.060431
v -0.343560 0.356358 -1.131000
v -0.355160 0.344799 -1.131000
v -0.366038 0.333229 -1.060431
v -0.333229 0.366038 -1.060431
v -0.400222 0.291286 -1.131000
v -0.409638 0.277888 -1.131000
v -0.418341 0.264605 -1.060431
v -0.391728 0.302612 -1.060431
v -0.444723 0.217363 -1.131000
v -0.451669 0.202534 -1.131000
v -0.457934 0.187940 -1.060431
v -0.438325 0.229992 -1.060431
v -0.475711 0.136835 -1.131000
v -0.479977 0.121025 -1.131000
v -0.483612 0.105566 -1.060431
v -0.471603 0.150384 -1.060431
v -0.492245 0.052150 -1.131000
v -0.493701 0.035839 -1.131000
v -0.302992 0.391434 0.000000
v -0.350018 0.350018 -0.125667
v 0.492511 0.049578 -1.131000
v 0.490550 0.066226 -1.060147
v 0.480187 0.120189 -1.131000
v 0.476419 0.134348 -1.131000
v 0.471597 0.150403 -1.060147
v 0.483617 0.105546 -1.060147
v 0.452021 0.201747 -1.131000
v 0.445852 0.215037 -1.131000
v 0.438315 0.230010 -1.060147
v 0.457942 0.187921 -1.060147
v 0.410121 0.277174 -1.131000
v 0.401738 0.289191 -1.131000
v 0.391716 0.302628 -1.060147
v 0.418352 0.264587 -1.060147
v 0.355760 0.344180 -1.131000
v 0.345417 0.354559 -1.131000
v 0.333214 0.366051 -1.060147
v 0.366051 0.333214 -1.060147
v 0.290589 0.400728 -1.131000
v 0.278601 0.409153 -1.131000
v 0.264587 0.418352 -1.060147
v 0.302628 0.391716 -1.060147
v 0.216588 0.445101 -1.131000
v 0.203320 0.451316 -1.131000
v 0.187921 0.457942 -1.060147
v 0.230010 0.438315 -1.060147
v 0.136007 0.475949 -1.131000
v 0.121861 0.479766 -1.131000
v 0.105546 0.483617 -1.060147
v 0.150403 0.471597 -1.060147
v 0.051293 0.492335 -1.131000
v 0.036699 0.493638 -1.131000
v 0.019963 0.494597 -1.060147
v 0.066226 0.490550 -1.060147
v -0.034980 0.493763 -1.131000
v -0.049578 0.492511 -1.131000
v -0.066226 0.490550 -1.060147
v -0.019963 0.494597 -1.060147
v -0.120189 0.480187 -1.131000
v -0.134348 0.476419 -1.131000
v -0.150403 0.471597 -1.060147
v -0.105546 0.483617 -1.060147
v -0.201747 0.452021 -1.131000
v -0.215037 0.445852 -1.131000
v -0.230010 0.438315 -1.060147
v -0.187921 0.457942 -1.060147
v -0.277174 0.410121 -1.131000
v -0.289191 0.401738 -1.131000
v -0.302628 0.391716 -1.060147
v -0.264587 0.418352 -1.060147
v -0.344180 0.355760 -1.131000
v -0.354559 0.345417 -1.131000
v -0.366051 0.333214 -1.060147
v -0.333214 0.366051 -1.060147
v -0.400728 0.290589 -1.131000
v -0.409153 0.278601 -1.131000
v -0.418352 0.264587 -1.060147
v -0.391716 0.302628 -1.060147
v -0.445101 0.216588 -1.131000
v -0.451316 0.203320 -1.131000
v -0.457942 0.187921 -1.060147
v -0.438315 0.230010 -1.060147
v -0.475949 0.136007 -1.131000
v -0.479766 0.121861 -1.131000
v -0.483617 0.105546 -1.060147
v -0.471597 0.150403 -1.060147
v -0.492335 0.051293 -1.131000
v -0.493638 0.036699 -1.131000
v -0.261837 0.420079 0.000000
v 0.493823 0.034120 -1.131000
v 0.492597 0.048720 -1.131000
v 0.479977 0.121025 -1.131000
v 0.476653 0.133519 -1.131000
v 0.471589 0.150430 -1.059863
v 0.483623 0.105518 -1.059863
v 0.451669 0.202534 -1.131000
v 0.446226 0.214260 -1.131000
v 0.438302 0.230035 -1.059863
v 0.457953 0.187895 -1.059863
v 0.409638 0.277888 -1.131000
v 0.402241 0.288491 -1.131000
v 0.391698 0.302651 -1.059863
v 0.418368 0.264563 -1.059863
v 0.355160 0.344799 -1.131000
v 0.346034 0.353957 -1.131000
v 0.333192 0.366071 -1.059863
v 0.366071 0.333192 -1.059863
v 0.289890 0.401234 -1.131000
v 0.279313 0.408668 -1.131000
v 0.264563 0.418368 -1.059863
v 0.302651 0.391698 -1.059863
v 0.215813 0.445477 -1.131000
v 0.204105 0.450961 -1.131000
v 0.187895 0.457953 -1.059863
v 0.230035 0.438302 -1.059863
v 0.135178 0.476185 -1.131000
v 0.122696 0.479553 -1.131000
v 0.105518 0.483623 -1.059863
v 0.150430 0.471589 -1.059863
v 0.050436 0.492424 -1.131000
v 0.037558 0.493573 -1.131000
v 0.019934 0.494598 -1.059863
v 0.066254 0.490546 -1.059863
v -0.035839 0.493701 -1.131000
v -0.048720 0.492597 -1.131000
v -0.066254 0.490546 -1.059863
v -0.019934 0.494598 -1.059863
v -0.121025 0.479977 -1.131000
v -0.133519 0.476653 -1.131000
v -0.150430 0.471589 -1.059863
v -0.105518 0.483623 -1.059863
v -0.202534 0.451669 -1.131000
v -0.214260 0.446226 -1.131000
v -0.230035 0.438302 -1.059863
v -0.187895 0.457953 -1.059863
v -0.277888 0.409638 -1.131000
v -0.288491 0.402241 -1.131000
v -0.302651 0.391698 -1.059863
v -0.264563 0.418368 -1.059863
v -0.344799 0.355160 -1.131000
v -0.353957 0.346034 -1.131000
v -0.366071 0.333192 -1.059863
v -0.333192 0.366071 -1.059863
v -0.401234 0.289890 -1.131000
v -0.408668 0.279313 -1.131000
v -0.418368 0.264563 -1.059863
v -0.391698 0.302651 -1.059863
v -0.445477 0.215813 -1.131000
v -0.450961 0.204105 -1.131000
v -0.457953 0.187895 -1.059863
v -0.438302 0.230035 -1.059863
v -0.476185 0.135178 -1.131000
v -0.479553 0.122696 -1.131000
v -0.483623 0.105518 -1.059863
v -0.471589 0.150430 -1.059863
v -0.492424 0.050436 -1.131000
v -0.493573 0.037558 -1.131000
v -0.217995 0.444413 0.000000
v -0.350018 0.350018 -0.251333
v 0.493763 0.034980 -1.131000
v 0.492681 0.047863 -1.131000
v 0.490541 0.066291 -1.059581
v 0.479766 0.121861 -1.131000
v 0.476884 0.132688 -1.131000
v 0.471577 0.150465 -1.059581
v 0.483631 0.105482 -1.059581
v 0.451316 0.203320 -1.131000
v 0.446598 0.213483 -1.131000
v 0.438285 0.230068 -1.059581
v 0.457966 0.187861 -1.059581
v 0.409153 0.278601 -1.131000
v 0.402743 0.287790 -1.131000
v 0.391676 0.302680 -1.059581
v 0.418387 0.264532 -1.059581
v 0.354559 0.345417 -1.131000
v 0.346650 0.353354 -1.131000
v 0.333165 0.366095 -1.059581
v 0.366095 0.333165 -1.059581
v 0.289191 0.401738 -1.131000
v 0.280024 0.408181 -1.131000
v 0.264532 0.418387 -1.059581
v 0.302680 0.391676 -1.059581
v 0.215037 0.445852 -1.131000
v 0.204890 0.450605 -1.131000
v 0.187861 0.457966 -1.059581
v 0.230068 0.438285 -1.059581
v 0.134348 0.476419 -1.131000
v 0.123531 0.479338 -1.131000
v 0.105482 0.483631 -1.059581
v 0.150465 0.471577 -1.059581
v 0.049578 0.492511 -1.131000
v 0.038418 0.493507 -1.131000
v 0.019898 0.494600 -1.059581
v 0.066291 0.490541 -1.059581
v -0.036699 0.493638 -1.131000
v -0.047863 0.492681 -1.131000
v -0.066291 0.490541 -1.059581
v -0.019898 0.494600 -1.059581
v -0.121861 0.479766 -1.131000
v -0.132688 0.476884 -1.131000
v -0.150465 0.471577 -1.059581
v -0.105482 0.483631 -1.059581
v -0.203320 0.451316 -1.131000
v -0.213483 0.446598 -1.131000
v -0.230068 0.438285 -1.059581
v -0.187861 0.457966 -1.059581
v -0.278601 0.409153 -1.131000
v -0.287790 0.402743 -1.131000
v -0.302680 0.391676 -1.059581
v -0.264532 0.418387 -1.059581
v -0.345417 0.354559 -1.131000
v -0.353354 0.346650 -1.131000
v -0.366095 0.333165 -1.059581
v -0.333165 0.366095 -1.059581
v -0.401738 0.289191 -1.131000
v -0.408181 0.280024 -1.131000
v -0.418387 0.264532 -1.059581
v -0.391676 0.302680 -1.059581
v -0.445852 0.215037 -1.131000
v -0.450605 0.204890 -1.131000
v -0.457966 0.187861 -1.059581
v -0.438285 0.230068 -1.059581
v -0.476419 0.134348 -1.131000
v -0.479338 0.123531 -1.131000
v -0.483631 0.105482 -1.059581
v -0.471577 0.150465 -1.059581
v -0.492511 0.049578 -1.131000
v -0.493507 0.038418 -1.131000
v -0.171916 0.464187 0.000000
v 0.493701 0.035839 -1.131000
v 0.479553 0.122696 -1.131000
v 0.450961 0.204105 -1.131000
v 0.408668 0.279313 -1.131000
v 0.353957 0.346034 -1.131000
v 0.288491 0.402241 -1.131000
v 0.214260 0.446226 -1.131000
v 0.133519 0.476653 -1.131000
v 0.048720 0.492597 -1.131000
v -0.037558 0.493573 -1.131000
v -0.122696 0.479553 -1.131000
v -0.204105 0.450961 -1.131000
v -0.279313 0.408668 -1.131000
v -0.346034 0.353957 -1.131000
v -0.402241 0.288491 -1.131000
v -0.446226 0.214260 -1.131000
v -0.476653 0.133519 -1.131000
v -0.492597 0.048720 -1.131000
v -0.124073 0.479198 0.000000
v 0.493638 0.036699 -1.131000
v 0.479338 0.123531 -1.131000
v 0.450605 0.204890 -1.131000
v 0.408181 0.280024 -1.131000
v 0.353354 0.346650 -1.131000
v 0.287790 0.402743 -1.131000
v 0.213483 0.446598 -1.131000
v 0.132688 0.476884 -1.131000
v 0.047863 0.492681 -1.131000
v -0.038418 0.493507 -1.131000
v -0.123531 0.479338 -1.131000
v -0.204890 0.450605 -1.131000
v -0.280024 0.408181 -1.131000
v -0.346650 0.353354 -1.131000
v -0.402743 0.287790 -1.131000
v -0.446598 0.213483 -1.131000
v -0.476884 0.132688 -1.131000
v -0.492681 0.047863 -1.131000
v -0.247500 0.428683 -0.251333
v 0.493573 0.037558 -1.131000
v 0.479122 0.124365 -1.131000
v 0.450248 0.205674 -1.131000
v 0.407692 0.280734 -1.131000
v 0.352750 0.347265 -1.131000
v 0.287089 0.403243 -1.131000
v 0.212705 0.446969 -1.131000
v 0.131858 0.477115 -1.131000
v 0.047005 0.492763 -1.131000
v -0.039277 0.493439 -1.131000
v -0.124365 0.479122 -1.131000
v -0.205674 0.450248 -1.131000
v -0.280734 0.407692 -1.131000
v -0.347265 0.352750 -1.131000
v -0.403243 0.287089 -1.131000
v -0.446969 0.212705 -1.131000
v -0.477115 0.131858 -1.131000
v -0.492763 0.047005 -1.131000
v -0.074957 0.489292 0.000000
v -0.025071 0.494365 0.000000
v 0.493507 0.038418 -1.131000
v 0.478905 0.125199 -1.131000
v 0.449889 0.206458 -1.131000
v 0.407203 0.281444 -1.131000
v 0.352144 0.347878 -1.131000
v 0.286386 0.403742 -1.131000
v 0.211926 0.447339 -1.131000
v 0.131027 0.477344 -1.131000
v 0.046146 0.492844 -1.131000
v -0.040136 0.493370 -1.131000
v -0.125199 0.478905 -1.131000
v -0.206458 0.449889 -1.131000
v -0.281444 0.407203 -1.131000
v -0.347878 0.352144 -1.131000
v -0.403742 0.286386 -1.131000
v -0.447339 0.211926 -1.131000
v -0.477344 0.131027 -1.131000
v -0.492844 0.046146 -1.131000
v 0.025071 0.494365 0.000000
v 0.493439 0.039277 -1.131000
v 0.478686 0.126033 -1.131000
v 0.449529 0.207241 -1.131000
v 0.406712 0.282153 -1.131000
v 0.351538 0.348491 -1.131000
v 0.285683 0.404240 -1.131000
v 0.211147 0.447707 -1.131000
v 0.130196 0.477571 -1.131000
v 0.045288 0.492924 -1.131000
v -0.040995 0.493300 -1.131000
v -0.126033 0.478686 -1.131000
v -0.207241 0.449529 -1.131000
v -0.282153 0.406712 -1.131000
v -0.348491 0.351538 -1.131000
v -0.404240 0.285683 -1.131000
v -0.447707 0.211147 -1.131000
v -0.477571 0.130196 -1.131000
v -0.492924 0.045288 -1.131000
v 0.074957 0.489292 0.000000
v 0.493370 0.040136 -1.131000
v 0.478466 0.126866 -1.131000
v 0.449167 0.208024 -1.131000
v 0.406220 0.282860 -1.131000
v 0.350931 0.349102 -1.131000
v 0.284978 0.404737 -1.131000
v 0.210367 0.448074 -1.131000
v 0.129364 0.477797 -1.131000
v 0.044430 0.493002 -1.131000
v -0.041854 0.493227 -1.131000
v -0.126866 0.478466 -1.131000
v -0.208024 0.449167 -1.131000
v -0.282860 0.406220 -1.131000
v -0.349102 0.350931 -1.131000
v -0.404737 0.284978 -1.131000
v -0.448074 0.210367 -1.131000
v -0.477797 0.129364 -1.131000
v -0.493002 0.044430 -1.131000
v 0.124073 0.479198 0.000000
v 0.493300 0.040995 -1.131000
v 0.478245 0.127699 -1.131000
v 0.448804 0.208805 -1.131000
v 0.405727 0.283567 -1.131000
v 0.350322 0.349713 -1.131000
v 0.284273 0.405233 -1.131000
v 0.209587 0.448440 -1.131000
v 0.128532 0.478022 -1.131000
v 0.043571 0.493079 -1.131000
v -0.042713 0.493154 -1.131000
v -0.127699 0.478245 -1.131000
v -0.208805 0.448804 -1.131000
v -0.283567 0.405727 -1.131000
v -0.349713 0.350322 -1.131000
v -0.405233 0.284273 -1.131000
v -0.448440 0.209587 -1.131000
v -0.478022 0.128532 -1.131000
v -0.493079 0.043571 -1.131000
v 0.171916 0.464187 0.000000
v 0.493227 0.041854 -1.131000
v 0.493154 0.042713 -1.131000
v 0.493079 0.043571 -1.131000
v 0.493002 0.044430 -1.131000
v 0.492924 0.045288 -1.131000
v 0.492844 0.046146 -1.131000
v 0.492763 0.047005 -1.131000
v 0.217995 0.444413 0.000000
v -0.490554 0.066194 -1.060715
v 0.261837 0.420079 0.000000
v 0.490535 0.066335 -1.059300
v -0.490553 0.066206 -1.060431
v 0.302992 0.391434 0.000000
v 0.490528 0.066387 -1.059020
v 0.483640 0.105438 -1.059300
v 0.483651 0.105387 -1.059020
v 0.483664 0.105327 -1.058741
v 0.478022 0.128532 -1.131000
v 0.477797 0.129364 -1.131000
v 0.477571 0.130196 -1.131000
v 0.477344 0.131027 -1.131000
v 0.477115 0.131858 -1.131000
v 0.457983 0.187820 -1.059300
v 0.458003 0.187771 -1.059020
v 0.458026 0.187715 -1.058741
v 0.448440 0.209587 -1.131000
v 0.448074 0.210367 -1.131000
v 0.447707 0.211147 -1.131000
v 0.447339 0.211926 -1.131000
v 0.446969 0.212705 -1.131000
v 0.418411 0.264494 -1.059300
v 0.418439 0.264450 -1.059020
v 0.418472 0.264398 -1.058741
v 0.405233 0.284273 -1.131000
v 0.404737 0.284978 -1.131000
v 0.404240 0.285683 -1.131000
v 0.403742 0.286386 -1.131000
v 0.403243 0.287089 -1.131000
v 0.366126 0.333132 -1.059300
v 0.366161 0.333093 -1.059020
v 0.366202 0.333048 -1.058741
v 0.349713 0.350322 -1.131000
v 0.349102 0.350931 -1.131000
v 0.348491 0.351538 -1.131000
v 0.347878 0.352144 -1.131000
v 0.347265 0.352750 -1.131000
v 0.302716 0.391648 -1.059300
v 0.302757 0.391616 -1.059020
v 0.302805 0.391579 -1.058741
v 0.283567 0.405727 -1.131000
v 0.282860 0.406220 -1.131000
v 0.282153 0.406712 -1.131000
v 0.281444 0.407203 -1.131000
v 0.280734 0.407692 -1.131000
v 0.230108 0.438264 -1.059300
v 0.230154 0.438240 -1.059020
v 0.230208 0.438211 -1.058741
v 0.208805 0.448804 -1.131000
v 0.208024 0.449167 -1.131000
v 0.207241 0.449529 -1.131000
v 0.206458 0.449889 -1.131000
v 0.205674 0.450248 -1.131000
v 0.150508 0.471564 -1.059300
v 0.150558 0.471548 -1.059020
v 0.150616 0.471529 -1.058741
v 0.127699 0.478245 -1.131000
v 0.126866 0.478466 -1.131000
v 0.126033 0.478686 -1.131000
v 0.125199 0.478905 -1.131000
v 0.124365 0.479122 -1.131000
v 0.066335 0.490535 -1.059300
v 0.066387 0.490528 -1.059020
v 0.066448 0.490520 -1.058741
v 0.042713 0.493154 -1.131000
v 0.041854 0.493227 -1.131000
v 0.040995 0.493300 -1.131000
v 0.040136 0.493370 -1.131000
v 0.039277 0.493439 -1.131000
v -0.019853 0.494602 -1.059300
v -0.019800 0.494604 -1.059020
v -0.019740 0.494606 -1.058741
v -0.043571 0.493079 -1.131000
v -0.044430 0.493002 -1.131000
v -0.045288 0.492924 -1.131000
v -0.046146 0.492844 -1.131000
v -0.047005 0.492763 -1.131000
v -0.105438 0.483640 -1.059300
v -0.105387 0.483651 -1.059020
v -0.105327 0.483664 -1.058741
v -0.128532 0.478022 -1.131000
v -0.129364 0.477797 -1.131000
v -0.130196 0.477571 -1.131000
v -0.131027 0.477344 -1.131000
v -0.131858 0.477115 -1.131000
v -0.187820 0.457983 -1.059300
v -0.187771 0.458003 -1.059020
v -0.187715 0.458026 -1.058741
v -0.209587 0.448440 -1.131000
v -0.210367 0.448074 -1.131000
v -0.211147 0.447707 -1.131000
v -0.211926 0.447339 -1.131000
v -0.212705 0.446969 -1.131000
v -0.264494 0.418411 -1.059300
v -0.264450 0.418439 -1.059020
v -0.264398 0.418472 -1.058741
v -0.284273 0.405233 -1.131000
v -0.284978 0.404737 -1.131000
v -0.285683 0.404240 -1.131000
v -0.286386 0.403742 -1.131000
v -0.287089 0.403243 -1.131000
v -0.333132 0.366126 -1.059300
v -0.333093 0.366161 -1.059020
v -0.333048 0.366202 -1.058741
v -0.350322 0.349713 -1.131000
v -0.350931 0.349102 -1.131000
v -0.351538 0.348491 -1.131000
v -0.352144 0.347878 -1.131000
v -0.352750 0.347265 -1.131000
v -0.391648 0.302716 -1.059300
v -0.391616 0.302757 -1.059020
v -0.391579 0.302805 -1.058741
v -0.405727 0.283567 -1.131000
v -0.406220 0.282860 -1.131000
v -0.406712 0.282153 -1.131000
v -0.407203 0.281444 -1.131000
v -0.407692 0.280734 -1.131000
v -0.438264 0.230108 -1.059300
v -0.438240 0.230154 -1.059020
v -0.438211 0.230208 -1.058741
v -0.448804 0.208805 -1.131000
v -0.449167 0.208024 -1.131000
v -0.449529 0.207241 -1.131000
v -0.449889 0.206458 -1.131000
v -0.450248 0.205674 -1.131000
v -0.471564 0.150508 -1.059300
v -0.471548 0.150558 -1.059020
v -0.471529 0.150616 -1.058741
v -0.478245 0.127699 -1.131000
v -0.478466 0.126866 -1.131000
v -0.478686 0.126033 -1.131000
v -0.478905 0.125199 -1.131000
v -0.479122 0.124365 -1.131000
v -0.490550 0.066226 -1.060147
v -0.490546 0.066254 -1.059863
v -0.490541 0.066291 -1.059581
v -0.490535 0.066335 -1.059300
v -0.490528 0.066387 -1.059020
v -0.490520 0.066448 -1.058741
v -0.493154 0.042713 -1.131000
v -0.493227 0.041854 -1.131000
v -0.493300 0.040995 -1.131000
v -0.493370 0.040136 -1.131000
v -0.493439 0.039277 -1.131000
v 0.341039 0.358772 0.000000
v 0.490520 0.066448 -1.058741
v 0.471564 0.150508 -1.059300
v 0.438264 0.230108 -1.059300
v 0.391648 0.302716 -1.059300
v 0.333132 0.366126 -1.059300
v 0.264494 0.418411 -1.059300
v 0.187820 0.457983 -1.059300
v 0.105438 0.483640 -1.059300
v 0.019853 0.494602 -1.059300
v -0.066335 0.490535 -1.059300
v -0.150508 0.471564 -1.059300
v -0.230108 0.438264 -1.059300
v -0.302716 0.391648 -1.059300
v -0.366126 0.333132 -1.059300
v -0.418411 0.264494 -1.059300
v -0.457983 0.187820 -1.059300
v -0.483640 0.105438 -1.059300
v -0.490511 0.066516 -1.058465
v 0.375585 0.322429 0.000000
v 0.490511 0.066516 -1.058465
v 0.483679 0.105260 -1.058465
v 0.458052 0.187651 -1.058465
v 0.418508 0.264340 -1.058465
v 0.366248 0.332998 -1.058465
v 0.302859 0.391537 -1.058465
v 0.230269 0.438180 -1.058465
v 0.150681 0.471508 -1.058465
v 0.066516 0.490511 -1.058465
v -0.019671 0.494609 -1.058465
v -0.105260 0.483679 -1.058465
v -0.187651 0.458052 -1.058465
v -0.264340 0.418508 -1.058465
v -0.332998 0.366248 -1.058465
v -0.391537 0.302859 -1.058465
v -0.438180 0.230269 -1.058465
v -0.471508 0.150681 -1.058465
v -0.490500 0.066591 -1.058190
v 0.406278 0.282778 0.000000
v 0.490500 0.066591 -1.058190
v 0.471548 0.150558 -1.059020
v 0.438240 0.230154 -1.059020
v 0.391616 0.302757 -1.059020
v 0.333093 0.366161 -1.059020
v 0.264450 0.418439 -1.059020
v 0.187771 0.458003 -1.059020
v 0.105387 0.483651 -1.059020
v 0.019800 0.494604 -1.059020
v -0.066387 0.490528 -1.059020
v -0.150558 0.471548 -1.059020
v -0.230154 0.438240 -1.059020
v -0.302757 0.391616 -1.059020
v -0.366161 0.333093 -1.059020
v -0.418439 0.264450 -1.059020
v -0.458003 0.187771 -1.059020
v -0.483651 0.105387 -1.059020
v -0.490489 0.066675 -1.057918
v 0.432802 0.240224 0.000000
v 0.490489 0.066675 -1.057918
v 0.483695 0.105186 -1.058190
v 0.458081 0.187580 -1.058190
v 0.418549 0.264276 -1.058190
v 0.366299 0.332941 -1.058190
v 0.302920 0.391490 -1.058190
v 0.230336 0.438144 -1.058190
v 0.150754 0.471485 -1.058190
v 0.066591 0.490500 -1.058190
v -0.019595 0.494612 -1.058190
v -0.105186 0.483695 -1.058190
v -0.187580 0.458081 -1.058190
v -0.264276 0.418549 -1.058190
v -0.332941 0.366299 -1.058190
v -0.391490 0.302920 -1.058190
v -0.438144 0.230336 -1.058190
v -0.471485 0.150754 -1.058190
v -0.490477 0.066766 -1.057648
v 0.454884 0.195206 0.000000
v 0.490477 0.066766 -1.057648
v 0.471529 0.150616 -1.058741
v 0.438211 0.230208 -1.058741
v 0.391579 0.302805 -1.058741
v 0.333048 0.366202 -1.058741
v 0.264398 0.418472 -1.058741
v 0.187715 0.458026 -1.058741
v 0.105327 0.483664 -1.058741
v 0.019740 0.494606 -1.058741
v -0.066448 0.490520 -1.058741
v -0.150616 0.471529 -1.058741
v -0.230208 0.438211 -1.058741
v -0.302805 0.391579 -1.058741
v -0.366202 0.333048 -1.058741
v -0.418472 0.264398 -1.058741
v -0.458026 0.187715 -1.058741
v -0.483664 0.105327 -1.058741
v -0.490463 0.066865 -1.057381
v 0.472299 0.148185 0.000000
v 0.490463 0.066865 -1.057381
v 0.483713 0.105103 -1.057918
v 0.458113 0.187502 -1.057918
v 0.418594 0.264204 -1.057918
v 0.366356 0.332879 -1.057918
v 0.302987 0.391439 -1.057918
v 0.230411 0.438105 -1.057918
v 0.150834 0.471459 -1.057918
v 0.066675 0.490489 -1.057918
v -0.019511 0.494615 -1.057918
v -0.105103 0.483713 -1.057918
v -0.187502 0.458113 -1.057918
v -0.264204 0.418594 -1.057918
v -0.332879 0.366356 -1.057918
v -0.391439 0.302987 -1.057918
v -0.438105 0.230411 -1.057918
v -0.471459 0.150834 -1.057918
v -0.490449 0.066971 -1.057117
v 0.484867 0.099643 0.000000
v 0.490449 0.066971 -1.057117
v 0.471508 0.150681 -1.058465
v 0.438180 0.230269 -1.058465
v 0.391537 0.302859 -1.058465
v 0.332998 0.366248 -1.058465
v 0.264340 0.418508 -1.058465
v 0.187651 0.458052 -1.058465
v 0.105260 0.483679 -1.058465
v 0.019671 0.494609 -1.058465
v -0.066516 0.490511 -1.058465
v -0.150681 0.471508 -1.058465
v -0.230269 0.438180 -1.058465
v -0.302859 0.391537 -1.058465
v -0.366248 0.332998 -1.058465
v -0.418508 0.264340 -1.058465
v -0.458052 0.187651 -1.058465
v -0.483679 0.105260 -1.058465
v -0.490433 0.067085 -1.056856
v 0.492460 0.050078 0.000000
v 0.490433 0.067085 -1.056856
v 0.483733 0.105013 -1.057648
v 0.458148 0.187417 -1.057648
v 0.418643 0.264127 -1.057648
v 0.366418 0.332811 -1.057648
v 0.303059 0.391382 -1.057648
v 0.230492 0.438062 -1.057648
v 0.150922 0.471431 -1.057648
v 0.066766 0.490477 -1.057648
v -0.019419 0.494619 -1.057648
v -0.105013 0.483733 -1.057648
v -0.187417 0.458148 -1.057648
v -0.264127 0.418643 -1.057648
v -0.332811 0.366418 -1.057648
v -0.391382 0.303059 -1.057648
v -0.438062 0.230492 -1.057648
v -0.471431 0.150922 -1.057648
v -0.490416 0.067207 -1.056598
v 0.495000 0.000000 0.000000
v 0.490416 0.067207 -1.056598
v 0.471485 0.150754 -1.058190
v 0.438144 0.230336 -1.058190
v 0.391490 0.302920 -1.058190
v 0.332941 0.366299 -1.058190
v 0.264276 0.418549 -1.058190
v 0.187580 0.458081 -1.058190
v 0.105186 0.483695 -1.058190
v 0.019595 0.494612 -1.058190
v -0.066591 0.490500 -1.058190
v -0.150754 0.471485 -1.058190
v -0.230336 0.438144 -1.058190
v -0.302920 0.391490 -1.058190
v -0.366299 0.332941 -1.058190
v -0.418549 0.264276 -1.058190
v -0.458081 0.187580 -1.058190
v -0.483695 0.105186 -1.058190
v -0.490399 0.067335 -1.056344
v 0.490399 0.067335 -1.056344
v 0.483754 0.104916 -1.057381
v 0.458186 0.187325 -1.057381
v 0.418696 0.264042 -1.057381
v 0.366485 0.332737 -1.057381
v 0.303138 0.391321 -1.057381
v 0.230581 0.438015 -1.057381
v 0.151017 0.471401 -1.057381
v 0.066865 0.490463 -1.057381
v -0.019319 0.494623 -1.057381
v -0.104916 0.483754 -1.057381
v -0.187325 0.458186 -1.057381
v -0.264042 0.418696 -1.057381
v -0.332737 0.366485 -1.057381
v -0.391321 0.303138 -1.057381
v -0.438015 0.230581 -1.057381
v -0.471401 0.151017 -1.057381
v -0.490380 0.067471 -1.056093
v 0.490380 0.067471 -1.056093
v 0.471459 0.150834 -1.057918
v 0.438105 0.230411 -1.057918
v 0.391439 0.302987 -1.057918
v 0.332879 0.366356 -1.057918
v 0.264204 0.418594 -1.057918
v 0.187502 0.458113 -1.057918
v 0.105103 0.483713 -1.057918
v 0.019511 0.494615 -1.057918
v -0.066675 0.490489 -1.057918
v -0.150834 0.471459 -1.057918
v -0.230411 0.438105 -1.057918
v -0.302987 0.391439 -1.057918
v -0.366356 0.332879 -1.057918
v -0.418594 0.264204 -1.057918
v -0.458113 0.187502 -1.057918
v -0.483713 0.105103 -1.057918
v -0.490360 0.067614 -1.055847
v 0.490360 0.067614 -1.055847
v 0.483776 0.104811 -1.057117
v 0.458227 0.187225 -1.057117
v 0.418754 0.263951 -1.057117
v 0.366557 0.332657 -1.057117
v 0.303223 0.391255 -1.057117
v 0.230676 0.437965 -1.057117
v 0.151119 0.471368 -1.057117
v 0.066971 0.490449 -1.057117
v -0.019212 0.494627 -1.057117
v -0.104811 0.483776 -1.057117
v -0.187225 0.458227 -1.057117
v -0.263951 0.418754 -1.057117
v -0.332657 0.366557 -1.057117
v -0.391255 0.303223 -1.057117
v -0.437965 0.230676 -1.057117
v -0.471368 0.151119 -1.057117
v -0.490340 0.067764 -1.055605
v 0.490340 0.067764 -1.055605
v 0.471431 0.150922 -1.057648
v 0.438062 0.230492 -1.057648
v 0.391382 0.303059 -1.057648
v 0.332811 0.366418 -1.057648
v 0.264127 0.418643 -1.057648
v 0.187417 0.458148 -1.057648
v 0.105013 0.483733 -1.057648
v 0.019419 0.494619 -1.057648
v -0.066766 0.490477 -1.057648
v -0.150922 0.471431 -1.057648
v -0.230492 0.438062 -1.057648
v -0.303059 0.391382 -1.057648
v -0.366418 0.332811 -1.057648
v -0.418643 0.264127 -1.057648
v -0.458148 0.187417 -1.057648
v -0.483733 0.105013 -1.057648
v -0.490318 0.067921 -1.055367
v 0.490318 0.067921 -1.055367
v 0.471401 0.151017 -1.057381
v 0.438015 0.230581 -1.057381
v 0.391321 0.303138 -1.057381
v 0.332737 0.366485 -1.057381
v 0.264042 0.418696 -1.057381
v 0.187325 0.458186 -1.057381
v 0.104916 0.483754 -1.057381
v 0.019319 0.494623 -1.057381
v -0.066865 0.490463 -1.057381
v -0.151017 0.471401 -1.057381
v -0.230581 0.438015 -1.057381
v -0.303138 0.391321 -1.057381
v -0.366485 0.332737 -1.057381
v -0.418696 0.264042 -1.057381
v -0.458186 0.187325 -1.057381
v -0.483754 0.104916 -1.057381
v -0.490295 0.068084 -1.055134
v 0.490295 0.068084 -1.055134
v 0.483801 0.104698 -1.056856
v 0.458270 0.187119 -1.056856
v 0.418815 0.263854 -1.056856
v 0.366635 0.332572 -1.056856
v 0.303314 0.391185 -1.056856
v 0.230778 0.437912 -1.056856
v 0.151229 0.471333 -1.056856
v 0.067085 0.490433 -1.056856
v -0.019097 0.494631 -1.056856
v -0.104698 0.483801 -1.056856
v -0.187119 0.458270 -1.056856
v -0.263854 0.418815 -1.056856
v -0.332572 0.366635 -1.056856
v -0.391185 0.303314 -1.056856
v -0.437912 0.230778 -1.056856
v -0.471333 0.151229 -1.056856
v -0.490272 0.068254 -1.054905
v 0.490272 0.068254 -1.054905
v 0.471368 0.151119 -1.057117
v 0.437965 0.230676 -1.057117
v 0.391255 0.303223 -1.057117
v 0.332657 0.366557 -1.057117
v 0.263951 0.418754 -1.057117
v 0.187225 0.458227 -1.057117
v 0.104811 0.483776 -1.057117
v 0.019212 0.494627 -1.057117
v -0.066971 0.490449 -1.057117
v -0.151119 0.471368 -1.057117
v -0.230676 0.437965 -1.057117
v -0.303223 0.391255 -1.057117
v -0.366557 0.332657 -1.057117
v -0.418754 0.263951 -1.057117
v -0.458227 0.187225 -1.057117
v -0.483776 0.104811 -1.057117
v -0.490247 0.068430 -1.054681
v 0.490247 0.068430 -1.054681
v 0.483827 0.104579 -1.056598
v 0.458316 0.187005 -1.056598
v 0.418880 0.263750 -1.056598
v 0.366717 0.332481 -1.056598
v 0.303411 0.391110 -1.056598
v 0.230886 0.437855 -1.056598
v 0.151346 0.471296 -1.056598
v 0.067207 0.490416 -1.056598
v -0.018974 0.494636 -1.056598
v -0.104579 0.483827 -1.056598
v -0.187005 0.458316 -1.056598
v -0.263750 0.418880 -1.056598
v -0.332481 0.366717 -1.056598
v -0.391110 0.303411 -1.056598
v -0.437855 0.230886 -1.056598
v -0.471296 0.151346 -1.056598
v -0.490222 0.068613 -1.054463
v 0.490222 0.068613 -1.054463
v 0.471333 0.151229 -1.056856
v 0.437912 0.230778 -1.056856
v 0.391185 0.303314 -1.056856
v 0.332572 0.366635 -1.056856
v 0.263854 0.418815 -1.056856
v 0.187119 0.458270 -1.056856
v 0.104698 0.483801 -1.056856
v 0.019097 0.494631 -1.056856
v -0.067085 0.490433 -1.056856
v -0.151229 0.471333 -1.056856
v -0.230778 0.437912 -1.056856
v -0.303314 0.391185 -1.056856
v -0.366635 0.332572 -1.056856
v -0.418815 0.263854 -1.056856
v -0.458270 0.187119 -1.056856
v -0.483801 0.104698 -1.056856
v -0.490195 0.068802 -1.054249
v 0.490195 0.068802 -1.054249
v 0.483854 0.104452 -1.056344
v 0.458366 0.186885 -1.056344
v 0.418950 0.263640 -1.056344
v 0.366804 0.332385 -1.056344
v 0.303514 0.391030 -1.056344
v 0.231001 0.437794 -1.056344
v 0.151469 0.471256 -1.056344
v 0.067335 0.490399 -1.056344
v -0.018844 0.494641 -1.056344
v -0.104452 0.483854 -1.056344
v -0.186885 0.458366 -1.056344
v -0.263640 0.418950 -1.056344
v -0.332385 0.366804 -1.056344
v -0.391030 0.303514 -1.056344
v -0.437794 0.231001 -1.056344
v -0.471256 0.151469 -1.056344
v -0.490168 0.068997 -1.054041
v 0.490168 0.068997 -1.054041
v 0.494900 0.009942 -1.051000
v 0.471296 0.151346 -1.056598
v 0.437855 0.230886 -1.056598
v 0.391110 0.303411 -1.056598
v 0.332481 0.366717 -1.056598
v 0.263750 0.418880 -1.056598
v 0.187005 0.458316 -1.056598
v 0.104579 0.483827 -1.056598
v 0.018974 0.494636 -1.056598
v -0.067207 0.490416 -1.056598
v -0.151346 0.471296 -1.056598
v -0.230886 0.437855 -1.056598
v -0.303411 0.391110 -1.056598
v -0.366717 0.332481 -1.056598
v -0.418880 0.263750 -1.056598
v -0.458316 0.187005 -1.056598
v -0.483827 0.104579 -1.056598
v -0.490140 0.069197 -1.053839
v 0.490140 0.069197 -1.053839
v 0.483883 0.104318 -1.056093
v 0.458417 0.186758 -1.056093
v 0.419023 0.263524 -1.056093
v 0.366896 0.332283 -1.056093
v 0.303622 0.390946 -1.056093
v 0.231122 0.437730 -1.056093
v 0.151600 0.471214 -1.056093
v 0.067471 0.490380 -1.056093
v -0.018707 0.494646 -1.056093
v -0.104318 0.483883 -1.056093
v -0.186758 0.458417 -1.056093
v -0.263524 0.419023 -1.056093
v -0.332283 0.366896 -1.056093
v -0.390946 0.303622 -1.056093
v -0.437730 0.231122 -1.056093
v -0.471214 0.151600 -1.056093
v -0.490110 0.069404 -1.053643
v 0.490110 0.069404 -1.053643
v 0.471256 0.151469 -1.056344
v 0.437794 0.231001 -1.056344
v 0.391030 0.303514 -1.056344
v 0.332385 0.366804 -1.056344
v 0.263640 0.418950 -1.056344
v 0.186885 0.458366 -1.056344
v 0.104452 0.483854 -1.056344
v 0.018844 0.494641 -1.056344
v -0.067335 0.490399 -1.056344
v -0.151469 0.471256 -1.056344
v -0.231001 0.437794 -1.056344
v -0.303514 0.391030 -1.056344
v -0.366804 0.332385 -1.056344
v -0.418950 0.263640 -1.056344
v -0.458366 0.186885 -1.056344
v -0.483854 0.104452 -1.056344
v -0.490080 0.069616 -1.053453
v 0.490080 0.069616 -1.053453
v 0.483913 0.104176 -1.055847
v 0.458472 0.186625 -1.055847
v 0.419099 0.263402 -1.055847
v 0.366993 0.332176 -1.055847
v 0.303736 0.390857 -1.055847
v 0.231250 0.437663 -1.055847
v 0.151737 0.471170 -1.055847
v 0.067614 0.490360 -1.055847
v -0.018563 0.494652 -1.055847
v -0.104176 0.483913 -1.055847
v -0.186625 0.458472 -1.055847
v -0.263402 0.419099 -1.055847
v -0.332176 0.366993 -1.055847
v -0.390857 0.303736 -1.055847
v -0.437663 0.231250 -1.055847
v -0.471170 0.151737 -1.055847
v -0.490049 0.069833 -1.053269
v 0.490049 0.069833 -1.053269
v 0.471214 0.151600 -1.056093
v 0.437730 0.231122 -1.056093
v 0.390946 0.303622 -1.056093
v 0.332283 0.366896 -1.056093
v 0.263524 0.419023 -1.056093
v 0.186758 0.458417 -1.056093
v 0.104318 0.483883 -1.056093
v 0.018707 0.494646 -1.056093
v -0.067471 0.490380 -1.056093
v -0.151600 0.471214 -1.056093
v -0.231122 0.437730 -1.056093
v -0.303622 0.390946 -1.056093
v -0.366896 0.332283 -1.056093
v -0.419023 0.263524 -1.056093
v -0.458417 0.186758 -1.056093
v -0.483883 0.104318 -1.056093
v -0.490017 0.070056 -1.053091
v 0.490017 0.070056 -1.053091
v 0.483945 0.104029 -1.055605
v 0.458529 0.186484 -1.055605
v 0.419180 0.263274 -1.055605
v 0.367095 0.332064 -1.055605
v 0.303855 0.390765 -1.055605
v 0.231384 0.437592 -1.055605
v 0.151881 0.471123 -1.055605
v 0.067764 0.490340 -1.055605
v -0.018412 0.494657 -1.055605
v -0.104029 0.483945 -1.055605
v -0.186484 0.458529 -1.055605
v -0.263274 0.419180 -1.055605
v -0.332064 0.367095 -1.055605
v -0.390765 0.303855 -1.055605
v -0.437592 0.231384 -1.055605
v -0.471123 0.151881 -1.055605
v -0.489985 0.070283 -1.052919
v 0.489985 0.070283 -1.052919
v 0.471170 0.151737 -1.055847
v 0.437663 0.231250 -1.055847
v 0.390857 0.303736 -1.055847
v 0.332176 0.366993 -1.055847
v 0.263402 0.419099 -1.055847
v 0.186625 0.458472 -1.055847
v 0.104176 0.483913 -1.055847
v 0.018563 0.494652 -1.055847
v -0.067614 0.490360 -1.055847
v -0.151737 0.471170 -1.055847
v -0.231250 0.437663 -1.055847
v -0.303736 0.390857 -1.055847
v -0.366993 0.332176 -1.055847
v -0.419099 0.263402 -1.055847
v -0.458472 0.186625 -1.055847
v -0.483913 0.104176 -1.055847
v -0.489952 0.070516 -1.052754
v 0.489952 0.070516 -1.052754
v 0.483979 0.103874 -1.055367
v 0.458588 0.186338 -1.055367
v 0.419264 0.263140 -1.055367
v 0.367201 0.331947 -1.055367
v 0.303980 0.390667 -1.055367
v 0.231523 0.437518 -1.055367
v 0.152032 0.471075 -1.055367
v 0.067921 0.490318 -1.055367
v -0.018254 0.494663 -1.055367
v -0.103874 0.483979 -1.055367
v -0.186338 0.458588 -1.055367
v -0.263140 0.419264 -1.055367
v -0.331947 0.367201 -1.055367
v -0.390667 0.303980 -1.055367
v -0.437518 0.231523 -1.055367
v -0.471075 0.152032 -1.055367
v -0.489917 0.070753 -1.052596
v 0.489917 0.070753 -1.052596
v 0.471123 0.151881 -1.055605
v 0.437592 0.231384 -1.055605
v 0.390765 0.303855 -1.055605
v 0.332064 0.367095 -1.055605
v 0.263274 0.419180 -1.055605
v 0.186484 0.458529 -1.055605
v 0.104029 0.483945 -1.055605
v 0.018412 0.494657 -1.055605
v -0.067764 0.490340 -1.055605
v -0.151881 0.471123 -1.055605
v -0.231384 0.437592 -1.055605
v -0.303855 0.390765 -1.055605
v -0.367095 0.332064 -1.055605
v -0.419180 0.263274 -1.055605
v -0.458529 0.186484 -1.055605
v -0.483945 0.104029 -1.055605
v -0.495000 0.000000 -1.051000
v 0.489882 0.070994 -1.052444
v 0.484013 0.103713 -1.055134
v 0.458650 0.186185 -1.055134
v 0.419352 0.263000 -1.055134
v 0.367311 0.331824 -1.055134
v 0.304110 0.390566 -1.055134
v 0.231669 0.437441 -1.055134
v 0.152189 0.471024 -1.055134
v 0.068084 0.490295 -1.055134
v -0.018089 0.494669 -1.055134
v -0.103713 0.484013 -1.055134
v -0.186185 0.458650 -1.055134
v -0.263000 0.419352 -1.055134
v -0.331824 0.367311 -1.055134
v -0.390566 0.304110 -1.055134
v -0.437441 0.231669 -1.055134
v -0.471024 0.152189 -1.055134
v -0.489882 0.070994 -1.052444
v 0.489847 0.071240 -1.052300
v 0.471075 0.152032 -1.055367
v 0.437518 0.231523 -1.055367
v 0.390667 0.303980 -1.055367
v 0.331947 0.367201 -1.055367
v 0.263140 0.419264 -1.055367
v 0.186338 0.458588 -1.055367
v 0.103874 0.483979 -1.055367
v 0.018254 0.494663 -1.055367
v -0.067921 0.490318 -1.055367
v -0.152032 0.471075 -1.055367
v -0.231523 0.437518 -1.055367
v -0.303980 0.390667 -1.055367
v -0.367201 0.331947 -1.055367
v -0.419264 0.263140 -1.055367
v -0.458588 0.186338 -1.055367
v -0.483979 0.103874 -1.055367
v -0.489847 0.071240 -1.052300
v 0.489810 0.071490 -1.052162
v 0.484049 0.103545 -1.054905
v 0.458715 0.186026 -1.054905
v 0.419443 0.262855 -1.054905
v 0.367426 0.331697 -1.054905
v 0.304246 0.390461 -1.054905
v 0.231821 0.437361 -1.054905
v 0.152352 0.470971 -1.054905
v 0.068254 0.490272 -1.054905
v -0.017918 0.494676 -1.054905
v -0.103545 0.484049 -1.054905
v -0.186026 0.458715 -1.054905
v -0.262855 0.419443 -1.054905
v -0.331697 0.367426 -1.054905
v -0.390461 0.304246 -1.054905
v -0.437361 0.231821 -1.054905
v -0.470971 0.152352 -1.054905
v -0.489810 0.071490 -1.052162
v 0.489773 0.071743 -1.052032
v 0.471024 0.152189 -1.055134
v 0.437441 0.231669 -1.055134
v 0.390566 0.304110 -1.055134
v 0.331824 0.367311 -1.055134
v 0.263000 0.419352 -1.055134
v 0.186185 0.458650 -1.055134
v 0.103713 0.484013 -1.055134
v 0.018089 0.494669 -1.055134
v -0.068084 0.490295 -1.055134
v -0.152189 0.471024 -1.055134
v -0.231669 0.437441 -1.055134
v -0.304110 0.390566 -1.055134
v -0.367311 0.331824 -1.055134
v -0.419352 0.263000 -1.055134
v -0.458650 0.186185 -1.055134
v -0.484013 0.103713 -1.055134
v -0.489773 0.071743 -1.052032
v 0.489736 0.072000 -1.051909
v 0.484086 0.103371 -1.054681
v 0.458782 0.185861 -1.054681
v 0.419537 0.262704 -1.054681
v 0.367545 0.331565 -1.054681
v 0.304386 0.390351 -1.054681
v 0.231978 0.437277 -1.054681
v 0.152521 0.470916 -1.054681
v 0.068430 0.490247 -1.054681
v -0.017740 0.494682 -1.054681
v -0.103371 0.484086 -1.054681
v -0.185861 0.458782 -1.054681
v -0.262704 0.419537 -1.054681
v -0.331565 0.367545 -1.054681
v -0.390351 0.304386 -1.054681
v -0.437277 0.231978 -1.054681
v -0.470916 0.152521 -1.054681
v -0.489736 0.072000 -1.051909
v 0.489697 0.072261 -1.051793
v 0.470971 0.152352 -1.054905
v 0.437361 0.231821 -1.054905
v 0.390461 0.304246 -1.054905
v 0.331697 0.367426 -1.054905
v 0.262855 0.419443 -1.054905
v 0.186026 0.458715 -1.054905
v 0.103545 0.484049 -1.054905
v 0.017918 0.494676 -1.054905
v -0.068254 0.490272 -1.054905
v -0.152352 0.470971 -1.054905
v -0.231821 0.437361 -1.054905
v -0.304246 0.390461 -1.054905
v -0.367426 0.331697 -1.054905
v -0.419443 0.262855 -1.054905
v -0.458715 0.186026 -1.054905
v -0.484049 0.103545 -1.054905
v -0.489697 0.072261 -1.051793
v 0.489658 0.072525 -1.051686
v 0.484125 0.103191 -1.054463
v 0.458851 0.185690 -1.054463
v 0.419635 0.262548 -1.054463
v 0.367669 0.331428 -1.054463
v 0.304531 0.390238 -1.054463
v 0.232141 0.437191 -1.054463
v 0.152697 0.470860 -1.054463
v 0.068613 0.490222 -1.054463
v -0.017556 0.494689 -1.054463
v -0.103191 0.484125 -1.054463
v -0.185690 0.458851 -1.054463
v -0.262548 0.419635 -1.054463
v -0.331428 0.367669 -1.054463
v -0.390238 0.304531 -1.054463
v -0.437191 0.232141 -1.054463
v -0.470860 0.152697 -1.054463
v -0.489658 0.072525 -1.051686
v 0.489619 0.072791 -1.051585
v 0.470916 0.152521 -1.054681
v 0.437277 0.231978 -1.054681
v 0.390351 0.304386 -1.054681
v 0.331565 0.367545 -1.054681
v 0.262704 0.419537 -1.054681
v 0.185861 0.458782 -1.054681
v 0.103371 0.484086 -1.054681
v 0.017740 0.494682 -1.054681
v -0.068430 0.490247 -1.054681
v -0.152521 0.470916 -1.054681
v -0.231978 0.437277 -1.054681
v -0.304386 0.390351 -1.054681
v -0.367545 0.331565 -1.054681
v -0.419537 0.262704 -1.054681
v -0.458782 0.185861 -1.054681
v -0.484086 0.103371 -1.054681
v -0.489619 0.072791 -1.051585
v 0.489578 0.073061 -1.051493
v 0.484164 0.103004 -1.054249
v 0.458922 0.185514 -1.054249
v 0.419736 0.262386 -1.054249
v 0.367797 0.331286 -1.054249
v 0.304682 0.390121 -1.054249
v 0.232309 0.437101 -1.054249
v 0.152878 0.470801 -1.054249
v 0.068802 0.490195 -1.054249
v -0.017365 0.494695 -1.054249
v -0.103004 0.484164 -1.054249
v -0.185514 0.458922 -1.054249
v -0.262386 0.419736 -1.054249
v -0.331286 0.367797 -1.054249
v -0.390121 0.304682 -1.054249
v -0.437101 0.232309 -1.054249
v -0.470801 0.152878 -1.054249
v -0.489578 0.073061 -1.051493
v 0.489538 0.073333 -1.051408
v 0.470860 0.152697 -1.054463
v 0.437191 0.232141 -1.054463
v 0.390238 0.304531 -1.054463
v 0.331428 0.367669 -1.054463
v 0.262548 0.419635 -1.054463
v 0.185690 0.458851 -1.054463
v 0.103191 0.484125 -1.054463
v 0.017556 0.494689 -1.054463
v -0.068613 0.490222 -1.054463
v -0.152697 0.470860 -1.054463
v -0.232141 0.437191 -1.054463
v -0.304531 0.390238 -1.054463
v -0.367669 0.331428 -1.054463
v -0.419635 0.262548 -1.054463
v -0.458851 0.185690 -1.054463
v -0.484125 0.103191 -1.054463
v -0.489538 0.073333 -1.051408
v 0.489497 0.073608 -1.051331
v 0.484205 0.102812 -1.054041
v 0.458996 0.185331 -1.054041
v 0.419840 0.262219 -1.054041
v 0.367928 0.331140 -1.054041
v 0.304837 0.390000 -1.054041
v 0.232483 0.437009 -1.054041
v 0.153065 0.470740 -1.054041
v 0.068997 0.490168 -1.054041
v -0.017168 0.494702 -1.054041
v -0.102812 0.484205 -1.054041
v -0.185331 0.458996 -1.054041
v -0.262219 0.419840 -1.054041
v -0.331140 0.367928 -1.054041
v -0.390000 0.304837 -1.054041
v -0.437009 0.232483 -1.054041
v -0.470740 0.153065 -1.054041
v -0.489497 0.073608 -1.051331
v 0.489455 0.073884 -1.051262
v 0.470801 0.152878 -1.054249
v 0.437101 0.232309 -1.054249
v 0.390121 0.304682 -1.054249
v 0.331286 0.367797 -1.054249
v 0.262386 0.419736 -1.054249
v 0.185514 0.458922 -1.054249
v 0.103004 0.484164 -1.054249
v 0.017365 0.494695 -1.054249
v -0.068802 0.490195 -1.054249
v -0.152878 0.470801 -1.054249
v -0.232309 0.437101 -1.054249
v -0.304682 0.390121 -1.054249
v -0.367797 0.331286 -1.054249
v -0.419736 0.262386 -1.054249
v -0.458922 0.185514 -1.054249
v -0.484164 0.103004 -1.054249
v -0.489455 0.073884 -1.051262
v 0.489413 0.074163 -1.051201
v 0.484247 0.102613 -1.053839
v 0.459072 0.185143 -1.053839
v 0.419948 0.262047 -1.053839
v 0.368064 0.330990 -1.053839
v 0.304996 0.389875 -1.053839
v 0.232662 0.436914 -1.053839
v 0.153258 0.470677 -1.053839
v 0.069197 0.490140 -1.053839
v -0.016966 0.494709 -1.053839
v -0.102613 0.484247 -1.053839
v -0.185143 0.459072 -1.053839
v -0.262047 0.419948 -1.053839
v -0.330990 0.368064 -1.053839
v -0.389875 0.304996 -1.053839
v -0.436914 0.232662 -1.053839
v -0.470677 0.153258 -1.053839
v -0.489413 0.074163 -1.051201
v 0.489370 0.074443 -1.051148
v 0.470740 0.153065 -1.054041
v 0.437009 0.232483 -1.054041
v 0.390000 0.304837 -1.054041
v 0.331140 0.367928 -1.054041
v 0.262219 0.419840 -1.054041
v 0.185331 0.458996 -1.054041
v 0.102812 0.484205 -1.054041
v 0.017168 0.494702 -1.054041
v -0.068997 0.490168 -1.054041
v -0.153065 0.470740 -1.054041
v -0.232483 0.437009 -1.054041
v -0.304837 0.390000 -1.054041
v -0.367928 0.331140 -1.054041
v -0.419840 0.262219 -1.054041
v -0.458996 0.185331 -1.054041
v -0.484205 0.102812 -1.054041
v -0.489370 0.074443 -1.051148
v 0.484291 0.102409 -1.053643
v 0.459150 0.184950 -1.053643
v 0.420058 0.261870 -1.053643
v 0.368203 0.330834 -1.053643
v 0.305161 0.389746 -1.053643
v 0.232846 0.436816 -1.053643
v 0.153456 0.470613 -1.053643
v 0.069404 0.490110 -1.053643
v -0.016757 0.494716 -1.053643
v -0.102409 0.484291 -1.053643
v -0.184950 0.459150 -1.053643
v -0.261870 0.420058 -1.053643
v -0.330834 0.368203 -1.053643
v -0.389746 0.305161 -1.053643
v -0.436816 0.232846 -1.053643
v -0.470613 0.153456 -1.053643
v -0.489327 0.074725 -1.051103
v 0.470677 0.153258 -1.053839
v 0.436914 0.232662 -1.053839
v 0.389875 0.304996 -1.053839
v 0.330990 0.368064 -1.053839
v 0.262047 0.419948 -1.053839
v 0.185143 0.459072 -1.053839
v 0.102613 0.484247 -1.053839
v 0.016966 0.494709 -1.053839
v -0.069197 0.490140 -1.053839
v -0.153258 0.470677 -1.053839
v -0.232662 0.436914 -1.053839
v -0.304996 0.389875 -1.053839
v -0.368064 0.330990 -1.053839
v -0.419948 0.262047 -1.053839
v -0.459072 0.185143 -1.053839
v -0.484247 0.102613 -1.053839
v -0.489284 0.075008 -1.051066
v 0.484335 0.102200 -1.053453
v 0.459230 0.184751 -1.053453
v 0.420171 0.261689 -1.053453
v 0.368346 0.330675 -1.053453
v 0.305329 0.389614 -1.053453
v 0.233035 0.436715 -1.053453
v 0.153660 0.470546 -1.053453
v 0.069616 0.490080 -1.053453
v -0.016543 0.494723 -1.053453
v -0.102200 0.484335 -1.053453
v -0.184751 0.459230 -1.053453
v -0.261689 0.420171 -1.053453
v -0.330675 0.368346 -1.053453
v -0.389614 0.305329 -1.053453
v -0.436715 0.233035 -1.053453
v -0.470546 0.153660 -1.053453
v -0.489240 0.075292 -1.051037
v 0.470613 0.153456 -1.053643
v 0.436816 0.232846 -1.053643
v 0.389746 0.305161 -1.053643
v 0.330834 0.368203 -1.053643
v 0.261870 0.420058 -1.053643
v 0.184950 0.459150 -1.053643
v 0.102409 0.484291 -1.053643
v 0.016757 0.494716 -1.053643
v -0.069404 0.490110 -1.053643
v -0.153456 0.470613 -1.053643
v -0.232846 0.436816 -1.053643
v -0.305161 0.389746 -1.053643
v -0.368203 0.330834 -1.053643
v -0.420058 0.261870 -1.053643
v -0.459150 0.184950 -1.053643
v -0.484291 0.102409 -1.053643
v -0.489196 0.075576 -1.051017
v 0.484380 0.101985 -1.053269
v 0.459312 0.184547 -1.053269
v 0.420287 0.261502 -1.053269
v 0.368493 0.330512 -1.053269
v 0.305502 0.389478 -1.053269
v 0.233229 0.436611 -1.053269
v 0.153868 0.470478 -1.053269
v 0.069833 0.490049 -1.053269
v -0.016324 0.494731 -1.053269
v -0.101985 0.484380 -1.053269
v -0.184547 0.459312 -1.053269
v -0.261502 0.420287 -1.053269
v -0.330512 0.368493 -1.053269
v -0.389478 0.305502 -1.053269
v -0.436611 0.233229 -1.053269
v -0.470478 0.153868 -1.053269
v -0.489152 0.075862 -1.051004
v 0.470546 0.153660 -1.053453
v 0.436715 0.233035 -1.053453
v 0.389614 0.305329 -1.053453
v 0.330675 0.368346 -1.053453
v 0.261689 0.420171 -1.053453
v 0.184751 0.459230 -1.053453
v 0.102200 0.484335 -1.053453
v 0.016543 0.494723 -1.053453
v -0.069616 0.490080 -1.053453
v -0.153660 0.470546 -1.053453
v -0.233035 0.436715 -1.053453
v -0.305329 0.389614 -1.053453
v -0.368346 0.330675 -1.053453
v -0.420171 0.261689 -1.053453
v -0.459230 0.184751 -1.053453
v -0.484335 0.102200 -1.053453
v 0.484426 0.101765 -1.053091
v 0.459396 0.184339 -1.053091
v 0.420406 0.261311 -1.053091
v 0.368643 0.330344 -1.053091
v 0.305679 0.389340 -1.053091
v 0.233427 0.436505 -1.053091
v 0.154082 0.470408 -1.053091
v 0.070056 0.490017 -1.053091
v -0.016099 0.494738 -1.053091
v -0.101765 0.484426 -1.053091
v -0.184339 0.459396 -1.053091
v -0.261311 0.420406 -1.053091
v -0.330344 0.368643 -1.053091
v -0.389340 0.305679 -1.053091
v -0.436505 0.233427 -1.053091
v -0.470408 0.154082 -1.053091
v 0.470478 0.153868 -1.053269
v 0.436611 0.233229 -1.053269
v 0.389478 0.305502 -1.053269
v 0.330512 0.368493 -1.053269
v 0.261502 0.420287 -1.053269
v 0.184547 0.459312 -1.053269
v 0.101985 0.484380 -1.053269
v 0.016324 0.494731 -1.053269
v -0.069833 0.490049 -1.053269
v -0.153868 0.470478 -1.053269
v -0.233229 0.436611 -1.053269
v -0.305502 0.389478 -1.053269
v -0.368493 0.330512 -1.053269
v -0.420287 0.261502 -1.053269
v -0.459312 0.184547 -1.053269
v -0.484380 0.101985 -1.053269
v 0.484474 0.101540 -1.052919
v 0.459481 0.184125 -1.052919
v 0.420528 0.261116 -1.052919
v 0.368797 0.330173 -1.052919
v 0.305860 0.389198 -1.052919
v 0.233630 0.436397 -1.052919
v 0.154301 0.470336 -1.052919
v 0.070283 0.489985 -1.052919
v -0.015869 0.494746 -1.052919
v -0.101540 0.484474 -1.052919
v -0.184125 0.459481 -1.052919
v -0.261116 0.420528 -1.052919
v -0.330173 0.368797 -1.052919
v -0.389198 0.305860 -1.052919
v -0.436397 0.233630 -1.052919
v -0.470336 0.154301 -1.052919
v 0.470408 0.154082 -1.053091
v 0.436505 0.233427 -1.053091
v 0.389340 0.305679 -1.053091
v 0.330344 0.368643 -1.053091
v 0.261311 0.420406 -1.053091
v 0.184339 0.459396 -1.053091
v 0.101765 0.484426 -1.053091
v 0.016099 0.494738 -1.053091
v -0.070056 0.490017 -1.053091
v -0.154082 0.470408 -1.053091
v -0.233427 0.436505 -1.053091
v -0.305679 0.389340 -1.053091
v -0.368643 0.330344 -1.053091
v -0.420406 0.261311 -1.053091
v -0.459396 0.184339 -1.053091
v -0.484426 0.101765 -1.053091
v 0.484522 0.101310 -1.052754
v 0.459568 0.183907 -1.052754
v 0.420651 0.260916 -1.052754
v 0.368953 0.329998 -1.052754
v 0.306044 0.389053 -1.052754
v 0.233837 0.436286 -1.052754
v 0.154524 0.470263 -1.052754
v 0.070516 0.489952 -1.052754
v -0.015635 0.494753 -1.052754
v -0.101310 0.484522 -1.052754
v -0.183907 0.459568 -1.052754
v -0.260916 0.420651 -1.052754
v -0.329998 0.368953 -1.052754
v -0.389053 0.306044 -1.052754
v -0.436286 0.233837 -1.052754
v -0.470263 0.154524 -1.052754
v 0.470336 0.154301 -1.052919
v 0.436397 0.233630 -1.052919
v 0.389198 0.305860 -1.052919
v 0.330173 0.368797 -1.052919
v 0.261116 0.420528 -1.052919
v 0.184125 0.459481 -1.052919
v 0.101540 0.484474 -1.052919
v 0.015869 0.494746 -1.052919
v -0.070283 0.489985 -1.052919
v -0.154301 0.470336 -1.052919
v -0.233630 0.436397 -1.052919
v -0.305860 0.389198 -1.052919
v -0.368797 0.330173 -1.052919
v -0.420528 0.261116 -1.052919
v -0.459481 0.184125 -1.052919
v -0.484474 0.101540 -1.052919
v 0.484571 0.101076 -1.052596
v 0.459657 0.183685 -1.052596
v 0.420778 0.260713 -1.052596
v 0.369113 0.329819 -1.052596
v 0.306232 0.388904 -1.052596
v 0.234048 0.436173 -1.052596
v 0.154751 0.470188 -1.052596
v 0.070753 0.489917 -1.052596
v -0.015395 0.494761 -1.052596
v -0.101076 0.484571 -1.052596
v -0.183685 0.459657 -1.052596
v -0.260713 0.420778 -1.052596
v -0.329819 0.369113 -1.052596
v -0.388904 0.306232 -1.052596
v -0.436173 0.234048 -1.052596
v -0.470188 0.154751 -1.052596
v 0.470263 0.154524 -1.052754
v 0.436286 0.233837 -1.052754
v 0.389053 0.306044 -1.052754
v 0.329998 0.368953 -1.052754
v 0.260916 0.420651 -1.052754
v 0.183907 0.459568 -1.052754
v 0.101310 0.484522 -1.052754
v 0.015635 0.494753 -1.052754
v -0.070516 0.489952 -1.052754
v -0.154524 0.470263 -1.052754
v -0.233837 0.436286 -1.052754
v -0.306044 0.389053 -1.052754
v -0.368953 0.329998 -1.052754
v -0.420651 0.260916 -1.052754
v -0.459568 0.183907 -1.052754
v -0.484522 0.101310 -1.052754
v 0.484620 0.100837 -1.052444
v 0.459748 0.183458 -1.052444
v 0.420906 0.260506 -1.052444
v 0.369275 0.329637 -1.052444
v 0.306424 0.388753 -1.052444
v 0.234262 0.436057 -1.052444
v 0.154983 0.470112 -1.052444
v 0.070994 0.489882 -1.052444
v -0.015151 0.494768 -1.052444
v -0.100837 0.484620 -1.052444
v -0.183458 0.459748 -1.052444
v -0.260506 0.420906 -1.052444
v -0.329637 0.369275 -1.052444
v -0.388753 0.306424 -1.052444
v -0.436057 0.234262 -1.052444
v -0.470112 0.154983 -1.052444
v 0.470188 0.154751 -1.052596
v 0.436173 0.234048 -1.052596
v 0.388904 0.306232 -1.052596
v 0.329819 0.369113 -1.052596
v 0.260713 0.420778 -1.052596
v 0.183685 0.459657 -1.052596
v 0.101076 0.484571 -1.052596
v 0.015395 0.494761 -1.052596
v -0.070753 0.489917 -1.052596
v -0.154751 0.470188 -1.052596
v -0.234048 0.436173 -1.052596
v -0.306232 0.388904 -1.052596
v -0.369113 0.329819 -1.052596
v -0.420778 0.260713 -1.052596
v -0.459657 0.183685 -1.052596
v -0.484571 0.101076 -1.052596
v 0.484671 0.100594 -1.052300
v 0.459840 0.183228 -1.052300
v 0.421037 0.260294 -1.052300
v 0.369440 0.329452 -1.052300
v 0.306619 0.388600 -1.052300
v 0.234481 0.435940 -1.052300
v 0.155219 0.470034 -1.052300
v 0.071240 0.489847 -1.052300
v -0.014903 0.494776 -1.052300
v -0.100594 0.484671 -1.052300
v -0.183228 0.459840 -1.052300
v -0.260294 0.421037 -1.052300
v -0.329452 0.369440 -1.052300
v -0.388600 0.306619 -1.052300
v -0.435940 0.234481 -1.052300
v -0.470034 0.155219 -1.052300
v 0.470112 0.154983 -1.052444
v 0.436057 0.234262 -1.052444
v 0.388753 0.306424 -1.052444
v 0.329637 0.369275 -1.052444
v 0.260506 0.420906 -1.052444
v 0.183458 0.459748 -1.052444
v 0.100837 0.484620 -1.052444
v 0.015151 0.494768 -1.052444
v -0.070994 0.489882 -1.052444
v -0.154983 0.470112 -1.052444
v -0.234262 0.436057 -1.052444
v -0.306424 0.388753 -1.052444
v -0.369275 0.329637 -1.052444
v -0.420906 0.260506 -1.052444
v -0.459748 0.183458 -1.052444
v -0.484620 0.100837 -1.052444
v 0.484722 0.100347 -1.052162
v 0.459933 0.182993 -1.052162
v 0.421169 0.260080 -1.052162
v 0.369608 0.329264 -1.052162
v 0.306817 0.388443 -1.052162
v 0.234703 0.435820 -1.052162
v 0.155458 0.469955 -1.052162
v 0.071490 0.489810 -1.052162
v -0.014651 0.494783 -1.052162
v -0.100347 0.484722 -1.052162
v -0.182993 0.459933 -1.052162
v -0.260080 0.421169 -1.052162
v -0.329264 0.369608 -1.052162
v -0.388443 0.306817 -1.052162
v -0.435820 0.234703 -1.052162
v -0.469955 0.155458 -1.052162
v 0.470034 0.155219 -1.052300
v 0.484774 0.100096 -1.052032
v 0.435940 0.234481 -1.052300
v 0.460028 0.182755 -1.052032
v 0.388600 0.306619 -1.052300
v 0.421304 0.259862 -1.052032
v 0.329452 0.369440 -1.052300
v 0.369779 0.329073 -1.052032
v 0.260294 0.421037 -1.052300
v 0.307018 0.388285 -1.052032
v 0.183228 0.459840 -1.052300
v 0.234929 0.435699 -1.052032
v 0.100594 0.484671 -1.052300
v 0.155701 0.469875 -1.052032
v 0.014903 0.494776 -1.052300
v 0.071743 0.489773 -1.052032
v -0.071240 0.489847 -1.052300
v -0.014395 0.494791 -1.052032
v -0.155219 0.470034 -1.052300
v -0.100096 0.484774 -1.052032
v -0.234481 0.435940 -1.052300
v -0.182755 0.460028 -1.052032
v -0.306619 0.388600 -1.052300
v -0.259862 0.421304 -1.052032
v -0.369440 0.329452 -1.052300
v -0.329073 0.369779 -1.052032
v -0.421037 0.260294 -1.052300
v -0.388285 0.307018 -1.052032
v -0.459840 0.183228 -1.052300
v -0.435699 0.234929 -1.052032
v -0.484671 0.100594 -1.052300
v -0.469875 0.155701 -1.052032
v 0.469955 0.155458 -1.052162
v 0.435820 0.234703 -1.052162
v 0.388443 0.306817 -1.052162
v 0.329264 0.369608 -1.052162
v 0.260080 0.421169 -1.052162
v 0.182993 0.459933 -1.052162
v 0.100347 0.484722 -1.052162
v 0.014651 0.494783 -1.052162
v -0.071490 0.489810 -1.052162
v -0.155458 0.469955 -1.052162
v -0.234703 0.435820 -1.052162
v -0.306817 0.388443 -1.052162
v -0.369608 0.329264 -1.052162
v -0.421169 0.260080 -1.052162
v -0.459933 0.182993 -1.052162
v -0.484722 0.100347 -1.052162
v 0.484826 0.099841 -1.051909
v 0.460124 0.182514 -1.051909
v 0.421440 0.259641 -1.051909
v 0.369951 0.328878 -1.051909
v 0.307222 0.388123 -1.051909
v 0.235157 0.435575 -1.051909
v 0.155948 0.469793 -1.051909
v 0.072000 0.489736 -1.051909
v -0.014135 0.494798 -1.051909
v -0.099841 0.484826 -1.051909
v -0.182514 0.460124 -1.051909
v -0.259641 0.421440 -1.051909
v -0.328878 0.369951 -1.051909
v -0.388123 0.307222 -1.051909
v -0.435575 0.235157 -1.051909
v -0.469793 0.155948 -1.051909
v 0.469875 0.155701 -1.052032
v 0.435699 0.234929 -1.052032
v 0.388285 0.307018 -1.052032
v 0.329073 0.369779 -1.052032
v 0.259862 0.421304 -1.052032
v 0.182755 0.460028 -1.052032
v 0.100096 0.484774 -1.052032
v 0.014395 0.494791 -1.052032
v -0.071743 0.489773 -1.052032
v -0.155701 0.469875 -1.052032
v -0.234929 0.435699 -1.052032
v -0.307018 0.388285 -1.052032
v -0.369779 0.329073 -1.052032
v -0.421304 0.259862 -1.052032
v -0.460028 0.182755 -1.052032
v -0.484774 0.100096 -1.052032
v 0.484880 0.099583 -1.051793
v 0.460221 0.182269 -1.051793
v 0.421578 0.259416 -1.051793
v 0.370126 0.328682 -1.051793
v 0.307428 0.387960 -1.051793
v 0.235389 0.435450 -1.051793
v 0.156198 0.469710 -1.051793
v 0.072261 0.489697 -1.051793
v -0.013872 0.494806 -1.051793
v -0.099583 0.484880 -1.051793
v -0.182269 0.460221 -1.051793
v -0.259416 0.421578 -1.051793
v -0.328682 0.370126 -1.051793
v -0.387960 0.307428 -1.051793
v -0.435450 0.235389 -1.051793
v -0.469710 0.156198 -1.051793
v 0.469793 0.155948 -1.051909
v 0.435575 0.235157 -1.051909
v 0.388123 0.307222 -1.051909
v 0.328878 0.369951 -1.051909
v 0.259641 0.421440 -1.051909
v 0.182514 0.460124 -1.051909
v 0.099841 0.484826 -1.051909
v 0.014135 0.494798 -1.051909
v -0.072000 0.489736 -1.051909
v -0.155948 0.469793 -1.051909
v -0.235157 0.435575 -1.051909
v -0.307222 0.388123 -1.051909
v -0.369951 0.328878 -1.051909
v -0.421440 0.259641 -1.051909
v -0.460124 0.182514 -1.051909
v -0.484826 0.099841 -1.051909
v 0.484933 0.099322 -1.051686
v 0.460319 0.182021 -1.051686
v 0.421718 0.259189 -1.051686
v 0.370303 0.328482 -1.051686
v 0.307637 0.387794 -1.051686
v 0.235624 0.435323 -1.051686
v 0.156451 0.469625 -1.051686
v 0.072525 0.489658 -1.051686
v -0.013606 0.494813 -1.051686
v -0.099322 0.484933 -1.051686
v -0.182021 0.460319 -1.051686
v -0.259189 0.421718 -1.051686
v -0.328482 0.370303 -1.051686
v -0.387794 0.307637 -1.051686
v -0.435323 0.235624 -1.051686
v -0.469625 0.156451 -1.051686
v 0.469710 0.156198 -1.051793
v 0.435450 0.235389 -1.051793
v 0.387960 0.307428 -1.051793
v 0.328682 0.370126 -1.051793
v 0.259416 0.421578 -1.051793
v 0.182269 0.460221 -1.051793
v 0.099583 0.484880 -1.051793
v 0.013872 0.494806 -1.051793
v -0.072261 0.489697 -1.051793
v -0.156198 0.469710 -1.051793
v -0.235389 0.435450 -1.051793
v -0.307428 0.387960 -1.051793
v -0.370126 0.328682 -1.051793
v -0.421578 0.259416 -1.051793
v -0.460221 0.182269 -1.051793
v -0.484880 0.099583 -1.051793
v 0.484987 0.099058 -1.051585
v 0.460418 0.181770 -1.051585
v 0.421859 0.258959 -1.051585
v 0.370482 0.328280 -1.051585
v 0.307848 0.387627 -1.051585
v 0.235861 0.435195 -1.051585
v 0.156707 0.469540 -1.051585
v 0.072791 0.489619 -1.051585
v -0.013336 0.494820 -1.051585
v -0.099058 0.484987 -1.051585
v -0.181770 0.460418 -1.051585
v -0.258959 0.421859 -1.051585
v -0.328280 0.370482 -1.051585
v -0.387627 0.307848 -1.051585
v -0.435195 0.235861 -1.051585
v -0.469540 0.156707 -1.051585
v 0.469625 0.156451 -1.051686
v 0.435323 0.235624 -1.051686
v 0.387794 0.307637 -1.051686
v 0.328482 0.370303 -1.051686
v 0.259189 0.421718 -1.051686
v 0.182021 0.460319 -1.051686
v 0.099322 0.484933 -1.051686
v 0.013606 0.494813 -1.051686
v -0.072525 0.489658 -1.051686
v -0.156451 0.469625 -1.051686
v -0.235624 0.435323 -1.051686
v -0.307637 0.387794 -1.051686
v -0.370303 0.328482 -1.051686
v -0.421718 0.259189 -1.051686
v -0.460319 0.182021 -1.051686
v -0.484933 0.099322 -1.051686
v 0.485042 0.098791 -1.051493
v 0.460518 0.181517 -1.051493
v 0.422002 0.258727 -1.051493
v 0.370663 0.328076 -1.051493
v 0.308062 0.387457 -1.051493
v 0.236101 0.435065 -1.051493
v 0.156965 0.469454 -1.051493
v 0.073061 0.489578 -1.051493
v -0.013063 0.494828 -1.051493
v -0.098791 0.485042 -1.051493
v -0.181517 0.460518 -1.051493
v -0.258727 0.422002 -1.051493
v -0.328076 0.370663 -1.051493
v -0.387457 0.308062 -1.051493
v -0.435065 0.236101 -1.051493
v -0.469454 0.156965 -1.051493
v 0.469540 0.156707 -1.051585
v 0.435195 0.235861 -1.051585
v 0.387627 0.307848 -1.051585
v 0.328280 0.370482 -1.051585
v 0.258959 0.421859 -1.051585
v 0.181770 0.460418 -1.051585
v 0.099058 0.484987 -1.051585
v 0.013336 0.494820 -1.051585
v -0.072791 0.489619 -1.051585
v -0.156707 0.469540 -1.051585
v -0.235861 0.435195 -1.051585
v -0.307848 0.387627 -1.051585
v -0.370482 0.328280 -1.051585
v -0.421859 0.258959 -1.051585
v -0.460418 0.181770 -1.051585
v -0.484987 0.099058 -1.051585
v 0.485096 0.098521 -1.051408
v 0.460619 0.181260 -1.051408
v 0.422145 0.258492 -1.051408
v 0.370845 0.327870 -1.051408
v 0.308277 0.387286 -1.051408
v 0.236342 0.434934 -1.051408
v 0.157226 0.469366 -1.051408
v 0.073333 0.489538 -1.051408
v -0.012788 0.494835 -1.051408
v -0.098521 0.485096 -1.051408
v -0.181260 0.460619 -1.051408
v -0.258492 0.422145 -1.051408
v -0.327870 0.370845 -1.051408
v -0.387286 0.308277 -1.051408
v -0.434934 0.236342 -1.051408
v -0.469366 0.157226 -1.051408
v 0.469454 0.156965 -1.051493
v 0.435065 0.236101 -1.051493
v 0.387457 0.308062 -1.051493
v 0.328076 0.370663 -1.051493
v 0.258727 0.422002 -1.051493
v 0.181517 0.460518 -1.051493
v 0.098791 0.485042 -1.051493
v 0.013063 0.494828 -1.051493
v -0.073061 0.489578 -1.051493
v -0.156965 0.469454 -1.051493
v -0.236101 0.435065 -1.051493
v -0.308062 0.387457 -1.051493
v -0.370663 0.328076 -1.051493
v -0.422002 0.258727 -1.051493
v -0.460518 0.181517 -1.051493
v -0.485042 0.098791 -1.051493
v 0.485152 0.098249 -1.051331
v 0.460720 0.181002 -1.051331
v 0.422290 0.258256 -1.051331
v 0.371029 0.327662 -1.051331
v 0.308494 0.387113 -1.051331
v 0.236586 0.434801 -1.051331
v 0.157490 0.469278 -1.051331
v 0.073608 0.489497 -1.051331
v -0.012511 0.494842 -1.051331
v -0.098249 0.485152 -1.051331
v -0.181002 0.460720 -1.051331
v -0.258256 0.422290 -1.051331
v -0.327662 0.371029 -1.051331
v -0.387113 0.308494 -1.051331
v -0.434801 0.236586 -1.051331
v -0.469278 0.157490 -1.051331
v 0.469366 0.157226 -1.051408
v 0.434934 0.236342 -1.051408
v 0.387286 0.308277 -1.051408
v 0.327870 0.370845 -1.051408
v 0.258492 0.422145 -1.051408
v 0.181260 0.460619 -1.051408
v 0.098521 0.485096 -1.051408
v 0.012788 0.494835 -1.051408
v -0.073333 0.489538 -1.051408
v -0.157226 0.469366 -1.051408
v -0.236342 0.434934 -1.051408
v -0.308277 0.387286 -1.051408
v -0.370845 0.327870 -1.051408
v -0.422145 0.258492 -1.051408
v -0.460619 0.181260 -1.051408
v -0.485096 0.098521 -1.051408
v 0.485207 0.097975 -1.051262
v 0.460823 0.180742 -1.051262
v 0.422436 0.258017 -1.051262
v 0.371214 0.327452 -1.051262
v 0.308713 0.386938 -1.051262
v 0.236832 0.434667 -1.051262
v 0.157755 0.469189 -1.051262
v 0.073884 0.489455 -1.051262
v -0.012231 0.494849 -1.051262
v -0.097975 0.485207 -1.051262
v -0.180742 0.460823 -1.051262
v -0.258017 0.422436 -1.051262
v -0.327452 0.371214 -1.051262
v -0.386938 0.308713 -1.051262
v -0.434667 0.236832 -1.051262
v -0.469189 0.157755 -1.051262
v 0.469278 0.157490 -1.051331
v 0.434801 0.236586 -1.051331
v 0.387113 0.308494 -1.051331
v 0.327662 0.371029 -1.051331
v 0.258256 0.422290 -1.051331
v 0.181002 0.460720 -1.051331
v 0.098249 0.485152 -1.051331
v 0.012511 0.494842 -1.051331
v -0.073608 0.489497 -1.051331
v -0.157490 0.469278 -1.051331
v -0.236586 0.434801 -1.051331
v -0.308494 0.387113 -1.051331
v -0.371029 0.327662 -1.051331
v -0.422290 0.258256 -1.051331
v -0.460720 0.181002 -1.051331
v -0.485152 0.098249 -1.051331
v 0.485263 0.097699 -1.051201
v 0.460925 0.180479 -1.051201
v 0.422583 0.257776 -1.051201
v 0.371401 0.327241 -1.051201
v 0.308933 0.386762 -1.051201
v 0.237079 0.434532 -1.051201
v 0.158022 0.469099 -1.051201
v 0.074163 0.489413 -1.051201
v -0.011949 0.494856 -1.051201
v -0.097699 0.485263 -1.051201
v -0.180479 0.460925 -1.051201
v -0.257776 0.422583 -1.051201
v -0.327241 0.371401 -1.051201
v -0.386762 0.308933 -1.051201
v -0.434532 0.237079 -1.051201
v -0.469099 0.158022 -1.051201
v 0.469189 0.157755 -1.051262
v 0.434667 0.236832 -1.051262
v 0.386938 0.308713 -1.051262
v 0.327452 0.371214 -1.051262
v 0.258017 0.422436 -1.051262
v 0.180742 0.460823 -1.051262
v 0.097975 0.485207 -1.051262
v 0.012231 0.494849 -1.051262
v -0.073884 0.489455 -1.051262
v -0.157755 0.469189 -1.051262
v -0.236832 0.434667 -1.051262
v -0.308713 0.386938 -1.051262
v -0.371214 0.327452 -1.051262
v -0.422436 0.258017 -1.051262
v -0.460823 0.180742 -1.051262
v -0.485207 0.097975 -1.051262
v 0.485319 0.097421 -1.051148
v 0.461029 0.180215 -1.051148
v 0.422730 0.257534 -1.051148
v 0.371588 0.327028 -1.051148
v 0.309155 0.386585 -1.051148
v 0.237328 0.434396 -1.051148
v 0.158290 0.469009 -1.051148
v 0.074443 0.489370 -1.051148
v -0.011666 0.494862 -1.051148
v -0.097421 0.485319 -1.051148
v -0.180215 0.461029 -1.051148
v -0.257534 0.422730 -1.051148
v -0.327028 0.371588 -1.051148
v -0.386585 0.309155 -1.051148
v -0.434396 0.237328 -1.051148
v -0.469009 0.158290 -1.051148
v 0.469099 0.158022 -1.051201
v 0.434532 0.237079 -1.051201
v 0.386762 0.308933 -1.051201
v 0.327241 0.371401 -1.051201
v 0.257776 0.422583 -1.051201
v 0.180479 0.460925 -1.051201
v 0.097699 0.485263 -1.051201
v 0.011949 0.494856 -1.051201
v -0.074163 0.489413 -1.051201
v -0.158022 0.469099 -1.051201
v -0.237079 0.434532 -1.051201
v -0.308933 0.386762 -1.051201
v -0.371401 0.327241 -1.051201
v -0.422583 0.257776 -1.051201
v -0.460925 0.180479 -1.051201
v -0.485263 0.097699 -1.051201
v 0.485375 0.097141 -1.051103
v 0.461132 0.179950 -1.051103
v 0.422879 0.257291 -1.051103
v 0.371776 0.326814 -1.051103
v 0.309377 0.386407 -1.051103
v 0.237578 0.434260 -1.051103
v 0.158560 0.468917 -1.051103
v 0.074725 0.489327 -1.051103
v -0.011381 0.494869 -1.051103
v -0.097141 0.485375 -1.051103
v -0.179950 0.461132 -1.051103
v -0.257291 0.422879 -1.051103
v -0.326814 0.371776 -1.051103
v -0.386407 0.309377 -1.051103
v -0.434260 0.237578 -1.051103
v -0.468917 0.158560 -1.051103
v 0.469009 0.158290 -1.051148
v 0.434396 0.237328 -1.051148
v 0.386585 0.309155 -1.051148
v 0.327028 0.371588 -1.051148
v 0.257534 0.422730 -1.051148
v 0.180215 0.461029 -1.051148
v 0.097421 0.485319 -1.051148
v 0.011666 0.494862 -1.051148
v -0.074443 0.489370 -1.051148
v -0.158290 0.469009 -1.051148
v -0.237328 0.434396 -1.051148
v -0.309155 0.386585 -1.051148
v -0.371588 0.327028 -1.051148
v -0.422730 0.257534 -1.051148
v -0.461029 0.180215 -1.051148
v -0.485319 0.097421 -1.051148
v 0.485431 0.096861 -1.051066
v 0.461236 0.179683 -1.051066
v 0.423027 0.257046 -1.051066
v 0.371965 0.326599 -1.051066
v 0.309601 0.386228 -1.051066
v 0.237829 0.434122 -1.051066
v 0.158832 0.468826 -1.051066
v 0.075008 0.489284 -1.051066
v -0.011095 0.494876 -1.051066
v -0.096861 0.485431 -1.051066
v -0.179683 0.461236 -1.051066
v -0.257046 0.423027 -1.051066
v -0.326599 0.371965 -1.051066
v -0.386228 0.309601 -1.051066
v -0.434122 0.237829 -1.051066
v -0.468826 0.158832 -1.051066
v 0.468917 0.158560 -1.051103
v 0.434260 0.237578 -1.051103
v 0.386407 0.309377 -1.051103
v 0.326814 0.371776 -1.051103
v 0.257291 0.422879 -1.051103
v 0.179950 0.461132 -1.051103
v 0.097141 0.485375 -1.051103
v 0.011381 0.494869 -1.051103
v -0.074725 0.489327 -1.051103
v -0.158560 0.468917 -1.051103
v -0.237578 0.434260 -1.051103
v -0.309377 0.386407 -1.051103
v -0.371776 0.326814 -1.051103
v -0.422879 0.257291 -1.051103
v -0.461132 0.179950 -1.051103
v -0.485375 0.097141 -1.051103
v 0.485487 0.096579 -1.051037
v 0.461340 0.179416 -1.051037
v 0.423176 0.256801 -1.051037
v 0.372154 0.326383 -1.051037
v 0.309825 0.386049 -1.051037
v 0.238081 0.433984 -1.051037
v 0.159104 0.468733 -1.051037
v 0.075292 0.489240 -1.051037
v -0.010808 0.494882 -1.051037
v -0.096579 0.485487 -1.051037
v -0.179416 0.461340 -1.051037
v -0.256801 0.423176 -1.051037
v -0.326383 0.372154 -1.051037
v -0.386049 0.309825 -1.051037
v -0.433984 0.238081 -1.051037
v -0.468733 0.159104 -1.051037
v 0.468826 0.158832 -1.051066
v 0.434122 0.237829 -1.051066
v 0.386228 0.309601 -1.051066
v 0.326599 0.371965 -1.051066
v 0.257046 0.423027 -1.051066
v 0.179683 0.461236 -1.051066
v 0.096861 0.485431 -1.051066
v 0.011095 0.494876 -1.051066
v -0.075008 0.489284 -1.051066
v -0.158832 0.468826 -1.051066
v -0.237829 0.434122 -1.051066
v -0.309601 0.386228 -1.051066
v -0.371965 0.326599 -1.051066
v -0.423027 0.257046 -1.051066
v -0.461236 0.179683 -1.051066
v -0.485431 0.096861 -1.051066
v 0.485543 0.096296 -1.051017
v 0.461445 0.179147 -1.051017
v 0.423326 0.256555 -1.051017
v 0.372344 0.326167 -1.051017
v 0.310049 0.385868 -1.051017
v 0.238334 0.433846 -1.051017
v 0.159376 0.468641 -1.051017
v 0.075576 0.489196 -1.051017
v -0.010520 0.494888 -1.051017
v -0.096296 0.485543 -1.051017
v -0.179147 0.461445 -1.051017
v -0.256555 0.423326 -1.051017
v -0.326167 0.372344 -1.051017
v -0.385868 0.310049 -1.051017
v -0.433846 0.238334 -1.051017
v -0.468641 0.159376 -1.051017
v 0.468733 0.159104 -1.051037
v 0.433984 0.238081 -1.051037
v 0.386049 0.309825 -1.051037
v 0.326383 0.372154 -1.051037
v 0.256801 0.423176 -1.051037
v 0.179416 0.461340 -1.051037
v 0.096579 0.485487 -1.051037
v 0.010808 0.494882 -1.051037
v -0.075292 0.489240 -1.051037
v -0.159104 0.468733 -1.051037
v -0.238081 0.433984 -1.051037
v -0.309825 0.386049 -1.051037
v -0.372154 0.326383 -1.051037
v -0.423176 0.256801 -1.051037
v -0.461340 0.179416 -1.051037
v -0.485487 0.096579 -1.051037
v 0.485599 0.096013 -1.051004
v 0.461549 0.178878 -1.051004
v 0.423475 0.256308 -1.051004
v 0.372534 0.325949 -1.051004
v 0.310274 0.385687 -1.051004
v 0.238587 0.433707 -1.051004
v 0.159650 0.468548 -1.051004
v 0.075862 0.489152 -1.051004
v -0.010231 0.494894 -1.051004
v -0.096013 0.485599 -1.051004
v -0.178878 0.461549 -1.051004
v -0.256308 0.423475 -1.051004
v -0.325949 0.372534 -1.051004
v -0.385687 0.310274 -1.051004
v -0.433707 0.238587 -1.051004
v -0.468548 0.159650 -1.051004
v 0.468641 0.159376 -1.051017
v 0.433846 0.238334 -1.051017
v 0.385868 0.310049 -1.051017
v 0.326167 0.372344 -1.051017
v 0.256555 0.423326 -1.051017
v 0.179147 0.461445 -1.051017
v 0.096296 0.485543 -1.051017
v 0.010520 0.494888 -1.051017
v -0.075576 0.489196 -1.051017
v -0.159376 0.468641 -1.051017
v -0.238334 0.433846 -1.051017
v -0.310049 0.385868 -1.051017
v -0.372344 0.326167 -1.051017
v -0.423326 0.256555 -1.051017
v -0.461445 0.179147 -1.051017
v -0.485543 0.096296 -1.051017
v 0.485655 0.095730 -1.051000
v 0.461654 0.178609 -1.051000
v 0.423625 0.256060 -1.051000
v 0.372725 0.325732 -1.051000
v 0.310499 0.385506 -1.051000
v 0.238840 0.433567 -1.051000
v 0.159923 0.468454 -1.051000
v 0.076147 0.489108 -1.051000
v -0.009942 0.494900 -1.051000
v -0.095730 0.485655 -1.051000
v -0.178609 0.461654 -1.051000
v -0.256060 0.423625 -1.051000
v -0.325732 0.372725 -1.051000
v -0.385506 0.310499 -1.051000
v -0.433567 0.238840 -1.051000
v -0.468454 0.159923 -1.051000
v 0.468548 0.159650 -1.051004
v 0.433707 0.238587 -1.051004
v 0.385687 0.310274 -1.051004
v 0.325949 0.372534 -1.051004
v 0.256308 0.423475 -1.051004
v 0.178878 0.461549 -1.051004
v 0.096013 0.485599 -1.051004
v 0.010231 0.494894 -1.051004
v -0.075862 0.489152 -1.051004
v -0.159650 0.468548 -1.051004
v -0.238587 0.433707 -1.051004
v -0.310274 0.385687 -1.051004
v -0.372534 0.325949 -1.051004
v -0.423475 0.256308 -1.051004
v -0.461549 0.178878 -1.051004
v -0.485599 0.096013 -1.051004
v 0.468454 0.159923 -1.051000
v 0.433567 0.238840 -1.051000
v 0.385506 0.310499 -1.051000
v 0.325732 0.372725 -1.051000
v 0.256060 0.423625 -1.051000
v 0.178609 0.461654 -1.051000
v 0.095730 0.485655 -1.051000
v 0.009942 0.494900 -1.051000
v -0.076147 0.489108 -1.051000
v -0.159923 0.468454 -1.051000
v -0.238840 0.433567 -1.051000
v -0.310499 0.385506 -1.051000
v -0.372725 0.325732 -1.051000
v -0.423625 0.256060 -1.051000
v -0.461654 0.178609 -1.051000
v -0.485655 0.095730 -1.051000
v 0.495000 0.000000 -1.051000
v 0.495000 0.000321 -1.051000
v -0.489108 0.076147 -1.051000
v 0.489327 0.074725 -1.051103
v 0.489108 0.076147 -1.051000
v 0.489009 0.076781 -1.051000
v 0.489284 0.075008 -1.051066
v 0.489152 0.075862 -1.051004
v 0.489240 0.075292 -1.051037
v 0.489196 0.075576 -1.051017
v -0.494900 0.009942 -1.051000
v -0.494906 0.009622 -1.051000
v -0.494913 0.009301 -1.051000
v -0.494919 0.008980 -1.051000
v -0.494924 0.008660 -1.051000
v -0.494930 0.008339 -1.051000
v -0.494935 0.008018 -1.051000
v -0.494940 0.007697 -1.051000
v -0.494945 0.007377 -1.051000
v -0.494950 0.007056 -1.051000
v -0.494954 0.006735 -1.051000
v -0.494958 0.006415 -1.051000
v -0.494962 0.006094 -1.051000
v -0.494966 0.005773 -1.051000
v -0.494970 0.005452 -1.051000
v -0.494973 0.005132 -1.051000
v -0.494977 0.004811 -1.051000
v -0.494980 0.004490 -1.051000
v -0.494982 0.004170 -1.051000
v -0.494985 0.003849 -1.051000
v -0.494987 0.003528 -1.051000
v -0.494990 0.003207 -1.051000
v -0.494992 0.002887 -1.051000
v -0.494993 0.002566 -1.051000
v -0.494995 0.002245 -1.051000
v -0.494996 0.001924 -1.051000
v -0.494997 0.001604 -1.051000
v -0.494998 0.001283 -1.051000
v -0.494999 0.000962 -1.051000
v -0.495000 0.000641 -1.051000
v 0.495000 0.000641 -1.051000
v 0.494999 0.000962 -1.051000
v 0.494998 0.001283 -1.051000
v 0.494997 0.001604 -1.051000
v 0.494996 0.001924 -1.051000
v 0.494995 0.002245 -1.051000
v 0.494993 0.002566 -1.051000
v 0.494992 0.002887 -1.051000
v 0.494990 0.003207 -1.051000
v 0.494987 0.003528 -1.051000
v 0.494985 0.003849 -1.051000
v 0.494982 0.004170 -1.051000
v 0.494980 0.004490 -1.051000
v 0.494977 0.004811 -1.051000
v 0.494973 0.005132 -1.051000
v 0.494970 0.005452 -1.051000
v 0.494966 0.005773 -1.051000
v 0.494962 0.006094 -1.051000
v 0.494958 0.006415 -1.051000
v 0.494954 0.006735 -1.051000
v 0.494950 0.007056 -1.051000
v 0.494945 0.007377 -1.051000
v 0.494940 0.007697 -1.051000
v 0.494935 0.008018 -1.051000
v 0.494930 0.008339 -1.051000
v 0.494924 0.008660 -1.051000
v 0.494919 0.008980 -1.051000
v 0.494913 0.009301 -1.051000
v 0.494906 0.009622 -1.051000
v 0.488909 0.077415 -1.051000
v 0.488808 0.078048 -1.051000
v 0.488707 0.078682 -1.051000
v 0.488604 0.079315 -1.051000
v 0.488501 0.079948 -1.051000
v 0.488397 0.080581 -1.051000
v 0.488292 0.081214 -1.051000
v 0.488187 0.081847 -1.051000
v 0.488080 0.082479 -1.051000
v 0.487973 0.083112 -1.051000
v 0.487865 0.083744 -1.051000
v 0.487756 0.084376 -1.051000
v 0.487646 0.085008 -1.051000
v 0.487535 0.085640 -1.051000
v 0.487424 0.086272 -1.051000
v 0.487312 0.086903 -1.051000
v 0.487199 0.087535 -1.051000
v 0.487085 0.088166 -1.051000
v 0.486970 0.088797 -1.051000
v 0.486855 0.089428 -1.051000
v 0.486739 0.090059 -1.051000
v 0.486621 0.090690 -1.051000
v 0.486503 0.091320 -1.051000
v 0.486385 0.091951 -1.051000
v 0.486265 0.092581 -1.051000
v 0.486145 0.093211 -1.051000
v 0.486024 0.093841 -1.051000
v 0.485902 0.094471 -1.051000
v 0.485779 0.095100 -1.051000
v 0.478133 0.128115 -0.879667
v 0.468247 0.160530 -1.051000
v 0.468038 0.161137 -1.051000
v 0.467829 0.161743 -1.051000
v 0.467619 0.162349 -1.051000
v 0.467408 0.162955 -1.051000
v 0.467197 0.163561 -1.051000
v 0.466984 0.164166 -1.051000
v 0.466771 0.164771 -1.051000
v 0.466557 0.165376 -1.051000
v 0.466343 0.165980 -1.051000
v 0.466127 0.166585 -1.051000
v 0.465911 0.167188 -1.051000
v 0.465694 0.167792 -1.051000
v 0.465476 0.168395 -1.051000
v 0.465257 0.168999 -1.051000
v 0.465038 0.169601 -1.051000
v 0.464818 0.170204 -1.051000
v 0.464597 0.170806 -1.051000
v 0.464375 0.171408 -1.051000
v 0.464153 0.172010 -1.051000
v 0.463929 0.172611 -1.051000
v 0.463705 0.173212 -1.051000
v 0.463480 0.173813 -1.051000
v 0.463255 0.174413 -1.051000
v 0.463028 0.175014 -1.051000
v 0.462801 0.175613 -1.051000
v 0.462573 0.176213 -1.051000
v 0.462344 0.176812 -1.051000
v 0.462115 0.177411 -1.051000
v 0.461885 0.178010 -1.051000
v 0.478133 0.128115 -0.628333
v 0.433257 0.239401 -1.051000
v 0.432947 0.239963 -1.051000
v 0.432635 0.240524 -1.051000
v 0.432323 0.241084 -1.051000
v 0.432011 0.241644 -1.051000
v 0.431697 0.242204 -1.051000
v 0.431383 0.242763 -1.051000
v 0.431068 0.243322 -1.051000
v 0.430752 0.243880 -1.051000
v 0.430436 0.244438 -1.051000
v 0.430119 0.244996 -1.051000
v 0.429801 0.245553 -1.051000
v 0.429482 0.246110 -1.051000
v 0.429163 0.246666 -1.051000
v 0.428843 0.247222 -1.051000
v 0.428522 0.247778 -1.051000
v 0.428201 0.248333 -1.051000
v 0.427878 0.248888 -1.051000
v 0.427556 0.249442 -1.051000
v 0.427232 0.249996 -1.051000
v 0.426908 0.250549 -1.051000
v 0.426583 0.251102 -1.051000
v 0.426257 0.251655 -1.051000
v 0.425930 0.252207 -1.051000
v 0.425603 0.252759 -1.051000
v 0.425275 0.253310 -1.051000
v 0.424947 0.253861 -1.051000
v 0.424617 0.254411 -1.051000
v 0.424287 0.254962 -1.051000
v 0.423956 0.255511 -1.051000
v 0.428683 0.247500 -0.879667
v 0.385104 0.310999 -1.051000
v 0.384700 0.311498 -1.051000
v 0.384296 0.311996 -1.051000
v 0.383892 0.312494 -1.051000
v 0.383486 0.312991 -1.051000
v 0.383080 0.313488 -1.051000
v 0.382674 0.313984 -1.051000
v 0.382267 0.314479 -1.051000
v 0.381859 0.314974 -1.051000
v 0.381450 0.315469 -1.051000
v 0.381041 0.315963 -1.051000
v 0.380631 0.316457 -1.051000
v 0.380221 0.316950 -1.051000
v 0.379810 0.317442 -1.051000
v 0.379398 0.317934 -1.051000
v 0.378986 0.318426 -1.051000
v 0.378573 0.318916 -1.051000
v 0.378159 0.319407 -1.051000
v 0.377745 0.319896 -1.051000
v 0.377330 0.320386 -1.051000
v 0.376915 0.320874 -1.051000
v 0.376498 0.321363 -1.051000
v 0.376082 0.321850 -1.051000
v 0.375664 0.322337 -1.051000
v 0.375246 0.322824 -1.051000
v 0.374827 0.323310 -1.051000
v 0.374408 0.323795 -1.051000
v 0.373988 0.324280 -1.051000
v 0.373568 0.324765 -1.051000
v 0.373147 0.325249 -1.051000
v 0.428683 0.247500 -0.754000
v 0.478133 0.128115 -0.377000
v 0.325249 0.373147 -1.051000
v 0.324765 0.373568 -1.051000
v 0.324280 0.373988 -1.051000
v 0.323795 0.374408 -1.051000
v 0.323310 0.374827 -1.051000
v 0.322824 0.375246 -1.051000
v 0.322337 0.375664 -1.051000
v 0.321850 0.376082 -1.051000
v 0.321363 0.376498 -1.051000
v 0.320874 0.376915 -1.051000
v 0.320386 0.377330 -1.051000
v 0.319896 0.377745 -1.051000
v 0.319407 0.378159 -1.051000
v 0.318916 0.378573 -1.051000
v 0.318426 0.378986 -1.051000
v 0.317934 0.379398 -1.051000
v 0.317442 0.379810 -1.051000
v 0.316950 0.380221 -1.051000
v 0.316457 0.380631 -1.051000
v 0.315963 0.381041 -1.051000
v 0.315469 0.381450 -1.051000
v 0.314974 0.381859 -1.051000
v 0.314479 0.382267 -1.051000
v 0.313984 0.382674 -1.051000
v 0.313488 0.383080 -1.051000
v 0.312991 0.383486 -1.051000
v 0.312494 0.383892 -1.051000
v 0.311996 0.384296 -1.051000
v 0.311498 0.384700 -1.051000
v 0.310999 0.385104 -1.051000
v 0.350018 0.350018 -0.879667
v 0.255511 0.423956 -1.051000
v 0.254962 0.424287 -1.051000
v 0.254411 0.424617 -1.051000
v 0.253861 0.424947 -1.051000
v 0.253310 0.425275 -1.051000
v 0.252759 0.425603 -1.051000
v 0.252207 0.425930 -1.051000
v 0.251655 0.426257 -1.051000
v 0.251102 0.426583 -1.051000
v 0.250549 0.426908 -1.051000
v 0.249996 0.427232 -1.051000
v 0.249442 0.427556 -1.051000
v 0.248888 0.427878 -1.051000
v 0.248333 0.428201 -1.051000
v 0.247778 0.428522 -1.051000
v 0.247222 0.428843 -1.051000
v 0.246666 0.429163 -1.051000
v 0.246110 0.429482 -1.051000
v 0.245553 0.429801 -1.051000
v 0.244996 0.430119 -1.051000
v 0.244438 0.430436 -1.051000
v 0.243880 0.430752 -1.051000
v 0.243322 0.431068 -1.051000
v 0.242763 0.431383 -1.051000
v 0.242204 0.431697 -1.051000
v 0.241644 0.432011 -1.051000
v 0.241084 0.432323 -1.051000
v 0.240524 0.432635 -1.051000
v 0.239963 0.432947 -1.051000
v 0.239401 0.433257 -1.051000
v 0.350018 0.350018 -0.754000
v 0.428683 0.247500 -0.502667
v 0.178010 0.461885 -1.051000
v 0.177411 0.462115 -1.051000
v 0.176812 0.462344 -1.051000
v 0.176213 0.462573 -1.051000
v 0.175613 0.462801 -1.051000
v 0.175014 0.463028 -1.051000
v 0.174413 0.463255 -1.051000
v 0.173813 0.463480 -1.051000
v 0.173212 0.463705 -1.051000
v 0.172611 0.463929 -1.051000
v 0.172010 0.464153 -1.051000
v 0.171408 0.464375 -1.051000
v 0.170806 0.464597 -1.051000
v 0.170204 0.464818 -1.051000
v 0.169601 0.465038 -1.051000
v 0.168999 0.465257 -1.051000
v 0.168395 0.465476 -1.051000
v 0.167792 0.465694 -1.051000
v 0.167188 0.465911 -1.051000
v 0.166585 0.466127 -1.051000
v 0.165980 0.466343 -1.051000
v 0.165376 0.466557 -1.051000
v 0.164771 0.466771 -1.051000
v 0.164166 0.466984 -1.051000
v 0.163561 0.467197 -1.051000
v 0.162955 0.467408 -1.051000
v 0.162349 0.467619 -1.051000
v 0.161743 0.467829 -1.051000
v 0.161137 0.468038 -1.051000
v 0.160530 0.468247 -1.051000
v 0.350018 0.350018 -0.628333
v 0.095100 0.485779 -1.051000
v 0.094471 0.485902 -1.051000
v 0.093841 0.486024 -1.051000
v 0.093211 0.486145 -1.051000
v 0.092581 0.486265 -1.051000
v 0.091951 0.486385 -1.051000
v 0.091320 0.486503 -1.051000
v 0.090690 0.486621 -1.051000
v 0.090059 0.486739 -1.051000
v 0.089428 0.486855 -1.051000
v 0.088797 0.486970 -1.051000
v 0.088166 0.487085 -1.051000
v 0.087535 0.487199 -1.051000
v 0.086903 0.487312 -1.051000
v 0.086272 0.487424 -1.051000
v 0.085640 0.487535 -1.051000
v 0.085008 0.487646 -1.051000
v 0.084376 0.487756 -1.051000
v 0.083744 0.487865 -1.051000
v 0.083112 0.487973 -1.051000
v 0.082479 0.488080 -1.051000
v 0.081847 0.488187 -1.051000
v 0.081214 0.488292 -1.051000
v 0.080581 0.488397 -1.051000
v 0.079948 0.488501 -1.051000
v 0.079315 0.488604 -1.051000
v 0.078682 0.488707 -1.051000
v 0.078048 0.488808 -1.051000
v 0.077415 0.488909 -1.051000
v 0.076781 0.489009 -1.051000
v 0.247500 0.428683 -0.754000
v 0.428683 0.247500 -0.377000
v 0.009301 0.494913 -1.051000
v 0.008660 0.494924 -1.051000
v 0.008018 0.494935 -1.051000
v 0.007377 0.494945 -1.051000
v 0.006735 0.494954 -1.051000
v 0.006094 0.494962 -1.051000
v 0.005452 0.494970 -1.051000
v 0.004811 0.494977 -1.051000
v 0.004170 0.494982 -1.051000
v 0.003528 0.494987 -1.051000
v 0.002887 0.494992 -1.051000
v 0.002245 0.494995 -1.051000
v 0.001604 0.494997 -1.051000
v 0.000962 0.494999 -1.051000
v 0.000321 0.495000 -1.051000
v -0.000321 0.495000 -1.051000
v -0.000962 0.494999 -1.051000
v -0.001604 0.494997 -1.051000
v -0.002245 0.494995 -1.051000
v -0.002887 0.494992 -1.051000
v -0.003528 0.494987 -1.051000
v -0.004170 0.494982 -1.051000
v -0.004811 0.494977 -1.051000
v -0.005452 0.494970 -1.051000
v -0.006094 0.494962 -1.051000
v -0.006735 0.494954 -1.051000
v -0.007377 0.494945 -1.051000
v -0.008018 0.494935 -1.051000
v -0.008660 0.494924 -1.051000
v -0.009301 0.494913 -1.051000
v 0.350018 0.350018 -0.502667
v -0.076781 0.489009 -1.051000
v -0.077415 0.488909 -1.051000
v -0.078048 0.488808 -1.051000
v -0.078682 0.488707 -1.051000
v -0.079315 0.488604 -1.051000
v -0.079948 0.488501 -1.051000
v -0.080581 0.488397 -1.051000
v -0.081214 0.488292 -1.051000
v -0.081847 0.488187 -1.051000
v -0.082479 0.488080 -1.051000
v -0.083112 0.487973 -1.051000
v -0.083744 0.487865 -1.051000
v -0.084376 0.487756 -1.051000
v -0.085008 0.487646 -1.051000
v -0.085640 0.487535 -1.051000
v -0.086272 0.487424 -1.051000
v -0.086903 0.487312 -1.051000
v -0.087535 0.487199 -1.051000
v -0.088166 0.487085 -1.051000
v -0.088797 0.486970 -1.051000
v -0.089428 0.486855 -1.051000
v -0.090059 0.486739 -1.051000
v -0.090690 0.486621 -1.051000
v -0.091320 0.486503 -1.051000
v -0.091951 0.486385 -1.051000
v -0.092581 0.486265 -1.051000
v -0.093211 0.486145 -1.051000
v -0.093841 0.486024 -1.051000
v -0.094471 0.485902 -1.051000
v -0.095100 0.485779 -1.051000
v 0.128115 0.478133 -0.754000
v -0.160530 0.468247 -1.051000
v -0.161137 0.468038 -1.051000
v -0.161743 0.467829 -1.051000
v -0.162349 0.467619 -1.051000
v -0.162955 0.467408 -1.051000
v -0.163561 0.467197 -1.051000
v -0.164166 0.466984 -1.051000
v -0.164771 0.466771 -1.051000
v -0.165376 0.466557 -1.051000
v -0.165980 0.466343 -1.051000
v -0.166585 0.466127 -1.051000
v -0.167188 0.465911 -1.051000
v -0.167792 0.465694 -1.051000
v -0.168395 0.465476 -1.051000
v -0.168999 0.465257 -1.051000
v -0.169601 0.465038 -1.051000
v -0.170204 0.464818 -1.051000
v -0.170806 0.464597 -1.051000
v -0.171408 0.464375 -1.051000
v -0.172010 0.464153 -1.051000
v -0.172611 0.463929 -1.051000
v -0.173212 0.463705 -1.051000
v -0.173813 0.463480 -1.051000
v -0.174413 0.463255 -1.051000
v -0.175014 0.463028 -1.051000
v -0.175613 0.462801 -1.051000
v -0.176213 0.462573 -1.051000
v -0.176812 0.462344 -1.051000
v -0.177411 0.462115 -1.051000
v -0.178010 0.461885 -1.051000
v -0.239401 0.433257 -1.051000
v -0.239963 0.432947 -1.051000
v -0.240524 0.432635 -1.051000
v -0.241084 0.432323 -1.051000
v -0.241644 0.432011 -1.051000
v -0.242204 0.431697 -1.051000
v -0.242763 0.431383 -1.051000
v -0.243322 0.431068 -1.051000
v -0.243880 0.430752 -1.051000
v -0.244438 0.430436 -1.051000
v -0.244996 0.430119 -1.051000
v -0.245553 0.429801 -1.051000
v -0.246110 0.429482 -1.051000
v -0.246666 0.429163 -1.051000
v -0.247222 0.428843 -1.051000
v -0.247778 0.428522 -1.051000
v -0.248333 0.428201 -1.051000
v -0.248888 0.427878 -1.051000
v -0.249442 0.427556 -1.051000
v -0.249996 0.427232 -1.051000
v -0.250549 0.426908 -1.051000
v -0.251102 0.426583 -1.051000
v -0.251655 0.426257 -1.051000
v -0.252207 0.425930 -1.051000
v -0.252759 0.425603 -1.051000
v -0.253310 0.425275 -1.051000
v -0.253861 0.424947 -1.051000
v -0.254411 0.424617 -1.051000
v -0.254962 0.424287 -1.051000
v -0.255511 0.423956 -1.051000
v 0.000000 0.495000 -0.754000
v 0.128115 0.478133 -0.628333
v -0.310999 0.385104 -1.051000
v -0.311498 0.384700 -1.051000
v -0.311996 0.384296 -1.051000
v -0.312494 0.383892 -1.051000
v -0.312991 0.383486 -1.051000
v -0.313488 0.383080 -1.051000
v -0.313984 0.382674 -1.051000
v -0.314479 0.382267 -1.051000
v -0.314974 0.381859 -1.051000
v -0.315469 0.381450 -1.051000
v -0.315963 0.381041 -1.051000
v -0.316457 0.380631 -1.051000
v -0.316950 0.380221 -1.051000
v -0.317442 0.379810 -1.051000
v -0.317934 0.379398 -1.051000
v -0.318426 0.378986 -1.051000
v -0.318916 0.378573 -1.051000
v -0.319407 0.378159 -1.051000
v -0.319896 0.377745 -1.051000
v -0.320386 0.377330 -1.051000
v -0.320874 0.376915 -1.051000
v -0.321363 0.376498 -1.051000
v -0.321850 0.376082 -1.051000
v -0.322337 0.375664 -1.051000
v -0.322824 0.375246 -1.051000
v -0.323310 0.374827 -1.051000
v -0.323795 0.374408 -1.051000
v -0.324280 0.373988 -1.051000
v -0.324765 0.373568 -1.051000
v -0.325249 0.373147 -1.051000
v -0.373147 0.325249 -1.051000
v -0.373568 0.324765 -1.051000
v -0.373988 0.324280 -1.051000
v -0.374408 0.323795 -1.051000
v -0.374827 0.323310 -1.051000
v -0.375246 0.322824 -1.051000
v -0.375664 0.322337 -1.051000
v -0.376082 0.321850 -1.051000
v -0.376498 0.321363 -1.051000
v -0.376915 0.320874 -1.051000
v -0.377330 0.320386 -1.051000
v -0.377745 0.319896 -1.051000
v -0.378159 0.319407 -1.051000
v -0.378573 0.318916 -1.051000
v -0.378986 0.318426 -1.051000
v -0.379398 0.317934 -1.051000
v -0.379810 0.317442 -1.051000
v -0.380221 0.316950 -1.051000
v -0.380631 0.316457 -1.051000
v -0.381041 0.315963 -1.051000
v -0.381450 0.315469 -1.051000
v -0.381859 0.314974 -1.051000
v -0.382267 0.314479 -1.051000
v -0.382674 0.313984 -1.051000
v -0.383080 0.313488 -1.051000
v -0.383486 0.312991 -1.051000
v -0.383892 0.312494 -1.051000
v -0.384296 0.311996 -1.051000
v -0.384700 0.311498 -1.051000
v -0.385104 0.310999 -1.051000
v -0.423956 0.255511 -1.051000
v -0.424287 0.254962 -1.051000
v -0.424617 0.254411 -1.051000
v -0.424947 0.253861 -1.051000
v -0.425275 0.253310 -1.051000
v -0.425603 0.252759 -1.051000
v -0.425930 0.252207 -1.051000
v -0.426257 0.251655 -1.051000
v -0.426583 0.251102 -1.051000
v -0.426908 0.250549 -1.051000
v -0.427232 0.249996 -1.051000
v -0.427556 0.249442 -1.051000
v -0.427878 0.248888 -1.051000
v -0.428201 0.248333 -1.051000
v -0.428522 0.247778 -1.051000
v -0.428843 0.247222 -1.051000
v -0.429163 0.246666 -1.051000
v -0.429482 0.246110 -1.051000
v -0.429801 0.245553 -1.051000
v -0.430119 0.244996 -1.051000
v -0.430436 0.244438 -1.051000
v -0.430752 0.243880 -1.051000
v -0.431068 0.243322 -1.051000
v -0.431383 0.242763 -1.051000
v -0.431697 0.242204 -1.051000
v -0.432011 0.241644 -1.051000
v -0.432323 0.241084 -1.051000
v -0.432635 0.240524 -1.051000
v -0.432947 0.239963 -1.051000
v -0.433257 0.239401 -1.051000
v -0.461885 0.178010 -1.051000
v -0.462115 0.177411 -1.051000
v -0.462344 0.176812 -1.051000
v -0.462573 0.176213 -1.051000
v -0.462801 0.175613 -1.051000
v -0.463028 0.175014 -1.051000
v -0.463255 0.174413 -1.051000
v -0.463480 0.173813 -1.051000
v -0.463705 0.173212 -1.051000
v -0.463929 0.172611 -1.051000
v -0.464153 0.172010 -1.051000
v -0.464375 0.171408 -1.051000
v -0.464597 0.170806 -1.051000
v -0.464818 0.170204 -1.051000
v -0.465038 0.169601 -1.051000
v -0.465257 0.168999 -1.051000
v -0.465476 0.168395 -1.051000
v -0.465694 0.167792 -1.051000
v -0.465911 0.167188 -1.051000
v -0.466127 0.166585 -1.051000
v -0.466343 0.165980 -1.051000
v -0.466557 0.165376 -1.051000
v -0.466771 0.164771 -1.051000
v -0.466984 0.164166 -1.051000
v -0.467197 0.163561 -1.051000
v -0.467408 0.162955 -1.051000
v -0.467619 0.162349 -1.051000
v -0.467829 0.161743 -1.051000
v -0.468038 0.161137 -1.051000
v -0.468247 0.160530 -1.051000
v -0.485779 0.095100 -1.051000
v -0.485902 0.094471 -1.051000
v -0.486024 0.093841 -1.051000
v -0.486145 0.093211 -1.051000
v -0.486265 0.092581 -1.051000
v -0.486385 0.091951 -1.051000
v -0.486503 0.091320 -1.051000
v -0.486621 0.090690 -1.051000
v -0.486739 0.090059 -1.051000
v -0.486855 0.089428 -1.051000
v -0.486970 0.088797 -1.051000
v -0.487085 0.088166 -1.051000
v -0.487199 0.087535 -1.051000
v -0.487312 0.086903 -1.051000
v -0.487424 0.086272 -1.051000
v -0.487535 0.085640 -1.051000
v -0.487646 0.085008 -1.051000
v -0.487756 0.084376 -1.051000
v -0.487865 0.083744 -1.051000
v -0.487973 0.083112 -1.051000
v -0.488080 0.082479 -1.051000
v -0.488187 0.081847 -1.051000
v -0.488292 0.081214 -1.051000
v -0.488397 0.080581 -1.051000
v -0.488501 0.079948 -1.051000
v -0.488604 0.079315 -1.051000
v -0.488707 0.078682 -1.051000
v -0.488808 0.078048 -1.051000
v -0.488909 0.077415 -1.051000
v -0.489009 0.076781 -1.051000
v 0.478133 0.128115 -0.251333
v 0.478133 0.128115 -0.125667
v 0.247500 0.428683 -0.502667
v -0.478133 0.128115 -0.628333
v 0.350018 0.350018 -0.377000
v 0.428683 0.247500 -0.251333
v 0.350018 0.350018 -0.565500
f 1 2 3
f 4 5 6
f 6 7 8
f 8 9 10
f 10 11 4
f 4 12 13
f 13 14 15
f 15 16 17
f 17 18 19
f 19 20 21
f 21 22 23
f 23 24 25
f 25 26 27
f 27 28 29
f 29 30 31
f 31 32 33
f 33 34 35
f 35 36 37
f 37 38 39
f 39 40 41
f 41 42 43
f 43 44 45
f 45 46 47
f 47 48 49
f 49 50 51
f 51 52 53
f 53 54 55
f 55 56 57
f 57 58 59
f 60 61 62
f 61 63 64
f 64 65 66
f 66 67 68
f 68 69 70
f 70 71 72
f 72 73 74
f 74 75 76
f 76 77 78
f 78 79 80
f 80 81 82
f 82 83 84
f 84 85 86
f 86 87 88
f 88 89 90
f 90 91 92
f 92 93 94
f 94 95 96
f 96 97 98
f 98 99 100
f 100 101 102
f 102 103 104
f 104 105 106
f 106 107 108
f 108 109 110
f 110 111 112
f 112 113 114
f 114 115 116
f 117 118 119
f 119 120 121
f 121 122 123
f 123 124 117
f 117 125 126
f 126 127 128
f 128 129 130
f 130 131 132
f 132 133 134
f 134 135 136
f 136 137 138
f 138 139 140
f 140 141 142
f 142 143 144
f 144 145 146
f 146 147 148
f 148 149 150
f 150 151 152
f 152 153 154
f 154 155 156
f 156 157 158
f 158 159 160
f 160 161 162
f 162 163 164
f 164 165 166
f 166 167 168
f 168 169 170
f 170 171 172
f 173 174 175
f 175 176 177
f 177 178 179
f 179 180 181
f 181 182 183
f 183 184 185
f 185 186 187
f 187 188 189
f 189 190 191
f 191 192 193
f 193 194 195
f 195 196 197
f 197 198 199
f 199 200 201
f 201 202 203
f 203 204 205
f 205 206 207
f 207 208 209
f 209 210 211
f 211 212 213
f 213 214 215
f 215 216 217
f 217 218 219
f 219 220 221
f 221 222 223
f 223 224 225
f 225 226 227
f 227 228 229
f 230 231 232
f 232 233 234
f 234 235 236
f 236 237 230
f 230 238 239
f 239 240 241
f 241 242 243
f 243 244 245
f 245 246 247
f 247 248 249
f 249 250 251
f 251 252 253
f 253 254 255
f 255 256 257
f 257 258 259
f 259 260 261
f 261 262 263
f 263 264 265
f 265 266 267
f 267 268 269
f 269 270 271
f 271 272 273
f 273 274 275
f 275 276 277
f 277 278 279
f 279 280 281
f 281 282 283
f 283 284 285
f 286 287 288
f 288 289 290
f 290 291 292
f 292 293 294
f 294 295 296
f 296 297 298
f 298 299 300
f 300 301 302
f 302 303 304
f 304 305 306
f 306 307 308
f 308 309 310
f 310 311 312
f 312 313 314
f 314 315 316
f 316 317 318
f 318 319 320
f 320 321 322
f 322 323 324
f 324 325 326
f 326 327 328
f 328 329 330
f 330 331 332
f 332 333 334
f 334 335 336
f 336 337 338
f 338 339 340
f 340 341 342
f 343 344 345
f 345 346 347
f 347 348 349
f 349 350 343
f 343 351 352
f 352 353 354
f 354 355 356
f 356 357 358
f 358 359 360
f 360 361 362
f 362 363 364
f 364 365 366
f 366 367 368
f 368 369 370
f 370 371 372
f 372 373 374
f 374 375 376
f 376 377 378
f 378 379 380
f 380 381 382
f 382 383 384
f 384 385 386
f 386 387 388
f 388 389 390
f 390 391 392
f 392 393 394
f 394 395 396
f 396 397 398
f 399 400 401
f 401 402 403
f 403 404 405
f 405 406 407
f 407 408 409
f 409 410 411
f 411 412 413
f 413 414 415
f 415 416 417
f 417 418 419
f 419 420 421
f 421 422 423
f 423 424 425
f 425 426 427
f 427 428 429
f 429 430 431
f 431 432 433
f 433 434 435
f 435 436 437
f 437 438 439
f 439 440 441
f 441 442 443
f 443 444 445
f 445 446 447
f 447 448 449
f 449 450 451
f 451 452 453
f 453 454 455
f 456 457 458
f 458 459 460
f 460 461 462
f 462 463 456
f 456 464 465
f 465 466 467
f 467 468 469
f 469 470 471
f 471 472 473
f 473 474 475
f 475 476 477
f 477 478 479
f 479 480 481
f 481 482 483
f 483 484 485
f 485 486 487
f 487 488 489
f 489 490 491
f 491 492 493
f 493 494 495
f 495 496 497
f 497 498 499
f 499 500 501
f 501 502 503
f 503 504 505
f 505 506 507
f 507 508 509
f 509 510 511
f 512 513 514
f 514 515 516
f 516 517 518
f 518 519 520
f 520 521 522
f 522 523 524
f 524 525 526
f 526 527 528
f 528 529 530
f 530 531 532
f 532 533 534
f 534 535 536
f 536 537 538
f 538 539 540
f 540 541 542
f 542 543 544
f 544 545 546
f 546 547 548
f 548 549 550
f 550 551 552
f 552 553 554
f 554 555 556
f 556 557 558
f 558 559 560
f 560 561 562
f 562 563 564
f 564 565 566
f 566 567 568
f 569 570 571
f 571 572 573
f 573 574 575
f 575 576 569
f 569 577 578
f 578 579 580
f 580 581 582
f 582 583 584
f 584 585 586
f 586 587 588
f 588 589 590
f 590 591 592
f 592 593 594
f 594 595 596
f 596 597 598
f 598 599 600
f 600 601 602
f 602 603 604
f 604 605 606
f 606 607 608
f 608 609 610
f 610 611 612
f 612 613 614
f 614 615 616
f 616 617 618
f 618 619 620
f 620 621 622
f 622 623 624
f 625 626 627
f 627 628 629
f 629 630 631
f 631 632 633
f 633 634 635
f 635 636 637
f 637 638 639
f 639 640 641
f 641 642 643
f 643 644 645
f 645 646 647
f 647 648 649
f 649 650 651
f 651 652 653
f 653 654 655
f 655 656 657
f 657 658 659
f 659 660 661
f 661 662 663
f 663 664 665
f 665 666 667
f 667 668 669
f 669 670 671
f 671 672 673
f 673 674 675
f 675 676 677
f 677 678 679
f 679 680 681
f 682 683 684
f 684 685 686
f 686 687 688
f 688 689 682
f 682 690 691
f 691 692 693
f 693 694 695
f 695 696 697
f 697 698 699
f 699 700 701
f 701 702 703
f 703 704 705
f 705 706 707
f 707 708 709
f 709 710 711
f 711 712 713
f 713 714 715
f 715 716 717
f 717 718 719
f 719 720 721
f 721 722 723
f 723 724 725
f 725 726 727
f 727 728 729
f 729 730 731
f 731 732 733
f 733 734 735
f 735 736 737
f 738 739 740
f 740 741 742
f 742 743 744
f 744 745 746
f 746 747 748
f 748 749 750
f 750 751 752
f 752 753 754
f 754 755 756
f 756 757 758
f 758 759 760
f 760 761 762
f 762 763 764
f 764 765 766
f 766 767 768
f 768 769 770
f 770 771 772
f 772 773 774
f 774 775 776
f 776 777 778
f 778 779 780
f 780 781 782
f 782 783 784
f 784 785 786
f 786 787 788
f 788 789 790
f 790 791 792
f 792 793 794
f 795 796 797
f 797 798 799
f 799 800 801
f 801 802 795
f 795 803 804
f 804 805 806
f 806 807 808
f 808 809 810
f 810 811 812
f 812 813 814
f 814 815 816
f 816 817 818
f 818 819 820
f 820 821 822
f 822 823 824
f 824 825 826
f 826 827 828
f 828 829 830
f 830 831 832
f 832 833 834
f 834 835 836
f 836 837 838
f 838 839 840
f 840 841 842
f 842 843 844
f 844 845 846
f 846 847 848
f 848 849 850
f 851 852 853
f 853 854 855
f 855 856 857
f 857 858 859
f 859 860 861
f 861 862 863
f 863 864 865
f 865 866 867
f 867 868 869
f 869 870 871
f 871 872 873
f 873 874 875
f 875 876 877
f 877 878 879
f 879 880 881
f 881 882 883
f 883 884 885
f 885 886 887
f 887 888 889
f 889 890 891
f 891 892 893
f 893 894 895
f 895 896 897
f 897 898 899
f 899 900 901
f 901 902 903
f 903 904 905
f 905 906 907
f 908 909 910
f 910 911 912
f 912 913 914
f 914 915 908
f 908 916 917
f 917 918 919
f 919 920 921
f 921 922 923
f 923 924 925
f 925 926 927
f 927 928 929
f 929 930 931
f 931 932 933
f 933 934 935
f 935 936 937
f 937 938 939
f 939 940 941
f 941 942 943
f 943 944 945
f 945 946 947
f 947 948 949
f 949 950 951
f 951 952 953
f 953 954 955
f 955 956 957
f 957 958 959
f 959 960 961
f 961 962 963
f 964 965 966
f 966 967 968
f 968 969 970
f 970 971 972
f 972 973 974
f 974 975 976
f 976 977 978
f 978 979 980
f 980 981 982
f 982 983 984
f 984 985 986
f 986 987 988
f 988 989 990
f 990 991 992
f 992 993 994
f 994 995 996
f 996 997 998
f 998 999 1000
f 1000 1001 1002
f 1002 1003 1004
f 1004 1005 1006
f 1006 1007 1008
f 1008 1009 1010
f 1010 1011 1012
f 1012 1013 1014
f 1014 1015 1016
f 1016 1017 1018
f 1018 1019 1020
f 1021 1022 1023
f 1023 1024 1025
f 1025 1026 1027
f 1027 1028 1021
f 1021 1029 1030
f 1030 1031 1032
f 1032 1033 1034
f 1034 1035 1036
f 1036 1037 1038
f 1038 1039 1040
f 1040 1041 1042
f 1042 1043 1044
f 1044 1045 1046
f 1046 1047 1048
f 1048 1049 1050
f 1050 1051 1052
f 1052 1053 1054
f 1054 1055 1056
f 1056 1057 1058
f 1058 1059 1060
f 1060 1061 1062
f 1062 1063 1064
f 1064 1065 1066
f 1066 1067 1068
f 1068 1069 1070
f 1070 1071 1072
f 1072 1073 1074
f 1074 1075 1076
f 1077 1078 1079
f 1079 1080 1081
f 1081 1082 1083
f 1083 1084 1085
f 1085 1086 1087
f 1087 1088 1089
f 1089 1090 1091
f 1091 1092 1093
f 1093 1094 1095
f 1095 1096 1097
f 1097 1098 1099
f 1099 1100 1101
f 1101 1102 1103
f 1103 1104 1105
f 1105 1106 1107
f 1107 1108 1109
f 1109 1110 1111
f 1111 1112 1113
f 1113 1114 1115
f 1115 1116 1117
f 1117 1118 1119
f 1119 1120 1121
f 1121 1122 1123
f 1123 1124 1125
f 1125 1126 1127
f 1127 1128 1129
f 1129 1130 1131
f 1131 1132 1133
f 1134 1135 1136
f 1136 1137 1138
f 1138 1139 1140
f 1140 1141 1134
f 1134 1142 1143
f 1143 1144 1145
f 1145 1146 1147
f 1147 1148 1149
f 1149 1150 1151
f 1151 1152 1153
f 1153 1154 1155
f 1155 1156 1157
f 1157 1158 1159
f 1159 1160 1161
f 1161 1162 1163
f 1163 1164 1165
f 1165 1166 1167
f 1167 1168 1169
f 1169 1170 1171
f 1171 1172 1173
f 1173 1174 1175
f 1175 1176 1177
f 1177 1178 1179
f 1179 1180 1181
f 1181 1182 1183
f 1183 1184 1185
f 1185 1186 1187
f 1187 1188 1189
f 1190 1191 1192
f 1192 1193 1194
f 1194 1195 1196
f 1196 1197 1198
f 1198 1199 1200
f 1200 1201 1202
f 1202 1203 1204
f 1204 1205 1206
f 1206 1207 1208
f 1208 1209 1210
f 1210 1211 1212
f 1212 1213 1214
f 1214 1215 1216
f 1216 1217 1218
f 1218 1219 1220
f 1220 1221 1222
f 1222 1223 1224
f 1224 1225 1226
f 1226 1227 1228
f 1228 1229 1230
f 1230 1231 1232
f 1232 1233 1234
f 1234 1235 1236
f 1236 1237 1238
f 1238 1239 1240
f 1240 1241 1242
f 1242 1243 1244
f 1244 1245 1246
f 1247 1248 1249
f 1249 1250 1251
f 1251 1252 1253
f 1253 1254 1247
f 1247 1255 1256
f 1256 1257 1258
f 1258 1259 1260
f 1260 1261 1262
f 1262 1263 1264
f 1264 1265 1266
f 1266 1267 1268
f 1268 1269 1270
f 1270 1271 1272
f 1272 1273 1274
f 1274 1275 1276
f 1276 1277 1278
f 1278 1279 1280
f 1280 1281 1282
f 1282 1283 1284
f 1284 1285 1286
f 1286 1287 1288
f 1288 1289 1290
f 1290 1291 1292
f 1292 1293 1294
f 1294 1295 1296
f 1296 1297 1298
f 1298 1299 1300
f 1300 1301 1302
f 1303 1304 1305
f 1305 1306 1307
f 1307 1308 1309
f 1309 1310 1311
f 1311 1312 1313
f 1313 1314 1315
f 1315 1316 1317
f 1317 1318 1319
f 1319 1320 1321
f 1321 1322 1323
f 1323 1324 1325
f 1325 1326 1327
f 1327 1328 1329
f 1329 1330 1331
f 1331 1332 1333
f 1333 1334 1335
f 1335 1336 1337
f 1337 1338 1339
f 1339 1340 1341
f 1341 1342 1343
f 1343 1344 1345
f 1345 1346 1347
f 1347 1348 1349
f 1349 1350 1351
f 1351 1352 1353
f 1353 1354 1355
f 1355 1356 1357
f 1357 1358 1359
f 1360 1361 1362
f 1362 1363 1364
f 1364 1365 1366
f 1366 1367 1360
f 1360 1368 1369
f 1369 1370 1371
f 1371 1372 1373
f 1373 1374 1375
f 1375 1376 1377
f 1377 1378 1379
f 1379 1380 1381
f 1381 1382 1383
f 1383 1384 1385
f 1385 1386 1387
f 1387 1388 1389
f 1389 1390 1391
f 1391 1392 1393
f 1393 1394 1395
f 1395 1396 1397
f 1397 1398 1399
f 1399 1400 1401
f 1401 1402 1403
f 1403 1404 1405
f 1405 1406 1407
f 1407 1408 1409
f 1409 1410 1411
f 1411 1412 1413
f 1413 1414 1415
f 1416 1417 1418
f 1418 1419 1420
f 1420 1421 1422
f 1422 1423 1424
f 1424 1425 1426
f 1426 1427 1428
f 1428 1429 1430
f 1430 1431 1432
f 1432 1433 1434
f 1434 1435 1436
f 1436 1437 1438
f 1438 1439 1440
f 1440 1441 1442
f 1442 1443 1444
f 1444 1445 1446
f 1446 1447 1448
f 1448 1449 1450
f 1450 1451 1452
f 1452 1453 1454
f 1454 1455 1456
f 1456 1457 1458
f 1458 1459 1460
f 1460 1461 1462
f 1462 1463 1464
f 1464 1465 1466
f 1466 1467 1468
f 1468 1469 1470
f 1470 1471 1472
f 1473 1474 1475
f 1475 1476 1477
f 1477 1478 1479
f 1479 1480 1473
f 1473 1481 1482
f 1482 1483 1484
f 1484 1485 1486
f 1486 1487 1488
f 1488 1489 1490
f 1490 1491 1492
f 1492 1493 1494
f 1494 1495 1496
f 1496 1497 1498
f 1498 1499 1500
f 1500 1501 1502
f 1502 1503 1504
f 1504 1505 1506
f 1506 1507 1508
f 1508 1509 1510
f 1510 1511 1512
f 1512 1513 1514
f 1514 1515 1516
f 1516 1517 1518
f 1518 1519 1520
f 1520 1521 1522
f 1522 1523 1524
f 1524 1525 1526
f 1526 1527 1528
f 1529 1530 1531
f 1531 1532 1533
f 1533 1534 1535
f 1535 1536 1537
f 1537 1538 1539
f 1539 1540 1541
f 1541 1542 1543
f 1543 1544 1545
f 1545 1546 1547
f 1547 1548 1549
f 1549 1550 1551
f 1551 1552 1553
f 1553 1554 1555
f 1555 1556 1557
f 1557 1558 1559
f 1559 1560 1561
f 1561 1562 1563
f 1563 1564 1565
f 1565 1566 1567
f 1567 1568 1569
f 1569 1570 1571
f 1571 1572 1573
f 1573 1574 1575
f 1575 1576 1577
f 1577 1578 1579
f 1579 1580 1581
f 1581 1582 1583
f 1583 1584 1585
f 1586 1587 1588
f 1588 1589 1590
f 1590 1591 1592
f 1592 1593 1586
f 1586 1594 1595
f 1595 1596 1597
f 1597 1598 1599
f 1599 1600 1601
f 1601 1602 1603
f 1603 1604 1605
f 1605 1606 1607
f 1607 1608 1609
f 1609 1610 1611
f 1611 1612 1613
f 1613 1614 1615
f 1615 1616 1617
f 1617 1618 1619
f 1619 1620 1621
f 1621 1622 1623
f 1623 1624 1625
f 1625 1626 1627
f 1627 1628 1629
f 1629 1630 1631
f 1631 1632 1633
f 1633 1634 1635
f 1635 1636 1637
f 1637 1638 1639
f 1639 1640 1641
f 1642 1643 1644
f 1644 1645 1646
f 1646 1647 1648
f 1648 1649 1650
f 1650 1651 1652
f 1652 1653 1654
f 1654 1655 1656
f 1656 1657 1658
f 1658 1659 1660
f 1660 1661 1662
f 1662 1663 1664
f 1664 1665 1666
f 1666 1667 1668
f 1668 1669 1670
f 1670 1671 1672
f 1672 1673 1674
f 1674 1675 1676
f 1676 1677 1678
f 1678 1679 1680
f 1680 1681 1682
f 1682 1683 1684
f 1684 1685 1686
f 1686 1687 1688
f 1688 1689 1690
f 1690 1691 1692
f 1692 1693 1694
f 1694 1695 1696
f 1696 1697 1698
f 1699 1700 1701
f 1701 1702 1703
f 1703 1704 1705
f 1705 1706 1699
f 1699 1707 1708
f 1708 1709 1710
f 1710 1711 1712
f 1712 1713 1714
f 1714 1715 1716
f 1716 1717 1718
f 1718 1719 1720
f 1720 1721 1722
f 1722 1723 1724
f 1724 1725 1726
f 1726 1727 1728
f 1728 1729 1730
f 1730 1731 1732
f 1732 1733 1734
f 1734 1735 1736
f 1736 1737 1738
f 1738 1739 1740
f 1740 1741 1742
f 1742 1743 1744
f 1744 1745 1746
f 1746 1747 1748
f 1748 1749 1750
f 1750 1751 1752
f 1752 1753 1754
f 1755 1756 1757
f 1757 1758 1759
f 1759 1760 1761
f 1761 1762 1763
f 1763 1764 1765
f 1765 1766 1767
f 1767 1768 1769
f 1769 1770 1771
f 1771 1772 1773
f 1773 1774 1775
f 1775 1776 1777
f 1777 1778 1779
f 1779 1780 1781
f 1781 1782 1783
f 1783 1784 1785
f 1785 1786 1787
f 1787 1788 1789
f 1789 1790 1791
f 1791 1792 1793
f 1793 1794 1795
f 1795 1796 1797
f 1797 1798 1799
f 1799 1800 1801
f 1801 1802 1803
f 1803 1804 1805
f 1805 1806 1807
f 1807 1808 1809
f 1809 1810 1811
f 1812 1813 1814
f 1814 1815 1816
f 1816 1817 1818
f 1818 1819 1812
f 1812 1820 1821
f 1821 1822 1823
f 1823 1824 1825
f 1825 1826 1827
f 1827 1828 1829
f 1829 1830 1831
f 1831 1832 1833
f 1833 1834 1835
f 1835 1836 1837
f 1837 1838 1839
f 1839 1840 1841
f 1841 1842 1843
f 1843 1844 1845
f 1845 1846 1847
f 1847 1848 1849
f 1849 1850 1851
f 1851 1852 1853
f 1853 1854 1855
f 1855 1856 1857
f 1857 1858 1859
f 1859 1860 1861
f 1861 1862 1863
f 1863 1864 1865
f 1865 1866 1867
f 1868 1869 1870
f 1870 1871 1872
f 1872 1873 1874
f 1874 1875 1876
f 1876 1877 1878
f 1878 1879 1880
f 1880 1881 1882
f 1882 1883 1884
f 1884 1885 1886
f 1886 1887 1888
f 1888 1889 1890
f 1890 1891 1892
f 1892 1893 1894
f 1894 1895 1896
f 1896 1897 1898
f 1898 1899 1900
f 1900 1901 1902
f 1902 1903 1904
f 1904 1905 1906
f 1906 1907 1908
f 1908 1909 1910
f 1910 1911 1912
f 1912 1913 1914
f 1914 1915 1916
f 1916 1917 1918
f 1918 1919 1920
f 1920 1921 1922
f 1922 1923 1924
f 1925 1926 1927
f 1927 1928 1929
f 1929 1930 1931
f 1931 1932 1925
f 1925 1933 1934
f 1934 1935 1936
f 1936 1937 1938
f 1938 1939 1940
f 1940 1941 1942
f 1942 1943 1944
f 1944 1945 1946
f 1946 1947 1948
f 1948 1949 1950
f 1950 1951 1952
f 1952 1953 1954
f 1954 1955 1956
f 1956 1957 1958
f 1958 1959 1960
f 1960 1961 1962
f 1962 1963 1964
f 1964 1965 1966
f 1966 1967 1968
f 1968 1969 1970
f 1970 1971 1972
f 1972 1973 1974
f 1974 1975 1976
f 1976 1977 1978
f 1978 1979 1980
f 1981 1982 1983
f 1983 1984 1985
f 1985 1986 1987
f 1987 1988 1989
f 1989 1990 1991
f 1991 1992 1993
f 1993 1994 1995
f 1995 1996 1997
f 1997 1998 1999
f 1999 2000 2001
f 2001 2002 2003
f 2003 2004 2005
f 2005 2006 2007
f 2007 2008 2009
f 2009 2010 2011
f 2011 2012 2013
f 2013 2014 2015
f 2015 2016 2017
f 2017 2018 2019
f 2019 2020 2021
f 2021 2022 2023
f 2023 2024 2025
f 2025 2026 2027
f 2027 2028 2029
f 2029 2030 2031
f 2031 2032 2033
f 2033 2034 2035
f 2035 2036 2037
f 3 2 2038
f 6 8 4
f 8 10 4
f 4 13 15
f 15 17 19
f 19 21 23
f 23 25 27
f 27 29 31
f 31 33 35
f 35 37 39
f 39 41 43
f 43 45 47
f 47 49 51
f 51 53 55
f 55 57 59
f 60 62 2039
f 61 64 66
f 66 68 70
f 70 72 74
f 74 76 78
f 78 80 82
f 82 84 86
f 86 88 90
f 90 92 94
f 94 96 98
f 98 100 102
f 102 104 106
f 106 108 110
f 110 112 114
f 94 116 2040
f 119 121 117
f 121 123 117
f 117 126 128
f 128 130 132
f 132 134 136
f 136 138 140
f 140 142 144
f 144 146 148
f 148 150 152
f 152 154 156
f 156 158 160
f 160 162 164
f 164 166 168
f 168 170 172
f 173 175 223
f 175 177 179
f 179 181 183
f 183 185 187
f 187 189 191
f 191 193 195
f 195 197 199
f 199 201 203
f 203 205 207
f 207 209 211
f 211 213 215
f 215 217 219
f 219 221 223
f 223 225 227
f 207 229 2041
f 232 234 230
f 234 236 230
f 230 239 241
f 241 243 245
f 245 247 249
f 249 251 253
f 253 255 257
f 257 259 261
f 261 263 265
f 265 267 269
f 269 271 273
f 273 275 277
f 277 279 281
f 281 283 285
f 286 288 336
f 288 290 292
f 292 294 296
f 296 298 300
f 300 302 304
f 304 306 308
f 308 310 312
f 312 314 316
f 316 318 320
f 320 322 324
f 324 326 328
f 328 330 332
f 332 334 336
f 336 338 340
f 320 342 2042
f 345 347 343
f 347 349 343
f 343 352 354
f 354 356 358
f 358 360 362
f 362 364 366
f 366 368 370
f 370 372 374
f 374 376 378
f 378 380 382
f 382 384 386
f 386 388 390
f 390 392 394
f 394 396 398
f 399 401 449
f 401 403 405
f 405 407 409
f 409 411 413
f 413 415 417
f 417 419 421
f 421 423 425
f 425 427 429
f 429 431 433
f 433 435 437
f 437 439 441
f 441 443 445
f 445 447 449
f 449 451 453
f 433 455 2043
f 458 460 456
f 460 462 456
f 456 465 467
f 467 469 471
f 471 473 475
f 475 477 479
f 479 481 483
f 483 485 487
f 487 489 491
f 491 493 495
f 495 497 499
f 499 501 503
f 503 505 507
f 507 509 511
f 512 514 562
f 514 516 518
f 518 520 522
f 522 524 526
f 526 528 530
f 530 532 534
f 534 536 538
f 538 540 542
f 542 544 546
f 546 548 550
f 550 552 554
f 554 556 558
f 558 560 562
f 562 564 566
f 546 568 2044
f 571 573 569
f 573 575 569
f 569 578 580
f 580 582 584
f 584 586 588
f 588 590 592
f 592 594 596
f 596 598 600
f 600 602 604
f 604 606 608
f 608 610 612
f 612 614 616
f 616 618 620
f 620 622 624
f 625 627 675
f 627 629 631
f 631 633 635
f 635 637 639
f 639 641 643
f 643 645 647
f 647 649 651
f 651 653 655
f 655 657 659
f 659 661 663
f 663 665 667
f 667 669 671
f 671 673 675
f 675 677 679
f 659 681 2045
f 684 686 682
f 686 688 682
f 682 691 693
f 693 695 697
f 697 699 701
f 701 703 705
f 705 707 709
f 709 711 713
f 713 715 717
f 717 719 721
f 721 723 725
f 725 727 729
f 729 731 733
f 733 735 737
f 738 740 788
f 740 742 744
f 744 746 748
f 748 750 752
f 752 754 756
f 756 758 760
f 760 762 764
f 764 766 768
f 768 770 772
f 772 774 776
f 776 778 780
f 780 782 784
f 784 786 788
f 788 790 792
f 772 794 2046
f 797 799 795
f 799 801 795
f 795 804 806
f 806 808 810
f 810 812 814
f 814 816 818
f 818 820 822
f 822 824 826
f 826 828 830
f 830 832 834
f 834 836 838
f 838 840 842
f 842 844 846
f 846 848 850
f 851 853 901
f 853 855 857
f 857 859 861
f 861 863 865
f 865 867 869
f 869 871 873
f 873 875 877
f 877 879 881
f 881 883 885
f 885 887 889
f 889 891 893
f 893 895 897
f 897 899 901
f 901 903 905
f 885 907 2047
f 910 912 908
f 912 914 908
f 908 917 919
f 919 921 923
f 923 925 927
f 927 929 931
f 931 933 935
f 935 937 939
f 939 941 943
f 943 945 947
f 947 949 951
f 951 953 955
f 955 957 959
f 959 961 963
f 964 966 1014
f 966 968 970
f 970 972 974
f 974 976 978
f 978 980 982
f 982 984 986
f 986 988 990
f 990 992 994
f 994 996 998
f 998 1000 1002
f 1002 1004 1006
f 1006 1008 1010
f 1010 1012 1014
f 1014 1016 1018
f 998 1020 2048
f 1023 1025 1021
f 1025 1027 1021
f 1021 1030 1032
f 1032 1034 1036
f 1036 1038 1040
f 1040 1042 1044
f 1044 1046 1048
f 1048 1050 1052
f 1052 1054 1056
f 1056 1058 1060
f 1060 1062 1064
f 1064 1066 1068
f 1068 1070 1072
f 1072 1074 1076
f 1077 1079 1127
f 1079 1081 1083
f 1083 1085 1087
f 1087 1089 1091
f 1091 1093 1095
f 1095 1097 1099
f 1099 1101 1103
f 1103 1105 1107
f 1107 1109 1111
f 1111 1113 1115
f 1115 1117 1119
f 1119 1121 1123
f 1123 1125 1127
f 1127 1129 1131
f 1111 1133 2049
f 1136 1138 1134
f 1138 1140 1134
f 1134 1143 1145
f 1145 1147 1149
f 1149 1151 1153
f 1153 1155 1157
f 1157 1159 1161
f 1161 1163 1165
f 1165 1167 1169
f 1169 1171 1173
f 1173 1175 1177
f 1177 1179 1181
f 1181 1183 1185
f 1185 1187 1189
f 1190 1192 1240
f 1192 1194 1196
f 1196 1198 1200
f 1200 1202 1204
f 1204 1206 1208
f 1208 1210 1212
f 1212 1214 1216
f 1216 1218 1220
f 1220 1222 1224
f 1224 1226 1228
f 1228 1230 1232
f 1232 1234 1236
f 1236 1238 1240
f 1240 1242 1244
f 1224 1246 2050
f 1249 1251 1247
f 1251 1253 1247
f 1247 1256 1258
f 1258 1260 1262
f 1262 1264 1266
f 1266 1268 1270
f 1270 1272 1274
f 1274 1276 1278
f 1278 1280 1282
f 1282 1284 1286
f 1286 1288 1290
f 1290 1292 1294
f 1294 1296 1298
f 1298 1300 1302
f 1303 1305 1353
f 1305 1307 1309
f 1309 1311 1313
f 1313 1315 1317
f 1317 1319 1321
f 1321 1323 1325
f 1325 1327 1329
f 1329 1331 1333
f 1333 1335 1337
f 1337 1339 1341
f 1341 1343 1345
f 1345 1347 1349
f 1349 1351 1353
f 1353 1355 1357
f 1337 1359 2051
f 1362 1364 1360
f 1364 1366 1360
f 1360 1369 1371
f 1371 1373 1375
f 1375 1377 1379
f 1379 1381 1383
f 1383 1385 1387
f 1387 1389 1391
f 1391 1393 1395
f 1395 1397 1399
f 1399 1401 1403
f 1403 1405 1407
f 1407 1409 1411
f 1411 1413 1415
f 1416 1418 1466
f 1418 1420 1422
f 1422 1424 1426
f 1426 1428 1430
f 1430 1432 1434
f 1434 1436 1438
f 1438 1440 1442
f 1442 1444 1446
f 1446 1448 1450
f 1450 1452 1454
f 1454 1456 1458
f 1458 1460 1462
f 1462 1464 1466
f 1466 1468 1470
f 1450 1472 2052
f 1475 1477 1473
f 1477 1479 1473
f 1473 1482 1484
f 1484 1486 1488
f 1488 1490 1492
f 1492 1494 1496
f 1496 1498 1500
f 1500 1502 1504
f 1504 1506 1508
f 1508 1510 1512
f 1512 1514 1516
f 1516 1518 1520
f 1520 1522 1524
f 1524 1526 1528
f 1529 1531 1579
f 1531 1533 1535
f 1535 1537 1539
f 1539 1541 1543
f 1543 1545 1547
f 1547 1549 1551
f 1551 1553 1555
f 1555 1557 1559
f 1559 1561 1563
f 1563 1565 1567
f 1567 1569 1571
f 1571 1573 1575
f 1575 1577 1579
f 1579 1581 1583
f 1563 1585 2053
f 1588 1590 1586
f 1590 1592 1586
f 1586 1595 1597
f 1597 1599 1601
f 1601 1603 1605
f 1605 1607 1609
f 1609 1611 1613
f 1613 1615 1617
f 1617 1619 1621
f 1621 1623 1625
f 1625 1627 1629
f 1629 1631 1633
f 1633 1635 1637
f 1637 1639 1641
f 1642 1644 1692
f 1644 1646 1648
f 1648 1650 1652
f 1652 1654 1656
f 1656 1658 1660
f 1660 1662 1664
f 1664 1666 1668
f 1668 1670 1672
f 1672 1674 1676
f 1676 1678 1680
f 1680 1682 1684
f 1684 1686 1688
f 1688 1690 1692
f 1692 1694 1696
f 1676 1698 2054
f 1701 1703 1699
f 1703 1705 1699
f 1699 1708 1710
f 1710 1712 1714
f 1714 1716 1718
f 1718 1720 1722
f 1722 1724 1726
f 1726 1728 1730
f 1730 1732 1734
f 1734 1736 1738
f 1738 1740 1742
f 1742 1744 1746
f 1746 1748 1750
f 1750 1752 1754
f 1755 1757 1805
f 1757 1759 1761
f 1761 1763 1765
f 1765 1767 1769
f 1769 1771 1773
f 1773 1775 1777
f 1777 1779 1781
f 1781 1783 1785
f 1785 1787 1789
f 1789 1791 1793
f 1793 1795 1797
f 1797 1799 1801
f 1801 1803 1805
f 1805 1807 1809
f 1789 1811 2055
f 1814 1816 1812
f 1816 1818 1812
f 1812 1821 1823
f 1823 1825 1827
f 1827 1829 1831
f 1831 1833 1835
f 1835 1837 1839
f 1839 1841 1843
f 1843 1845 1847
f 1847 1849 1851
f 1851 1853 1855
f 1855 1857 1859
f 1859 1861 1863
f 1863 1865 1867
f 1868 1870 1918
f 1870 1872 1874
f 1874 1876 1878
f 1878 1880 1882
f 1882 1884 1886
f 1886 1888 1890
f 1890 1892 1894
f 1894 1896 1898
f 1898 1900 1902
f 1902 1904 1906
f 1906 1908 1910
f 1910 1912 1914
f 1914 1916 1918
f 1918 1920 1922
f 1902 1924 2056
f 1927 1929 1925
f 1929 1931 1925
f 1925 1934 1936
f 1936 1938 1940
f 1940 1942 1944
f 1944 1946 1948
f 1948 1950 1952
f 1952 1954 1956
f 1956 1958 1960
f 1960 1962 1964
f 1964 1966 1968
f 1968 1970 1972
f 1972 1974 1976
f 1976 1978 1980
f 1981 1983 2031
f 1983 1985 1987
f 1987 1989 1991
f 1991 1993 1995
f 1995 1997 1999
f 1999 2001 2003
f 2003 2005 2007
f 2007 2009 2011
f 2011 2013 2015
f 2015 2017 2019
f 2019 2021 2023
f 2023 2025 2027
f 2027 2029 2031
f 2031 2033 2035
f 2015 2037 2057
f 2038 2058 2059
f 4 2060 5
f 4 15 19
f 19 23 27
f 27 31 35
f 35 39 43
f 43 47 51
f 51 55 59
f 2039 62 2061
f 61 66 70
f 70 74 78
f 78 82 86
f 86 90 94
f 94 98 102
f 102 106 110
f 116 110 114
f 117 2062 118
f 117 128 132
f 132 136 140
f 140 144 148
f 148 152 156
f 156 160 164
f 164 168 172
f 173 223 2063
f 175 179 183
f 183 187 191
f 191 195 199
f 199 203 207
f 207 211 215
f 215 219 223
f 229 223 227
f 230 2064 231
f 230 241 245
f 245 249 253
f 253 257 261
f 261 265 269
f 269 273 277
f 277 281 285
f 286 336 2065
f 288 292 296
f 296 300 304
f 304 308 312
f 312 316 320
f 320 324 328
f 328 332 336
f 342 336 340
f 343 2066 344
f 343 354 358
f 358 362 366
f 366 370 374
f 374 378 382
f 382 386 390
f 390 394 398
f 399 449 2067
f 401 405 409
f 409 413 417
f 417 421 425
f 425 429 433
f 433 437 441
f 441 445 449
f 455 449 453
f 456 2068 457
f 456 467 471
f 471 475 479
f 479 483 487
f 487 491 495
f 495 499 503
f 503 507 511
f 512 562 2069
f 514 518 522
f 522 526 530
f 530 534 538
f 538 542 546
f 546 550 554
f 554 558 562
f 568 562 566
f 569 2070 570
f 569 580 584
f 584 588 592
f 592 596 600
f 600 604 608
f 608 612 616
f 616 620 624
f 625 675 2071
f 627 631 635
f 635 639 643
f 643 647 651
f 651 655 659
f 659 663 667
f 667 671 675
f 681 675 679
f 682 2072 683
f 682 693 697
f 697 701 705
f 705 709 713
f 713 717 721
f 721 725 729
f 729 733 737
f 738 788 2073
f 740 744 748
f 748 752 756
f 756 760 764
f 764 768 772
f 772 776 780
f 780 784 788
f 794 788 792
f 795 2074 796
f 795 806 810
f 810 814 818
f 818 822 826
f 826 830 834
f 834 838 842
f 842 846 850
f 851 901 2075
f 853 857 861
f 861 865 869
f 869 873 877
f 877 881 885
f 885 889 893
f 893 897 901
f 907 901 905
f 908 2076 909
f 908 919 923
f 923 927 931
f 931 935 939
f 939 943 947
f 947 951 955
f 955 959 963
f 964 1014 2077
f 966 970 974
f 974 978 982
f 982 986 990
f 990 994 998
f 998 1002 1006
f 1006 1010 1014
f 1020 1014 1018
f 1021 2078 1022
f 1021 1032 1036
f 1036 1040 1044
f 1044 1048 1052
f 1052 1056 1060
f 1060 1064 1068
f 1068 1072 1076
f 1077 1127 2079
f 1079 1083 1087
f 1087 1091 1095
f 1095 1099 1103
f 1103 1107 1111
f 1111 1115 1119
f 1119 1123 1127
f 1133 1127 1131
f 1134 2080 1135
f 1134 1145 1149
f 1149 1153 1157
f 1157 1161 1165
f 1165 1169 1173
f 1173 1177 1181
f 1181 1185 1189
f 1190 1240 2081
f 1192 1196 1200
f 1200 1204 1208
f 1208 1212 1216
f 1216 1220 1224
f 1224 1228 1232
f 1232 1236 1240
f 1246 1240 1244
f 1247 2082 1248
f 1247 1258 1262
f 1262 1266 1270
f 1270 1274 1278
f 1278 1282 1286
f 1286 1290 1294
f 1294 1298 1302
f 1303 1353 2083
f 1305 1309 1313
f 1313 1317 1321
f 1321 1325 1329
f 1329 1333 1337
f 1337 1341 1345
f 1345 1349 1353
f 1359 1353 1357
f 1360 2084 1361
f 1360 1371 1375
f 1375 1379 1383
f 1383 1387 1391
f 1391 1395 1399
f 1399 1403 1407
f 1407 1411 1415
f 1416 1466 2085
f 1418 1422 1426
f 1426 1430 1434
f 1434 1438 1442
f 1442 1446 1450
f 1450 1454 1458
f 1458 1462 1466
f 1472 1466 1470
f 1473 2086 1474
f 1473 1484 1488
f 1488 1492 1496
f 1496 1500 1504
f 1504 1508 1512
f 1512 1516 1520
f 1520 1524 1528
f 1529 1579 2087
f 1531 1535 1539
f 1539 1543 1547
f 1547 1551 1555
f 1555 1559 1563
f 1563 1567 1571
f 1571 1575 1579
f 1585 1579 1583
f 1586 2088 1587
f 1586 1597 1601
f 1601 1605 1609
f 1609 1613 1617
f 1617 1621 1625
f 1625 1629 1633
f 1633 1637 1641
f 1642 1692 2089
f 1644 1648 1652
f 1652 1656 1660
f 1660 1664 1668
f 1668 1672 1676
f 1676 1680 1684
f 1684 1688 1692
f 1698 1692 1696
f 1699 2090 1700
f 1699 1710 1714
f 1714 1718 1722
f 1722 1726 1730
f 1730 1734 1738
f 1738 1742 1746
f 1746 1750 1754
f 1755 1805 2091
f 1757 1761 1765
f 1765 1769 1773
f 1773 1777 1781
f 1781 1785 1789
f 1789 1793 1797
f 1797 1801 1805
f 1811 1805 1809
f 1812 2092 1813
f 1812 1823 1827
f 1827 1831 1835
f 1835 1839 1843
f 1843 1847 1851
f 1851 1855 1859
f 1859 1863 1867
f 1868 1918 2093
f 1870 1874 1878
f 1878 1882 1886
f 1886 1890 1894
f 1894 1898 1902
f 1902 1906 1910
f 1910 1914 1918
f 1924 1918 1922
f 1925 2094 1926
f 1925 1936 1940
f 1940 1944 1948
f 1948 1952 1956
f 1956 1960 1964
f 1964 1968 1972
f 1972 1976 1980
f 1981 2031 2095
f 1983 1987 1991
f 1991 1995 1999
f 1999 2003 2007
f 2007 2011 2015
f 2015 2019 2023
f 2023 2027 2031
f 2037 2031 2035
f 3 2058 2096
f 6 19 35
f 19 27 35
f 43 51 6
f 59 2097 6
f 2061 62 2098
f 70 78 110
f 78 86 94
f 94 102 110
f 119 132 148
f 132 140 148
f 156 164 119
f 172 2099 119
f 2063 223 2100
f 183 191 223
f 191 199 207
f 207 215 223
f 232 245 261
f 245 253 261
f 269 277 232
f 285 2101 232
f 2065 336 2102
f 296 304 336
f 304 312 320
f 320 328 336
f 345 358 374
f 358 366 374
f 382 390 345
f 398 2103 345
f 2067 449 2104
f 409 417 449
f 417 425 433
f 433 441 449
f 458 471 487
f 471 479 487
f 495 503 458
f 511 2105 458
f 2069 562 2106
f 522 530 562
f 530 538 546
f 546 554 562
f 571 584 600
f 584 592 600
f 608 616 571
f 624 2107 571
f 2071 675 2108
f 635 643 675
f 643 651 659
f 659 667 675
f 684 697 713
f 697 705 713
f 721 729 684
f 737 2109 684
f 2073 788 2110
f 748 756 788
f 756 764 772
f 772 780 788
f 797 810 826
f 810 818 826
f 834 842 797
f 850 2111 797
f 2075 901 2112
f 861 869 901
f 869 877 885
f 885 893 901
f 910 923 939
f 923 931 939
f 947 955 910
f 963 2113 910
f 2077 1014 2114
f 974 982 1014
f 982 990 998
f 998 1006 1014
f 1023 1036 1052
f 1036 1044 1052
f 1060 1068 1023
f 1076 2115 1023
f 2079 1127 2116
f 1087 1095 1127
f 1095 1103 1111
f 1111 1119 1127
f 1136 1149 1165
f 1149 1157 1165
f 1173 1181 1136
f 1189 2117 1136
f 2081 1240 2118
f 1200 1208 1240
f 1208 1216 1224
f 1224 1232 1240
f 1249 1262 1278
f 1262 1270 1278
f 1286 1294 1249
f 1302 2119 1249
f 2083 1353 2120
f 1313 1321 1353
f 1321 1329 1337
f 1337 1345 1353
f 1362 1375 1391
f 1375 1383 1391
f 1399 1407 1362
f 1415 2121 1362
f 2085 1466 2122
f 1426 1434 1466
f 1434 1442 1450
f 1450 1458 1466
f 1475 1488 1504
f 1488 1496 1504
f 1512 1520 1475
f 1528 2123 1475
f 2087 1579 2124
f 1539 1547 1579
f 1547 1555 1563
f 1563 1571 1579
f 1588 1601 1617
f 1601 1609 1617
f 1625 1633 1588
f 1641 2125 1588
f 2089 1692 2126
f 1652 1660 1692
f 1660 1668 1676
f 1676 1684 1692
f 1701 1714 1730
f 1714 1722 1730
f 1738 1746 1701
f 1754 2127 1701
f 2091 1805 2128
f 1765 1773 1805
f 1773 1781 1789
f 1789 1797 1805
f 1814 1827 1843
f 1827 1835 1843
f 1851 1859 1814
f 1867 2129 1814
f 2093 1918 2130
f 1878 1886 1918
f 1886 1894 1902
f 1902 1910 1918
f 1927 1940 1956
f 1940 1948 1956
f 1964 1972 1927
f 1980 2131 1927
f 2095 2031 2132
f 1991 1999 2031
f 1999 2007 2015
f 2015 2023 2031
f 2133 2134 3
f 43 6 35
f 59 6 51
f 2098 62 2135
f 110 78 94
f 110 2040 61
f 156 119 148
f 172 119 164
f 2100 223 2041
f 223 191 207
f 2136 2041 2137
f 269 232 261
f 285 232 277
f 2102 336 2042
f 336 304 320
f 2138 2042 2139
f 382 345 374
f 398 345 390
f 2104 449 2043
f 449 417 433
f 2140 2043 2141
f 495 458 487
f 511 458 503
f 2106 562 2044
f 562 530 546
f 2142 2044 2143
f 608 571 600
f 624 571 616
f 2108 675 2045
f 675 643 659
f 2144 2045 2145
f 721 684 713
f 737 684 729
f 2110 788 2046
f 788 756 772
f 2146 2046 2147
f 834 797 826
f 850 797 842
f 2112 901 2047
f 901 869 885
f 2148 2047 2149
f 947 910 939
f 963 910 955
f 2114 1014 2048
f 1014 982 998
f 2150 2048 2151
f 1060 1023 1052
f 1076 1023 1068
f 2116 1127 2049
f 1127 1095 1111
f 2152 2049 2153
f 1173 1136 1165
f 1189 1136 1181
f 2118 1240 2050
f 1240 1208 1224
f 2154 2050 2155
f 1286 1249 1278
f 1302 1249 1294
f 2120 1353 2051
f 1353 1321 1337
f 2156 2051 2157
f 1399 1362 1391
f 1415 1362 1407
f 2122 1466 2052
f 1466 1434 1450
f 2158 2052 2159
f 1512 1475 1504
f 1528 1475 1520
f 2124 1579 2053
f 1579 1547 1563
f 2160 2053 2161
f 1625 1588 1617
f 1641 1588 1633
f 2126 1692 2054
f 1692 1660 1676
f 2162 2054 2163
f 1738 1701 1730
f 1754 1701 1746
f 2128 1805 2055
f 1805 1773 1789
f 2164 2055 2165
f 1851 1814 1843
f 1867 1814 1859
f 2130 1918 2056
f 1918 1886 1902
f 2166 2056 2167
f 1964 1927 1956
f 1980 1927 1972
f 2132 2031 2057
f 2031 1999 2015
f 2168 2057 2169
f 3 2134 2170
f 6 2097 2171
f 2135 62 2172
f 70 110 61
f 119 2099 2173
f 119 2173 2174
f 2100 2041 2175
f 183 223 175
f 232 2101 2176
f 232 2176 2177
f 2102 2042 2178
f 296 336 288
f 345 2103 2179
f 345 2179 2180
f 2104 2043 2181
f 409 449 401
f 458 2105 2182
f 458 2182 2183
f 2106 2044 2184
f 522 562 514
f 571 2107 2185
f 571 2185 2186
f 2108 2045 2187
f 635 675 627
f 684 2109 2188
f 684 2188 2189
f 2110 2046 2190
f 748 788 740
f 797 2111 2191
f 797 2191 2192
f 2112 2047 2193
f 861 901 853
f 910 2113 2194
f 910 2194 2195
f 2114 2048 2196
f 974 1014 966
f 1023 2115 2197
f 1023 2197 2198
f 2116 2049 2199
f 1087 1127 1079
f 1136 2117 2200
f 1136 2200 2201
f 2118 2050 2202
f 1200 1240 1192
f 1249 2119 2203
f 1249 2203 2204
f 2120 2051 2205
f 1313 1353 1305
f 1362 2121 2206
f 1362 2206 2207
f 2122 2052 2208
f 1426 1466 1418
f 1475 2123 2209
f 1475 2209 2210
f 2124 2053 2211
f 1539 1579 1531
f 1588 2125 2212
f 1588 2212 2213
f 2126 2054 2214
f 1652 1692 1644
f 1701 2127 2215
f 1701 2215 2216
f 2128 2055 2217
f 1765 1805 1757
f 1814 2129 2218
f 1814 2218 2219
f 2130 2056 2220
f 1878 1918 1870
f 1927 2131 2221
f 1927 2221 2222
f 2132 2057 2223
f 1991 2031 1983
f 2224 2225 2226
f 6 2171 2227
f 2172 62 2228
f 61 2040 2229
f 119 2174 2230
f 119 2230 2062
f 2175 2041 2136
f 2041 2231 2232
f 232 2177 2233
f 232 2233 2064
f 2178 2042 2138
f 2042 2234 2235
f 345 2180 2236
f 345 2236 2066
f 2181 2043 2140
f 2043 2237 2238
f 458 2183 2239
f 458 2239 2068
f 2184 2044 2142
f 2044 2240 2241
f 571 2186 2242
f 571 2242 2070
f 2187 2045 2144
f 2045 2243 2244
f 684 2189 2245
f 684 2245 2072
f 2190 2046 2146
f 2046 2246 2247
f 797 2192 2248
f 797 2248 2074
f 2193 2047 2148
f 2047 2249 2250
f 910 2195 2251
f 910 2251 2076
f 2196 2048 2150
f 2048 2252 2253
f 1023 2198 2254
f 1023 2254 2078
f 2199 2049 2152
f 2049 2255 2256
f 1136 2201 2257
f 1136 2257 2080
f 2202 2050 2154
f 2050 2258 2259
f 1249 2204 2260
f 1249 2260 2082
f 2205 2051 2156
f 2051 2261 2262
f 1362 2207 2263
f 1362 2263 2084
f 2208 2052 2158
f 2052 2264 2265
f 1475 2210 2266
f 1475 2266 2086
f 2211 2053 2160
f 2053 2267 2268
f 1588 2213 2269
f 1588 2269 2088
f 2214 2054 2162
f 2054 2270 2271
f 1701 2216 2272
f 1701 2272 2090
f 2217 2055 2164
f 2055 2273 2274
f 1814 2219 2275
f 1814 2275 2092
f 2220 2056 2166
f 2056 2276 2277
f 1927 2222 2278
f 1927 2278 2094
f 2223 2057 2168
f 3 2225 2279
f 6 2227 2280
f 2228 62 2281
f 61 2229 2282
f 2062 2230 2283
f 2284 2137 2041
f 2231 2285 2286
f 2064 2233 2287
f 2288 2139 2042
f 2234 2289 2290
f 2066 2236 2291
f 2292 2141 2043
f 2237 2293 2294
f 2068 2239 2295
f 2296 2143 2044
f 2240 2297 2298
f 2070 2242 2299
f 2300 2145 2045
f 2243 2301 2302
f 2072 2245 2303
f 2304 2147 2046
f 2246 2305 2306
f 2074 2248 2307
f 2308 2149 2047
f 2249 2309 2310
f 2076 2251 2311
f 2312 2151 2048
f 2252 2313 2314
f 2078 2254 2315
f 2316 2153 2049
f 2255 2317 2318
f 2080 2257 2319
f 2320 2155 2050
f 2258 2321 2322
f 2082 2260 2323
f 2324 2157 2051
f 2261 2325 2326
f 2084 2263 2327
f 2328 2159 2052
f 2264 2329 2330
f 2086 2266 2331
f 2332 2161 2053
f 2267 2333 2334
f 2088 2269 2335
f 2336 2163 2054
f 2270 2337 2338
f 2090 2272 2339
f 2340 2165 2055
f 2273 2341 2342
f 2092 2275 2343
f 2344 2167 2056
f 2276 2345 2346
f 2094 2278 2347
f 2169 2057 2348
f 2279 2349 2350
f 6 2280 2060
f 2281 62 2351
f 2282 2352 2060
f 2062 2283 2353
f 2354 2284 2041
f 2285 2355 2356
f 2064 2287 2357
f 2358 2288 2042
f 2289 2359 2360
f 2066 2291 2361
f 2362 2292 2043
f 2293 2363 2364
f 2068 2295 2365
f 2366 2296 2044
f 2297 2367 2368
f 2070 2299 2369
f 2370 2300 2045
f 2301 2371 2372
f 2072 2303 2373
f 2374 2304 2046
f 2305 2375 2376
f 2074 2307 2377
f 2378 2308 2047
f 2309 2379 2380
f 2076 2311 2381
f 2382 2312 2048
f 2313 2383 2384
f 2078 2315 2385
f 2386 2316 2049
f 2317 2387 2388
f 2080 2319 2389
f 2390 2320 2050
f 2321 2391 2392
f 2082 2323 2393
f 2394 2324 2051
f 2325 2395 2396
f 2084 2327 2397
f 2398 2328 2052
f 2329 2399 2400
f 2086 2331 2401
f 2402 2332 2053
f 2333 2403 2404
f 2088 2335 2405
f 2406 2336 2054
f 2337 2407 2408
f 2090 2339 2409
f 2410 2340 2055
f 2341 2411 2412
f 2092 2343 2413
f 2414 2344 2056
f 2345 2415 2416
f 2094 2347 2417
f 2348 2057 2418
f 3 2349 2419
f 2060 2280 2420
f 2351 62 2421
f 2060 2352 62
f 2062 2353 2422
f 2423 2354 2041
f 2355 2424 2425
f 2064 2357 2426
f 2427 2358 2042
f 2359 2428 2429
f 2066 2361 2430
f 2431 2362 2043
f 2363 2432 2433
f 2068 2365 2434
f 2435 2366 2044
f 2367 2436 2437
f 2070 2369 2438
f 2439 2370 2045
f 2371 2440 2441
f 2072 2373 2442
f 2443 2374 2046
f 2375 2444 2445
f 2074 2377 2446
f 2447 2378 2047
f 2379 2448 2449
f 2076 2381 2450
f 2451 2382 2048
f 2383 2452 2453
f 2078 2385 2454
f 2455 2386 2049
f 2387 2456 2457
f 2080 2389 2458
f 2459 2390 2050
f 2391 2460 2461
f 2082 2393 2462
f 2463 2394 2051
f 2395 2464 2465
f 2084 2397 2466
f 2467 2398 2052
f 2399 2468 2469
f 2086 2401 2470
f 2471 2402 2053
f 2403 2472 2473
f 2088 2405 2474
f 2475 2406 2054
f 2407 2476 2477
f 2090 2409 2478
f 2479 2410 2055
f 2411 2480 2481
f 2092 2413 2482
f 2483 2414 2056
f 2415 2484 2485
f 2094 2417 2486
f 2418 2057 2487
f 2419 2488 2489
f 2060 2420 2490
f 2421 62 2491
f 62 2492 2060
f 2062 2422 2493
f 2494 2423 2041
f 2424 2495 2496
f 2064 2426 2497
f 2498 2427 2042
f 2428 2499 2500
f 2066 2430 2501
f 2502 2431 2043
f 2432 2503 2504
f 2068 2434 2505
f 2506 2435 2044
f 2436 2507 2508
f 2070 2438 2509
f 2510 2439 2045
f 2440 2511 2512
f 2072 2442 2513
f 2514 2443 2046
f 2444 2515 2516
f 2074 2446 2517
f 2518 2447 2047
f 2448 2519 2520
f 2076 2450 2521
f 2522 2451 2048
f 2452 2523 2524
f 2078 2454 2525
f 2526 2455 2049
f 2456 2527 2528
f 2080 2458 2529
f 2530 2459 2050
f 2460 2531 2532
f 2082 2462 2533
f 2534 2463 2051
f 2464 2535 2536
f 2084 2466 2537
f 2538 2467 2052
f 2468 2539 2540
f 2086 2470 2541
f 2542 2471 2053
f 2472 2543 2544
f 2088 2474 2545
f 2546 2475 2054
f 2476 2547 2548
f 2090 2478 2549
f 2550 2479 2055
f 2480 2551 2552
f 2092 2482 2553
f 2554 2483 2056
f 2484 2555 2556
f 2094 2486 2557
f 2487 2057 2558
f 3 2488 2559
f 2060 2490 2560
f 2062 2493 2561
f 2064 2497 2562
f 2066 2501 2563
f 2068 2505 2564
f 2070 2509 2565
f 2072 2513 2566
f 2074 2517 2567
f 2076 2521 2568
f 2078 2525 2569
f 2080 2529 2570
f 2082 2533 2571
f 2084 2537 2572
f 2086 2541 2573
f 2088 2545 2574
f 2090 2549 2575
f 2092 2553 2576
f 2094 2557 2577
f 2559 2578 3
f 2060 2560 2579
f 2062 2561 2580
f 2064 2562 2581
f 2066 2563 2582
f 2068 2564 2583
f 2070 2565 2584
f 2072 2566 2585
f 2074 2567 2586
f 2076 2568 2587
f 2078 2569 2588
f 2080 2570 2589
f 2082 2571 2590
f 2084 2572 2591
f 2086 2573 2592
f 2088 2574 2593
f 2090 2575 2594
f 2092 2576 2595
f 2094 2577 2596
f 3 2578 2597
f 2060 2579 2598
f 2062 2580 2599
f 2064 2581 2600
f 2066 2582 2601
f 2068 2583 2602
f 2070 2584 2603
f 2072 2585 2604
f 2074 2586 2605
f 2076 2587 2606
f 2078 2588 2607
f 2080 2589 2608
f 2082 2590 2609
f 2084 2591 2610
f 2086 2592 2611
f 2088 2593 2612
f 2090 2594 2613
f 2092 2595 2614
f 2094 2596 2615
f 2616 2617 3
f 2060 2598 2618
f 2062 2599 2619
f 2064 2600 2620
f 2066 2601 2621
f 2068 2602 2622
f 2070 2603 2623
f 2072 2604 2624
f 2074 2605 2625
f 2076 2606 2626
f 2078 2607 2627
f 2080 2608 2628
f 2082 2609 2629
f 2084 2610 2630
f 2086 2611 2631
f 2088 2612 2632
f 2090 2613 2633
f 2092 2614 2634
f 2094 2615 2635
f 3 2617 2636
f 2060 2618 2637
f 2062 2619 2638
f 2064 2620 2639
f 2066 2621 2640
f 2068 2622 2641
f 2070 2623 2642
f 2072 2624 2643
f 2074 2625 2644
f 2076 2626 2645
f 2078 2627 2646
f 2080 2628 2647
f 2082 2629 2648
f 2084 2630 2649
f 2086 2631 2650
f 2088 2632 2651
f 2090 2633 2652
f 2092 2634 2653
f 2094 2635 2654
f 2636 2655 3
f 2060 2637 2656
f 2062 2638 2657
f 2064 2639 2658
f 2066 2640 2659
f 2068 2641 2660
f 2070 2642 2661
f 2072 2643 2662
f 2074 2644 2663
f 2076 2645 2664
f 2078 2646 2665
f 2080 2647 2666
f 2082 2648 2667
f 2084 2649 2668
f 2086 2650 2669
f 2088 2651 2670
f 2090 2652 2671
f 2092 2653 2672
f 2094 2654 2673
f 3 2655 2674
f 2060 2656 2675
f 2062 2657 2676
f 2064 2658 2677
f 2066 2659 2678
f 2068 2660 2679
f 2070 2661 2680
f 2072 2662 2681
f 2074 2663 2682
f 2076 2664 2683
f 2078 2665 2684
f 2080 2666 2685
f 2082 2667 2686
f 2084 2668 2687
f 2086 2669 2688
f 2088 2670 2689
f 2090 2671 2690
f 2092 2672 2691
f 2094 2673 2692
f 2674 2693 3
f 2675 2694 2060
f 2694 2695 2060
f 2695 2696 2060
f 2696 2697 2282
f 2282 2697 2698
f 2698 2699 2282
f 2282 2699 2700
f 2700 2491 2282
f 2062 2676 2041
f 2064 2677 2042
f 2066 2678 2043
f 2068 2679 2044
f 2070 2680 2045
f 2072 2681 2046
f 2074 2682 2047
f 2076 2683 2048
f 2078 2684 2049
f 2080 2685 2050
f 2082 2686 2051
f 2084 2687 2052
f 2086 2688 2053
f 2088 2689 2054
f 2090 2690 2055
f 2092 2691 2056
f 2094 2692 2057
f 3 2693 2701
f 2696 2282 2060
f 2062 2041 2232
f 2064 2042 2235
f 2066 2043 2238
f 2068 2044 2241
f 2070 2045 2244
f 2072 2046 2247
f 2074 2047 2250
f 2076 2048 2253
f 2078 2049 2256
f 2080 2050 2259
f 2082 2051 2262
f 2084 2052 2265
f 2086 2053 2268
f 2088 2054 2271
f 2090 2055 2274
f 2092 2056 2277
f 2094 2057 2702
f 2701 2703 3
f 2060 2492 2704
f 2232 2231 2286
f 2235 2234 2290
f 2238 2237 2294
f 2241 2240 2298
f 2244 2243 2302
f 2247 2246 2306
f 2250 2249 2310
f 2253 2252 2314
f 2256 2255 2318
f 2259 2258 2322
f 2262 2261 2326
f 2265 2264 2330
f 2268 2267 2334
f 2271 2270 2338
f 2274 2273 2342
f 2277 2276 2346
f 2702 2057 2705
f 3 2703 2706
f 2060 2704 2707
f 2286 2285 2356
f 2356 2355 2425
f 2425 2424 2496
f 2496 2495 2708
f 2708 2495 2709
f 2709 2495 2710
f 2041 2676 2711
f 2711 2712 2041
f 2041 2712 2713
f 2713 2714 2041
f 2041 2714 2715
f 2715 2494 2041
f 2290 2289 2360
f 2360 2359 2429
f 2429 2428 2500
f 2500 2499 2716
f 2716 2499 2717
f 2717 2499 2718
f 2042 2677 2719
f 2719 2720 2042
f 2042 2720 2721
f 2721 2722 2042
f 2042 2722 2723
f 2723 2498 2042
f 2294 2293 2364
f 2364 2363 2433
f 2433 2432 2504
f 2504 2503 2724
f 2724 2503 2725
f 2725 2503 2726
f 2043 2678 2727
f 2727 2728 2043
f 2043 2728 2729
f 2729 2730 2043
f 2043 2730 2731
f 2731 2502 2043
f 2298 2297 2368
f 2368 2367 2437
f 2437 2436 2508
f 2508 2507 2732
f 2732 2507 2733
f 2733 2507 2734
f 2044 2679 2735
f 2735 2736 2044
f 2044 2736 2737
f 2737 2738 2044
f 2044 2738 2739
f 2739 2506 2044
f 2302 2301 2372
f 2372 2371 2441
f 2441 2440 2512
f 2512 2511 2740
f 2740 2511 2741
f 2741 2511 2742
f 2045 2680 2743
f 2743 2744 2045
f 2045 2744 2745
f 2745 2746 2045
f 2045 2746 2747
f 2747 2510 2045
f 2306 2305 2376
f 2376 2375 2445
f 2445 2444 2516
f 2516 2515 2748
f 2748 2515 2749
f 2749 2515 2750
f 2046 2681 2751
f 2751 2752 2046
f 2046 2752 2753
f 2753 2754 2046
f 2046 2754 2755
f 2755 2514 2046
f 2310 2309 2380
f 2380 2379 2449
f 2449 2448 2520
f 2520 2519 2756
f 2756 2519 2757
f 2757 2519 2758
f 2047 2682 2759
f 2759 2760 2047
f 2047 2760 2761
f 2761 2762 2047
f 2047 2762 2763
f 2763 2518 2047
f 2314 2313 2384
f 2384 2383 2453
f 2453 2452 2524
f 2524 2523 2764
f 2764 2523 2765
f 2765 2523 2766
f 2048 2683 2767
f 2767 2768 2048
f 2048 2768 2769
f 2769 2770 2048
f 2048 2770 2771
f 2771 2522 2048
f 2318 2317 2388
f 2388 2387 2457
f 2457 2456 2528
f 2528 2527 2772
f 2772 2527 2773
f 2773 2527 2774
f 2049 2684 2775
f 2775 2776 2049
f 2049 2776 2777
f 2777 2778 2049
f 2049 2778 2779
f 2779 2526 2049
f 2322 2321 2392
f 2392 2391 2461
f 2461 2460 2532
f 2532 2531 2780
f 2780 2531 2781
f 2781 2531 2782
f 2050 2685 2783
f 2783 2784 2050
f 2050 2784 2785
f 2785 2786 2050
f 2050 2786 2787
f 2787 2530 2050
f 2326 2325 2396
f 2396 2395 2465
f 2465 2464 2536
f 2536 2535 2788
f 2788 2535 2789
f 2789 2535 2790
f 2051 2686 2791
f 2791 2792 2051
f 2051 2792 2793
f 2793 2794 2051
f 2051 2794 2795
f 2795 2534 2051
f 2330 2329 2400
f 2400 2399 2469
f 2469 2468 2540
f 2540 2539 2796
f 2796 2539 2797
f 2797 2539 2798
f 2052 2687 2799
f 2799 2800 2052
f 2052 2800 2801
f 2801 2802 2052
f 2052 2802 2803
f 2803 2538 2052
f 2334 2333 2404
f 2404 2403 2473
f 2473 2472 2544
f 2544 2543 2804
f 2804 2543 2805
f 2805 2543 2806
f 2053 2688 2807
f 2807 2808 2053
f 2053 2808 2809
f 2809 2810 2053
f 2053 2810 2811
f 2811 2542 2053
f 2338 2337 2408
f 2408 2407 2477
f 2477 2476 2548
f 2548 2547 2812
f 2812 2547 2813
f 2813 2547 2814
f 2054 2689 2815
f 2815 2816 2054
f 2054 2816 2817
f 2817 2818 2054
f 2054 2818 2819
f 2819 2546 2054
f 2342 2341 2412
f 2412 2411 2481
f 2481 2480 2552
f 2552 2551 2820
f 2820 2551 2821
f 2821 2551 2822
f 2055 2690 2823
f 2823 2824 2055
f 2055 2824 2825
f 2825 2826 2055
f 2055 2826 2827
f 2827 2550 2055
f 2346 2345 2416
f 2416 2415 2485
f 2485 2484 2556
f 2556 2555 2828
f 2828 2555 2829
f 2829 2555 2830
f 2056 2691 2831
f 2831 2832 2056
f 2056 2832 2833
f 2833 2834 2056
f 2056 2834 2835
f 2835 2554 2056
f 2705 2057 2836
f 2836 2057 2837
f 2837 2057 2838
f 2838 2057 2839
f 2839 2057 2840
f 2840 2057 2841
f 2692 2842 2057
f 2842 2843 2057
f 2843 2844 2057
f 2844 2845 2057
f 2845 2846 2057
f 2558 2057 2846
f 2706 2847 3
f 2060 2707 2848
f 2710 2495 2849
f 2718 2499 2850
f 2726 2503 2851
f 2734 2507 2852
f 2742 2511 2853
f 2750 2515 2854
f 2758 2519 2855
f 2766 2523 2856
f 2774 2527 2857
f 2782 2531 2858
f 2790 2535 2859
f 2798 2539 2860
f 2806 2543 2861
f 2814 2547 2862
f 2822 2551 2863
f 2830 2555 2864
f 2841 2057 2865
f 3 2847 2866
f 2060 2848 2867
f 2710 2849 2868
f 2718 2850 2869
f 2726 2851 2870
f 2734 2852 2871
f 2742 2853 2872
f 2750 2854 2873
f 2758 2855 2874
f 2766 2856 2875
f 2774 2857 2876
f 2782 2858 2877
f 2790 2859 2878
f 2798 2860 2879
f 2806 2861 2880
f 2814 2862 2881
f 2822 2863 2882
f 2830 2864 2883
f 2884 2865 2057
f 2866 2885 3
f 2060 2867 2886
f 2868 2849 2887
f 2869 2850 2888
f 2870 2851 2889
f 2871 2852 2890
f 2872 2853 2891
f 2873 2854 2892
f 2874 2855 2893
f 2875 2856 2894
f 2876 2857 2895
f 2877 2858 2896
f 2878 2859 2897
f 2879 2860 2898
f 2880 2861 2899
f 2881 2862 2900
f 2882 2863 2901
f 2883 2864 2902
f 2903 2884 2057
f 3 2885 2904
f 2060 2886 2905
f 2868 2887 2906
f 2869 2888 2907
f 2870 2889 2908
f 2871 2890 2909
f 2872 2891 2910
f 2873 2892 2911
f 2874 2893 2912
f 2875 2894 2913
f 2876 2895 2914
f 2877 2896 2915
f 2878 2897 2916
f 2879 2898 2917
f 2880 2899 2918
f 2881 2900 2919
f 2882 2901 2920
f 2883 2902 2921
f 2922 2903 2057
f 2904 2923 3
f 2060 2905 2924
f 2906 2887 2925
f 2907 2888 2926
f 2908 2889 2927
f 2909 2890 2928
f 2910 2891 2929
f 2911 2892 2930
f 2912 2893 2931
f 2913 2894 2932
f 2914 2895 2933
f 2915 2896 2934
f 2916 2897 2935
f 2917 2898 2936
f 2918 2899 2937
f 2919 2900 2938
f 2920 2901 2939
f 2921 2902 2940
f 2941 2922 2057
f 3 2923 2942
f 2060 2924 2943
f 2906 2925 2944
f 2907 2926 2945
f 2908 2927 2946
f 2909 2928 2947
f 2910 2929 2948
f 2911 2930 2949
f 2912 2931 2950
f 2913 2932 2951
f 2914 2933 2952
f 2915 2934 2953
f 2916 2935 2954
f 2917 2936 2955
f 2918 2937 2956
f 2919 2938 2957
f 2920 2939 2958
f 2921 2940 2959
f 2960 2941 2057
f 2942 2961 3
f 2060 2943 2962
f 2944 2925 2963
f 2945 2926 2964
f 2946 2927 2965
f 2947 2928 2966
f 2948 2929 2967
f 2949 2930 2968
f 2950 2931 2969
f 2951 2932 2970
f 2952 2933 2971
f 2953 2934 2972
f 2954 2935 2973
f 2955 2936 2974
f 2956 2937 2975
f 2957 2938 2976
f 2958 2939 2977
f 2959 2940 2978
f 2979 2960 2057
f 3 2961 2980
f 2060 2962 2981
f 2944 2963 2982
f 2945 2964 2983
f 2946 2965 2984
f 2947 2966 2985
f 2948 2967 2986
f 2949 2968 2987
f 2950 2969 2988
f 2951 2970 2989
f 2952 2971 2990
f 2953 2972 2991
f 2954 2973 2992
f 2955 2974 2993
f 2956 2975 2994
f 2957 2976 2995
f 2958 2977 2996
f 2959 2978 2997
f 2998 2979 2057
f 2980 2999 3
f 2060 2981 3000
f 2982 2963 3001
f 2983 2964 3002
f 2984 2965 3003
f 2985 2966 3004
f 2986 2967 3005
f 2987 2968 3006
f 2988 2969 3007
f 2989 2970 3008
f 2990 2971 3009
f 2991 2972 3010
f 2992 2973 3011
f 2993 2974 3012
f 2994 2975 3013
f 2995 2976 3014
f 2996 2977 3015
f 2997 2978 3016
f 3017 2998 2057
f 2060 3000 3018
f 2982 3001 3019
f 2983 3002 3020
f 2984 3003 3021
f 2985 3004 3022
f 2986 3005 3023
f 2987 3006 3024
f 2988 3007 3025
f 2989 3008 3026
f 2990 3009 3027
f 2991 3010 3028
f 2992 3011 3029
f 2993 3012 3030
f 2994 3013 3031
f 2995 3014 3032
f 2996 3015 3033
f 2997 3016 3034
f 3035 3017 2057
f 2060 3018 3036
f 3019 3001 3037
f 3020 3002 3038
f 3021 3003 3039
f 3022 3004 3040
f 3023 3005 3041
f 3024 3006 3042
f 3025 3007 3043
f 3026 3008 3044
f 3027 3009 3045
f 3028 3010 3046
f 3029 3011 3047
f 3030 3012 3048
f 3031 3013 3049
f 3032 3014 3050
f 3033 3015 3051
f 3034 3016 3052
f 3053 3035 2057
f 2060 3036 3054
f 3019 3037 3055
f 3020 3038 3056
f 3021 3039 3057
f 3022 3040 3058
f 3023 3041 3059
f 3024 3042 3060
f 3025 3043 3061
f 3026 3044 3062
f 3027 3045 3063
f 3028 3046 3064
f 3029 3047 3065
f 3030 3048 3066
f 3031 3049 3067
f 3032 3050 3068
f 3033 3051 3069
f 3034 3052 3070
f 3071 3053 2057
f 2060 3054 3072
f 3055 3037 3073
f 3056 3038 3074
f 3057 3039 3075
f 3058 3040 3076
f 3059 3041 3077
f 3060 3042 3078
f 3061 3043 3079
f 3062 3044 3080
f 3063 3045 3081
f 3064 3046 3082
f 3065 3047 3083
f 3066 3048 3084
f 3067 3049 3085
f 3068 3050 3086
f 3069 3051 3087
f 3070 3052 3088
f 3089 3071 2057
f 2060 3072 3090
f 3055 3073 3091
f 3056 3074 3092
f 3057 3075 3093
f 3058 3076 3094
f 3059 3077 3095
f 3060 3078 3096
f 3061 3079 3097
f 3062 3080 3098
f 3063 3081 3099
f 3064 3082 3100
f 3065 3083 3101
f 3066 3084 3102
f 3067 3085 3103
f 3068 3086 3104
f 3069 3087 3105
f 3070 3088 3106
f 3107 3089 2057
f 2060 3090 3108
f 3055 3091 3109
f 3056 3092 3110
f 3057 3093 3111
f 3058 3094 3112
f 3059 3095 3113
f 3060 3096 3114
f 3061 3097 3115
f 3062 3098 3116
f 3063 3099 3117
f 3064 3100 3118
f 3065 3101 3119
f 3066 3102 3120
f 3067 3103 3121
f 3068 3104 3122
f 3069 3105 3123
f 3070 3106 3124
f 3125 3107 2057
f 2060 3108 3126
f 3109 3091 3127
f 3110 3092 3128
f 3111 3093 3129
f 3112 3094 3130
f 3113 3095 3131
f 3114 3096 3132
f 3115 3097 3133
f 3116 3098 3134
f 3117 3099 3135
f 3118 3100 3136
f 3119 3101 3137
f 3120 3102 3138
f 3121 3103 3139
f 3122 3104 3140
f 3123 3105 3141
f 3124 3106 3142
f 3143 3125 2057
f 2060 3126 3144
f 3109 3127 3145
f 3110 3128 3146
f 3111 3129 3147
f 3112 3130 3148
f 3113 3131 3149
f 3114 3132 3150
f 3115 3133 3151
f 3116 3134 3152
f 3117 3135 3153
f 3118 3136 3154
f 3119 3137 3155
f 3120 3138 3156
f 3121 3139 3157
f 3122 3140 3158
f 3123 3141 3159
f 3124 3142 3160
f 3161 3143 2057
f 2060 3144 3162
f 3145 3127 3163
f 3146 3128 3164
f 3147 3129 3165
f 3148 3130 3166
f 3149 3131 3167
f 3150 3132 3168
f 3151 3133 3169
f 3152 3134 3170
f 3153 3135 3171
f 3154 3136 3172
f 3155 3137 3173
f 3156 3138 3174
f 3157 3139 3175
f 3158 3140 3176
f 3159 3141 3177
f 3160 3142 3178
f 3179 3161 2057
f 2060 3162 3180
f 3145 3163 3181
f 3146 3164 3182
f 3147 3165 3183
f 3148 3166 3184
f 3149 3167 3185
f 3150 3168 3186
f 3151 3169 3187
f 3152 3170 3188
f 3153 3171 3189
f 3154 3172 3190
f 3155 3173 3191
f 3156 3174 3192
f 3157 3175 3193
f 3158 3176 3194
f 3159 3177 3195
f 3160 3178 3196
f 3197 3179 2057
f 3180 3198 3199
f 3181 3163 3200
f 3182 3164 3201
f 3183 3165 3202
f 3184 3166 3203
f 3185 3167 3204
f 3186 3168 3205
f 3187 3169 3206
f 3188 3170 3207
f 3189 3171 3208
f 3190 3172 3209
f 3191 3173 3210
f 3192 3174 3211
f 3193 3175 3212
f 3194 3176 3213
f 3195 3177 3214
f 3196 3178 3215
f 3216 3197 2057
f 3199 3198 3217
f 3181 3200 3218
f 3182 3201 3219
f 3183 3202 3220
f 3184 3203 3221
f 3185 3204 3222
f 3186 3205 3223
f 3187 3206 3224
f 3188 3207 3225
f 3189 3208 3226
f 3190 3209 3227
f 3191 3210 3228
f 3192 3211 3229
f 3193 3212 3230
f 3194 3213 3231
f 3195 3214 3232
f 3196 3215 3233
f 3234 3216 2057
f 3217 3235 3199
f 3218 3200 3236
f 3219 3201 3237
f 3220 3202 3238
f 3221 3203 3239
f 3222 3204 3240
f 3223 3205 3241
f 3224 3206 3242
f 3225 3207 3243
f 3226 3208 3244
f 3227 3209 3245
f 3228 3210 3246
f 3229 3211 3247
f 3230 3212 3248
f 3231 3213 3249
f 3232 3214 3250
f 3233 3215 3251
f 3252 3234 2057
f 3199 3235 3253
f 3218 3236 3254
f 3219 3237 3255
f 3220 3238 3256
f 3221 3239 3257
f 3222 3240 3258
f 3223 3241 3259
f 3224 3242 3260
f 3225 3243 3261
f 3226 3244 3262
f 3227 3245 3263
f 3228 3246 3264
f 3229 3247 3265
f 3230 3248 3266
f 3231 3249 3267
f 3232 3250 3268
f 3233 3251 3269
f 3270 3252 2057
f 3253 3271 3199
f 3254 3236 3272
f 3255 3237 3273
f 3256 3238 3274
f 3257 3239 3275
f 3258 3240 3276
f 3259 3241 3277
f 3260 3242 3278
f 3261 3243 3279
f 3262 3244 3280
f 3263 3245 3281
f 3264 3246 3282
f 3265 3247 3283
f 3266 3248 3284
f 3267 3249 3285
f 3268 3250 3286
f 3269 3251 3287
f 3288 3270 2057
f 3199 3271 3289
f 3254 3272 3290
f 3255 3273 3291
f 3256 3274 3292
f 3257 3275 3293
f 3258 3276 3294
f 3259 3277 3295
f 3260 3278 3296
f 3261 3279 3297
f 3262 3280 3298
f 3263 3281 3299
f 3264 3282 3300
f 3265 3283 3301
f 3266 3284 3302
f 3267 3285 3303
f 3268 3286 3304
f 3269 3287 3305
f 3306 3288 2057
f 3289 3307 3199
f 3290 3272 3308
f 3291 3273 3309
f 3292 3274 3310
f 3293 3275 3311
f 3294 3276 3312
f 3295 3277 3313
f 3296 3278 3314
f 3297 3279 3315
f 3298 3280 3316
f 3299 3281 3317
f 3300 3282 3318
f 3301 3283 3319
f 3302 3284 3320
f 3303 3285 3321
f 3304 3286 3322
f 3305 3287 3323
f 3324 3306 2057
f 3199 3307 3325
f 3290 3308 3326
f 3291 3309 3327
f 3292 3310 3328
f 3293 3311 3329
f 3294 3312 3330
f 3295 3313 3331
f 3296 3314 3332
f 3297 3315 3333
f 3298 3316 3334
f 3299 3317 3335
f 3300 3318 3336
f 3301 3319 3337
f 3302 3320 3338
f 3303 3321 3339
f 3304 3322 3340
f 3305 3323 3341
f 3342 3324 2057
f 3325 3343 3199
f 3326 3308 3344
f 3327 3309 3345
f 3328 3310 3346
f 3329 3311 3347
f 3330 3312 3348
f 3331 3313 3349
f 3332 3314 3350
f 3333 3315 3351
f 3334 3316 3352
f 3335 3317 3353
f 3336 3318 3354
f 3337 3319 3355
f 3338 3320 3356
f 3339 3321 3357
f 3340 3322 3358
f 3341 3323 3359
f 3342 2057 3360
f 3199 3343 3361
f 3326 3344 3362
f 3327 3345 3363
f 3328 3346 3364
f 3329 3347 3365
f 3330 3348 3366
f 3331 3349 3367
f 3332 3350 3368
f 3333 3351 3369
f 3334 3352 3370
f 3335 3353 3371
f 3336 3354 3372
f 3337 3355 3373
f 3338 3356 3374
f 3339 3357 3375
f 3340 3358 3376
f 3341 3359 3377
f 3342 3360 3378
f 3361 3379 3199
f 3362 3344 3380
f 3363 3345 3381
f 3364 3346 3382
f 3365 3347 3383
f 3366 3348 3384
f 3367 3349 3385
f 3368 3350 3386
f 3369 3351 3387
f 3370 3352 3388
f 3371 3353 3389
f 3372 3354 3390
f 3373 3355 3391
f 3374 3356 3392
f 3375 3357 3393
f 3376 3358 3394
f 3377 3359 3395
f 3378 3360 3396
f 3199 3379 3397
f 3362 3380 3398
f 3363 3381 3399
f 3364 3382 3400
f 3365 3383 3401
f 3366 3384 3402
f 3367 3385 3403
f 3368 3386 3404
f 3369 3387 3405
f 3370 3388 3406
f 3371 3389 3407
f 3372 3390 3408
f 3373 3391 3409
f 3374 3392 3410
f 3375 3393 3411
f 3376 3394 3412
f 3377 3395 3413
f 3396 3360 3414
f 3397 3415 3199
f 3398 3380 3416
f 3399 3381 3417
f 3400 3382 3418
f 3401 3383 3419
f 3402 3384 3420
f 3403 3385 3421
f 3404 3386 3422
f 3405 3387 3423
f 3406 3388 3424
f 3407 3389 3425
f 3408 3390 3426
f 3409 3391 3427
f 3410 3392 3428
f 3411 3393 3429
f 3412 3394 3430
f 3413 3395 3431
f 3414 3360 3432
f 3199 3415 3433
f 3398 3416 3434
f 3399 3417 3435
f 3400 3418 3436
f 3401 3419 3437
f 3402 3420 3438
f 3403 3421 3439
f 3404 3422 3440
f 3405 3423 3441
f 3406 3424 3442
f 3407 3425 3443
f 3408 3426 3444
f 3409 3427 3445
f 3410 3428 3446
f 3411 3429 3447
f 3412 3430 3448
f 3413 3431 3449
f 3432 3360 3450
f 3433 3451 3199
f 3434 3416 3452
f 3435 3417 3453
f 3436 3418 3454
f 3437 3419 3455
f 3438 3420 3456
f 3439 3421 3457
f 3440 3422 3458
f 3441 3423 3459
f 3442 3424 3460
f 3443 3425 3461
f 3444 3426 3462
f 3445 3427 3463
f 3446 3428 3464
f 3447 3429 3465
f 3448 3430 3466
f 3449 3431 3467
f 3450 3360 3468
f 3199 3451 3469
f 3434 3452 3470
f 3435 3453 3471
f 3436 3454 3472
f 3437 3455 3473
f 3438 3456 3474
f 3439 3457 3475
f 3440 3458 3476
f 3441 3459 3477
f 3442 3460 3478
f 3443 3461 3479
f 3444 3462 3480
f 3445 3463 3481
f 3446 3464 3482
f 3447 3465 3483
f 3448 3466 3484
f 3449 3467 3485
f 3468 3360 3486
f 3469 3487 3199
f 3470 3452 3488
f 3471 3453 3489
f 3472 3454 3490
f 3473 3455 3491
f 3474 3456 3492
f 3475 3457 3493
f 3476 3458 3494
f 3477 3459 3495
f 3478 3460 3496
f 3479 3461 3497
f 3480 3462 3498
f 3481 3463 3499
f 3482 3464 3500
f 3483 3465 3501
f 3484 3466 3502
f 3485 3467 3503
f 3486 3360 3504
f 3199 3487 3505
f 3470 3488 3506
f 3471 3489 3507
f 3472 3490 3508
f 3473 3491 3509
f 3474 3492 3510
f 3475 3493 3511
f 3476 3494 3512
f 3477 3495 3513
f 3478 3496 3514
f 3479 3497 3515
f 3480 3498 3516
f 3481 3499 3517
f 3482 3500 3518
f 3483 3501 3519
f 3484 3502 3520
f 3485 3503 3521
f 3504 3360 3522
f 3505 3523 3199
f 3506 3488 3524
f 3507 3489 3525
f 3508 3490 3526
f 3509 3491 3527
f 3510 3492 3528
f 3511 3493 3529
f 3512 3494 3530
f 3513 3495 3531
f 3514 3496 3532
f 3515 3497 3533
f 3516 3498 3534
f 3517 3499 3535
f 3518 3500 3536
f 3519 3501 3537
f 3520 3502 3538
f 3521 3503 3539
f 3522 3360 3540
f 3199 3523 3541
f 3506 3524 3542
f 3507 3525 3543
f 3508 3526 3544
f 3509 3527 3545
f 3510 3528 3546
f 3511 3529 3547
f 3512 3530 3548
f 3513 3531 3549
f 3514 3532 3550
f 3515 3533 3551
f 3516 3534 3552
f 3517 3535 3553
f 3518 3536 3554
f 3519 3537 3555
f 3520 3538 3556
f 3521 3539 3557
f 3540 3360 3558
f 3541 3559 3199
f 3542 3524 3560
f 3543 3525 3561
f 3544 3526 3562
f 3545 3527 3563
f 3546 3528 3564
f 3547 3529 3565
f 3548 3530 3566
f 3549 3531 3567
f 3550 3532 3568
f 3551 3533 3569
f 3552 3534 3570
f 3553 3535 3571
f 3554 3536 3572
f 3555 3537 3573
f 3556 3538 3574
f 3557 3539 3575
f 3558 3360 3576
f 3199 3559 3577
f 3542 3560 3578
f 3543 3561 3579
f 3544 3562 3580
f 3545 3563 3581
f 3546 3564 3582
f 3547 3565 3583
f 3548 3566 3584
f 3549 3567 3585
f 3550 3568 3586
f 3551 3569 3587
f 3552 3570 3588
f 3553 3571 3589
f 3554 3572 3590
f 3555 3573 3591
f 3556 3574 3592
f 3557 3575 3593
f 3576 3360 3594
f 3577 3595 3199
f 3578 3560 3596
f 3579 3561 3597
f 3580 3562 3598
f 3581 3563 3599
f 3582 3564 3600
f 3583 3565 3601
f 3584 3566 3602
f 3585 3567 3603
f 3586 3568 3604
f 3587 3569 3605
f 3588 3570 3606
f 3589 3571 3607
f 3590 3572 3608
f 3591 3573 3609
f 3592 3574 3610
f 3593 3575 3611
f 3594 3360 3612
f 3578 3596 3613
f 3579 3597 3614
f 3580 3598 3615
f 3581 3599 3616
f 3582 3600 3617
f 3583 3601 3618
f 3584 3602 3619
f 3585 3603 3620
f 3586 3604 3621
f 3587 3605 3622
f 3588 3606 3623
f 3589 3607 3624
f 3590 3608 3625
f 3591 3609 3626
f 3592 3610 3627
f 3593 3611 3628
f 3629 3612 3360
f 3613 3596 3630
f 3614 3597 3631
f 3615 3598 3632
f 3616 3599 3633
f 3617 3600 3634
f 3618 3601 3635
f 3619 3602 3636
f 3620 3603 3637
f 3621 3604 3638
f 3622 3605 3639
f 3623 3606 3640
f 3624 3607 3641
f 3625 3608 3642
f 3626 3609 3643
f 3627 3610 3644
f 3628 3611 3645
f 3646 3629 3360
f 3613 3630 3647
f 3614 3631 3648
f 3615 3632 3649
f 3616 3633 3650
f 3617 3634 3651
f 3618 3635 3652
f 3619 3636 3653
f 3620 3637 3654
f 3621 3638 3655
f 3622 3639 3656
f 3623 3640 3657
f 3624 3641 3658
f 3625 3642 3659
f 3626 3643 3660
f 3627 3644 3661
f 3628 3645 3662
f 3663 3646 3360
f 3647 3630 3664
f 3648 3631 3665
f 3649 3632 3666
f 3650 3633 3667
f 3651 3634 3668
f 3652 3635 3669
f 3653 3636 3670
f 3654 3637 3671
f 3655 3638 3672
f 3656 3639 3673
f 3657 3640 3674
f 3658 3641 3675
f 3659 3642 3676
f 3660 3643 3677
f 3661 3644 3678
f 3662 3645 3679
f 3680 3663 3360
f 3647 3664 3681
f 3648 3665 3682
f 3649 3666 3683
f 3650 3667 3684
f 3651 3668 3685
f 3652 3669 3686
f 3653 3670 3687
f 3654 3671 3688
f 3655 3672 3689
f 3656 3673 3690
f 3657 3674 3691
f 3658 3675 3692
f 3659 3676 3693
f 3660 3677 3694
f 3661 3678 3695
f 3662 3679 3696
f 3697 3680 3360
f 3681 3664 3698
f 3682 3665 3699
f 3683 3666 3700
f 3684 3667 3701
f 3685 3668 3702
f 3686 3669 3703
f 3687 3670 3704
f 3688 3671 3705
f 3689 3672 3706
f 3690 3673 3707
f 3691 3674 3708
f 3692 3675 3709
f 3693 3676 3710
f 3694 3677 3711
f 3695 3678 3712
f 3696 3679 3713
f 3681 3698 3714
f 3682 3699 3715
f 3683 3700 3716
f 3684 3701 3717
f 3685 3702 3718
f 3686 3703 3719
f 3687 3704 3720
f 3688 3705 3721
f 3689 3706 3722
f 3690 3707 3723
f 3691 3708 3724
f 3692 3709 3725
f 3693 3710 3726
f 3694 3711 3727
f 3695 3712 3728
f 3696 3713 3729
f 3714 3698 3730
f 3715 3699 3731
f 3716 3700 3732
f 3717 3701 3733
f 3718 3702 3734
f 3719 3703 3735
f 3720 3704 3736
f 3721 3705 3737
f 3722 3706 3738
f 3723 3707 3739
f 3724 3708 3740
f 3725 3709 3741
f 3726 3710 3742
f 3727 3711 3743
f 3728 3712 3744
f 3729 3713 3745
f 3714 3730 3746
f 3715 3731 3747
f 3716 3732 3748
f 3717 3733 3749
f 3718 3734 3750
f 3719 3735 3751
f 3720 3736 3752
f 3721 3737 3753
f 3722 3738 3754
f 3723 3739 3755
f 3724 3740 3756
f 3725 3741 3757
f 3726 3742 3758
f 3727 3743 3759
f 3728 3744 3760
f 3729 3745 3761
f 3746 3730 3762
f 3747 3731 3763
f 3748 3732 3764
f 3749 3733 3765
f 3750 3734 3766
f 3751 3735 3767
f 3752 3736 3768
f 3753 3737 3769
f 3754 3738 3770
f 3755 3739 3771
f 3756 3740 3772
f 3757 3741 3773
f 3758 3742 3774
f 3759 3743 3775
f 3760 3744 3776
f 3761 3745 3777
f 3746 3762 3778
f 3747 3763 3779
f 3748 3764 3780
f 3749 3765 3781
f 3750 3766 3782
f 3751 3767 3783
f 3752 3768 3784
f 3753 3769 3785
f 3754 3770 3786
f 3755 3771 3787
f 3756 3772 3788
f 3757 3773 3789
f 3758 3774 3790
f 3759 3775 3791
f 3760 3776 3792
f 3761 3777 3793
f 3778 3762 3794
f 3779 3763 3795
f 3780 3764 3796
f 3781 3765 3797
f 3782 3766 3798
f 3783 3767 3799
f 3784 3768 3800
f 3785 3769 3801
f 3786 3770 3802
f 3787 3771 3803
f 3788 3772 3804
f 3789 3773 3805
f 3790 3774 3806
f 3791 3775 3807
f 3792 3776 3808
f 3793 3777 3809
f 3778 3794 3810
f 3779 3795 3811
f 3780 3796 3812
f 3781 3797 3813
f 3782 3798 3814
f 3783 3799 3815
f 3784 3800 3816
f 3785 3801 3817
f 3786 3802 3818
f 3787 3803 3819
f 3788 3804 3820
f 3789 3805 3821
f 3790 3806 3822
f 3791 3807 3823
f 3792 3808 3824
f 3793 3809 3825
f 3810 3794 3826
f 3811 3795 3827
f 3812 3796 3828
f 3813 3797 3829
f 3814 3798 3830
f 3815 3799 3831
f 3816 3800 3832
f 3817 3801 3833
f 3818 3802 3834
f 3819 3803 3835
f 3820 3804 3836
f 3821 3805 3837
f 3822 3806 3838
f 3823 3807 3839
f 3824 3808 3840
f 3825 3809 3841
f 3810 3826 3842
f 3811 3827 3843
f 3812 3828 3844
f 3813 3829 3845
f 3814 3830 3846
f 3815 3831 3847
f 3816 3832 3848
f 3817 3833 3849
f 3818 3834 3850
f 3819 3835 3851
f 3820 3836 3852
f 3821 3837 3853
f 3822 3838 3854
f 3823 3839 3855
f 3824 3840 3856
f 3825 3841 3857
f 3842 3826 3858
f 3843 3827 3859
f 3844 3828 3860
f 3845 3829 3861
f 3846 3830 3862
f 3847 3831 3863
f 3848 3832 3864
f 3849 3833 3865
f 3850 3834 3866
f 3851 3835 3867
f 3852 3836 3868
f 3853 3837 3869
f 3854 3838 3870
f 3855 3839 3871
f 3856 3840 3872
f 3857 3841 3873
f 3842 3858 3874
f 3843 3859 3875
f 3844 3860 3876
f 3845 3861 3877
f 3846 3862 3878
f 3847 3863 3879
f 3848 3864 3880
f 3849 3865 3881
f 3850 3866 3882
f 3851 3867 3883
f 3852 3868 3884
f 3853 3869 3885
f 3854 3870 3886
f 3855 3871 3887
f 3856 3872 3888
f 3857 3873 3889
f 3874 3858 3890
f 3875 3859 3891
f 3876 3860 3892
f 3877 3861 3893
f 3878 3862 3894
f 3879 3863 3895
f 3880 3864 3896
f 3881 3865 3897
f 3882 3866 3898
f 3883 3867 3899
f 3884 3868 3900
f 3885 3869 3901
f 3886 3870 3902
f 3887 3871 3903
f 3888 3872 3904
f 3889 3873 3905
f 3874 3890 3906
f 3875 3891 3907
f 3876 3892 3908
f 3877 3893 3909
f 3878 3894 3910
f 3879 3895 3911
f 3880 3896 3912
f 3881 3897 3913
f 3882 3898 3914
f 3883 3899 3915
f 3884 3900 3916
f 3885 3901 3917
f 3886 3902 3918
f 3887 3903 3919
f 3888 3904 3920
f 3889 3905 3921
f 3906 3922 3923
f 3906 3890 3922
f 3907 3924 3925
f 3907 3891 3924
f 3908 3926 3927
f 3908 3892 3926
f 3909 3928 3929
f 3909 3893 3928
f 3910 3930 3931
f 3910 3894 3930
f 3911 3932 3933
f 3911 3895 3932
f 3912 3934 3935
f 3912 3896 3934
f 3913 3936 3937
f 3913 3897 3936
f 3914 3938 3939
f 3914 3898 3938
f 3915 3940 3941
f 3915 3899 3940
f 3916 3942 3943
f 3916 3900 3942
f 3917 3944 3945
f 3917 3901 3944
f 3918 3946 3947
f 3918 3902 3946
f 3919 3948 3949
f 3919 3903 3948
f 3920 3950 3951
f 3920 3904 3950
f 3921 3952 3953
f 3921 3905 3952
f 3923 3922 3954
f 3925 3924 3955
f 3927 3926 3956
f 3929 3928 3957
f 3931 3930 3958
f 3933 3932 3959
f 3935 3934 3960
f 3937 3936 3961
f 3939 3938 3962
f 3941 3940 3963
f 3943 3942 3964
f 3945 3944 3965
f 3947 3946 3966
f 3949 3948 3967
f 3951 3950 3968
f 3953 3952 3969
f 3923 3954 3970
f 3925 3955 3971
f 3927 3956 3972
f 3929 3957 3973
f 3931 3958 3974
f 3933 3959 3975
f 3935 3960 3976
f 3937 3961 3977
f 3939 3962 3978
f 3941 3963 3979
f 3943 3964 3980
f 3945 3965 3981
f 3947 3966 3982
f 3949 3967 3983
f 3951 3968 3984
f 3953 3969 3985
f 3970 3954 3986
f 3971 3955 3987
f 3972 3956 3988
f 3973 3957 3989
f 3974 3958 3990
f 3975 3959 3991
f 3976 3960 3992
f 3977 3961 3993
f 3978 3962 3994
f 3979 3963 3995
f 3980 3964 3996
f 3981 3965 3997
f 3982 3966 3998
f 3983 3967 3999
f 3984 3968 4000
f 3985 3969 4001
f 3970 3986 4002
f 3971 3987 4003
f 3972 3988 4004
f 3973 3989 4005
f 3974 3990 4006
f 3975 3991 4007
f 3976 3992 4008
f 3977 3993 4009
f 3978 3994 4010
f 3979 3995 4011
f 3980 3996 4012
f 3981 3997 4013
f 3982 3998 4014
f 3983 3999 4015
f 3984 4000 4016
f 3985 4001 4017
f 4002 3986 4018
f 4003 3987 4019
f 4004 3988 4020
f 4005 3989 4021
f 4006 3990 4022
f 4007 3991 4023
f 4008 3992 4024
f 4009 3993 4025
f 4010 3994 4026
f 4011 3995 4027
f 4012 3996 4028
f 4013 3997 4029
f 4014 3998 4030
f 4015 3999 4031
f 4016 4000 4032
f 4017 4001 4033
f 4002 4018 4034
f 4003 4019 4035
f 4004 4020 4036
f 4005 4021 4037
f 4006 4022 4038
f 4007 4023 4039
f 4008 4024 4040
f 4009 4025 4041
f 4010 4026 4042
f 4011 4027 4043
f 4012 4028 4044
f 4013 4029 4045
f 4014 4030 4046
f 4015 4031 4047
f 4016 4032 4048
f 4017 4033 4049
f 4034 4018 4050
f 4035 4019 4051
f 4036 4020 4052
f 4037 4021 4053
f 4038 4022 4054
f 4039 4023 4055
f 4040 4024 4056
f 4041 4025 4057
f 4042 4026 4058
f 4043 4027 4059
f 4044 4028 4060
f 4045 4029 4061
f 4046 4030 4062
f 4047 4031 4063
f 4048 4032 4064
f 4049 4033 4065
f 4034 4050 4066
f 4035 4051 4067
f 4036 4052 4068
f 4037 4053 4069
f 4038 4054 4070
f 4039 4055 4071
f 4040 4056 4072
f 4041 4057 4073
f 4042 4058 4074
f 4043 4059 4075
f 4044 4060 4076
f 4045 4061 4077
f 4046 4062 4078
f 4047 4063 4079
f 4048 4064 4080
f 4049 4065 4081
f 4066 4050 4082
f 4067 4051 4083
f 4068 4052 4084
f 4069 4053 4085
f 4070 4054 4086
f 4071 4055 4087
f 4072 4056 4088
f 4073 4057 4089
f 4074 4058 4090
f 4075 4059 4091
f 4076 4060 4092
f 4077 4061 4093
f 4078 4062 4094
f 4079 4063 4095
f 4080 4064 4096
f 4081 4065 4097
f 4066 4082 4098
f 4067 4083 4099
f 4068 4084 4100
f 4069 4085 4101
f 4070 4086 4102
f 4071 4087 4103
f 4072 4088 4104
f 4073 4089 4105
f 4074 4090 4106
f 4075 4091 4107
f 4076 4092 4108
f 4077 4093 4109
f 4078 4094 4110
f 4079 4095 4111
f 4080 4096 4112
f 4081 4097 4113
f 4098 4082 4114
f 4099 4083 4115
f 4100 4084 4116
f 4101 4085 4117
f 4102 4086 4118
f 4103 4087 4119
f 4104 4088 4120
f 4105 4089 4121
f 4106 4090 4122
f 4107 4091 4123
f 4108 4092 4124
f 4109 4093 4125
f 4110 4094 4126
f 4111 4095 4127
f 4112 4096 4128
f 4113 4097 4129
f 4098 4114 4130
f 4099 4115 4131
f 4100 4116 4132
f 4101 4117 4133
f 4102 4118 4134
f 4103 4119 4135
f 4104 4120 4136
f 4105 4121 4137
f 4106 4122 4138
f 4107 4123 4139
f 4108 4124 4140
f 4109 4125 4141
f 4110 4126 4142
f 4111 4127 4143
f 4112 4128 4144
f 4113 4129 4145
f 4130 4114 4146
f 4131 4115 4147
f 4132 4116 4148
f 4133 4117 4149
f 4134 4118 4150
f 4135 4119 4151
f 4136 4120 4152
f 4137 4121 4153
f 4138 4122 4154
f 4139 4123 4155
f 4140 4124 4156
f 4141 4125 4157
f 4142 4126 4158
f 4143 4127 4159
f 4144 4128 4160
f 4145 4129 4161
f 4130 4146 4162
f 4131 4147 4163
f 4132 4148 4164
f 4133 4149 4165
f 4134 4150 4166
f 4135 4151 4167
f 4136 4152 4168
f 4137 4153 4169
f 4138 4154 4170
f 4139 4155 4171
f 4140 4156 4172
f 4141 4157 4173
f 4142 4158 4174
f 4143 4159 4175
f 4144 4160 4176
f 4145 4161 4177
f 4162 4146 4178
f 4163 4147 4179
f 4164 4148 4180
f 4165 4149 4181
f 4166 4150 4182
f 4167 4151 4183
f 4168 4152 4184
f 4169 4153 4185
f 4170 4154 4186
f 4171 4155 4187
f 4172 4156 4188
f 4173 4157 4189
f 4174 4158 4190
f 4175 4159 4191
f 4176 4160 4192
f 4177 4161 4193
f 4162 4178 4194
f 4163 4179 4195
f 4164 4180 4196
f 4165 4181 4197
f 4166 4182 4198
f 4167 4183 4199
f 4168 4184 4200
f 4169 4185 4201
f 4170 4186 4202
f 4171 4187 4203
f 4172 4188 4204
f 4173 4189 4205
f 4174 4190 4206
f 4175 4191 4207
f 4176 4192 4208
f 4177 4193 4209
f 4194 4178 4210
f 4195 4179 4211
f 4196 4180 4212
f 4197 4181 4213
f 4198 4182 4214
f 4199 4183 4215
f 4200 4184 4216
f 4201 4185 4217
f 4202 4186 4218
f 4203 4187 4219
f 4204 4188 4220
f 4205 4189 4221
f 4206 4190 4222
f 4207 4191 4223
f 4208 4192 4224
f 4209 4193 4225
f 4194 4210 4226
f 4195 4211 4227
f 4196 4212 4228
f 4197 4213 4229
f 4198 4214 4230
f 4199 4215 4231
f 4200 4216 4232
f 4201 4217 4233
f 4202 4218 4234
f 4203 4219 4235
f 4204 4220 4236
f 4205 4221 4237
f 4206 4222 4238
f 4207 4223 4239
f 4208 4224 4240
f 4209 4225 4241
f 4226 4210 4242
f 4227 4211 4243
f 4228 4212 4244
f 4229 4213 4245
f 4230 4214 4246
f 4231 4215 4247
f 4232 4216 4248
f 4233 4217 4249
f 4234 4218 4250
f 4235 4219 4251
f 4236 4220 4252
f 4237 4221 4253
f 4238 4222 4254
f 4239 4223 4255
f 4240 4224 4256
f 4241 4225 4257
f 4226 4242 4258
f 4227 4243 4259
f 4228 4244 4260
f 4229 4245 4261
f 4230 4246 4262
f 4231 4247 4263
f 4232 4248 4264
f 4233 4249 4265
f 4234 4250 4266
f 4235 4251 4267
f 4236 4252 4268
f 4237 4253 4269
f 4238 4254 4270
f 4239 4255 4271
f 4240 4256 4272
f 4241 4257 4273
f 4258 4242 4274
f 4259 4243 4275
f 4260 4244 4276
f 4261 4245 4277
f 4262 4246 4278
f 4263 4247 4279
f 4264 4248 4280
f 4265 4249 4281
f 4266 4250 4282
f 4267 4251 4283
f 4268 4252 4284
f 4269 4253 4285
f 4270 4254 4286
f 4271 4255 4287
f 4272 4256 4288
f 4273 4257 4289
f 4258 4274 4290
f 4259 4275 4291
f 4260 4276 4292
f 4261 4277 4293
f 4262 4278 4294
f 4263 4279 4295
f 4264 4280 4296
f 4265 4281 4297
f 4266 4282 4298
f 4267 4283 4299
f 4268 4284 4300
f 4269 4285 4301
f 4270 4286 4302
f 4271 4287 4303
f 4272 4288 4304
f 4273 4289 4305
f 4290 4274 4306
f 4291 4275 4307
f 4292 4276 4308
f 4293 4277 4309
f 4294 4278 4310
f 4295 4279 4311
f 4296 4280 4312
f 4297 4281 4313
f 4298 4282 4314
f 4299 4283 4315
f 4300 4284 4316
f 4301 4285 4317
f 4302 4286 4318
f 4303 4287 4319
f 4304 4288 4320
f 4305 4289 4321
f 4290 4306 4322
f 4291 4307 4323
f 4292 4308 4324
f 4293 4309 4325
f 4294 4310 4326
f 4295 4311 4327
f 4296 4312 4328
f 4297 4313 4329
f 4298 4314 4330
f 4299 4315 4331
f 4300 4316 4332
f 4301 4317 4333
f 4302 4318 4334
f 4303 4319 4335
f 4304 4320 4336
f 4305 4321 4337
f 4322 4306 4338
f 4323 4307 4339
f 4324 4308 4340
f 4325 4309 4341
f 4326 4310 4342
f 4327 4311 4343
f 4328 4312 4344
f 4329 4313 4345
f 4330 4314 4346
f 4331 4315 4347
f 4332 4316 4348
f 4333 4317 4349
f 4334 4318 4350
f 4335 4319 4351
f 4336 4320 4352
f 4337 4321 4353
f 4322 4338 4354
f 4323 4339 4355
f 4324 4340 4356
f 4325 4341 4357
f 4326 4342 4358
f 4327 4343 4359
f 4328 4344 4360
f 4329 4345 4361
f 4330 4346 4362
f 4331 4347 4363
f 4332 4348 4364
f 4333 4349 4365
f 4334 4350 4366
f 4335 4351 4367
f 4336 4352 4368
f 4337 4353 4369
f 4354 4338 4370
f 4355 4339 4371
f 4356 4340 4372
f 4357 4341 4373
f 4358 4342 4374
f 4359 4343 4375
f 4360 4344 4376
f 4361 4345 4377
f 4362 4346 4378
f 4363 4347 4379
f 4364 4348 4380
f 4365 4349 4381
f 4366 4350 4382
f 4367 4351 4383
f 4368 4352 4384
f 4369 4353 4385
f 4354 4370 4386
f 4355 4371 4387
f 4356 4372 4388
f 4357 4373 4389
f 4358 4374 4390
f 4359 4375 4391
f 4360 4376 4392
f 4361 4377 4393
f 4362 4378 4394
f 4363 4379 4395
f 4364 4380 4396
f 4365 4381 4397
f 4366 4382 4398
f 4367 4383 4399
f 4368 4384 4400
f 4369 4385 4401
f 4386 4370 4402
f 4387 4371 4403
f 4388 4372 4404
f 4389 4373 4405
f 4390 4374 4406
f 4391 4375 4407
f 4392 4376 4408
f 4393 4377 4409
f 4394 4378 4410
f 4395 4379 4411
f 4396 4380 4412
f 4397 4381 4413
f 4398 4382 4414
f 4399 4383 4415
f 4400 4384 4416
f 4401 4385 4417
f 4386 4402 4418
f 4387 4403 4419
f 4388 4404 4420
f 4389 4405 4421
f 4390 4406 4422
f 4391 4407 4423
f 4392 4408 4424
f 4393 4409 4425
f 4394 4410 4426
f 4395 4411 4427
f 4396 4412 4428
f 4397 4413 4429
f 4398 4414 4430
f 4399 4415 4431
f 4400 4416 4432
f 4401 4417 4433
f 4418 4402 4434
f 4419 4403 4435
f 4420 4404 4436
f 4421 4405 4437
f 4422 4406 4438
f 4423 4407 4439
f 4424 4408 4440
f 4425 4409 4441
f 4426 4410 4442
f 4427 4411 4443
f 4428 4412 4444
f 4429 4413 4445
f 4430 4414 4446
f 4431 4415 4447
f 4432 4416 4448
f 4433 4417 4449
f 4418 4434 4450
f 4419 4435 4451
f 4420 4436 4452
f 4421 4437 4453
f 4422 4438 4454
f 4423 4439 4455
f 4424 4440 4456
f 4425 4441 4457
f 4426 4442 4458
f 4427 4443 4459
f 4428 4444 4460
f 4429 4445 4461
f 4430 4446 4462
f 4431 4447 4463
f 4432 4448 4464
f 4433 4449 4465
f 4450 4434 4466
f 4451 4435 4467
f 4452 4436 4468
f 4453 4437 4469
f 4454 4438 4470
f 4455 4439 4471
f 4456 4440 4472
f 4457 4441 4473
f 4458 4442 4474
f 4459 4443 4475
f 4460 4444 4476
f 4461 4445 4477
f 4462 4446 4478
f 4463 4447 4479
f 4464 4448 4480
f 4465 4449 4481
f 4450 4466 4482
f 4451 4467 4483
f 4452 4468 4484
f 4453 4469 4485
f 4454 4470 4486
f 4455 4471 4487
f 4456 4472 4488
f 4457 4473 4489
f 4458 4474 4490
f 4459 4475 4491
f 4460 4476 4492
f 4461 4477 4493
f 4462 4478 4494
f 4463 4479 4495
f 4464 4480 4496
f 4465 4481 4497
f 2999 4498 4499
f 3697 3360 3
f 2999 3199 3595
f 2999 4500 3697
f 2999 3595 4501
f 2999 4502 4503
f 2999 4501 4504
f 4505 4502 2999
f 2999 4504 4506
f 4507 4505 2999
f 2999 4506 4507
f 2999 3697 4508
f 2999 4508 4509
f 2999 4509 4510
f 2999 4510 4511
f 2999 4511 4512
f 2999 4512 4513
f 2999 4513 4514
f 2999 4514 4515
f 2999 4515 4516
f 2999 4516 4517
f 2999 4517 4518
f 2999 4518 4519
f 2999 4519 4520
f 2999 4520 4521
f 2999 4521 4522
f 2999 4522 4523
f 2999 4523 4524
f 2999 4524 4525
f 2999 4525 4526
f 2999 4526 4527
f 2999 4527 4528
f 2999 4528 4529
f 2999 4529 4530
f 2999 4530 4531
f 2999 4531 4532
f 2999 4532 4533
f 2999 4533 4534
f 2999 4534 4535
f 2999 4535 4536
f 2999 4536 4537
f 2999 4537 3
f 3697 3 4537
f 4499 4498 4538
f 2999 4499 4539
f 4539 4538 4540
f 2999 4539 4541
f 4541 4540 4542
f 2999 4541 4543
f 4543 4542 4544
f 2999 4543 4545
f 4545 4544 4546
f 2999 4545 4547
f 4547 4546 4548
f 2999 4547 4549
f 4549 4548 4550
f 2999 4549 4551
f 4551 4550 4552
f 2999 4551 4553
f 4553 4552 4554
f 2999 4553 4555
f 4555 4554 4556
f 2999 4555 4557
f 4557 4556 4558
f 2999 4557 4559
f 4559 4558 4560
f 2999 4559 4561
f 4561 4560 4562
f 2999 4561 4563
f 4563 4562 4564
f 2999 4563 4565
f 4565 4564 4566
f 2999 4565 3199
f 4565 4566 3199
f 3180 3199 2060
f 4538 4539 4499
f 4540 4541 4539
f 4542 4543 4541
f 4544 4545 4543
f 4546 4547 4545
f 4548 4549 4547
f 4550 4551 4549
f 4552 4553 4551
f 4554 4555 4553
f 4556 4557 4555
f 4558 4559 4557
f 4560 4561 4559
f 4562 4563 4561
f 4564 4565 4563
f 2999 4503 4567
f 2999 4567 4568
f 2999 4568 4569
f 2999 4569 4570
f 2999 4570 4571
f 2999 4571 4572
f 2999 4572 4573
f 2999 4573 4574
f 2999 4574 4575
f 2999 4575 4576
f 2999 4576 4577
f 2999 4577 4578
f 2999 4578 4579
f 2999 4579 4580
f 2999 4580 4581
f 2999 4581 4582
f 2999 4582 4583
f 2999 4583 4584
f 2999 4584 4585
f 2999 4585 4586
f 2999 4586 4587
f 2999 4587 4588
f 2999 4588 4589
f 2999 4589 4590
f 2999 4590 4591
f 2999 4591 4592
f 2999 4592 4593
f 2999 4593 4594
f 2999 4594 4595
f 2999 4595 4596
f 2999 4597 4598
f 2999 4598 4599
f 2999 4599 4600
f 2999 4600 4601
f 2999 4601 4602
f 2999 4602 4603
f 2999 4603 4604
f 2999 4604 4605
f 2999 4605 4606
f 2999 4606 4607
f 2999 4607 4608
f 2999 4608 4609
f 2999 4609 4610
f 2999 4610 4611
f 2999 4611 4612
f 2999 4612 4613
f 2999 4613 4614
f 2999 4614 4615
f 2999 4615 4616
f 2999 4616 4617
f 2999 4617 4618
f 2999 4618 4619
f 2999 4619 4620
f 2999 4620 4621
f 2999 4621 4622
f 2999 4622 4623
f 2999 4623 4624
f 2999 4624 4625
f 2999 4625 4626
f 2999 4626 4627
f 2999 4628 4629
f 2999 4629 4630
f 2999 4630 4631
f 2999 4631 4632
f 2999 4632 4633
f 2999 4633 4634
f 2999 4634 4635
f 2999 4635 4636
f 2999 4636 4637
f 2999 4637 4638
f 2999 4638 4639
f 2999 4639 4640
f 2999 4640 4641
f 2999 4641 4642
f 2999 4642 4643
f 2999 4643 4644
f 2999 4644 4645
f 2999 4645 4646
f 2999 4646 4647
f 2999 4647 4648
f 2999 4648 4649
f 2999 4649 4650
f 2999 4650 4651
f 2999 4651 4652
f 2999 4652 4653
f 2999 4653 4654
f 2999 4654 4655
f 2999 4655 4656
f 2999 4656 4657
f 2999 4657 4658
f 2999 4659 4660
f 2999 4660 4661
f 2999 4661 4662
f 2999 4662 4663
f 2999 4663 4664
f 2999 4664 4665
f 2999 4665 4666
f 2999 4666 4667
f 2999 4667 4668
f 2999 4668 4669
f 2999 4669 4670
f 2999 4670 4671
f 2999 4671 4672
f 2999 4672 4673
f 2999 4673 4674
f 2999 4674 4675
f 2999 4675 4676
f 2999 4676 4677
f 2999 4677 4678
f 2999 4678 4679
f 2999 4679 4680
f 2999 4680 4681
f 2999 4681 4682
f 2999 4682 4683
f 2999 4683 4684
f 2999 4684 4685
f 2999 4685 4686
f 2999 4686 4687
f 2999 4687 4688
f 4688 4689 4690
f 2999 4691 4692
f 2999 4692 4693
f 2999 4693 4694
f 2999 4694 4695
f 2999 4695 4696
f 2999 4696 4697
f 2999 4697 4698
f 2999 4698 4699
f 2999 4699 4700
f 2999 4700 4701
f 2999 4701 4702
f 2999 4702 4703
f 2999 4703 4704
f 2999 4704 4705
f 2999 4705 4706
f 2999 4706 4707
f 2999 4707 4708
f 2999 4708 4709
f 2999 4709 4710
f 2999 4710 4711
f 2999 4711 4712
f 2999 4712 4713
f 2999 4713 4714
f 2999 4714 4715
f 2999 4715 4716
f 2999 4716 4717
f 2999 4717 4718
f 2999 4718 4719
f 2999 4719 4720
f 2999 4720 4721
f 2999 4722 4723
f 2999 4723 4724
f 2999 4724 4725
f 2999 4725 4726
f 2999 4726 4727
f 2999 4727 4728
f 2999 4728 4729
f 2999 4729 4730
f 2999 4730 4731
f 2999 4731 4732
f 2999 4732 4733
f 2999 4733 4734
f 2999 4734 4735
f 2999 4735 4736
f 2999 4736 4737
f 2999 4737 4738
f 2999 4738 4739
f 2999 4739 4740
f 2999 4740 4741
f 2999 4741 4742
f 2999 4742 4743
f 2999 4743 4744
f 2999 4744 4745
f 2999 4745 4746
f 2999 4746 4747
f 2999 4747 4748
f 2999 4748 4749
f 2999 4749 4750
f 2999 4750 4751
f 4751 4752 4753
f 2999 4754 4755
f 2999 4755 4756
f 2999 4756 4757
f 2999 4757 4758
f 2999 4758 4759
f 2999 4759 4760
f 2999 4760 4761
f 2999 4761 4762
f 2999 4762 4763
f 2999 4763 4764
f 2999 4764 4765
f 2999 4765 4766
f 2999 4766 4767
f 2999 4767 4768
f 2999 4768 4769
f 2999 4769 4770
f 2999 4770 4771
f 2999 4771 4772
f 2999 4772 4773
f 2999 4773 4774
f 2999 4774 4775
f 2999 4775 4776
f 2999 4776 4777
f 2999 4777 4778
f 2999 4778 4779
f 2999 4779 4780
f 2999 4780 4781
f 2999 4781 4782
f 2999 4782 4783
f 2999 4783 4784
f 2999 4785 4786
f 2999 4786 4787
f 2999 4787 4788
f 2999 4788 4789
f 2999 4789 4790
f 2999 4790 4791
f 2999 4791 4792
f 2999 4792 4793
f 2999 4793 4794
f 2999 4794 4795
f 2999 4795 4796
f 2999 4796 4797
f 2999 4797 4798
f 2999 4798 4799
f 2999 4799 4800
f 2999 4800 4801
f 2999 4801 4802
f 2999 4802 4803
f 2999 4803 4804
f 2999 4804 4805
f 2999 4805 4806
f 2999 4806 4807
f 2999 4807 4808
f 2999 4808 4809
f 2999 4809 4810
f 2999 4810 4811
f 2999 4811 4812
f 2999 4812 4813
f 2999 4813 4814
f 4815 5097 4814
f 5097 4816 4814
f 2999 4817 4818
f 2999 4818 4819
f 2999 4819 4820
f 2999 4820 4821
f 2999 4821 4822
f 2999 4822 4823
f 2999 4823 4824
f 2999 4824 4825
f 2999 4825 4826
f 2999 4826 4827
f 2999 4827 4828
f 2999 4828 4829
f 2999 4829 4830
f 2999 4830 4831
f 2999 4831 4832
f 2999 4832 4833
f 2999 4833 4834
f 2999 4834 4835
f 2999 4835 4836
f 2999 4836 4837
f 2999 4837 4838
f 2999 4838 4839
f 2999 4839 4840
f 2999 4840 4841
f 2999 4841 4842
f 2999 4842 4843
f 2999 4843 4844
f 2999 4844 4845
f 2999 4845 4846
f 2999 4846 4847
f 2999 4848 4849
f 2999 4849 4850
f 2999 4850 4851
f 2999 4851 4852
f 2999 4852 4853
f 2999 4853 4854
f 2999 4854 4855
f 2999 4855 4856
f 2999 4856 4857
f 2999 4857 4858
f 2999 4858 4859
f 2999 4859 4860
f 2999 4860 4861
f 2999 4861 4862
f 2999 4862 4863
f 2999 4863 4864
f 2999 4864 4865
f 2999 4865 4866
f 2999 4866 4867
f 2999 4867 4868
f 2999 4868 4869
f 2999 4869 4870
f 2999 4870 4871
f 2999 4871 4872
f 2999 4872 4873
f 2999 4873 4874
f 2999 4874 4875
f 2999 4875 4876
f 2999 4876 4877
f 2999 4877 4878
f 2999 4879 4880
f 2999 4880 4881
f 2999 4881 4882
f 2999 4882 4883
f 2999 4883 4884
f 2999 4884 4885
f 2999 4885 4886
f 2999 4886 4887
f 2999 4887 4888
f 2999 4888 4889
f 2999 4889 4890
f 2999 4890 4891
f 2999 4891 4892
f 2999 4892 4893
f 2999 4893 4894
f 2999 4894 4895
f 2999 4895 4896
f 2999 4896 4897
f 2999 4897 4898
f 2999 4898 4899
f 2999 4899 4900
f 2999 4900 4901
f 2999 4901 4902
f 2999 4902 4903
f 2999 4903 4904
f 2999 4904 4905
f 2999 4905 4906
f 2999 4906 4907
f 2999 4907 4908
f 2999 4908 4909
f 2999 4909 4910
f 2999 4910 4911
f 2999 4911 4912
f 2999 4912 4913
f 2999 4913 4914
f 2999 4914 4915
f 2999 4915 4916
f 2999 4916 4917
f 2999 4917 4918
f 2999 4918 4919
f 2999 4919 4920
f 2999 4920 4921
f 2999 4921 4922
f 2999 4922 4923
f 2999 4923 4924
f 2999 4924 4925
f 2999 4925 4926
f 2999 4926 4927
f 2999 4927 4928
f 2999 4928 4929
f 2999 4929 4930
f 2999 4930 4931
f 2999 4931 4932
f 2999 4932 4933
f 2999 4933 4934
f 2999 4934 4935
f 2999 4935 4936
f 2999 4936 4937
f 2999 4937 4938
f 4938 4939 4940
f 2999 4941 4942
f 2999 4942 4943
f 2999 4943 4944
f 2999 4944 4945
f 2999 4945 4946
f 2999 4946 4947
f 2999 4947 4948
f 2999 4948 4949
f 2999 4949 4950
f 2999 4950 4951
f 2999 4951 4952
f 2999 4952 4953
f 2999 4953 4954
f 2999 4954 4955
f 2999 4955 4956
f 2999 4956 4957
f 2999 4957 4958
f 2999 4958 4959
f 2999 4959 4960
f 2999 4960 4961
f 2999 4961 4962
f 2999 4962 4963
f 2999 4963 4964
f 2999 4964 4965
f 2999 4965 4966
f 2999 4966 4967
f 2999 4967 4968
f 2999 4968 4969
f 2999 4969 4970
f 2999 4970 4971
f 2999 4971 4972
f 2999 4972 4973
f 2999 4973 4974
f 2999 4974 4975
f 2999 4975 4976
f 2999 4976 4977
f 2999 4977 4978
f 2999 4978 4979
f 2999 4979 4980
f 2999 4980 4981
f 2999 4981 4982
f 2999 4982 4983
f 2999 4983 4984
f 2999 4984 4985
f 2999 4985 4986
f 2999 4986 4987
f 2999 4987 4988
f 2999 4988 4989
f 2999 4989 4990
f 2999 4990 4991
f 2999 4991 4992
f 2999 4992 4993
f 2999 4993 4994
f 2999 4994 4995
f 2999 4995 4996
f 2999 4996 4997
f 2999 4997 4998
f 2999 4998 4999
f 2999 4999 5000
f 2999 5000 5001
f 2999 5001 5002
f 2999 5002 5003
f 2999 5003 5004
f 2999 5004 5005
f 2999 5005 5006
f 2999 5006 5007
f 2999 5007 5008
f 2999 5008 5009
f 2999 5009 5010
f 2999 5010 5011
f 2999 5011 5012
f 2999 5012 5013
f 2999 5013 5014
f 2999 5014 5015
f 2999 5015 5016
f 2999 5016 5017
f 2999 5017 5018
f 2999 5018 5019
f 2999 5019 5020
f 2999 5020 5021
f 2999 5021 5022
f 2999 5022 5023
f 2999 5023 5024
f 2999 5024 5025
f 2999 5025 5026
f 2999 5026 5027
f 2999 5027 5028
f 2999 5028 5029
f 2999 5029 5030
f 2999 5030 5031
f 2999 5031 5032
f 2999 5032 5033
f 2999 5033 5034
f 2999 5034 5035
f 2999 5035 5036
f 2999 5036 5037
f 2999 5037 5038
f 2999 5038 5039
f 2999 5039 5040
f 2999 5040 5041
f 2999 5041 5042
f 2999 5042 5043
f 2999 5043 5044
f 2999 5044 5045
f 2999 5045 5046
f 2999 5046 5047
f 2999 5047 5048
f 2999 5048 5049
f 2999 5049 5050
f 2999 5050 5051
f 2999 5051 5052
f 2999 5052 5053
f 2999 5053 5054
f 2999 5054 5055
f 2999 5055 5056
f 2999 5056 5057
f 2999 5057 5058
f 2999 5058 5059
f 2999 5059 5060
f 2999 5060 5061
f 2999 5061 5062
f 2999 5062 5063
f 2999 5063 5064
f 2999 5064 5065
f 2999 5065 5066
f 2999 5066 5067
f 2999 5067 5068
f 2999 5068 5069
f 2999 5069 5070
f 2999 5070 5071
f 2999 5071 5072
f 2999 5072 5073
f 2999 5073 5074
f 2999 5074 5075
f 2999 5075 5076
f 2999 5076 5077
f 2999 5077 5078
f 2999 5078 5079
f 2999 5079 5080
f 2999 5080 5081
f 2999 5081 5082
f 2999 5082 5083
f 2999 5083 5084
f 2999 5084 5085
f 2999 5085 5086
f 2999 5086 5087
f 2999 5087 5088
f 2999 5088 5089
f 2999 5089 5090
f 2999 5090 4500
f 1 3 3360
f 3697 4537 4536
f 3697 4536 4535
f 3697 4535 4534
f 3697 4534 4533
f 3697 4533 4532
f 3697 4532 4531
f 3697 4531 4530
f 3697 4530 4529
f 3697 4529 4528
f 3697 4528 4527
f 3697 4527 4526
f 3697 4526 4525
f 3697 4525 4524
f 3697 4524 4523
f 3697 4523 4522
f 3697 4522 4521
f 3697 4521 4520
f 3697 4520 4519
f 3697 4519 4518
f 3697 4518 4517
f 3697 4517 4516
f 3697 4516 4515
f 3697 4515 4514
f 3697 4514 4513
f 3697 4513 4512
f 3697 4512 4511
f 3697 4511 4510
f 3697 4510 4509
f 3697 4509 4508
f 4595 4597 4596
f 4597 2999 4596
f 4657 4659 4658
f 4659 2999 4658
f 4720 4722 4721
f 4722 2999 4721
f 4688 4691 4689
f 4691 2999 4690
f 4751 4754 4752
f 4754 2999 5091
f 4814 4817 4815
f 4817 2999 4816
f 4877 4879 4878
f 4879 2999 4878
f 4938 4941 4939
f 4941 2999 5092
f 4626 4628 4627
f 4628 2999 4627
f 4783 4785 4784
f 4785 2999 4784
f 4938 4940 5093
f 4941 4940 4939
f 2225 3 5094
f 3 2224 5094
f 4751 4753 5091
f 4754 4753 4752
f 4846 4848 4847
f 4848 2999 4847
f 4941 5093 4940
f 4938 5093 5095
f 4688 4690 2999
f 4691 4690 4689
f 4814 4816 2999
f 4816 5097 4817
f 5097 4815 4817
f 4941 5095 5093
f 4938 5095 5096
f 4754 5091 4753
f 4751 5091 2999
f 4941 5096 5095
f 4938 5096 5092
f 2578 2616 2597
f 2616 3 2597
f 2488 3 2489
f 3 2419 2489
f 2225 5094 2226
f 5094 2224 2226
f 2058 2133 2096
f 2133 3 2096
f 4941 5092 5096
f 4938 5092 2999
f 2349 3 2350
f 3 2279 2350
f 2134 2224 2170
f 2224 3 2170
f 2058 3 2059
f 3 2038 2059
f 3199 4498 2999
