v 0.315000000 0.000000000 -3.380000000
v 0.313383837 0.031868021 -3.380000000
v 0.308551931 0.063409034 -3.380000000
v 0.300553866 0.094299384 -3.380000000
v 0.289471711 0.124222094 -3.380000000
v 0.275419184 0.152870118 -3.380000000
v 0.258540484 0.179949488 -3.380000000
v 0.239008809 0.205182332 -3.380000000
v 0.217024580 0.228309728 -3.380000000
v 0.192813385 0.249094357 -3.380000000
v 0.166623663 0.267322941 -3.380000000
v 0.138724158 0.282808430 -3.380000000
v 0.109401155 0.295391922 -3.380000000
v 0.078955548 0.304944292 -3.380000000
v 0.047699750 0.311367522 -3.380000000
v 0.015954488 0.314595700 -3.380000000
v -0.015954488 0.314595700 -3.380000000
v -0.047699750 0.311367522 -3.380000000
v -0.078955548 0.304944292 -3.380000000
v -0.109401155 0.295391922 -3.380000000
v -0.138724158 0.282808430 -3.380000000
v -0.166623663 0.267322941 -3.380000000
v -0.192813385 0.249094357 -3.380000000
v -0.217024580 0.228309728 -3.380000000
v -0.239008809 0.205182332 -3.380000000
v -0.258540484 0.179949488 -3.380000000
v -0.275419184 0.152870118 -3.380000000
v -0.289471711 0.124222094 -3.380000000
v -0.300553866 0.094299384 -3.380000000
v -0.308551931 0.063409034 -3.380000000
v -0.313383837 0.031868021 -3.380000000
v -0.315000000 0.000000000 -3.380000000
v -0.313383837 -0.031868021 -3.380000000
v -0.308551931 -0.063409034 -3.380000000
v -0.300553866 -0.094299384 -3.380000000
v -0.289471711 -0.124222094 -3.380000000
v -0.275419184 -0.152870118 -3.380000000
v -0.258540484 -0.179949488 -3.380000000
v -0.239008809 -0.205182332 -3.380000000
v -0.217024580 -0.228309728 -3.380000000
v -0.192813385 -0.249094357 -3.380000000
v -0.166623663 -0.267322941 -3.380000000
v -0.138724158 -0.282808430 -3.380000000
v -0.109401155 -0.295391922 -3.380000000
v -0.078955548 -0.304944292 -3.380000000
v -0.047699750 -0.311367522 -3.380000000
v -0.015954488 -0.314595700 -3.380000000
v 0.015954488 -0.314595700 -3.380000000
v 0.047699750 -0.311367522 -3.380000000
v 0.078955548 -0.304944292 -3.380000000
v 0.109401155 -0.295391922 -3.380000000
v 0.138724158 -0.282808430 -3.380000000
v 0.166623663 -0.267322941 -3.380000000
v 0.192813385 -0.249094357 -3.380000000
v 0.217024580 -0.228309728 -3.380000000
v 0.239008809 -0.205182332 -3.380000000
v 0.258540484 -0.179949488 -3.380000000
v 0.275419184 -0.152870118 -3.380000000
v 0.289471711 -0.124222094 -3.380000000
v 0.300553866 -0.094299384 -3.380000000
v 0.308551931 -0.063409034 -3.380000000
v 0.313383837 -0.031868021 -3.380000000
v 0.187500000 0.000000000 -3.380000000
v 0.186537998 0.018969060 -3.380000000
v 0.183661864 0.037743473 -3.380000000
v 0.178901111 0.056130586 -3.380000000
v 0.172304590 0.073941723 -3.380000000
v 0.163939991 0.090994118 -3.380000000
v 0.153893145 0.107112790 -3.380000000
v 0.142267148 0.122132341 -3.380000000
v 0.129181297 0.135898648 -3.380000000
v 0.114769872 0.148270451 -3.380000000
v 0.099180752 0.159120798 -3.380000000
v 0.082573903 0.168338351 -3.380000000
v 0.065119735 0.175828525 -3.380000000
v 0.046997350 0.181514460 -3.380000000
v 0.028392708 0.185337811 -3.380000000
v 0.009496719 0.187259345 -3.380000000
v -0.009496719 0.187259345 -3.380000000
v -0.028392708 0.185337811 -3.380000000
v -0.046997350 0.181514460 -3.380000000
v -0.065119735 0.175828525 -3.380000000
v -0.082573903 0.168338351 -3.380000000
v -0.099180752 0.159120798 -3.380000000
v -0.114769872 0.148270451 -3.380000000
v -0.129181297 0.135898648 -3.380000000
v -0.142267148 0.122132341 -3.380000000
v -0.153893145 0.107112790 -3.380000000
v -0.163939991 0.090994118 -3.380000000
v -0.172304590 0.073941723 -3.380000000
v -0.178901111 0.056130586 -3.380000000
v -0.183661864 0.037743473 -3.380000000
v -0.186537998 0.018969060 -3.380000000
v -0.187500000 0.000000000 -3.380000000
v -0.186537998 -0.018969060 -3.380000000
v -0.183661864 -0.037743473 -3.380000000
v -0.178901111 -0.056130586 -3.380000000
v -0.172304590 -0.073941723 -3.380000000
v -0.163939991 -0.090994118 -3.380000000
v -0.153893145 -0.107112790 -3.380000000
v -0.142267148 -0.122132341 -3.380000000
v -0.129181297 -0.135898648 -3.380000000
v -0.114769872 -0.148270451 -3.380000000
v -0.099180752 -0.159120798 -3.380000000
v -0.082573903 -0.168338351 -3.380000000
v -0.065119735 -0.175828525 -3.380000000
v -0.046997350 -0.181514460 -3.380000000
v -0.028392708 -0.185337811 -3.380000000
v -0.009496719 -0.187259345 -3.380000000
v 0.009496719 -0.187259345 -3.380000000
v 0.028392708 -0.185337811 -3.380000000
v 0.046997350 -0.181514460 -3.380000000
v 0.065119735 -0.175828525 -3.380000000
v 0.082573903 -0.168338351 -3.380000000
v 0.099180752 -0.159120798 -3.380000000
v 0.114769872 -0.148270451 -3.380000000
v 0.129181297 -0.135898648 -3.380000000
v 0.142267148 -0.122132341 -3.380000000
v 0.153893145 -0.107112790 -3.380000000
v 0.163939991 -0.090994118 -3.380000000
v 0.172304590 -0.073941723 -3.380000000
v 0.178901111 -0.056130586 -3.380000000
v 0.183661864 -0.037743473 -3.380000000
v 0.186537998 -0.018969060 -3.380000000
v -0.470606602 0.000000000 -3.224393398
v -0.468192071 -0.047610480 -3.224393398
v -0.460973257 -0.094732412 -3.224393398
v -0.449024233 -0.140882262 -3.224393398
v -0.432467613 -0.185586469 -3.224393398
v -0.411473290 -0.228386307 -3.224393398
v -0.386256694 -0.268842593 -3.224393398
v -0.357076582 -0.306540191 -3.224393398
v -0.324232380 -0.341092271 -3.224393398
v -0.288061116 -0.372144282 -3.224393398
v -0.248933955 -0.399377590 -3.224393398
v -0.207252395 -0.422512743 -3.224393398
v -0.163444145 -0.441312344 -3.224393398
v -0.117958736 -0.455583483 -3.224393398
v -0.071262912 -0.465179719 -3.224393398
v -0.023835833 -0.470002582 -3.224393398
v 0.023835833 -0.470002582 -3.224393398
v 0.071262912 -0.465179719 -3.224393398
v 0.117958736 -0.455583483 -3.224393398
v 0.163444145 -0.441312344 -3.224393398
v 0.207252395 -0.422512743 -3.224393398
v 0.248933955 -0.399377590 -3.224393398
v 0.288061116 -0.372144282 -3.224393398
v 0.324232380 -0.341092271 -3.224393398
v 0.357076582 -0.306540191 -3.224393398
v 0.386256694 -0.268842593 -3.224393398
v 0.411473290 -0.228386307 -3.224393398
v 0.432467613 -0.185586469 -3.224393398
v 0.449024233 -0.140882262 -3.224393398
v 0.460973257 -0.094732412 -3.224393398
v 0.468192071 -0.047610480 -3.224393398
v 0.470606602 0.000000000 -3.224393398
v 0.468192071 0.047610480 -3.224393398
v 0.460973257 0.094732412 -3.224393398
v 0.449024233 0.140882262 -3.224393398
v 0.432467613 0.185586469 -3.224393398
v 0.411473290 0.228386307 -3.224393398
v 0.386256694 0.268842593 -3.224393398
v 0.357076582 0.306540191 -3.224393398
v 0.324232380 0.341092271 -3.224393398
v 0.288061116 0.372144282 -3.224393398
v 0.248933955 0.399377590 -3.224393398
v 0.207252395 0.422512743 -3.224393398
v 0.163444145 0.441312344 -3.224393398
v 0.117958736 0.455583483 -3.224393398
v 0.071262912 0.465179719 -3.224393398
v 0.023835833 0.470002582 -3.224393398
v -0.023835833 0.470002582 -3.224393398
v -0.071262912 0.465179719 -3.224393398
v -0.117958736 0.455583483 -3.224393398
v -0.163444145 0.441312344 -3.224393398
v -0.207252395 0.422512743 -3.224393398
v -0.248933955 0.399377590 -3.224393398
v -0.288061116 0.372144282 -3.224393398
v -0.324232380 0.341092271 -3.224393398
v -0.357076582 0.306540191 -3.224393398
v -0.386256694 0.268842593 -3.224393398
v -0.411473290 0.228386307 -3.224393398
v -0.432467613 0.185586469 -3.224393398
v -0.449024233 0.140882262 -3.224393398
v -0.460973257 0.094732412 -3.224393398
v -0.468192071 0.047610480 -3.224393398
v -0.411362067 -0.237500000 -2.530627628
v -0.458814767 -0.122939046 -2.530627628
v 0.458814767 -0.122939046 -2.646255257
v -0.411362067 -0.237500000 -2.646255257
v -0.458814767 -0.122939046 -2.646255257
v 0.458814767 -0.122939046 -2.761882885
v -0.411362067 -0.237500000 -2.877510513
v -0.458814767 -0.122939046 -2.877510513
v 0.458814767 -0.122939046 -2.993138142
v -0.411362067 -0.237500000 -2.993138142
v -0.458814767 -0.122939046 -2.993138142
v 0.458814767 -0.122939046 -3.108765770
v -0.334362697 -0.337381960 -2.880000000
v -0.335671677 -0.336080528 -2.858921914
v -0.339554863 -0.332156975 -2.838436479
v -0.345854683 -0.325590967 -2.818885985
v -0.354270912 -0.316413281 -2.801018076
v -0.364330272 -0.304774977 -2.785467076
v -0.375448067 -0.290969263 -2.772784106
v -0.387027285 -0.275381275 -2.763370861
v -0.398541028 -0.258436409 -2.757433322
v -0.409587803 -0.240545660 -2.755049537
v -0.419867262 -0.222117913 -2.756241672
v -0.429156092 -0.203592102 -2.760999918
v -0.437283289 -0.185492012 -2.769272209
v -0.444126590 -0.168452754 -2.780897663
v -0.449624342 -0.153175690 -2.795550454
v -0.453790681 -0.140353649 -2.812712991
v -0.456714839 -0.130526988 -2.831779014
v -0.458517247 -0.124044263 -2.852033246
v -0.472562929 -0.048054953 -2.415000000
v -0.475000000 0.000000000 -2.415000000
v -0.335875721 -0.335875721 -2.530627628
v -0.335875721 -0.335875721 -2.646255257
v -0.335875721 -0.335875721 -2.993138142
v -0.458814767 -0.122939046 -3.108765770
v -0.465276722 -0.095616797 -2.415000000
v -0.237500000 -0.411362067 -2.530627628
v -0.237500000 -0.411362067 -2.646255257
v -0.237500000 -0.411362067 -2.877510513
v -0.237500000 -0.411362067 -2.993138142
v -0.453216147 -0.142197483 -2.415000000
v -0.122939046 -0.458814767 -2.530627628
v -0.122939046 -0.458814767 -2.646255257
v -0.122939046 -0.458814767 -2.877510513
v -0.122939046 -0.458814767 -2.993138142
v -0.436504961 -0.187319031 -2.415000000
v 0.000000000 -0.475000000 -2.530627628
v 0.000000000 -0.475000000 -2.646255257
v 0.000000000 -0.475000000 -2.877510513
v 0.000000000 -0.475000000 -2.993138142
v -0.415314643 -0.230518432 -2.415000000
v 0.122939046 -0.458814767 -2.530627628
v 0.122939046 -0.458814767 -2.646255257
v 0.122939046 -0.458814767 -2.877510513
v 0.122939046 -0.458814767 -2.993138142
v -0.389862635 -0.271352402 -2.415000000
v 0.237500000 -0.411362067 -2.530627628
v 0.237500000 -0.411362067 -2.646255257
v 0.237500000 -0.411362067 -2.877510513
v 0.237500000 -0.411362067 -2.993138142
v -0.360410108 -0.309401929 -2.415000000
v 0.335875721 -0.335875721 -2.530627628
v 0.335875721 -0.335875721 -2.646255257
v 0.335875721 -0.335875721 -2.993138142
v -0.327259287 -0.344276574 -2.415000000
v 0.411362067 -0.237500000 -2.530627628
v 0.411362067 -0.237500000 -2.646255257
v 0.411362067 -0.237500000 -2.993138142
v -0.290750342 -0.375618475 -2.415000000
v 0.458814767 -0.122939046 -2.530627628
v 0.475000000 0.000000000 -2.415000000
v 0.472562929 -0.048054953 -2.415000000
v 0.465276722 -0.095616797 -2.415000000
v 0.453216147 -0.142197483 -2.415000000
v 0.436504961 -0.187319031 -2.415000000
v 0.415314643 -0.230518432 -2.415000000
v 0.389862635 -0.271352402 -2.415000000
v 0.360410108 -0.309401929 -2.415000000
v 0.327259287 -0.344276574 -2.415000000
v 0.290750342 -0.375618475 -2.415000000
v 0.251257905 -0.403106022 -2.415000000
v 0.209187222 -0.426457156 -2.415000000
v 0.164969995 -0.445432263 -2.415000000
v 0.119059953 -0.459836631 -2.415000000
v 0.071928194 -0.469522454 -2.415000000
v 0.024058355 -0.474390341 -2.415000000
v -0.024058355 -0.474390341 -2.415000000
v -0.071928194 -0.469522454 -2.415000000
v -0.119059953 -0.459836631 -2.415000000
v -0.164969995 -0.445432263 -2.415000000
v -0.209187222 -0.426457156 -2.415000000
v -0.251257905 -0.403106022 -2.415000000
v 0.459362697 -0.120875609 -2.880000000
v 0.334362697 -0.337381960 -2.880000000
v 0.336684088 -0.335065470 -2.852033327
v -0.458814767 -0.122939046 -2.761882885
v 0.341397500 -0.330262752 -2.831777809
v 0.348446121 -0.322816403 -2.812710793
v 0.357467614 -0.312796652 -2.795548178
v 0.367949302 -0.300396521 -2.780895700
v 0.379283828 -0.285950580 -2.769271018
v 0.432001309 -0.197483762 -2.763371306
v 0.390894445 -0.269863361 -2.760999637
v 0.402292655 -0.252557927 -2.756241861
v 0.439711694 -0.179660770 -2.772785491
v 0.446108837 -0.163129520 -2.785469109
v 0.451157984 -0.148599181 -2.801020357
v 0.454897726 -0.136722339 -2.818888044
v 0.457433907 -0.127984305 -2.838437332
v 0.458890101 -0.122659977 -2.858921796
v 0.061999941 -0.470936309 -2.588441442
v 0.000000000 -0.475000000 -2.588441442
v 0.122939046 -0.458814767 -2.588441442
v 0.181774630 -0.438842778 -2.588441442
v 0.237500000 -0.411362067 -2.588441442
v 0.289161679 -0.376842837 -2.588441442
v 0.335875721 -0.335875721 -2.588441442
v 0.376842837 -0.289161679 -2.588441442
v 0.411362067 -0.237500000 -2.588441442
v 0.061999941 -0.470936309 -2.704069071
v 0.000000000 -0.475000000 -2.704069071
v 0.122939046 -0.458814767 -2.704069071
v 0.181774630 -0.438842778 -2.704069071
v 0.237500000 -0.411362067 -2.704069071
v 0.289161679 -0.376842837 -2.704069071
v 0.335875721 -0.335875721 -2.704069071
v 0.376842837 -0.289161679 -2.704069071
v 0.411362067 -0.237500000 -2.704069071
v 0.000000000 -0.475000000 -2.761882885
v 0.061999941 -0.470936309 -2.935324327
v 0.000000000 -0.475000000 -2.935324327
v 0.122939046 -0.458814767 -2.935324327
v 0.181774630 -0.438842778 -2.935324327
v 0.237500000 -0.411362067 -2.935324327
v 0.289161679 -0.376842837 -2.935324327
v 0.335875721 -0.335875721 -2.935324327
v 0.376842837 -0.289161679 -2.935324327
v 0.061999941 -0.470936309 -3.050951956
v 0.000000000 -0.475000000 -3.050951956
v 0.122939046 -0.458814767 -3.050951956
v 0.000000000 -0.475000000 -3.108765770
v 0.181774630 -0.438842778 -3.050951956
v 0.237500000 -0.411362067 -3.050951956
v 0.289161679 -0.376842837 -3.050951956
v 0.335875721 -0.335875721 -3.050951956
v 0.376842837 -0.289161679 -3.050951956
v 0.411362067 -0.237500000 -3.050951956
v 0.376842837 -0.289161679 -2.877510513
v 0.000000000 -0.475000000 -2.819696699
v -0.210087128 -0.426014552 -2.559534535
v -0.181774630 -0.438842778 -2.559534535
v -0.263895861 -0.394948066 -2.559534535
v -0.289161679 -0.376842837 -2.559534535
v 0.313189262 -0.357123909 -2.617348350
v 0.289161679 -0.376842837 -2.617348350
v 0.335875721 -0.335875721 -2.617348350
v 0.357123909 -0.313189262 -2.617348350
v 0.376842837 -0.289161679 -2.617348350
v 0.394948066 -0.263895861 -2.617348350
v 0.411362067 -0.237500000 -2.617348350
v -0.210087128 -0.426014552 -2.675162164
v -0.181774630 -0.438842778 -2.675162164
v -0.263895861 -0.394948066 -2.675162164
v -0.289161679 -0.376842837 -2.675162164
v 0.313189262 -0.357123909 -2.732975978
v 0.289161679 -0.376842837 -2.732975978
v 0.335875721 -0.335875721 -2.732975978
v 0.357123909 -0.313189262 -2.732975978
v 0.376842837 -0.289161679 -2.732975978
v 0.394948066 -0.263895861 -2.732975978
v 0.411362067 -0.237500000 -2.732975978
v 0.289161679 -0.376842837 -2.761882885
v -0.210087128 -0.426014552 -2.906417420
v -0.181774630 -0.438842778 -2.906417420
v -0.263895861 -0.394948066 -2.906417420
v -0.289161679 -0.376842837 -2.906417420
v 0.313189262 -0.357123909 -2.964231235
v 0.289161679 -0.376842837 -2.964231235
v 0.335875721 -0.335875721 -2.964231235
v 0.357123909 -0.313189262 -2.964231235
v 0.376842837 -0.289161679 -2.964231235
v 0.394948066 -0.263895861 -2.964231235
v 0.411362067 -0.237500000 -2.964231235
v -0.210087128 -0.426014552 -3.022045049
v -0.181774630 -0.438842778 -3.022045049
v -0.263895861 -0.394948066 -3.022045049
v -0.289161679 -0.376842837 -3.022045049
v 0.313189262 -0.357123909 -3.079858863
v 0.289161679 -0.376842837 -3.079858863
v 0.335875721 -0.335875721 -3.079858863
v 0.289161679 -0.376842837 -3.108765770
v 0.357123909 -0.313189262 -3.079858863
v 0.376842837 -0.289161679 -3.079858863
v 0.394948066 -0.263895861 -3.079858863
v 0.411362067 -0.237500000 -3.079858863
v -0.122939046 -0.458814767 -2.559534535
v -0.092667903 -0.465873008 -2.559534535
v -0.122939046 -0.458814767 -2.675162164
v -0.092667903 -0.465873008 -2.675162164
v -0.122939046 -0.458814767 -2.906417420
v -0.092667903 -0.465873008 -2.906417420
v -0.122939046 -0.458814767 -3.022045049
v -0.092667903 -0.465873008 -3.022045049
v -0.289161679 -0.376842837 -3.108765770
v -0.031066486 -0.473982989 -2.559534535
v 0.000000000 -0.475000000 -2.559534535
v -0.031066486 -0.473982989 -2.675162164
v 0.000000000 -0.475000000 -2.675162164
v -0.031066486 -0.473982989 -2.906417420
v 0.000000000 -0.475000000 -2.906417420
v -0.031066486 -0.473982989 -3.022045049
v 0.000000000 -0.475000000 -3.022045049
v 0.061999941 -0.470936309 -2.559534535
v 0.092667903 -0.465873008 -2.559534535
v 0.061999941 -0.470936309 -2.675162164
v 0.092667903 -0.465873008 -2.675162164
v 0.061999941 -0.470936309 -2.906417420
v 0.092667903 -0.465873008 -2.906417420
v 0.061999941 -0.470936309 -3.022045049
v 0.092667903 -0.465873008 -3.022045049
v 0.152683746 -0.449791812 -2.559534535
v 0.181774630 -0.438842778 -2.559534535
v 0.152683746 -0.449791812 -2.675162164
v 0.181774630 -0.438842778 -2.675162164
v 0.152683746 -0.449791812 -2.906417420
v 0.181774630 -0.438842778 -2.906417420
v 0.152683746 -0.449791812 -3.022045049
v 0.181774630 -0.438842778 -3.022045049
v 0.237500000 -0.411362067 -2.559534535
v 0.263895861 -0.394948066 -2.559534535
v 0.237500000 -0.411362067 -2.675162164
v 0.263895861 -0.394948066 -2.675162164
v 0.237500000 -0.411362067 -2.906417420
v 0.263895861 -0.394948066 -2.906417420
v 0.237500000 -0.411362067 -3.022045049
v 0.263895861 -0.394948066 -3.022045049
v 0.335875721 -0.335875721 -2.559534535
v 0.335875721 -0.335875721 -2.675162164
v 0.335875721 -0.335875721 -3.022045049
v -0.289161679 -0.376842837 -2.761882885
v -0.289161679 -0.376842837 -2.790789792
v 0.289161679 -0.376842837 -2.848603606
v 0.132355716 -0.220753175 -2.880000000
v 0.133635095 -0.218537227 -2.854837685
v 0.137420853 -0.211980101 -2.830705518
v 0.143558001 -0.201350249 -2.808591473
v 0.151795283 -0.187082857 -2.789400902
v 0.161795465 -0.169762034 -2.773919468
v 0.173149138 -0.150096896 -2.762780983
v 0.185391480 -0.128892538 -2.756441459
v 0.413111449 -0.234442566 -2.755049463
v 0.198021289 -0.107017067 -2.755160437
v 0.423082533 -0.215929363 -2.757433151
v 0.210521499 -0.085366067 -2.758990360
v 0.222380350 -0.064825935 -2.767774433
v 0.233112340 -0.046237584 -2.781153033
v 0.242278099 -0.030362024 -2.798578440
v 0.249502379 -0.017849202 -2.819337255
v 0.254489419 -0.009211396 -2.842579610
v 0.257035049 -0.004802237 -2.867353960
v 0.250431265 -0.266226618 -2.812711280
v 0.257024709 -0.254806438 -2.795547762
v 0.265014164 -0.240968296 -2.780894118
v 0.274103438 -0.225225211 -2.769270095
v 0.283972312 -0.208131820 -2.760999689
v 0.294315320 -0.190217205 -2.756241728
v 0.304864207 -0.171945997 -2.755049642
v 0.315373475 -0.153743410 -2.757432723
v 0.325590323 -0.136047311 -2.763371216
v 0.335235537 -0.119341310 -2.772785314
v 0.343994220 -0.104170825 -2.785466313
v 0.351546915 -0.091089175 -2.801020691
v 0.257035049 -0.004802237 -2.892646040
v 0.254489419 -0.009211396 -2.917420390
v 0.249502379 -0.017849202 -2.940662745
v 0.242278099 -0.030362024 -2.961421560
v 0.233112340 -0.046237584 -2.978846967
v 0.222380350 -0.064825935 -2.992225567
v 0.210521499 -0.085366067 -3.001009640
v 0.198021289 -0.107017067 -3.004839563
v 0.185391480 -0.128892538 -3.003558541
v 0.173149138 -0.150096896 -2.997219017
v 0.161795465 -0.169762034 -2.986080532
v 0.151795283 -0.187082857 -2.970599098
v 0.143558001 -0.201350249 -2.951408527
v 0.137420853 -0.211980101 -2.929294482
v 0.133635095 -0.218537227 -2.905162315
v -0.257355716 -0.004246825 -2.880000000
v -0.256076337 -0.006462773 -2.854837685
v -0.252290579 -0.013019899 -2.830705518
v -0.246153431 -0.023649751 -2.808591473
v -0.237916148 -0.037917143 -2.789400902
v -0.227915966 -0.055237966 -2.773919468
v -0.216562294 -0.074903104 -2.762780983
v -0.204319952 -0.096107462 -2.756441459
v -0.191690143 -0.117982933 -2.755160437
v -0.179189933 -0.139633933 -2.758990360
v -0.167331081 -0.160174065 -2.767774433
v -0.156599092 -0.178762416 -2.781153033
v -0.147433333 -0.194637976 -2.798578440
v -0.140209052 -0.207150798 -2.819337255
v -0.135222012 -0.215788604 -2.842579610
v -0.132676383 -0.220197763 -2.867353960
v -0.355775343 -0.083765320 -2.812713463
v -0.349182246 -0.095184898 -2.795550041
v -0.341193026 -0.109022634 -2.780896086
v -0.332103619 -0.124765949 -2.769271296
v -0.322234006 -0.141860619 -2.760999952
v -0.311889902 -0.159777133 -2.756241533
v -0.301340581 -0.178049092 -2.755049705
v -0.290831924 -0.196250620 -2.757432927
v -0.280616168 -0.213944829 -2.763370768
v -0.270971531 -0.230649831 -2.772783927
v -0.262212872 -0.245820273 -2.785464268
v -0.254659922 -0.258902366 -2.801018417
v -0.132676383 -0.220197763 -2.892646040
v -0.135222012 -0.215788604 -2.917420390
v -0.140209052 -0.207150798 -2.940662745
v -0.147433333 -0.194637976 -2.961421560
v -0.156599092 -0.178762416 -2.978846967
v -0.167331081 -0.160174065 -2.992225567
v -0.179189933 -0.139633933 -3.001009640
v -0.191690143 -0.117982933 -3.004839563
v -0.204319952 -0.096107462 -3.003558541
v -0.216562294 -0.074903104 -2.997219017
v -0.227915966 -0.055237966 -2.986080532
v -0.237916148 -0.037917143 -2.970599098
v -0.246153431 -0.023649751 -2.951408527
v -0.252290579 -0.013019899 -2.929294482
v -0.256076337 -0.006462773 -2.905162315
v 0.361608467 0.308000514 -2.576878680
v 0.453855498 0.140143453 -2.576878680
v -0.436383676 0.187601406 -2.738757359
v 0.361608467 0.308000514 -2.738757359
v 0.453855498 0.140143453 -2.738757359
v -0.436383676 0.187601406 -2.900636039
v 0.361608467 0.308000514 -2.900636039
v 0.453855498 0.140143453 -2.900636039
v -0.436383676 0.187601406 -3.062514719
v -0.125000000 0.458257569 -2.880000000
v -0.123218288 0.458740502 -2.858921208
v -0.117879152 0.460141573 -2.838436890
v -0.109043899 0.462314144 -2.818888148
v -0.096888729 0.465013783 -2.801020852
v -0.081780908 0.467906205 -2.785469804
v -0.064266318 0.470631711 -2.772786243
v -0.044976423 0.472865825 -2.763371970
v -0.024542830 0.474364805 -2.757433530
v -0.003523871 0.474986286 -2.755049486
v 0.017575393 0.474674615 -2.756241891
v 0.038263626 0.473456006 -2.761000408
v 0.058001990 0.471444304 -2.769272799
v 0.076179619 0.468851174 -2.780898195
v 0.092158456 0.465973883 -2.795550809
v 0.105345523 0.463171081 -2.812713011
v 0.115317544 0.460790194 -2.831778534
v 0.121832962 0.459109762 -2.852032477
v 0.124801992 0.458312019 -2.872895268
v 0.472562929 0.048054953 -2.415000000
v -0.436383676 0.187601406 -2.576878680
v 0.210565689 0.425778217 -2.576878680
v 0.210565689 0.425778217 -2.738757359
v 0.210565689 0.425778217 -2.900636039
v -0.472562929 0.048054953 -2.415000000
v 0.465276722 0.095616797 -2.415000000
v 0.025285974 0.474326490 -2.576878680
v 0.025285974 0.474326490 -2.738757359
v 0.025285974 0.474326490 -2.900636039
v -0.465276722 0.095616797 -2.415000000
v 0.453216147 0.142197483 -2.415000000
v -0.164105116 0.445751625 -2.576878680
v -0.164105116 0.445751625 -2.738757359
v -0.164105116 0.445751625 -2.900636039
v -0.453216147 0.142197483 -2.415000000
v 0.436504961 0.187319031 -2.415000000
v -0.326813527 0.344699752 -2.576878680
v -0.326813527 0.344699752 -2.738757359
v -0.326813527 0.344699752 -2.900636039
v -0.436504961 0.187319031 -2.415000000
v 0.415314643 0.230518432 -2.415000000
v 0.389862635 0.271352402 -2.415000000
v 0.453855498 0.140143453 -3.062514719
v -0.415314643 0.230518432 -2.415000000
v 0.360410108 0.309401929 -2.415000000
v -0.389862635 0.271352402 -2.415000000
v 0.327259287 0.344276574 -2.415000000
v -0.360410108 0.309401929 -2.415000000
v 0.290750342 0.375618475 -2.415000000
v -0.326813527 0.344699752 -3.062514719
v -0.327259287 0.344276574 -2.415000000
v 0.251257905 0.403106022 -2.415000000
v -0.164105116 0.445751625 -3.062514719
v -0.290750342 0.375618475 -2.415000000
v 0.209187222 0.426457156 -2.415000000
v 0.025285974 0.474326490 -3.062514719
v -0.251257905 0.403106022 -2.415000000
v 0.164969995 0.445432263 -2.415000000
v 0.210565689 0.425778217 -3.062514719
v -0.209187222 0.426457156 -2.415000000
v 0.119059953 0.459836631 -2.415000000
v 0.361608467 0.308000514 -3.062514719
v -0.164969995 0.445432263 -2.415000000
v 0.071928194 0.469522454 -2.415000000
v -0.119059953 0.459836631 -2.415000000
v 0.024058355 0.474390341 -2.415000000
v -0.071928194 0.469522454 -2.415000000
v -0.024058355 0.474390341 -2.415000000
v -0.070864796 0.469684129 -2.657818019
v 0.025285974 0.474326490 -2.657818019
v -0.164105116 0.445751625 -2.657818019
v -0.250605564 0.403511897 -2.657818019
v -0.326813527 0.344699752 -2.657818019
v -0.070864796 0.469684129 -2.819696699
v 0.025285974 0.474326490 -2.819696699
v -0.164105116 0.445751625 -2.819696699
v -0.250605564 0.403511897 -2.819696699
v -0.326813527 0.344699752 -2.819696699
v -0.070864796 0.469684129 -2.981575379
v 0.025285974 0.474326490 -2.981575379
v -0.164105116 0.445751625 -2.981575379
v -0.250605564 0.403511897 -2.981575379
v -0.326813527 0.344699752 -2.981575379
v 0.166338114 0.444923175 -2.617348350
v 0.120398237 0.459488046 -2.617348350
v 0.252625679 0.402250253 -2.617348350
v 0.292085113 0.374581482 -2.617348350
v -0.290203237 0.376041329 -2.698287689
v -0.250605564 0.403511897 -2.698287689
v -0.326813527 0.344699752 -2.698287689
v -0.360059563 0.309809798 -2.698287689
v 0.166338114 0.444923175 -2.779227029
v 0.120398237 0.459488046 -2.779227029
v 0.252625679 0.402250253 -2.779227029
v 0.292085113 0.374581482 -2.779227029
v -0.290203237 0.376041329 -2.860166369
v -0.250605564 0.403511897 -2.860166369
v -0.326813527 0.344699752 -2.860166369
v -0.360059563 0.309809798 -2.860166369
v 0.166338114 0.444923175 -2.941105709
v 0.120398237 0.459488046 -2.941105709
v 0.252625679 0.402250253 -2.941105709
v 0.292085113 0.374581482 -2.941105709
v -0.290203237 0.376041329 -3.022045049
v -0.250605564 0.403511897 -3.022045049
v -0.326813527 0.344699752 -3.022045049
v -0.360059563 0.309809798 -3.022045049
v 0.025285974 0.474326490 -2.617348350
v -0.022907316 0.474447315 -2.617348350
v 0.025285974 0.474326490 -2.779227029
v -0.022907316 0.474447315 -2.779227029
v 0.025285974 0.474326490 -2.941105709
v -0.022907316 0.474447315 -2.941105709
v -0.118092786 0.460085964 -2.617348350
v -0.164105116 0.445751625 -2.617348350
v -0.118092786 0.460085964 -2.779227029
v -0.164105116 0.445751625 -2.779227029
v -0.118092786 0.460085964 -2.941105709
v -0.164105116 0.445751625 -2.941105709
v 0.125000000 0.225000000 -2.880000000
v 0.122441243 0.225000000 -2.854837685
v 0.114869726 0.225000000 -2.830705518
v 0.102595430 0.225000000 -2.808591473
v 0.086120865 0.225000000 -2.789400902
v 0.066120501 0.225000000 -2.773919468
v 0.043413157 0.225000000 -2.762780983
v 0.018928472 0.225000000 -2.756441459
v -0.006331146 0.225000000 -2.755160437
v -0.031331567 0.225000000 -2.758990360
v -0.055049269 0.225000000 -2.767774433
v -0.076513248 0.225000000 -2.781153033
v -0.094844765 0.225000000 -2.798578440
v -0.109293327 0.225000000 -2.819337255
v -0.119267407 0.225000000 -2.842579610
v -0.124358665 0.225000000 -2.867353960
v 0.105344788 0.349993143 -2.812713480
v 0.092158907 0.349993143 -2.795550395
v 0.076180833 0.349993143 -2.780896616
v 0.058002466 0.349993143 -2.769271892
v 0.038263616 0.349993143 -2.761000438
v 0.017575413 0.349993143 -2.756241748
v -0.003523866 0.349993143 -2.755049680
v -0.024542916 0.349993143 -2.757433099
v -0.044976457 0.349993143 -2.763371880
v -0.064266422 0.349993143 -2.772786069
v -0.081783329 0.349993143 -2.785467005
v -0.096888321 0.349993143 -2.801021185
v -0.124358665 0.225000000 -2.892646040
v -0.119267407 0.225000000 -2.917420390
v -0.109293327 0.225000000 -2.940662745
v -0.094844765 0.225000000 -2.961421560
v -0.076513248 0.225000000 -2.978846967
v -0.055049269 0.225000000 -2.992225567
v -0.031331567 0.225000000 -3.001009640
v -0.006331146 0.225000000 -3.004839563
v 0.018928472 0.225000000 -3.003558541
v 0.043413157 0.225000000 -2.997219017
v 0.066120501 0.225000000 -2.986080532
v 0.086120865 0.225000000 -2.970599098
v 0.102595430 0.225000000 -2.951408527
v 0.114869726 0.225000000 -2.929294482
v 0.122441243 0.225000000 -2.905162315
v -0.425000000 0.000000000 -2.415000000
v -0.422819462 0.042996537 -2.415000000
v -0.416300225 0.085551871 -2.415000000
v -0.405509184 0.127229327 -2.415000000
v -0.390557070 0.167601238 -2.415000000
v -0.371597312 0.206253334 -2.415000000
v -0.348824463 0.242788991 -2.415000000
v -0.322472202 0.276833305 -2.415000000
v -0.292810941 0.308036935 -2.415000000
v -0.260145043 0.336079688 -2.415000000
v -0.224809704 0.360673809 -2.415000000
v -0.187167514 0.381566929 -2.415000000
v -0.147604732 0.398544656 -2.415000000
v -0.106527326 0.411432776 -2.415000000
v -0.064356805 0.420099038 -2.415000000
v -0.021525897 0.424454516 -2.415000000
v 0.021525897 0.424454516 -2.415000000
v 0.064356805 0.420099038 -2.415000000
v 0.106527326 0.411432776 -2.415000000
v 0.147604732 0.398544656 -2.415000000
v 0.187167514 0.381566929 -2.415000000
v 0.224809704 0.360673809 -2.415000000
v 0.260145043 0.336079688 -2.415000000
v 0.292810941 0.308036935 -2.415000000
v 0.322472202 0.276833305 -2.415000000
v 0.348824463 0.242788991 -2.415000000
v 0.371597312 0.206253334 -2.415000000
v 0.390557070 0.167601238 -2.415000000
v 0.405509184 0.127229327 -2.415000000
v 0.416300225 0.085551871 -2.415000000
v 0.422819462 0.042996537 -2.415000000
v 0.425000000 0.000000000 -2.415000000
v 0.422819462 -0.042996537 -2.415000000
v 0.416300225 -0.085551871 -2.415000000
v 0.405509184 -0.127229327 -2.415000000
v 0.390557070 -0.167601238 -2.415000000
v 0.371597312 -0.206253334 -2.415000000
v 0.348824463 -0.242788991 -2.415000000
v 0.322472202 -0.276833305 -2.415000000
v 0.292810941 -0.308036935 -2.415000000
v 0.260145043 -0.336079688 -2.415000000
v 0.224809704 -0.360673809 -2.415000000
v 0.187167514 -0.381566929 -2.415000000
v 0.147604732 -0.398544656 -2.415000000
v 0.106527326 -0.411432776 -2.415000000
v 0.064356805 -0.420099038 -2.415000000
v 0.021525897 -0.424454516 -2.415000000
v -0.021525897 -0.424454516 -2.415000000
v -0.064356805 -0.420099038 -2.415000000
v -0.106527326 -0.411432776 -2.415000000
v -0.147604732 -0.398544656 -2.415000000
v -0.187167514 -0.381566929 -2.415000000
v -0.224809704 -0.360673809 -2.415000000
v -0.260145043 -0.336079688 -2.415000000
v -0.292810941 -0.308036935 -2.415000000
v -0.322472202 -0.276833305 -2.415000000
v -0.348824463 -0.242788991 -2.415000000
v -0.371597312 -0.206253334 -2.415000000
v -0.390557070 -0.167601238 -2.415000000
v -0.405509184 -0.127229327 -2.415000000
v -0.416300225 -0.085551871 -2.415000000
v -0.422819462 -0.042996537 -2.415000000
v -0.425000000 0.000000000 -1.530000000
v -0.422819462 0.042996537 -1.530000000
v -0.416300225 0.085551871 -1.530000000
v -0.405509184 0.127229327 -1.530000000
v -0.390557070 0.167601238 -1.530000000
v -0.371597312 0.206253334 -1.530000000
v -0.348824463 0.242788991 -1.530000000
v -0.322472202 0.276833305 -1.530000000
v -0.292810941 0.308036935 -1.530000000
v -0.260145043 0.336079688 -1.530000000
v -0.224809704 0.360673809 -1.530000000
v -0.187167514 0.381566929 -1.530000000
v -0.147604732 0.398544656 -1.530000000
v -0.106527326 0.411432776 -1.530000000
v -0.064356805 0.420099038 -1.530000000
v -0.021525897 0.424454516 -1.530000000
v 0.021525897 0.424454516 -1.530000000
v 0.064356805 0.420099038 -1.530000000
v 0.106527326 0.411432776 -1.530000000
v 0.147604732 0.398544656 -1.530000000
v 0.187167514 0.381566929 -1.530000000
v 0.224809704 0.360673809 -1.530000000
v 0.260145043 0.336079688 -1.530000000
v 0.292810941 0.308036935 -1.530000000
v 0.322472202 0.276833305 -1.530000000
v 0.348824463 0.242788991 -1.530000000
v 0.371597312 0.206253334 -1.530000000
v 0.390557070 0.167601238 -1.530000000
v 0.405509184 0.127229327 -1.530000000
v 0.416300225 0.085551871 -1.530000000
v 0.422819462 0.042996537 -1.530000000
v 0.425000000 0.000000000 -1.530000000
v 0.422819462 -0.042996537 -1.530000000
v 0.416300225 -0.085551871 -1.530000000
v 0.405509184 -0.127229327 -1.530000000
v 0.390557070 -0.167601238 -1.530000000
v 0.371597312 -0.206253334 -1.530000000
v 0.348824463 -0.242788991 -1.530000000
v 0.322472202 -0.276833305 -1.530000000
v 0.292810941 -0.308036935 -1.530000000
v 0.260145043 -0.336079688 -1.530000000
v 0.224809704 -0.360673809 -1.530000000
v 0.187167514 -0.381566929 -1.530000000
v 0.147604732 -0.398544656 -1.530000000
v 0.106527326 -0.411432776 -1.530000000
v 0.064356805 -0.420099038 -1.530000000
v 0.021525897 -0.424454516 -1.530000000
v -0.021525897 -0.424454516 -1.530000000
v -0.064356805 -0.420099038 -1.530000000
v -0.106527326 -0.411432776 -1.530000000
v -0.147604732 -0.398544656 -1.530000000
v -0.187167514 -0.381566929 -1.530000000
v -0.224809704 -0.360673809 -1.530000000
v -0.260145043 -0.336079688 -1.530000000
v -0.292810941 -0.308036935 -1.530000000
v -0.322472202 -0.276833305 -1.530000000
v -0.348824463 -0.242788991 -1.530000000
v -0.371597312 -0.206253334 -1.530000000
v -0.390557070 -0.167601238 -1.530000000
v -0.405509184 -0.127229327 -1.530000000
v -0.416300225 -0.085551871 -1.530000000
v -0.422819462 -0.042996537 -1.530000000
v -0.390541811 0.000000000 -1.530000000
v -0.388538068 0.039510460 -1.530000000
v -0.382547398 0.078615489 -1.530000000
v -0.372631274 0.116913816 -1.530000000
v -0.358891448 0.154012450 -1.530000000
v -0.341468911 0.189530708 -1.530000000
v -0.320542441 0.223104124 -1.530000000
v -0.296326772 0.254388189 -1.530000000
v -0.269070389 0.283061888 -1.530000000
v -0.239052979 0.308830989 -1.530000000
v -0.206582563 0.331431066 -1.530000000
v -0.171992330 0.350630211 -1.530000000
v -0.135637223 0.366231416 -1.530000000
v -0.097890294 0.378074592 -1.530000000
v -0.059138879 0.386038210 -1.530000000
v -0.019780618 0.390040554 -1.530000000
v 0.019780618 0.390040554 -1.530000000
v 0.059138879 0.386038210 -1.530000000
v 0.097890294 0.378074592 -1.530000000
v 0.135637223 0.366231416 -1.530000000
v 0.171992330 0.350630211 -1.530000000
v 0.206582563 0.331431066 -1.530000000
v 0.239052979 0.308830989 -1.530000000
v 0.269070389 0.283061888 -1.530000000
v 0.296326772 0.254388189 -1.530000000
v 0.320542441 0.223104124 -1.530000000
v 0.341468911 0.189530708 -1.530000000
v 0.358891448 0.154012450 -1.530000000
v 0.372631274 0.116913816 -1.530000000
v 0.382547398 0.078615489 -1.530000000
v 0.388538068 0.039510460 -1.530000000
v 0.390541811 0.000000000 -1.530000000
v 0.388538068 -0.039510460 -1.530000000
v 0.382547398 -0.078615489 -1.530000000
v 0.372631274 -0.116913816 -1.530000000
v 0.358891448 -0.154012450 -1.530000000
v 0.341468911 -0.189530708 -1.530000000
v 0.320542441 -0.223104124 -1.530000000
v 0.296326772 -0.254388189 -1.530000000
v 0.269070389 -0.283061888 -1.530000000
v 0.239052979 -0.308830989 -1.530000000
v 0.206582563 -0.331431066 -1.530000000
v 0.171992330 -0.350630211 -1.530000000
v 0.135637223 -0.366231416 -1.530000000
v 0.097890294 -0.378074592 -1.530000000
v 0.059138879 -0.386038210 -1.530000000
v 0.019780618 -0.390040554 -1.530000000
v -0.019780618 -0.390040554 -1.530000000
v -0.059138879 -0.386038210 -1.530000000
v -0.097890294 -0.378074592 -1.530000000
v -0.135637223 -0.366231416 -1.530000000
v -0.171992330 -0.350630211 -1.530000000
v -0.206582563 -0.331431066 -1.530000000
v -0.239052979 -0.308830989 -1.530000000
v -0.269070389 -0.283061888 -1.530000000
v -0.296326772 -0.254388189 -1.530000000
v -0.320542441 -0.223104124 -1.530000000
v -0.341468911 -0.189530708 -1.530000000
v -0.358891448 -0.154012450 -1.530000000
v -0.372631274 -0.116913816 -1.530000000
v -0.382547398 -0.078615489 -1.530000000
v -0.388538068 -0.039510460 -1.530000000
v -0.376304453 0.000000000 -1.524046268
v 0.376304453 0.000000000 -1.524046268
v -0.370222427 0.037647941 -1.517814623
v -0.364514156 0.074909563 -1.517814623
v -0.355065477 0.111402512 -1.517814623
v -0.341973346 0.146752320 -1.517814623
v -0.325372105 0.180596251 -1.517814623
v -0.305432106 0.212587020 -1.517814623
v -0.282357961 0.242396359 -1.517814623
v -0.256386441 0.269718382 -1.517814623
v -0.227784049 0.294272731 -1.517814623
v -0.196844284 0.315807442 -1.517814623
v -0.163884631 0.334101542 -1.517814623
v -0.129243299 0.348967309 -1.517814623
v -0.093275757 0.360252198 -1.517814623
v -0.056351078 0.367840412 -1.517814623
v -0.018848162 0.371654086 -1.517814623
v 0.018848162 0.371654086 -1.517814623
v 0.056351078 0.367840412 -1.517814623
v 0.093275757 0.360252198 -1.517814623
v 0.129243299 0.348967309 -1.517814623
v 0.163884631 0.334101542 -1.517814623
v 0.196844284 0.315807442 -1.517814623
v 0.227784049 0.294272731 -1.517814623
v 0.256386441 0.269718382 -1.517814623
v 0.282357961 0.242396359 -1.517814623
v 0.305432106 0.212587020 -1.517814623
v 0.325372105 0.180596251 -1.517814623
v 0.341973346 0.146752320 -1.517814623
v 0.355065477 0.111402512 -1.517814623
v 0.364514156 0.074909563 -1.517814623
v 0.370222427 0.037647941 -1.517814623
v -0.327814623 0.000000000 -1.413410097
v -0.326132712 0.033164455 -1.413410097
v -0.321104238 0.065988598 -1.413410097
v -0.312780800 0.098135609 -1.413410097
v -0.301247808 0.129275616 -1.413410097
v -0.286623606 0.159089080 -1.413410097
v -0.269058258 0.187270074 -1.413410097
v -0.248732008 0.213529425 -1.413410097
v -0.225853431 0.237597674 -1.413410097
v -0.200657292 0.259227850 -1.413410097
v -0.173402137 0.278197997 -1.413410097
v -0.144367643 0.294313456 -1.413410097
v -0.113851740 0.307408861 -1.413410097
v -0.082167565 0.317349835 -1.413410097
v -0.049640240 0.324034371 -1.413410097
v -0.016603538 0.327393875 -1.413410097
v 0.016603538 0.327393875 -1.413410097
v 0.049640240 0.324034371 -1.413410097
v 0.082167565 0.317349835 -1.413410097
v 0.113851740 0.307408861 -1.413410097
v 0.144367643 0.294313456 -1.413410097
v 0.173402137 0.278197997 -1.413410097
v 0.200657292 0.259227850 -1.413410097
v 0.225853431 0.237597674 -1.413410097
v 0.248732008 0.213529425 -1.413410097
v 0.269058258 0.187270074 -1.413410097
v 0.286623606 0.159089080 -1.413410097
v 0.301247808 0.129275616 -1.413410097
v 0.312780800 0.098135609 -1.413410097
v 0.321104238 0.065988598 -1.413410097
v 0.326132712 0.033164455 -1.413410097
v 0.327814623 0.000000000 -1.413410097
v 0.326132712 -0.033164455 -1.413410097
v 0.321104238 -0.065988598 -1.413410097
v 0.312780800 -0.098135609 -1.413410097
v 0.301247808 -0.129275616 -1.413410097
v 0.286623606 -0.159089080 -1.413410097
v 0.269058258 -0.187270074 -1.413410097
v 0.248732008 -0.213529425 -1.413410097
v 0.225853431 -0.237597674 -1.413410097
v 0.200657292 -0.259227850 -1.413410097
v 0.173402137 -0.278197997 -1.413410097
v 0.144367643 -0.294313456 -1.413410097
v 0.113851740 -0.307408861 -1.413410097
v 0.082167565 -0.317349835 -1.413410097
v 0.049640240 -0.324034371 -1.413410097
v 0.016603538 -0.327393875 -1.413410097
v -0.016603538 -0.327393875 -1.413410097
v -0.049640240 -0.324034371 -1.413410097
v -0.082167565 -0.317349835 -1.413410097
v -0.113851740 -0.307408861 -1.413410097
v -0.144367643 -0.294313456 -1.413410097
v -0.173402137 -0.278197997 -1.413410097
v -0.200657292 -0.259227850 -1.413410097
v -0.225853431 -0.237597674 -1.413410097
v -0.248732008 -0.213529425 -1.413410097
v -0.269058258 -0.187270074 -1.413410097
v -0.286623606 -0.159089080 -1.413410097
v -0.301247808 -0.129275616 -1.413410097
v -0.312780800 -0.098135609 -1.413410097
v -0.321104238 -0.065988598 -1.413410097
v -0.326132712 -0.033164455 -1.413410097
v 0.370222427 -0.037647941 -1.517814623
v 0.364514156 -0.074909563 -1.517814623
v 0.355065477 -0.111402512 -1.517814623
v 0.341973346 -0.146752320 -1.517814623
v 0.325372105 -0.180596251 -1.517814623
v 0.305432106 -0.212587020 -1.517814623
v 0.282357961 -0.242396359 -1.517814623
v 0.256386441 -0.269718382 -1.517814623
v 0.227784049 -0.294272731 -1.517814623
v 0.196844284 -0.315807442 -1.517814623
v 0.163884631 -0.334101542 -1.517814623
v 0.129243299 -0.348967309 -1.517814623
v 0.093275757 -0.360252198 -1.517814623
v 0.056351078 -0.367840412 -1.517814623
v 0.018848162 -0.371654086 -1.517814623
v -0.018848162 -0.371654086 -1.517814623
v -0.056351078 -0.367840412 -1.517814623
v -0.093275757 -0.360252198 -1.517814623
v -0.129243299 -0.348967309 -1.517814623
v -0.163884631 -0.334101542 -1.517814623
v -0.196844284 -0.315807442 -1.517814623
v -0.227784049 -0.294272731 -1.517814623
v -0.256386441 -0.269718382 -1.517814623
v -0.282357961 -0.242396359 -1.517814623
v -0.305432106 -0.212587020 -1.517814623
v -0.325372105 -0.180596251 -1.517814623
v -0.341973346 -0.146752320 -1.517814623
v -0.355065477 -0.111402512 -1.517814623
v -0.364514156 -0.074909563 -1.517814623
v -0.370222427 -0.037647941 -1.517814623
v 0.300000000 0.000000000 -1.395000000
v 0.298460797 -0.030350497 -1.395000000
v 0.293858982 -0.060389556 -1.395000000
v 0.286241777 -0.089808937 -1.395000000
v 0.275687343 -0.118306757 -1.395000000
v 0.262303985 -0.145590589 -1.395000000
v 0.246229032 -0.171380465 -1.395000000
v 0.227627437 -0.195411745 -1.395000000
v 0.206690076 -0.217437836 -1.395000000
v 0.183631795 -0.237232721 -1.395000000
v 0.158689203 -0.254593277 -1.395000000
v 0.132118245 -0.269341362 -1.395000000
v 0.104191576 -0.281325640 -1.395000000
v 0.075195760 -0.290423136 -1.395000000
v 0.045428333 -0.296540497 -1.395000000
v 0.015194751 -0.299614952 -1.395000000
v -0.015194751 -0.299614952 -1.395000000
v -0.045428333 -0.296540497 -1.395000000
v -0.075195760 -0.290423136 -1.395000000
v -0.104191576 -0.281325640 -1.395000000
v -0.132118245 -0.269341362 -1.395000000
v -0.158689203 -0.254593277 -1.395000000
v -0.183631795 -0.237232721 -1.395000000
v -0.206690076 -0.217437836 -1.395000000
v -0.227627437 -0.195411745 -1.395000000
v -0.246229032 -0.171380465 -1.395000000
v -0.262303985 -0.145590589 -1.395000000
v -0.275687343 -0.118306757 -1.395000000
v -0.286241777 -0.089808937 -1.395000000
v -0.293858982 -0.060389556 -1.395000000
v -0.298460797 -0.030350497 -1.395000000
v -0.300000000 0.000000000 -1.395000000
v -0.298460797 0.030350497 -1.395000000
v -0.293858982 0.060389556 -1.395000000
v -0.286241777 0.089808937 -1.395000000
v -0.275687343 0.118306757 -1.395000000
v -0.262303985 0.145590589 -1.395000000
v -0.246229032 0.171380465 -1.395000000
v -0.227627437 0.195411745 -1.395000000
v -0.206690076 0.217437836 -1.395000000
v -0.183631795 0.237232721 -1.395000000
v -0.158689203 0.254593277 -1.395000000
v -0.132118245 0.269341362 -1.395000000
v -0.104191576 0.281325640 -1.395000000
v -0.075195760 0.290423136 -1.395000000
v -0.045428333 0.296540497 -1.395000000
v -0.015194751 0.299614952 -1.395000000
v 0.015194751 0.299614952 -1.395000000
v 0.045428333 0.296540497 -1.395000000
v 0.075195760 0.290423136 -1.395000000
v 0.104191576 0.281325640 -1.395000000
v 0.132118245 0.269341362 -1.395000000
v 0.158689203 0.254593277 -1.395000000
v 0.183631795 0.237232721 -1.395000000
v 0.206690076 0.217437836 -1.395000000
v 0.227627437 0.195411745 -1.395000000
v 0.246229032 0.171380465 -1.395000000
v 0.262303985 0.145590589 -1.395000000
v 0.275687343 0.118306757 -1.395000000
v 0.286241777 0.089808937 -1.395000000
v 0.293858982 0.060389556 -1.395000000
v 0.298460797 0.030350497 -1.395000000
v -0.233794291 0.023774556 -1.395000000
v -0.230189536 0.047305152 -1.395000000
v -0.224222725 0.070350334 -1.395000000
v -0.215955086 0.092673626 -1.395000000
v -0.205471455 0.114045961 -1.395000000
v -0.192879409 0.134248031 -1.395000000
v -0.178308159 0.153072533 -1.395000000
v -0.161907226 0.170326305 -1.395000000
v -0.143844906 0.185832298 -1.395000000
v -0.124306542 0.199431401 -1.395000000
v -0.103492626 0.210984067 -1.395000000
v -0.081616734 0.220371751 -1.395000000
v -0.058903345 0.227498123 -1.395000000
v -0.035585528 0.232290056 -1.395000000
v -0.011902555 0.234698379 -1.395000000
v 0.011902555 0.234698379 -1.395000000
v 0.035585528 0.232290056 -1.395000000
v 0.058903345 0.227498123 -1.395000000
v 0.081616734 0.220371751 -1.395000000
v 0.103492626 0.210984067 -1.395000000
v 0.124306542 0.199431401 -1.395000000
v 0.143844906 0.185832298 -1.395000000
v 0.161907226 0.170326305 -1.395000000
v 0.178308159 0.153072533 -1.395000000
v 0.192879409 0.134248031 -1.395000000
v 0.205471455 0.114045961 -1.395000000
v 0.215955086 0.092673626 -1.395000000
v 0.224222725 0.070350334 -1.395000000
v 0.230189536 0.047305152 -1.395000000
v 0.233794291 0.023774556 -1.395000000
v 0.235000000 0.000000000 -1.395000000
v 0.233794291 -0.023774556 -1.395000000
v 0.230189536 -0.047305152 -1.395000000
v 0.224222725 -0.070350334 -1.395000000
v 0.215955086 -0.092673626 -1.395000000
v 0.205471455 -0.114045961 -1.395000000
v 0.192879409 -0.134248031 -1.395000000
v 0.178308159 -0.153072533 -1.395000000
v 0.161907226 -0.170326305 -1.395000000
v 0.143844906 -0.185832298 -1.395000000
v 0.124306542 -0.199431401 -1.395000000
v 0.103492626 -0.210984067 -1.395000000
v 0.081616734 -0.220371751 -1.395000000
v 0.058903345 -0.227498123 -1.395000000
v 0.035585528 -0.232290056 -1.395000000
v 0.011902555 -0.234698379 -1.395000000
v -0.011902555 -0.234698379 -1.395000000
v -0.035585528 -0.232290056 -1.395000000
v -0.058903345 -0.227498123 -1.395000000
v -0.081616734 -0.220371751 -1.395000000
v -0.103492626 -0.210984067 -1.395000000
v -0.124306542 -0.199431401 -1.395000000
v -0.143844906 -0.185832298 -1.395000000
v -0.161907226 -0.170326305 -1.395000000
v -0.178308159 -0.153072533 -1.395000000
v -0.192879409 -0.134248031 -1.395000000
v -0.205471455 -0.114045961 -1.395000000
v -0.215955086 -0.092673626 -1.395000000
v -0.224222725 -0.070350334 -1.395000000
v -0.230189536 -0.047305152 -1.395000000
v -0.233794291 -0.023774556 -1.395000000
v -0.235000000 0.000000000 -1.395000000
v -0.235000000 0.000000000 -1.320000000
v -0.233794291 0.023774556 -1.320000000
v -0.230189536 0.047305152 -1.320000000
v -0.224222725 0.070350334 -1.320000000
v -0.215955086 0.092673626 -1.320000000
v -0.205471455 0.114045961 -1.320000000
v -0.192879409 0.134248031 -1.320000000
v -0.178308159 0.153072533 -1.320000000
v -0.161907226 0.170326305 -1.320000000
v -0.143844906 0.185832298 -1.320000000
v -0.124306542 0.199431401 -1.320000000
v -0.103492626 0.210984067 -1.320000000
v -0.081616734 0.220371751 -1.320000000
v -0.058903345 0.227498123 -1.320000000
v -0.035585528 0.232290056 -1.320000000
v -0.011902555 0.234698379 -1.320000000
v 0.011902555 0.234698379 -1.320000000
v 0.035585528 0.232290056 -1.320000000
v 0.058903345 0.227498123 -1.320000000
v 0.081616734 0.220371751 -1.320000000
v 0.103492626 0.210984067 -1.320000000
v 0.124306542 0.199431401 -1.320000000
v 0.143844906 0.185832298 -1.320000000
v 0.161907226 0.170326305 -1.320000000
v 0.178308159 0.153072533 -1.320000000
v 0.192879409 0.134248031 -1.320000000
v 0.205471455 0.114045961 -1.320000000
v 0.215955086 0.092673626 -1.320000000
v 0.224222725 0.070350334 -1.320000000
v 0.230189536 0.047305152 -1.320000000
v 0.233794291 0.023774556 -1.320000000
v 0.235000000 0.000000000 -1.320000000
v -0.215000000 0.000000000 -1.300000000
v -0.213896905 0.021751189 -1.300000000
v -0.210598937 0.043279182 -1.300000000
v -0.205139940 0.064363071 -1.300000000
v -0.197575929 0.084786509 -1.300000000
v -0.187984522 0.104339922 -1.300000000
v -0.176464140 0.122822666 -1.300000000
v -0.163132996 0.140045084 -1.300000000
v -0.148127888 0.155830449 -1.300000000
v -0.131602786 0.170016783 -1.300000000
v -0.113727262 0.182458515 -1.300000000
v -0.094684743 0.193027976 -1.300000000
v -0.074670629 0.201616708 -1.300000000
v -0.053890294 0.208136581 -1.300000000
v -0.032556972 0.212520690 -1.300000000
v -0.010889571 0.214724049 -1.300000000
v 0.010889571 0.214724049 -1.300000000
v 0.032556972 0.212520690 -1.300000000
v 0.053890294 0.208136581 -1.300000000
v 0.074670629 0.201616708 -1.300000000
v 0.094684743 0.193027976 -1.300000000
v 0.113727262 0.182458515 -1.300000000
v 0.131602786 0.170016783 -1.300000000
v 0.148127888 0.155830449 -1.300000000
v 0.163132996 0.140045084 -1.300000000
v 0.176464140 0.122822666 -1.300000000
v 0.187984522 0.104339922 -1.300000000
v 0.197575929 0.084786509 -1.300000000
v 0.205139940 0.064363071 -1.300000000
v 0.210598937 0.043279182 -1.300000000
v 0.213896905 0.021751189 -1.300000000
v 0.215000000 0.000000000 -1.300000000
v 0.213896905 -0.021751189 -1.300000000
v 0.210598937 -0.043279182 -1.300000000
v 0.205139940 -0.064363071 -1.300000000
v 0.197575929 -0.084786509 -1.300000000
v 0.187984522 -0.104339922 -1.300000000
v 0.176464140 -0.122822666 -1.300000000
v 0.163132996 -0.140045084 -1.300000000
v 0.148127888 -0.155830449 -1.300000000
v 0.131602786 -0.170016783 -1.300000000
v 0.113727262 -0.182458515 -1.300000000
v 0.094684743 -0.193027976 -1.300000000
v 0.074670629 -0.201616708 -1.300000000
v 0.053890294 -0.208136581 -1.300000000
v 0.032556972 -0.212520690 -1.300000000
v 0.010889571 -0.214724049 -1.300000000
v -0.010889571 -0.214724049 -1.300000000
v -0.032556972 -0.212520690 -1.300000000
v -0.053890294 -0.208136581 -1.300000000
v -0.074670629 -0.201616708 -1.300000000
v -0.094684743 -0.193027976 -1.300000000
v -0.113727262 -0.182458515 -1.300000000
v -0.131602786 -0.170016783 -1.300000000
v -0.148127888 -0.155830449 -1.300000000
v -0.163132996 -0.140045084 -1.300000000
v -0.176464140 -0.122822666 -1.300000000
v -0.187984522 -0.104339922 -1.300000000
v -0.197575929 -0.084786509 -1.300000000
v -0.205139940 -0.064363071 -1.300000000
v -0.210598937 -0.043279182 -1.300000000
v -0.213896905 -0.021751189 -1.300000000
v -0.145000000 0.000000000 -1.300000000
v -0.142031841 0.029188285 -1.300000000
v -0.133248883 0.057181599 -1.300000000
v -0.119010699 0.082833891 -1.300000000
v -0.099900203 0.105094954 -1.300000000
v -0.076699781 0.123053417 -1.300000000
v -0.050359262 0.135974059 -1.300000000
v -0.021957028 0.143327907 -1.300000000
v 0.007344129 0.144813894 -1.300000000
v 0.036344617 0.140371182 -1.300000000
v 0.063857152 0.130181658 -1.300000000
v 0.088755367 0.114662482 -1.300000000
v 0.110019928 0.094449010 -1.300000000
v 0.126780259 0.070368785 -1.300000000
v 0.138350192 0.043407653 -1.300000000
v 0.144256052 0.014669407 -1.300000000
v 0.144256052 -0.014669407 -1.300000000
v 0.138350192 -0.043407653 -1.300000000
v 0.126780259 -0.070368785 -1.300000000
v 0.110019928 -0.094449010 -1.300000000
v 0.088755367 -0.114662482 -1.300000000
v 0.063857152 -0.130181658 -1.300000000
v 0.036344617 -0.140371182 -1.300000000
v 0.007344129 -0.144813894 -1.300000000
v -0.021957028 -0.143327907 -1.300000000
v -0.050359262 -0.135974059 -1.300000000
v -0.076699781 -0.123053417 -1.300000000
v -0.099900203 -0.105094954 -1.300000000
v -0.119010699 -0.082833891 -1.300000000
v -0.133248883 -0.057181599 -1.300000000
v -0.142031841 -0.029188285 -1.300000000
v -0.145000000 0.000000000 -1.217500000
v -0.142031841 0.029188285 -1.217500000
v -0.133248883 0.057181599 -1.217500000
v -0.119010699 0.082833891 -1.217500000
v -0.099900203 0.105094954 -1.217500000
v -0.076699781 0.123053417 -1.217500000
v -0.050359262 0.135974059 -1.217500000
v -0.021957028 0.143327907 -1.217500000
v 0.007344129 0.144813894 -1.217500000
v 0.036344617 0.140371182 -1.217500000
v 0.063857152 0.130181658 -1.217500000
v 0.088755367 0.114662482 -1.217500000
v 0.110019928 0.094449010 -1.217500000
v 0.126780259 0.070368785 -1.217500000
v 0.138350192 0.043407653 -1.217500000
v 0.144256052 0.014669407 -1.217500000
v 0.144256052 -0.014669407 -1.217500000
v 0.138350192 -0.043407653 -1.217500000
v 0.126780259 -0.070368785 -1.217500000
v 0.110019928 -0.094449010 -1.217500000
v 0.088755367 -0.114662482 -1.217500000
v 0.063857152 -0.130181658 -1.217500000
v 0.036344617 -0.140371182 -1.217500000
v 0.007344129 -0.144813894 -1.217500000
v -0.021957028 -0.143327907 -1.217500000
v -0.050359262 -0.135974059 -1.217500000
v -0.076699781 -0.123053417 -1.217500000
v -0.099900203 -0.105094954 -1.217500000
v -0.119010699 -0.082833891 -1.217500000
v -0.133248883 -0.057181599 -1.217500000
v -0.142031841 -0.029188285 -1.217500000
v -0.151717572 0.015428169 -1.217500000
v -0.145506237 0.045652876 -1.217500000
v -0.133337859 0.074008549 -1.217500000
v -0.115710614 0.099334304 -1.217500000
v -0.093346162 0.120593300 -1.217500000
v -0.067160108 0.136915192 -1.217500000
v -0.038224511 0.147631761 -1.217500000
v -0.007723998 0.152304267 -1.217500000
v 0.023092736 0.150741419 -1.217500000
v 0.052964051 0.143007200 -1.217500000
v 0.080667012 0.129418249 -1.217500000
v 0.105067455 0.110530900 -1.217500000
v 0.125166425 0.087118403 -1.217500000
v 0.140141066 0.060139268 -1.217500000
v 0.149378316 0.030698024 -1.217500000
v 0.152500000 0.000000000 -1.217500000
v 0.152500000 0.000000000 -0.820000000
v 0.151717572 -0.015428169 -0.820000000
v 0.149378316 -0.030698024 -0.820000000
v 0.145506237 -0.045652876 -0.820000000
v 0.140141066 -0.060139268 -0.820000000
v 0.133337859 -0.074008549 -0.820000000
v 0.125166425 -0.087118403 -0.820000000
v 0.115710614 -0.099334304 -0.820000000
v 0.105067455 -0.110530900 -0.820000000
v 0.093346162 -0.120593300 -0.820000000
v 0.080667012 -0.129418249 -0.820000000
v 0.067160108 -0.136915192 -0.820000000
v 0.052964051 -0.143007200 -0.820000000
v 0.038224511 -0.147631761 -0.820000000
v 0.023092736 -0.150741419 -0.820000000
v 0.007723998 -0.152304267 -0.820000000
v -0.007723998 -0.152304267 -0.820000000
v -0.023092736 -0.150741419 -0.820000000
v -0.038224511 -0.147631761 -0.820000000
v -0.052964051 -0.143007200 -0.820000000
v -0.067160108 -0.136915192 -0.820000000
v -0.080667012 -0.129418249 -0.820000000
v -0.093346162 -0.120593300 -0.820000000
v -0.105067455 -0.110530900 -0.820000000
v -0.115710614 -0.099334304 -0.820000000
v -0.125166425 -0.087118403 -0.820000000
v -0.133337859 -0.074008549 -0.820000000
v -0.140141066 -0.060139268 -0.820000000
v -0.145506237 -0.045652876 -0.820000000
v -0.149378316 -0.030698024 -0.820000000
v -0.151717572 -0.015428169 -0.820000000
v -0.152500000 0.000000000 -0.820000000
v 0.152500000 0.000000000 -1.018750000
v 0.151717572 -0.015428169 -1.018750000
v 0.149378316 -0.030698024 -1.018750000
v 0.145506237 -0.045652876 -1.018750000
v 0.140141066 -0.060139268 -1.018750000
v 0.133337859 -0.074008549 -1.018750000
v 0.125166425 -0.087118403 -1.018750000
v 0.115710614 -0.099334304 -1.018750000
v 0.105067455 -0.110530900 -1.018750000
v 0.093346162 -0.120593300 -1.018750000
v 0.080667012 -0.129418249 -1.018750000
v 0.067160108 -0.136915192 -1.018750000
v 0.052964051 -0.143007200 -1.018750000
v 0.038224511 -0.147631761 -1.018750000
v 0.023092736 -0.150741419 -1.018750000
v 0.007723998 -0.152304267 -1.018750000
v -0.007723998 -0.152304267 -1.018750000
v -0.023092736 -0.150741419 -1.018750000
v -0.038224511 -0.147631761 -1.018750000
v -0.052964051 -0.143007200 -1.018750000
v -0.067160108 -0.136915192 -1.018750000
v -0.080667012 -0.129418249 -1.018750000
v -0.093346162 -0.120593300 -1.018750000
v -0.105067455 -0.110530900 -1.018750000
v -0.115710614 -0.099334304 -1.018750000
v -0.125166425 -0.087118403 -1.018750000
v -0.133337859 -0.074008549 -1.018750000
v -0.140141066 -0.060139268 -1.018750000
v -0.145506237 -0.045652876 -1.018750000
v -0.149378316 -0.030698024 -1.018750000
v -0.151717572 -0.015428169 -1.018750000
v -0.152500000 -0.000000000 -1.018750000
v 0.149378316 -0.030698024 -1.217500000
v 0.140141066 -0.060139268 -1.217500000
v 0.125166425 -0.087118403 -1.217500000
v 0.105067455 -0.110530900 -1.217500000
v 0.080667012 -0.129418249 -1.217500000
v 0.052964051 -0.143007200 -1.217500000
v 0.023092736 -0.150741419 -1.217500000
v -0.007723998 -0.152304267 -1.217500000
v -0.038224511 -0.147631761 -1.217500000
v -0.067160108 -0.136915192 -1.217500000
v -0.093346162 -0.120593300 -1.217500000
v -0.115710614 -0.099334304 -1.217500000
v -0.133337859 -0.074008549 -1.217500000
v -0.145506237 -0.045652876 -1.217500000
v -0.151717572 -0.015428169 -1.217500000
v 0.152500000 0.000000000 -0.300000000
v 0.151717572 -0.015428169 -0.300000000
v 0.149378316 -0.030698024 -0.300000000
v 0.145506237 -0.045652876 -0.300000000
v 0.140141066 -0.060139268 -0.300000000
v 0.133337859 -0.074008549 -0.300000000
v 0.125166425 -0.087118403 -0.300000000
v 0.115710614 -0.099334304 -0.300000000
v 0.105067455 -0.110530900 -0.300000000
v 0.093346162 -0.120593300 -0.300000000
v 0.080667012 -0.129418249 -0.300000000
v 0.067160108 -0.136915192 -0.300000000
v 0.052964051 -0.143007200 -0.300000000
v 0.038224511 -0.147631761 -0.300000000
v 0.023092736 -0.150741419 -0.300000000
v 0.007723998 -0.152304267 -0.300000000
v -0.007723998 -0.152304267 -0.300000000
v -0.023092736 -0.150741419 -0.300000000
v -0.038224511 -0.147631761 -0.300000000
v -0.052964051 -0.143007200 -0.300000000
v -0.067160108 -0.136915192 -0.300000000
v -0.080667012 -0.129418249 -0.300000000
v -0.093346162 -0.120593300 -0.300000000
v -0.105067455 -0.110530900 -0.300000000
v -0.115710614 -0.099334304 -0.300000000
v -0.125166425 -0.087118403 -0.300000000
v -0.133337859 -0.074008549 -0.300000000
v -0.140141066 -0.060139268 -0.300000000
v -0.145506237 -0.045652876 -0.300000000
v -0.149378316 -0.030698024 -0.300000000
v -0.151717572 -0.015428169 -0.300000000
v -0.152500000 0.000000000 -0.300000000
v 0.152500000 0.000000000 -0.770000000
v 0.151717572 -0.015428169 -0.770000000
v 0.149378316 -0.030698024 -0.770000000
v 0.145506237 -0.045652876 -0.770000000
v 0.140141066 -0.060139268 -0.770000000
v 0.133337859 -0.074008549 -0.770000000
v 0.125166425 -0.087118403 -0.770000000
v 0.115710614 -0.099334304 -0.770000000
v 0.105067455 -0.110530900 -0.770000000
v 0.093346162 -0.120593300 -0.770000000
v 0.080667012 -0.129418249 -0.770000000
v 0.067160108 -0.136915192 -0.770000000
v 0.052964051 -0.143007200 -0.770000000
v 0.038224511 -0.147631761 -0.770000000
v 0.023092736 -0.150741419 -0.770000000
v 0.007723998 -0.152304267 -0.770000000
v -0.007723998 -0.152304267 -0.770000000
v -0.023092736 -0.150741419 -0.770000000
v -0.038224511 -0.147631761 -0.770000000
v -0.052964051 -0.143007200 -0.770000000
v -0.067160108 -0.136915192 -0.770000000
v -0.080667012 -0.129418249 -0.770000000
v -0.093346162 -0.120593300 -0.770000000
v -0.105067455 -0.110530900 -0.770000000
v -0.115710614 -0.099334304 -0.770000000
v -0.125166425 -0.087118403 -0.770000000
v -0.133337859 -0.074008549 -0.770000000
v -0.140141066 -0.060139268 -0.770000000
v -0.145506237 -0.045652876 -0.770000000
v -0.149378316 -0.030698024 -0.770000000
v -0.151717572 -0.015428169 -0.770000000
v -0.152500000 0.000000000 -0.770000000
v -0.151717572 0.015428169 -0.820000000
v -0.149378316 0.030698024 -0.820000000
v -0.145506237 0.045652876 -0.820000000
v -0.140141066 0.060139268 -0.820000000
v -0.133337859 0.074008549 -0.820000000
v -0.125166425 0.087118403 -0.820000000
v -0.115710614 0.099334304 -0.820000000
v -0.105067455 0.110530900 -0.820000000
v -0.093346162 0.120593300 -0.820000000
v -0.080667012 0.129418249 -0.820000000
v -0.067160108 0.136915192 -0.820000000
v -0.052964051 0.143007200 -0.820000000
v -0.038224511 0.147631761 -0.820000000
v -0.023092736 0.150741419 -0.820000000
v -0.007723998 0.152304267 -0.820000000
v 0.007723998 0.152304267 -0.820000000
v 0.023092736 0.150741419 -0.820000000
v 0.038224511 0.147631761 -0.820000000
v 0.052964051 0.143007200 -0.820000000
v 0.067160108 0.136915192 -0.820000000
v 0.080667012 0.129418249 -0.820000000
v 0.093346162 0.120593300 -0.820000000
v 0.105067455 0.110530900 -0.820000000
v 0.115710614 0.099334304 -0.820000000
v 0.125166425 0.087118403 -0.820000000
v 0.133337859 0.074008549 -0.820000000
v 0.140141066 0.060139268 -0.820000000
v 0.145506237 0.045652876 -0.820000000
v 0.149378316 0.030698024 -0.820000000
v 0.151717572 0.015428169 -0.820000000
v -0.124358665 0.012646040 -0.820000000
v -0.119267407 0.037420390 -0.820000000
v -0.109293327 0.060662745 -0.820000000
v -0.094844765 0.081421560 -0.820000000
v -0.076513248 0.098846967 -0.820000000
v -0.055049269 0.112225567 -0.820000000
v -0.031331567 0.121009640 -0.820000000
v -0.006331146 0.124839563 -0.820000000
v 0.018928472 0.123558541 -0.820000000
v 0.043413157 0.117219017 -0.820000000
v 0.066120501 0.106080532 -0.820000000
v 0.086120865 0.090599098 -0.820000000
v 0.102595430 0.071408527 -0.820000000
v 0.114869726 0.049294482 -0.820000000
v 0.122441243 0.025162315 -0.820000000
v 0.125000000 0.000000000 -0.820000000
v 0.122441243 -0.025162315 -0.820000000
v 0.114869726 -0.049294482 -0.820000000
v 0.102595430 -0.071408527 -0.820000000
v 0.086120865 -0.090599098 -0.820000000
v 0.066120501 -0.106080532 -0.820000000
v 0.043413157 -0.117219017 -0.820000000
v 0.018928472 -0.123558541 -0.820000000
v -0.006331146 -0.124839563 -0.820000000
v -0.031331567 -0.121009640 -0.820000000
v -0.055049269 -0.112225567 -0.820000000
v -0.076513248 -0.098846967 -0.820000000
v -0.094844765 -0.081421560 -0.820000000
v -0.109293327 -0.060662745 -0.820000000
v -0.119267407 -0.037420390 -0.820000000
v -0.124358665 -0.012646040 -0.820000000
v -0.125000000 0.000000000 -0.770000000
v -0.122441243 0.025162315 -0.770000000
v -0.114869726 0.049294482 -0.770000000
v -0.102595430 0.071408527 -0.770000000
v -0.086120865 0.090599098 -0.770000000
v -0.066120501 0.106080532 -0.770000000
v -0.043413157 0.117219017 -0.770000000
v -0.018928472 0.123558541 -0.770000000
v 0.006331146 0.124839563 -0.770000000
v 0.031331567 0.121009640 -0.770000000
v 0.055049269 0.112225567 -0.770000000
v 0.076513248 0.098846967 -0.770000000
v 0.094844765 0.081421560 -0.770000000
v 0.109293327 0.060662745 -0.770000000
v 0.119267407 0.037420390 -0.770000000
v 0.124358665 0.012646040 -0.770000000
v 0.124358665 -0.012646040 -0.770000000
v 0.119267407 -0.037420390 -0.770000000
v 0.109293327 -0.060662745 -0.770000000
v 0.094844765 -0.081421560 -0.770000000
v 0.076513248 -0.098846967 -0.770000000
v 0.055049269 -0.112225567 -0.770000000
v 0.031331567 -0.121009640 -0.770000000
v 0.006331146 -0.124839563 -0.770000000
v -0.018928472 -0.123558541 -0.770000000
v -0.043413157 -0.117219017 -0.770000000
v -0.066120501 -0.106080532 -0.770000000
v -0.086120865 -0.090599098 -0.770000000
v -0.102595430 -0.071408527 -0.770000000
v -0.114869726 -0.049294482 -0.770000000
v -0.122441243 -0.025162315 -0.770000000
v -0.151717572 0.015428169 -0.770000000
v -0.149378316 0.030698024 -0.770000000
v -0.145506237 0.045652876 -0.770000000
v -0.140141066 0.060139268 -0.770000000
v -0.133337859 0.074008549 -0.770000000
v -0.125166425 0.087118403 -0.770000000
v -0.115710614 0.099334304 -0.770000000
v -0.105067455 0.110530900 -0.770000000
v -0.093346162 0.120593300 -0.770000000
v -0.080667012 0.129418249 -0.770000000
v -0.067160108 0.136915192 -0.770000000
v -0.052964051 0.143007200 -0.770000000
v -0.038224511 0.147631761 -0.770000000
v -0.023092736 0.150741419 -0.770000000
v -0.007723998 0.152304267 -0.770000000
v 0.007723998 0.152304267 -0.770000000
v 0.023092736 0.150741419 -0.770000000
v 0.038224511 0.147631761 -0.770000000
v 0.052964051 0.143007200 -0.770000000
v 0.067160108 0.136915192 -0.770000000
v 0.080667012 0.129418249 -0.770000000
v 0.093346162 0.120593300 -0.770000000
v 0.105067455 0.110530900 -0.770000000
v 0.115710614 0.099334304 -0.770000000
v 0.125166425 0.087118403 -0.770000000
v 0.133337859 0.074008549 -0.770000000
v 0.140141066 0.060139268 -0.770000000
v 0.145506237 0.045652876 -0.770000000
v 0.149378316 0.030698024 -0.770000000
v 0.151717572 0.015428169 -0.770000000
v -0.151717572 0.015428169 -0.300000000
v -0.149378316 0.030698024 -0.300000000
v -0.145506237 0.045652876 -0.300000000
v -0.140141066 0.060139268 -0.300000000
v -0.133337859 0.074008549 -0.300000000
v -0.125166425 0.087118403 -0.300000000
v -0.115710614 0.099334304 -0.300000000
v -0.105067455 0.110530900 -0.300000000
v -0.093346162 0.120593300 -0.300000000
v -0.080667012 0.129418249 -0.300000000
v -0.067160108 0.136915192 -0.300000000
v -0.052964051 0.143007200 -0.300000000
v -0.038224511 0.147631761 -0.300000000
v -0.023092736 0.150741419 -0.300000000
v -0.007723998 0.152304267 -0.300000000
v 0.007723998 0.152304267 -0.300000000
v 0.023092736 0.150741419 -0.300000000
v 0.038224511 0.147631761 -0.300000000
v 0.052964051 0.143007200 -0.300000000
v 0.067160108 0.136915192 -0.300000000
v 0.080667012 0.129418249 -0.300000000
v 0.093346162 0.120593300 -0.300000000
v 0.105067455 0.110530900 -0.300000000
v 0.115710614 0.099334304 -0.300000000
v 0.125166425 0.087118403 -0.300000000
v 0.133337859 0.074008549 -0.300000000
v 0.140141066 0.060139268 -0.300000000
v 0.145506237 0.045652876 -0.300000000
v 0.149378316 0.030698024 -0.300000000
v 0.151717572 0.015428169 -0.300000000
v -0.130000000 0.000000000 -0.230000000
v -0.127338892 0.026168808 -0.230000000
v -0.119464516 0.051266261 -0.230000000
v -0.106699247 0.074264868 -0.230000000
v -0.089565699 0.094223062 -0.230000000
v -0.068765321 0.110323753 -0.230000000
v -0.045149683 0.121907777 -0.230000000
v -0.019685611 0.128500882 -0.230000000
v 0.006584392 0.129833146 -0.230000000
v 0.032584829 0.125850025 -0.230000000
v 0.057251240 0.116714590 -0.230000000
v 0.079573778 0.102800846 -0.230000000
v 0.098638556 0.084678423 -0.230000000
v 0.113665060 0.063089255 -0.230000000
v 0.124038103 0.038917206 -0.230000000
v 0.129333012 0.013151882 -0.230000000
v 0.129333012 -0.013151882 -0.230000000
v 0.124038103 -0.038917206 -0.230000000
v 0.113665060 -0.063089255 -0.230000000
v 0.098638556 -0.084678423 -0.230000000
v 0.079573778 -0.102800846 -0.230000000
v 0.057251240 -0.116714590 -0.230000000
v 0.032584829 -0.125850025 -0.230000000
v 0.006584392 -0.129833146 -0.230000000
v -0.019685611 -0.128500882 -0.230000000
v -0.045149683 -0.121907777 -0.230000000
v -0.068765321 -0.110323753 -0.230000000
v -0.089565699 -0.094223062 -0.230000000
v -0.106699247 -0.074264868 -0.230000000
v -0.119464516 -0.051266261 -0.230000000
v -0.127338892 -0.026168808 -0.230000000
v 0.130000000 0.000000000 -0.205000000
v 0.127338892 -0.026168808 -0.205000000
v 0.119464516 -0.051266261 -0.205000000
v 0.106699247 -0.074264868 -0.205000000
v 0.089565699 -0.094223062 -0.205000000
v 0.068765321 -0.110323753 -0.205000000
v 0.045149683 -0.121907777 -0.205000000
v 0.019685611 -0.128500882 -0.205000000
v -0.006584392 -0.129833146 -0.205000000
v -0.032584829 -0.125850025 -0.205000000
v -0.057251240 -0.116714590 -0.205000000
v -0.079573778 -0.102800846 -0.205000000
v -0.098638556 -0.084678423 -0.205000000
v -0.113665060 -0.063089255 -0.205000000
v -0.124038103 -0.038917206 -0.205000000
v -0.129333012 -0.013151882 -0.205000000
v -0.129333012 0.013151882 -0.205000000
v -0.124038103 0.038917206 -0.205000000
v -0.113665060 0.063089255 -0.205000000
v -0.098638556 0.084678423 -0.205000000
v -0.079573778 0.102800846 -0.205000000
v -0.057251240 0.116714590 -0.205000000
v -0.032584829 0.125850025 -0.205000000
v -0.006584392 0.129833146 -0.205000000
v 0.019685611 0.128500882 -0.205000000
v 0.045149683 0.121907777 -0.205000000
v 0.068765321 0.110323753 -0.205000000
v 0.089565699 0.094223062 -0.205000000
v 0.106699247 0.074264868 -0.205000000
v 0.119464516 0.051266261 -0.205000000
v 0.127338892 0.026168808 -0.205000000
v -0.137134192 0.028181793 -0.205000000
v -0.128654094 0.055209820 -0.205000000
v -0.114906882 0.079977550 -0.205000000
v -0.096455369 0.101470990 -0.205000000
v -0.074054961 0.118810196 -0.205000000
v -0.048622735 0.131285299 -0.205000000
v -0.021199889 0.138385565 -0.205000000
v 0.007090884 0.139820311 -0.205000000
v 0.035091355 0.135530797 -0.205000000
v 0.061655181 0.125692636 -0.205000000
v 0.085694838 0.110708603 -0.205000000
v 0.106226137 0.091192148 -0.205000000
v 0.122408526 0.067942275 -0.205000000
v 0.133579496 0.041910837 -0.205000000
v 0.139281705 0.014163565 -0.205000000
v 0.139281705 -0.014163565 -0.205000000
v 0.133579496 -0.041910837 -0.205000000
v 0.122408526 -0.067942275 -0.205000000
v 0.106226137 -0.091192148 -0.205000000
v 0.085694838 -0.110708603 -0.205000000
v 0.061655181 -0.125692636 -0.205000000
v 0.035091355 -0.135530797 -0.205000000
v 0.007090884 -0.139820311 -0.205000000
v -0.021199889 -0.138385565 -0.205000000
v -0.048622735 -0.131285299 -0.205000000
v -0.074054961 -0.118810196 -0.205000000
v -0.096455369 -0.101470990 -0.205000000
v -0.114906882 -0.079977550 -0.205000000
v -0.128654094 -0.055209820 -0.205000000
v -0.137134192 -0.028181793 -0.205000000
v -0.140000000 0.000000000 -0.205000000
v -0.140000000 0.000000000 -0.045294628
v -0.137134192 0.028181793 -0.045294628
v -0.128654094 0.055209820 -0.045294628
v -0.114906882 0.079977550 -0.045294628
v -0.096455369 0.101470990 -0.045294628
v -0.074054961 0.118810196 -0.045294628
v -0.048622735 0.131285299 -0.045294628
v -0.021199889 0.138385565 -0.045294628
v 0.007090884 0.139820311 -0.045294628
v 0.035091355 0.135530797 -0.045294628
v 0.061655181 0.125692636 -0.045294628
v 0.085694838 0.110708603 -0.045294628
v 0.106226137 0.091192148 -0.045294628
v 0.122408526 0.067942275 -0.045294628
v 0.133579496 0.041910837 -0.045294628
v 0.139281705 0.014163565 -0.045294628
v 0.139281705 -0.014163565 -0.045294628
v 0.133579496 -0.041910837 -0.045294628
v 0.122408526 -0.067942275 -0.045294628
v 0.106226137 -0.091192148 -0.045294628
v 0.085694838 -0.110708603 -0.045294628
v 0.061655181 -0.125692636 -0.045294628
v 0.035091355 -0.135530797 -0.045294628
v 0.007090884 -0.139820311 -0.045294628
v -0.021199889 -0.138385565 -0.045294628
v -0.048622735 -0.131285299 -0.045294628
v -0.074054961 -0.118810196 -0.045294628
v -0.096455369 -0.101470990 -0.045294628
v -0.114906882 -0.079977550 -0.045294628
v -0.128654094 -0.055209820 -0.045294628
v -0.137134192 -0.028181793 -0.045294628
v -0.139281705 0.014163565 -0.035294628
v -0.133579496 0.041910837 -0.035294628
v -0.122408526 0.067942275 -0.035294628
v -0.106226137 0.091192148 -0.035294628
v -0.085694838 0.110708603 -0.035294628
v -0.061655181 0.125692636 -0.035294628
v -0.035091355 0.135530797 -0.035294628
v -0.007090884 0.139820311 -0.035294628
v 0.021199889 0.138385565 -0.035294628
v 0.048622735 0.131285299 -0.035294628
v 0.074054961 0.118810196 -0.035294628
v 0.096455369 0.101470990 -0.035294628
v 0.114906882 0.079977550 -0.035294628
v 0.128654094 0.055209820 -0.035294628
v 0.137134192 0.028181793 -0.035294628
v 0.140000000 0.000000000 -0.035294628
v 0.137134192 -0.028181793 -0.035294628
v 0.128654094 -0.055209820 -0.035294628
v 0.114906882 -0.079977550 -0.035294628
v 0.096455369 -0.101470990 -0.035294628
v 0.074054961 -0.118810196 -0.035294628
v 0.048622735 -0.131285299 -0.035294628
v 0.021199889 -0.138385565 -0.035294628
v -0.007090884 -0.139820311 -0.035294628
v -0.035091355 -0.135530797 -0.035294628
v -0.061655181 -0.125692636 -0.035294628
v -0.085694838 -0.110708603 -0.035294628
v -0.106226137 -0.091192148 -0.035294628
v -0.122408526 -0.067942275 -0.035294628
v -0.133579496 -0.041910837 -0.035294628
v -0.139281705 -0.014163565 -0.035294628
v -0.085000000 0.000000000 -0.035294628
v -0.083260045 0.017110374 -0.035294628
v -0.078111414 0.033520248 -0.035294628
v -0.069764893 0.048557798 -0.035294628
v -0.058562188 0.061607387 -0.035294628
v -0.044961941 0.072134762 -0.035294628
v -0.029520946 0.079708931 -0.035294628
v -0.012871361 0.084019808 -0.035294628
v 0.004305179 0.084890903 -0.035294628
v 0.021305465 0.082286555 -0.035294628
v 0.037433503 0.076313386 -0.035294628
v 0.052029009 0.067215938 -0.035294628
v 0.064494440 0.055366661 -0.035294628
v 0.074319462 0.041250667 -0.035294628
v 0.081101837 0.025445865 -0.035294628
v 0.084563892 0.008599307 -0.035294628
v 0.084563892 -0.008599307 -0.035294628
v 0.081101837 -0.025445865 -0.035294628
v 0.074319462 -0.041250667 -0.035294628
v 0.064494440 -0.055366661 -0.035294628
v 0.052029009 -0.067215938 -0.035294628
v 0.037433503 -0.076313386 -0.035294628
v 0.021305465 -0.082286555 -0.035294628
v 0.004305179 -0.084890903 -0.035294628
v -0.012871361 -0.084019808 -0.035294628
v -0.029520946 -0.079708931 -0.035294628
v -0.044961941 -0.072134762 -0.035294628
v -0.058562188 -0.061607387 -0.035294628
v -0.069764893 -0.048557798 -0.035294628
v -0.078111414 -0.033520248 -0.035294628
v -0.083260045 -0.017110374 -0.035294628
v 0.003046644 0.000000000 -0.000038681
v 0.022662474 0.006072391 -0.002315938
v -0.020318618 0.011730960 -0.002315938
v 0.044450199 0.011910395 -0.009174361
v -0.039852958 0.023009116 -0.009174361
v -0.054751003 0.014670487 -0.014230890
v 0.064522192 0.017288669 -0.020310539
v -0.057849015 0.033399144 -0.020310539
v -0.040080516 0.040080516 -0.014230890
v -0.017454457 0.030232007 -0.005189863
v -0.033399144 0.057849015 -0.020310539
v -0.011910395 0.044450199 -0.009174361
v -0.017288669 0.064522192 -0.020310539
v 0.000000000 0.023461919 -0.002315938
v 0.000000000 0.056682409 -0.014230890
v -0.071160598 0.000000000 -0.023376145
v 0.011910395 0.044450199 -0.009174361
v 0.017288669 0.064522192 -0.020310539
v 0.017454457 0.030232007 -0.005189863
v 0.028341204 0.049088406 -0.014230890
v 0.032539804 0.032539804 -0.009174361
v 0.047233523 0.047233523 -0.020310539
v 0.049088406 0.028341204 -0.014230890
v -0.050204870 0.000000000 -0.011007014
v 0.073590813 0.000000000 -0.025213966
v -0.033082600 0.000000000 -0.004650351
v 0.058353719 0.000000000 -0.015143701
v 0.000000000 0.071619805 -0.023716027
v 0.035809903 0.062024571 -0.023716027
v 0.020318618 -0.011730960 -0.002315938
v 0.039852958 -0.023009116 -0.009174361
v -0.054751003 -0.014670487 -0.014230890
v 0.057849015 -0.033399144 -0.020310539
v 0.064522192 -0.017288669 -0.020310539
v 0.040080516 -0.040080516 -0.014230890
v 0.017454457 -0.030232007 -0.005189863
v 0.033399144 -0.057849015 -0.020310539
v 0.011910395 -0.044450199 -0.009174361
v 0.017288669 -0.064522192 -0.020310539
v 0.000000000 -0.023461919 -0.002315938
v 0.000000000 -0.056682409 -0.014230890
v -0.011910395 -0.044450199 -0.009174361
v -0.017288669 -0.064522192 -0.020310539
v -0.017454457 -0.030232007 -0.005189863
v -0.028341204 -0.049088406 -0.014230890
v -0.032539804 -0.032539804 -0.009174361
v -0.047233523 -0.047233523 -0.020310539
v -0.020318618 -0.011730960 -0.002315938
v -0.057849015 -0.033399144 -0.020310539
v 0.000000000 -0.071619805 -0.023716027
v -0.035809903 -0.062024571 -0.023716027
v 0.233794291 -0.023774556 -1.320000000
v 0.230189536 -0.047305152 -1.320000000
v 0.224222725 -0.070350334 -1.320000000
v 0.215955086 -0.092673626 -1.320000000
v 0.205471455 -0.114045961 -1.320000000
v 0.192879409 -0.134248031 -1.320000000
v 0.178308159 -0.153072533 -1.320000000
v 0.161907226 -0.170326305 -1.320000000
v 0.143844906 -0.185832298 -1.320000000
v 0.124306542 -0.199431401 -1.320000000
v 0.103492626 -0.210984067 -1.320000000
v 0.081616734 -0.220371751 -1.320000000
v 0.058903345 -0.227498123 -1.320000000
v 0.035585528 -0.232290056 -1.320000000
v 0.011902555 -0.234698379 -1.320000000
v -0.011902555 -0.234698379 -1.320000000
v -0.035585528 -0.232290056 -1.320000000
v -0.058903345 -0.227498123 -1.320000000
v -0.081616734 -0.220371751 -1.320000000
v -0.103492626 -0.210984067 -1.320000000
v -0.124306542 -0.199431401 -1.320000000
v -0.143844906 -0.185832298 -1.320000000
v -0.161907226 -0.170326305 -1.320000000
v -0.178308159 -0.153072533 -1.320000000
v -0.192879409 -0.134248031 -1.320000000
v -0.205471455 -0.114045961 -1.320000000
v -0.215955086 -0.092673626 -1.320000000
v -0.224222725 -0.070350334 -1.320000000
v -0.230189536 -0.047305152 -1.320000000
v -0.233794291 -0.023774556 -1.320000000
v 0.187500000 0.000000000 -2.580000000
v 0.186537998 0.018969060 -2.580000000
v 0.183661864 0.037743473 -2.580000000
v 0.178901111 0.056130586 -2.580000000
v 0.172304590 0.073941723 -2.580000000
v 0.163939991 0.090994118 -2.580000000
v 0.153893145 0.107112790 -2.580000000
v 0.142267148 0.122132341 -2.580000000
v 0.129181297 0.135898648 -2.580000000
v 0.114769872 0.148270451 -2.580000000
v 0.099180752 0.159120798 -2.580000000
v 0.082573903 0.168338351 -2.580000000
v 0.065119735 0.175828525 -2.580000000
v 0.046997350 0.181514460 -2.580000000
v 0.028392708 0.185337811 -2.580000000
v 0.009496719 0.187259345 -2.580000000
v -0.009496719 0.187259345 -2.580000000
v -0.028392708 0.185337811 -2.580000000
v -0.046997350 0.181514460 -2.580000000
v -0.065119735 0.175828525 -2.580000000
v -0.082573903 0.168338351 -2.580000000
v -0.099180752 0.159120798 -2.580000000
v -0.114769872 0.148270451 -2.580000000
v -0.129181297 0.135898648 -2.580000000
v -0.142267148 0.122132341 -2.580000000
v -0.153893145 0.107112790 -2.580000000
v -0.163939991 0.090994118 -2.580000000
v -0.172304590 0.073941723 -2.580000000
v -0.178901111 0.056130586 -2.580000000
v -0.183661864 0.037743473 -2.580000000
v -0.186537998 0.018969060 -2.580000000
v -0.187500000 0.000000000 -2.580000000
v -0.186537998 -0.018969060 -2.580000000
v -0.183661864 -0.037743473 -2.580000000
v -0.178901111 -0.056130586 -2.580000000
v -0.172304590 -0.073941723 -2.580000000
v -0.163939991 -0.090994118 -2.580000000
v -0.153893145 -0.107112790 -2.580000000
v -0.142267148 -0.122132341 -2.580000000
v -0.129181297 -0.135898648 -2.580000000
v -0.114769872 -0.148270451 -2.580000000
v -0.099180752 -0.159120798 -2.580000000
v -0.082573903 -0.168338351 -2.580000000
v -0.065119735 -0.175828525 -2.580000000
v -0.046997350 -0.181514460 -2.580000000
v -0.028392708 -0.185337811 -2.580000000
v -0.009496719 -0.187259345 -2.580000000
v 0.009496719 -0.187259345 -2.580000000
v 0.028392708 -0.185337811 -2.580000000
v 0.046997350 -0.181514460 -2.580000000
v 0.065119735 -0.175828525 -2.580000000
v 0.082573903 -0.168338351 -2.580000000
v 0.099180752 -0.159120798 -2.580000000
v 0.114769872 -0.148270451 -2.580000000
v 0.129181297 -0.135898648 -2.580000000
v 0.142267148 -0.122132341 -2.580000000
v 0.153893145 -0.107112790 -2.580000000
v 0.163939991 -0.090994118 -2.580000000
v 0.172304590 -0.073941723 -2.580000000
v 0.178901111 -0.056130586 -2.580000000
v 0.183661864 -0.037743473 -2.580000000
v 0.186537998 -0.018969060 -2.580000000
f 1 64 2
f 1 63 64
f 2 65 3
f 2 64 65
f 3 66 4
f 3 65 66
f 4 67 5
f 4 66 67
f 5 68 6
f 5 67 68
f 6 69 7
f 6 68 69
f 7 70 8
f 7 69 70
f 8 71 9
f 8 70 71
f 9 72 10
f 9 71 72
f 10 73 11
f 10 72 73
f 11 74 12
f 11 73 74
f 12 75 13
f 12 74 75
f 13 76 14
f 13 75 76
f 14 77 15
f 14 76 77
f 15 78 16
f 15 77 78
f 16 79 17
f 16 78 79
f 17 80 18
f 17 79 80
f 18 81 19
f 18 80 81
f 19 82 20
f 19 81 82
f 20 83 21
f 20 82 83
f 21 84 22
f 21 83 84
f 22 85 23
f 22 84 85
f 23 86 24
f 23 85 86
f 24 87 25
f 24 86 87
f 25 88 26
f 25 87 88
f 26 89 27
f 26 88 89
f 27 90 28
f 27 89 90
f 28 91 29
f 28 90 91
f 29 92 30
f 29 91 92
f 30 93 31
f 30 92 93
f 31 94 32
f 31 93 94
f 32 95 33
f 32 94 95
f 33 96 34
f 33 95 96
f 34 97 35
f 34 96 97
f 35 98 36
f 35 97 98
f 36 99 37
f 36 98 99
f 37 100 38
f 37 99 100
f 38 101 39
f 38 100 101
f 39 102 40
f 39 101 102
f 40 103 41
f 40 102 103
f 41 104 42
f 41 103 104
f 42 105 43
f 42 104 105
f 43 106 44
f 43 105 106
f 44 107 45
f 44 106 107
f 45 108 46
f 45 107 108
f 46 109 47
f 46 108 109
f 47 110 48
f 47 109 110
f 48 111 49
f 48 110 111
f 49 112 50
f 49 111 112
f 50 113 51
f 50 112 113
f 51 114 52
f 51 113 114
f 52 115 53
f 52 114 115
f 53 116 54
f 53 115 116
f 54 117 55
f 54 116 117
f 55 118 56
f 55 117 118
f 56 119 57
f 56 118 119
f 57 120 58
f 57 119 120
f 58 121 59
f 58 120 121
f 59 122 60
f 59 121 122
f 60 123 61
f 60 122 123
f 61 124 62
f 61 123 124
f 62 63 1
f 62 124 63
f 32 33 126
f 32 126 125
f 33 34 127
f 33 127 126
f 34 35 128
f 34 128 127
f 35 36 129
f 35 129 128
f 36 37 130
f 36 130 129
f 37 38 131
f 37 131 130
f 38 39 132
f 38 132 131
f 39 40 133
f 39 133 132
f 40 41 134
f 40 134 133
f 41 42 135
f 41 135 134
f 42 43 136
f 42 136 135
f 43 44 137
f 43 137 136
f 44 45 138
f 44 138 137
f 45 46 139
f 45 139 138
f 46 47 140
f 46 140 139
f 47 48 141
f 47 141 140
f 48 49 142
f 48 142 141
f 49 50 143
f 49 143 142
f 50 51 144
f 50 144 143
f 51 52 145
f 51 145 144
f 52 53 146
f 52 146 145
f 53 54 147
f 53 147 146
f 54 55 148
f 54 148 147
f 55 56 149
f 55 149 148
f 56 57 150
f 56 150 149
f 57 58 151
f 57 151 150
f 58 59 152
f 58 152 151
f 59 60 153
f 59 153 152
f 60 61 154
f 60 154 153
f 61 62 155
f 61 155 154
f 62 1 156
f 62 156 155
f 1 2 157
f 1 157 156
f 2 3 158
f 2 158 157
f 3 4 159
f 3 159 158
f 4 5 160
f 4 160 159
f 5 6 161
f 5 161 160
f 6 7 162
f 6 162 161
f 7 8 163
f 7 163 162
f 8 9 164
f 8 164 163
f 9 10 165
f 9 165 164
f 10 11 166
f 10 166 165
f 11 12 167
f 11 167 166
f 12 13 168
f 12 168 167
f 13 14 169
f 13 169 168
f 14 15 170
f 14 170 169
f 15 16 171
f 15 171 170
f 16 17 172
f 16 172 171
f 17 18 173
f 17 173 172
f 18 19 174
f 18 174 173
f 19 20 175
f 19 175 174
f 20 21 176
f 20 176 175
f 21 22 177
f 21 177 176
f 22 23 178
f 22 178 177
f 23 24 179
f 23 179 178
f 24 25 180
f 24 180 179
f 25 26 181
f 25 181 180
f 26 27 182
f 26 182 181
f 27 28 183
f 27 183 182
f 28 29 184
f 28 184 183
f 29 30 185
f 29 185 184
f 30 31 186
f 30 186 185
f 31 32 125
f 31 125 186
f 188 340 299
f 298 340 339
f 340 188 339
f 299 342 341
f 342 189 341
f 299 341 298
f 188 337 339
f 339 337 298
f 188 187 337
f 191 351 308
f 307 351 350
f 351 191 350
f 308 353 352
f 353 192 352
f 308 352 307
f 191 348 350
f 350 348 307
f 191 190 348
f 194 363 318
f 317 363 362
f 363 194 362
f 318 365 364
f 365 195 364
f 318 364 317
f 194 360 362
f 362 360 317
f 194 193 360
f 197 374 326
f 325 374 373
f 374 197 373
f 326 376 375
f 376 198 375
f 326 375 325
f 197 371 373
f 373 371 325
f 197 196 371
f 217 218 125
f 187 298 337
f 300 338 337
f 337 338 187
f 298 341 343
f 341 189 343
f 298 343 300
f 187 338 383
f 338 300 383
f 187 383 219
f 190 307 348
f 309 349 348
f 348 349 190
f 307 352 354
f 352 192 354
f 307 354 309
f 190 349 385
f 349 309 385
f 190 385 220
f 193 317 360
f 319 361 360
f 360 361 193
f 317 364 366
f 364 195 366
f 317 366 319
f 193 361 387
f 361 319 387
f 193 387 199
f 196 325 371
f 327 372 371
f 371 372 196
f 325 375 377
f 375 198 377
f 325 377 327
f 196 372 389
f 372 327 389
f 196 389 221
f 199 200 201
f 203 204 205
f 207 208 209
f 211 212 213
f 215 216 194
f 223 217 125
f 125 126 127
f 154 155 156
f 219 383 300
f 301 384 383
f 383 384 219
f 300 343 344
f 343 189 344
f 300 344 301
f 219 384 392
f 384 301 392
f 219 392 224
f 220 385 309
f 310 386 385
f 385 386 220
f 309 354 355
f 354 192 355
f 309 355 310
f 220 386 394
f 386 310 394
f 220 394 225
f 199 387 319
f 320 388 387
f 387 388 199
f 319 366 367
f 366 195 367
f 319 367 320
f 199 388 396
f 388 320 396
f 199 396 226
f 221 389 327
f 329 390 389
f 389 390 221
f 327 377 379
f 377 198 379
f 327 379 329
f 221 390 398
f 390 329 398
f 221 398 227
f 222 199 201
f 201 202 203
f 203 205 206
f 206 207 209
f 209 210 211
f 211 213 214
f 214 215 194
f 194 199 201
f 228 223 125
f 125 127 128
f 153 154 156
f 224 392 301
f 302 393 392
f 392 393 224
f 301 344 345
f 344 189 345
f 301 345 302
f 224 393 400
f 393 302 400
f 224 400 229
f 225 394 310
f 311 395 394
f 394 395 225
f 310 355 356
f 355 192 356
f 310 356 311
f 225 395 402
f 395 311 402
f 225 402 230
f 226 396 320
f 321 397 396
f 396 397 226
f 320 367 368
f 367 195 368
f 320 368 321
f 226 397 404
f 397 321 404
f 226 404 231
f 227 398 329
f 330 399 398
f 398 399 227
f 329 379 380
f 379 198 380
f 329 380 330
f 227 399 406
f 399 330 406
f 227 406 232
f 222 201 203
f 209 211 214
f 214 194 201
f 201 203 206
f 233 228 125
f 125 128 129
f 152 153 156
f 229 400 302
f 303 401 400
f 400 401 229
f 302 345 346
f 345 189 346
f 302 346 303
f 229 401 408
f 401 303 408
f 229 408 234
f 230 402 311
f 312 403 402
f 402 403 230
f 311 356 357
f 356 192 357
f 311 357 312
f 230 403 410
f 403 312 410
f 230 410 235
f 231 404 321
f 322 405 404
f 404 405 231
f 321 368 369
f 368 195 369
f 321 369 322
f 231 405 412
f 405 322 412
f 231 412 236
f 232 406 330
f 331 407 406
f 406 407 232
f 330 380 381
f 380 198 381
f 330 381 331
f 232 407 414
f 407 331 414
f 232 414 237
f 222 203 206
f 209 214 201
f 209 214 194
f 238 233 125
f 125 129 130
f 151 152 156
f 234 408 303
f 304 409 408
f 408 409 234
f 303 346 347
f 346 189 347
f 303 347 304
f 234 409 416
f 409 304 416
f 234 416 239
f 235 410 312
f 313 411 410
f 410 411 235
f 312 357 358
f 357 192 358
f 312 358 313
f 235 411 418
f 411 313 418
f 235 418 240
f 236 412 322
f 323 413 412
f 412 413 236
f 322 369 370
f 369 195 370
f 322 370 323
f 236 413 420
f 413 323 420
f 236 420 241
f 237 414 331
f 332 415 414
f 414 415 237
f 331 381 382
f 381 198 382
f 331 382 332
f 237 415 422
f 415 332 422
f 237 422 242
f 243 238 125
f 125 130 131
f 150 151 156
f 239 416 304
f 305 417 416
f 416 417 239
f 304 347 305
f 347 189 305
f 239 417 244
f 417 305 244
f 240 418 313
f 314 419 418
f 418 419 240
f 313 358 314
f 358 192 314
f 240 419 245
f 419 314 245
f 241 420 323
f 324 421 420
f 420 421 241
f 323 370 324
f 370 195 324
f 241 421 246
f 421 324 246
f 242 422 332
f 333 423 422
f 422 423 242
f 332 382 333
f 382 198 333
f 242 423 247
f 423 333 247
f 248 243 125
f 125 131 132
f 149 150 156
f 306 424 305
f 424 244 305
f 305 189 306
f 244 424 249
f 424 306 249
f 315 425 314
f 425 245 314
f 314 192 315
f 245 425 250
f 425 315 250
f 334 426 333
f 426 247 333
f 333 198 334
f 247 426 251
f 426 334 251
f 252 248 125
f 125 132 133
f 148 149 156
f 249 306 253
f 306 189 253
f 250 315 254
f 315 192 254
f 251 334 255
f 334 198 255
f 256 252 125
f 125 133 134
f 147 148 156
f 257 253 189
f 189 254 192
f 195 255 198
f 257 258 259
f 125 134 135
f 146 147 156
f 258 257 189
f 257 259 260
f 125 135 136
f 145 146 156
f 258 189 192
f 257 260 261
f 125 136 137
f 144 145 156
f 257 261 262
f 125 137 138
f 143 144 156
f 257 262 263
f 125 138 139
f 142 143 156
f 257 263 264
f 125 139 140
f 141 142 156
f 257 264 265
f 125 140 141
f 257 265 266
f 125 141 156
f 257 266 267
f 257 267 268
f 257 268 269
f 257 269 270
f 257 270 271
f 257 271 272
f 257 272 273
f 257 273 274
f 257 274 275
f 257 275 276
f 257 276 277
f 257 277 278
f 257 278 279
f 257 279 256
f 222 206 209
f 209 201 206
f 206 209 194
f 194 257 206
f 206 257 256
f 209 206 256
f 222 209 125
f 222 125 156
f 198 378 156
f 378 328 156
f 328 391 156
f 391 222 156
f 195 198 156
f 195 156 258
f 195 258 280
f 280 281 195
f 283 428 282
f 428 336 282
f 336 429 282
f 429 280 282
f 246 324 281
f 324 195 281
f 280 335 281
f 335 246 281
f 284 283 282
f 285 283 284
f 286 283 285
f 287 283 286
f 288 283 287
f 192 289 359
f 359 289 316
f 316 289 427
f 427 289 283
f 283 288 290
f 283 290 291
f 292 289 192
f 293 292 192
f 294 293 192
f 294 258 192
f 295 258 294
f 296 258 295
f 297 258 296
f 280 258 297
f 194 259 257
f 281 430 282
f 282 430 431
f 282 431 284
f 284 431 432
f 284 432 285
f 285 432 433
f 285 433 286
f 286 433 434
f 286 434 287
f 287 434 435
f 287 435 288
f 288 435 290
f 290 435 436
f 290 436 291
f 291 436 437
f 291 437 438
f 438 437 439
f 438 439 440
f 440 439 441
f 440 441 289
f 289 441 442
f 289 442 292
f 292 442 443
f 292 443 293
f 293 443 294
f 294 443 444
f 294 444 295
f 295 444 445
f 295 445 296
f 296 445 446
f 296 446 297
f 297 446 280
f 280 446 447
f 285 448 286
f 286 448 449
f 286 450 287
f 286 449 450
f 287 450 288
f 288 450 451
f 288 451 290
f 290 451 452
f 290 452 291
f 291 452 453
f 291 453 438
f 438 453 454
f 438 454 440
f 440 454 455
f 440 456 289
f 440 455 456
f 289 457 292
f 289 456 457
f 292 458 293
f 292 457 458
f 293 458 294
f 294 458 459
f 294 448 285
f 294 459 448
f 448 434 449
f 448 433 434
f 449 435 450
f 449 434 435
f 450 435 451
f 451 435 436
f 451 436 452
f 452 436 437
f 452 437 453
f 453 437 439
f 453 439 454
f 454 441 455
f 454 439 441
f 455 442 456
f 455 441 442
f 456 442 457
f 457 442 443
f 457 443 458
f 458 443 444
f 458 444 459
f 459 444 445
f 459 433 448
f 459 445 433
f 430 432 431
f 430 433 432
f 430 434 433
f 430 435 434
f 430 436 435
f 430 437 436
f 430 439 437
f 430 441 439
f 430 442 441
f 430 443 442
f 430 444 443
f 430 445 444
f 430 446 445
f 430 447 446
f 430 460 447
f 430 461 460
f 430 462 461
f 430 463 462
f 430 464 463
f 430 465 464
f 430 466 465
f 430 467 466
f 430 468 467
f 430 469 468
f 430 470 469
f 430 471 470
f 430 472 471
f 430 473 472
f 430 474 473
f 194 216 475
f 216 476 475
f 216 215 476
f 215 477 476
f 215 214 477
f 214 478 477
f 214 213 478
f 213 479 478
f 213 212 479
f 212 211 479
f 211 480 479
f 211 481 480
f 211 210 481
f 210 209 481
f 209 482 481
f 209 208 482
f 208 483 482
f 208 207 483
f 207 484 483
f 207 206 484
f 206 485 484
f 206 205 485
f 205 486 485
f 205 204 486
f 204 203 486
f 203 487 486
f 203 202 487
f 202 488 487
f 202 201 488
f 201 489 488
f 201 200 489
f 200 199 489
f 199 490 489
f 214 213 491
f 213 492 491
f 213 212 493
f 213 493 492
f 212 211 493
f 211 494 493
f 211 210 495
f 211 495 494
f 210 209 495
f 209 496 495
f 209 208 496
f 208 497 496
f 208 207 497
f 207 498 497
f 207 206 498
f 206 499 498
f 206 205 499
f 205 500 499
f 205 204 501
f 205 501 500
f 204 203 501
f 203 502 501
f 203 202 502
f 202 214 491
f 202 491 502
f 491 492 479
f 491 479 478
f 492 493 479
f 493 480 479
f 493 494 480
f 494 481 480
f 494 495 481
f 495 482 481
f 495 496 482
f 496 483 482
f 496 497 483
f 497 498 484
f 497 484 483
f 498 499 484
f 499 485 484
f 499 500 485
f 500 486 485
f 500 501 486
f 501 487 486
f 501 502 487
f 502 488 487
f 502 491 478
f 502 478 488
f 475 476 477
f 475 477 478
f 475 478 479
f 475 479 480
f 475 480 481
f 475 481 482
f 475 482 483
f 475 483 484
f 475 484 485
f 475 485 486
f 475 486 487
f 475 487 488
f 475 488 489
f 475 489 490
f 475 490 503
f 475 503 504
f 475 504 505
f 475 505 506
f 475 506 507
f 475 507 508
f 475 508 509
f 475 509 510
f 475 510 511
f 475 511 512
f 475 512 513
f 475 513 514
f 475 514 515
f 475 515 516
f 475 516 517
f 519 613 596
f 595 613 612
f 613 519 612
f 596 615 614
f 615 520 614
f 596 614 595
f 519 610 612
f 612 610 595
f 519 518 610
f 522 621 601
f 600 621 620
f 621 522 620
f 601 623 622
f 623 523 622
f 601 622 600
f 522 618 620
f 620 618 600
f 522 521 618
f 525 629 606
f 605 629 628
f 629 525 628
f 606 631 630
f 631 526 630
f 606 630 605
f 525 626 628
f 628 626 605
f 525 524 626
f 546 258 156
f 125 218 547
f 518 595 610
f 597 611 610
f 610 611 518
f 595 614 616
f 614 520 616
f 595 616 597
f 518 611 634
f 611 597 634
f 518 634 548
f 521 600 618
f 602 619 618
f 618 619 521
f 600 622 624
f 622 523 624
f 600 624 602
f 521 619 636
f 619 602 636
f 521 636 549
f 524 605 626
f 607 627 626
f 626 627 524
f 605 630 632
f 630 526 632
f 605 632 607
f 524 627 638
f 627 607 638
f 524 638 550
f 529 530 531
f 533 534 535
f 537 538 539
f 541 542 543
f 528 529 530
f 532 533 534
f 536 537 538
f 540 541 542
f 544 545 547
f 547 218 551
f 552 546 156
f 156 157 158
f 185 186 125
f 548 634 597
f 598 635 634
f 634 635 548
f 597 616 617
f 616 520 617
f 597 617 598
f 548 635 640
f 635 598 640
f 548 640 553
f 549 636 602
f 603 637 636
f 636 637 549
f 602 624 625
f 624 523 625
f 602 625 603
f 549 637 642
f 637 603 642
f 549 642 554
f 550 638 607
f 608 639 638
f 638 639 550
f 607 632 633
f 632 526 633
f 607 633 608
f 550 639 644
f 639 608 644
f 550 644 555
f 527 528 529
f 529 531 532
f 532 533 535
f 535 536 537
f 537 539 540
f 540 541 543
f 543 544 545
f 527 528 530
f 530 531 532
f 532 534 535
f 535 536 538
f 538 539 540
f 540 542 543
f 543 544 547
f 547 551 556
f 557 552 156
f 156 158 159
f 184 185 125
f 553 640 598
f 599 641 640
f 640 641 553
f 598 617 599
f 617 520 599
f 553 641 558
f 641 599 558
f 554 642 603
f 604 643 642
f 642 643 554
f 603 625 604
f 625 523 604
f 554 643 559
f 643 604 559
f 555 644 608
f 609 645 644
f 644 645 555
f 608 633 609
f 633 526 609
f 555 645 560
f 645 609 560
f 527 529 532
f 532 535 537
f 537 540 543
f 527 530 532
f 532 535 538
f 538 540 543
f 547 556 561
f 562 557 156
f 156 159 160
f 183 184 125
f 558 599 563
f 599 520 563
f 559 604 564
f 604 523 564
f 560 609 565
f 609 526 565
f 527 532 537
f 537 543 545
f 527 532 538
f 538 543 547
f 547 561 566
f 567 562 156
f 156 160 161
f 182 183 125
f 547 563 520
f 520 564 523
f 523 565 526
f 527 537 545
f 538 547 566
f 568 567 156
f 156 161 162
f 181 182 125
f 125 547 520
f 569 545 527
f 545 527 538
f 538 566 570
f 571 568 156
f 156 162 163
f 180 181 125
f 125 520 523
f 538 570 572
f 573 571 156
f 156 163 164
f 179 180 125
f 125 523 526
f 538 572 574
f 575 573 156
f 156 164 165
f 178 179 125
f 125 526 576
f 538 574 577
f 578 575 156
f 156 165 166
f 177 178 125
f 125 576 579
f 538 577 580
f 581 578 156
f 156 166 167
f 176 177 125
f 125 579 582
f 538 580 583
f 584 581 156
f 156 167 168
f 175 176 125
f 125 582 585
f 538 583 586
f 587 584 156
f 156 168 169
f 174 175 125
f 125 585 588
f 538 586 589
f 590 587 156
f 156 169 170
f 173 174 125
f 125 588 569
f 538 589 591
f 592 590 156
f 156 170 171
f 172 173 125
f 125 569 545
f 538 591 593
f 594 592 156
f 156 171 172
f 172 125 545
f 538 593 594
f 594 156 172
f 545 646 544
f 544 646 647
f 544 647 543
f 543 647 648
f 543 648 542
f 542 648 649
f 542 649 541
f 541 649 540
f 540 649 650
f 540 650 651
f 540 651 539
f 539 651 538
f 538 651 652
f 538 652 537
f 537 652 653
f 537 653 536
f 536 653 654
f 536 654 535
f 535 654 655
f 535 655 534
f 534 655 533
f 533 655 656
f 533 656 532
f 532 656 657
f 532 657 531
f 531 657 658
f 531 658 530
f 530 658 659
f 530 659 529
f 529 659 660
f 529 660 528
f 528 660 527
f 527 660 661
f 542 541 662
f 541 663 662
f 541 540 663
f 540 664 663
f 540 539 664
f 539 665 664
f 539 538 665
f 538 666 665
f 538 537 666
f 537 667 666
f 537 536 667
f 536 668 667
f 536 535 668
f 535 669 668
f 535 534 669
f 534 670 669
f 534 533 670
f 533 671 670
f 533 532 671
f 532 672 671
f 532 531 672
f 531 673 672
f 531 530 673
f 530 542 662
f 530 662 673
f 662 663 650
f 662 650 649
f 663 664 651
f 663 651 650
f 664 665 651
f 665 652 651
f 665 666 652
f 666 653 652
f 666 667 653
f 667 654 653
f 667 668 654
f 668 655 654
f 668 669 655
f 669 670 655
f 670 656 655
f 670 671 657
f 670 657 656
f 671 672 657
f 672 658 657
f 672 673 658
f 673 659 658
f 673 662 649
f 673 649 659
f 646 648 647
f 646 649 648
f 646 650 649
f 646 651 650
f 646 652 651
f 646 653 652
f 646 654 653
f 646 655 654
f 646 656 655
f 646 657 656
f 646 658 657
f 646 659 658
f 646 660 659
f 646 661 660
f 646 674 661
f 646 675 674
f 646 676 675
f 646 677 676
f 646 678 677
f 646 679 678
f 646 680 679
f 646 681 680
f 646 682 681
f 646 683 682
f 646 684 683
f 646 685 684
f 646 686 685
f 646 687 686
f 646 688 687
f 218 690 551
f 218 689 690
f 551 691 556
f 551 690 691
f 556 692 561
f 556 691 692
f 561 693 566
f 561 692 693
f 566 694 570
f 566 693 694
f 570 695 572
f 570 694 695
f 572 696 574
f 572 695 696
f 574 697 577
f 574 696 697
f 577 698 580
f 577 697 698
f 580 699 583
f 580 698 699
f 583 700 586
f 583 699 700
f 586 701 589
f 586 700 701
f 589 702 591
f 589 701 702
f 591 703 593
f 591 702 703
f 593 704 594
f 593 703 704
f 594 705 592
f 594 704 705
f 592 706 590
f 592 705 706
f 590 707 587
f 590 706 707
f 587 708 584
f 587 707 708
f 584 709 581
f 584 708 709
f 581 710 578
f 581 709 710
f 578 711 575
f 578 710 711
f 575 712 573
f 575 711 712
f 573 713 571
f 573 712 713
f 571 714 568
f 571 713 714
f 568 715 567
f 568 714 715
f 567 716 562
f 567 715 716
f 562 717 557
f 562 716 717
f 557 718 552
f 557 717 718
f 552 719 546
f 552 718 719
f 546 720 258
f 546 719 720
f 258 721 259
f 258 720 721
f 259 722 260
f 259 721 722
f 260 723 261
f 260 722 723
f 261 724 262
f 261 723 724
f 262 725 263
f 262 724 725
f 263 726 264
f 263 725 726
f 264 727 265
f 264 726 727
f 265 728 266
f 265 727 728
f 266 729 267
f 266 728 729
f 267 730 268
f 267 729 730
f 268 731 269
f 268 730 731
f 269 732 270
f 269 731 732
f 270 733 271
f 270 732 733
f 271 734 272
f 271 733 734
f 272 735 273
f 272 734 735
f 273 736 274
f 273 735 736
f 274 737 275
f 274 736 737
f 275 738 276
f 275 737 738
f 276 739 277
f 276 738 739
f 277 740 278
f 277 739 740
f 278 741 279
f 278 740 741
f 279 742 256
f 279 741 742
f 256 743 252
f 256 742 743
f 252 744 248
f 252 743 744
f 248 745 243
f 248 744 745
f 243 746 238
f 243 745 746
f 238 747 233
f 238 746 747
f 233 748 228
f 233 747 748
f 228 749 223
f 228 748 749
f 223 750 217
f 223 749 750
f 217 689 218
f 217 750 689
f 751 752 690
f 751 690 689
f 752 753 691
f 752 691 690
f 753 754 692
f 753 692 691
f 754 755 693
f 754 693 692
f 755 756 694
f 755 694 693
f 756 757 695
f 756 695 694
f 757 758 696
f 757 696 695
f 758 759 697
f 758 697 696
f 759 760 698
f 759 698 697
f 760 761 699
f 760 699 698
f 761 762 700
f 761 700 699
f 762 763 701
f 762 701 700
f 763 764 702
f 763 702 701
f 764 765 703
f 764 703 702
f 765 766 704
f 765 704 703
f 766 767 705
f 766 705 704
f 767 768 706
f 767 706 705
f 768 769 707
f 768 707 706
f 769 770 708
f 769 708 707
f 770 771 709
f 770 709 708
f 771 772 710
f 771 710 709
f 772 773 711
f 772 711 710
f 773 774 712
f 773 712 711
f 774 775 713
f 774 713 712
f 775 776 714
f 775 714 713
f 776 777 715
f 776 715 714
f 777 778 716
f 777 716 715
f 778 779 717
f 778 717 716
f 779 780 718
f 779 718 717
f 780 781 719
f 780 719 718
f 781 782 720
f 781 720 719
f 751 814 752
f 751 813 814
f 752 815 753
f 752 814 815
f 753 816 754
f 753 815 816
f 754 817 755
f 754 816 817
f 755 818 756
f 755 817 818
f 756 819 757
f 756 818 819
f 757 820 758
f 757 819 820
f 758 821 759
f 758 820 821
f 759 822 760
f 759 821 822
f 760 823 761
f 760 822 823
f 761 824 762
f 761 823 824
f 762 825 763
f 762 824 825
f 763 826 764
f 763 825 826
f 764 827 765
f 764 826 827
f 765 828 766
f 765 827 828
f 766 829 767
f 766 828 829
f 767 830 768
f 767 829 830
f 768 831 769
f 768 830 831
f 769 832 770
f 769 831 832
f 770 833 771
f 770 832 833
f 771 834 772
f 771 833 834
f 772 835 773
f 772 834 835
f 773 836 774
f 773 835 836
f 774 837 775
f 774 836 837
f 775 838 776
f 775 837 838
f 776 839 777
f 776 838 839
f 777 840 778
f 777 839 840
f 778 841 779
f 778 840 841
f 779 842 780
f 779 841 842
f 780 843 781
f 780 842 843
f 781 844 782
f 781 843 844
f 782 845 783
f 782 844 845
f 783 846 784
f 783 845 846
f 784 847 785
f 784 846 847
f 785 848 786
f 785 847 848
f 786 849 787
f 786 848 849
f 787 850 788
f 787 849 850
f 788 851 789
f 788 850 851
f 789 852 790
f 789 851 852
f 790 853 791
f 790 852 853
f 791 854 792
f 791 853 854
f 792 855 793
f 792 854 855
f 793 856 794
f 793 855 856
f 794 857 795
f 794 856 857
f 795 858 796
f 795 857 858
f 796 859 797
f 796 858 859
f 797 860 798
f 797 859 860
f 798 861 799
f 798 860 861
f 799 862 800
f 799 861 862
f 800 863 801
f 800 862 863
f 801 864 802
f 801 863 864
f 802 865 803
f 802 864 865
f 803 866 804
f 803 865 866
f 804 867 805
f 804 866 867
f 805 868 806
f 805 867 868
f 806 869 807
f 806 868 869
f 807 870 808
f 807 869 870
f 808 871 809
f 808 870 871
f 809 872 810
f 809 871 872
f 810 873 811
f 810 872 873
f 811 874 812
f 811 873 874
f 812 813 751
f 812 874 813
f 813 875 814
f 814 875 877
f 814 877 815
f 815 877 878
f 815 878 816
f 816 878 879
f 816 879 817
f 817 879 880
f 817 880 818
f 818 880 881
f 818 881 882
f 818 882 819
f 819 882 883
f 819 883 820
f 820 883 821
f 821 883 884
f 821 884 822
f 822 884 885
f 822 885 823
f 823 885 886
f 823 886 824
f 824 886 887
f 824 887 825
f 825 887 888
f 825 888 826
f 826 888 889
f 826 889 890
f 826 890 827
f 827 890 828
f 828 890 891
f 828 891 829
f 829 891 892
f 829 892 830
f 830 892 893
f 830 893 894
f 830 894 831
f 831 894 895
f 831 895 832
f 832 895 833
f 833 895 896
f 833 896 834
f 834 896 897
f 834 897 835
f 835 897 898
f 835 898 899
f 835 899 836
f 836 899 837
f 837 899 900
f 837 900 838
f 838 900 901
f 838 901 839
f 839 901 902
f 839 902 903
f 839 903 840
f 840 903 841
f 841 903 904
f 841 904 842
f 842 904 905
f 842 905 843
f 843 905 906
f 843 906 844
f 844 906 876
f 907 908 877
f 907 877 875
f 908 909 878
f 908 878 877
f 909 910 879
f 909 879 878
f 910 911 880
f 910 880 879
f 911 912 881
f 911 881 880
f 912 913 882
f 912 882 881
f 913 914 883
f 913 883 882
f 914 915 884
f 914 884 883
f 915 916 885
f 915 885 884
f 916 917 886
f 916 886 885
f 917 918 887
f 917 887 886
f 918 919 888
f 918 888 887
f 919 920 889
f 919 889 888
f 920 921 890
f 920 890 889
f 921 922 891
f 921 891 890
f 922 923 892
f 922 892 891
f 923 924 893
f 923 893 892
f 924 925 894
f 924 894 893
f 925 926 895
f 925 895 894
f 926 927 896
f 926 896 895
f 927 928 897
f 927 897 896
f 928 929 898
f 928 898 897
f 929 930 899
f 929 899 898
f 930 931 900
f 930 900 899
f 931 932 901
f 931 901 900
f 932 933 902
f 932 902 901
f 933 934 903
f 933 903 902
f 934 935 904
f 934 904 903
f 935 936 905
f 935 905 904
f 936 937 906
f 936 906 905
f 937 938 876
f 937 876 906
f 938 939 969
f 938 969 876
f 939 940 970
f 939 970 969
f 940 941 971
f 940 971 970
f 941 942 972
f 941 972 971
f 942 943 973
f 942 973 972
f 943 944 974
f 943 974 973
f 944 945 975
f 944 975 974
f 945 946 976
f 945 976 975
f 946 947 977
f 946 977 976
f 947 948 978
f 947 978 977
f 948 949 979
f 948 979 978
f 949 950 980
f 949 980 979
f 950 951 981
f 950 981 980
f 951 952 982
f 951 982 981
f 952 953 983
f 952 983 982
f 953 954 984
f 953 984 983
f 954 955 985
f 954 985 984
f 955 956 986
f 955 986 985
f 956 957 987
f 956 987 986
f 957 958 988
f 957 988 987
f 958 959 989
f 958 989 988
f 959 960 990
f 959 990 989
f 960 961 991
f 960 991 990
f 961 962 992
f 961 992 991
f 962 963 993
f 962 993 992
f 963 964 994
f 963 994 993
f 964 965 995
f 964 995 994
f 965 966 996
f 965 996 995
f 966 967 997
f 966 997 996
f 967 968 998
f 967 998 997
f 968 907 875
f 968 875 998
f 844 876 969
f 844 969 845
f 845 969 846
f 846 969 970
f 846 970 847
f 847 970 971
f 847 971 848
f 848 971 972
f 848 972 849
f 849 972 973
f 849 973 974
f 849 974 850
f 850 974 975
f 850 975 851
f 851 975 852
f 852 975 976
f 852 976 853
f 853 976 977
f 853 977 854
f 854 977 978
f 854 978 855
f 855 978 979
f 855 979 856
f 856 979 980
f 856 980 857
f 857 980 981
f 857 981 982
f 857 982 858
f 858 982 859
f 859 982 983
f 859 983 860
f 860 983 984
f 860 984 861
f 861 984 985
f 861 985 986
f 861 986 862
f 862 986 987
f 862 987 863
f 863 987 864
f 864 987 988
f 864 988 865
f 865 988 989
f 865 989 866
f 866 989 990
f 866 990 991
f 866 991 867
f 867 991 868
f 868 991 992
f 868 992 869
f 869 992 993
f 869 993 870
f 870 993 994
f 870 994 995
f 870 995 871
f 871 995 996
f 871 996 872
f 872 996 997
f 872 997 873
f 873 997 874
f 874 997 998
f 874 998 813
f 813 998 875
f 999 1000 939
f 999 939 938
f 1000 1001 940
f 1000 940 939
f 1001 1002 941
f 1001 941 940
f 1002 1003 942
f 1002 942 941
f 1003 1004 943
f 1003 943 942
f 1004 1005 944
f 1004 944 943
f 1005 1006 945
f 1005 945 944
f 1006 1007 946
f 1006 946 945
f 1007 1008 947
f 1007 947 946
f 1008 1009 948
f 1008 948 947
f 1009 1010 949
f 1009 949 948
f 1010 1011 950
f 1010 950 949
f 1011 1012 951
f 1011 951 950
f 1012 1013 952
f 1012 952 951
f 1013 1014 953
f 1013 953 952
f 1014 1015 954
f 1014 954 953
f 1015 1016 955
f 1015 955 954
f 1016 1017 956
f 1016 956 955
f 1017 1018 957
f 1017 957 956
f 1018 1019 958
f 1018 958 957
f 1019 1020 959
f 1019 959 958
f 1020 1021 960
f 1020 960 959
f 1021 1022 961
f 1021 961 960
f 1022 1023 962
f 1022 962 961
f 1023 1024 963
f 1023 963 962
f 1024 1025 964
f 1024 964 963
f 1025 1026 965
f 1025 965 964
f 1026 1027 966
f 1026 966 965
f 1027 1028 967
f 1027 967 966
f 1028 1029 968
f 1028 968 967
f 1029 1030 907
f 1029 907 968
f 1031 1062 1032
f 1031 1061 1062
f 1032 1063 1033
f 1032 1062 1063
f 1033 1064 1034
f 1033 1063 1064
f 1034 1065 1035
f 1034 1064 1065
f 1035 1066 1036
f 1035 1065 1066
f 1036 1067 1037
f 1036 1066 1067
f 1037 1068 1038
f 1037 1067 1068
f 1038 1069 1039
f 1038 1068 1069
f 1039 1070 1040
f 1039 1069 1070
f 1040 1071 1041
f 1040 1070 1071
f 1041 1072 1042
f 1041 1071 1072
f 1042 1073 1043
f 1042 1072 1073
f 1043 1074 1044
f 1043 1073 1074
f 1044 1075 1045
f 1044 1074 1075
f 1045 1076 1046
f 1045 1075 1076
f 1046 1077 1047
f 1046 1076 1077
f 1047 1078 1048
f 1047 1077 1078
f 1048 1079 1049
f 1048 1078 1079
f 1049 1080 1050
f 1049 1079 1080
f 1050 1081 1051
f 1050 1080 1081
f 1051 1082 1052
f 1051 1081 1082
f 1052 1083 1053
f 1052 1082 1083
f 1053 1084 1054
f 1053 1083 1084
f 1054 1085 1055
f 1054 1084 1085
f 1055 1086 1056
f 1055 1085 1086
f 1056 1087 1057
f 1056 1086 1087
f 1057 1088 1058
f 1057 1087 1088
f 1058 1089 1059
f 1058 1088 1089
f 1059 1090 1060
f 1059 1089 1090
f 1060 1091 999
f 1060 1090 1091
f 999 1092 1000
f 999 1091 1092
f 1000 1093 1001
f 1000 1092 1093
f 1001 1094 1002
f 1001 1093 1094
f 1002 1095 1003
f 1002 1094 1095
f 1003 1096 1004
f 1003 1095 1096
f 1004 1097 1005
f 1004 1096 1097
f 1005 1098 1006
f 1005 1097 1098
f 1006 1099 1007
f 1006 1098 1099
f 1007 1100 1008
f 1007 1099 1100
f 1008 1101 1009
f 1008 1100 1101
f 1009 1102 1010
f 1009 1101 1102
f 1010 1103 1011
f 1010 1102 1103
f 1011 1104 1012
f 1011 1103 1104
f 1012 1105 1013
f 1012 1104 1105
f 1013 1106 1014
f 1013 1105 1106
f 1014 1107 1015
f 1014 1106 1107
f 1015 1108 1016
f 1015 1107 1108
f 1016 1109 1017
f 1016 1108 1109
f 1017 1110 1018
f 1017 1109 1110
f 1018 1111 1019
f 1018 1110 1111
f 1019 1112 1020
f 1019 1111 1112
f 1020 1113 1021
f 1020 1112 1113
f 1021 1114 1022
f 1021 1113 1114
f 1022 1115 1023
f 1022 1114 1115
f 1023 1116 1024
f 1023 1115 1116
f 1024 1117 1025
f 1024 1116 1117
f 1025 1118 1026
f 1025 1117 1118
f 1026 1119 1027
f 1026 1118 1119
f 1027 1120 1028
f 1027 1119 1120
f 1028 1121 1029
f 1028 1120 1121
f 1029 1122 1030
f 1029 1121 1122
f 1030 1061 1031
f 1030 1122 1061
f 1030 1031 908
f 1030 908 907
f 1031 1032 909
f 1031 909 908
f 1032 1033 910
f 1032 910 909
f 1033 1034 911
f 1033 911 910
f 1034 1035 912
f 1034 912 911
f 1035 1036 913
f 1035 913 912
f 1036 1037 914
f 1036 914 913
f 1037 1038 915
f 1037 915 914
f 1038 1039 916
f 1038 916 915
f 1039 1040 917
f 1039 917 916
f 1040 1041 918
f 1040 918 917
f 1041 1042 919
f 1041 919 918
f 1042 1043 920
f 1042 920 919
f 1043 1044 921
f 1043 921 920
f 1044 1045 922
f 1044 922 921
f 1045 1046 923
f 1045 923 922
f 1046 1047 924
f 1046 924 923
f 1047 1048 925
f 1047 925 924
f 1048 1049 926
f 1048 926 925
f 1049 1050 927
f 1049 927 926
f 1050 1051 928
f 1050 928 927
f 1051 1052 929
f 1051 929 928
f 1052 1053 930
f 1052 930 929
f 1053 1054 931
f 1053 931 930
f 1054 1055 932
f 1054 932 931
f 1055 1056 933
f 1055 933 932
f 1056 1057 934
f 1056 934 933
f 1057 1058 935
f 1057 935 934
f 1058 1059 936
f 1058 936 935
f 1059 1060 937
f 1059 937 936
f 1060 999 938
f 1060 938 937
f 1123 1124 1061
f 1123 1061 1122
f 1124 1125 1062
f 1124 1062 1061
f 1125 1126 1063
f 1125 1063 1062
f 1126 1127 1064
f 1126 1064 1063
f 1127 1128 1065
f 1127 1065 1064
f 1128 1129 1066
f 1128 1066 1065
f 1129 1130 1067
f 1129 1067 1066
f 1130 1131 1068
f 1130 1068 1067
f 1131 1132 1069
f 1131 1069 1068
f 1132 1133 1070
f 1132 1070 1069
f 1133 1134 1071
f 1133 1071 1070
f 1134 1135 1072
f 1134 1072 1071
f 1135 1136 1073
f 1135 1073 1072
f 1136 1137 1074
f 1136 1074 1073
f 1137 1138 1075
f 1137 1075 1074
f 1138 1139 1076
f 1138 1076 1075
f 1139 1140 1077
f 1139 1077 1076
f 1140 1141 1078
f 1140 1078 1077
f 1141 1142 1079
f 1141 1079 1078
f 1142 1143 1080
f 1142 1080 1079
f 1143 1144 1081
f 1143 1081 1080
f 1144 1145 1082
f 1144 1082 1081
f 1145 1146 1083
f 1145 1083 1082
f 1146 1147 1084
f 1146 1084 1083
f 1147 1148 1085
f 1147 1085 1084
f 1148 1149 1086
f 1148 1086 1085
f 1149 1150 1087
f 1149 1087 1086
f 1150 1151 1088
f 1150 1088 1087
f 1151 1152 1089
f 1151 1089 1088
f 1152 1153 1090
f 1152 1090 1089
f 1153 1154 1091
f 1153 1091 1090
f 1155 1156 1124
f 1155 1124 1123
f 1156 1157 1125
f 1156 1125 1124
f 1157 1158 1126
f 1157 1126 1125
f 1158 1159 1127
f 1158 1127 1126
f 1159 1160 1128
f 1159 1128 1127
f 1160 1161 1129
f 1160 1129 1128
f 1161 1162 1130
f 1161 1130 1129
f 1162 1163 1131
f 1162 1131 1130
f 1163 1164 1132
f 1163 1132 1131
f 1164 1165 1133
f 1164 1133 1132
f 1165 1166 1134
f 1165 1134 1133
f 1166 1167 1135
f 1166 1135 1134
f 1167 1168 1136
f 1167 1136 1135
f 1168 1169 1137
f 1168 1137 1136
f 1169 1170 1138
f 1169 1138 1137
f 1170 1171 1139
f 1170 1139 1138
f 1171 1172 1140
f 1171 1140 1139
f 1172 1173 1141
f 1172 1141 1140
f 1173 1174 1142
f 1173 1142 1141
f 1174 1175 1143
f 1174 1143 1142
f 1175 1176 1144
f 1175 1144 1143
f 1176 1177 1145
f 1176 1145 1144
f 1177 1178 1146
f 1177 1146 1145
f 1178 1179 1147
f 1178 1147 1146
f 1179 1180 1148
f 1179 1148 1147
f 1180 1181 1149
f 1180 1149 1148
f 1181 1182 1150
f 1181 1150 1149
f 1182 1183 1151
f 1182 1151 1150
f 1183 1184 1152
f 1183 1152 1151
f 1184 1185 1153
f 1184 1153 1152
f 1185 1186 1154
f 1185 1154 1153
f 1155 1217 1156
f 1156 1218 1157
f 1156 1217 1218
f 1157 1218 1158
f 1158 1219 1159
f 1158 1218 1219
f 1159 1219 1160
f 1160 1220 1161
f 1160 1219 1220
f 1161 1220 1162
f 1162 1221 1163
f 1162 1220 1221
f 1163 1221 1164
f 1164 1222 1165
f 1164 1221 1222
f 1165 1222 1166
f 1166 1223 1167
f 1166 1222 1223
f 1167 1223 1168
f 1168 1224 1169
f 1168 1223 1224
f 1169 1224 1170
f 1170 1225 1171
f 1170 1224 1225
f 1171 1225 1172
f 1172 1226 1173
f 1172 1225 1226
f 1173 1226 1174
f 1174 1227 1175
f 1174 1226 1227
f 1175 1227 1176
f 1176 1228 1177
f 1176 1227 1228
f 1177 1228 1178
f 1178 1229 1179
f 1178 1228 1229
f 1179 1229 1180
f 1180 1230 1181
f 1180 1229 1230
f 1181 1230 1182
f 1182 1231 1183
f 1182 1230 1231
f 1183 1231 1184
f 1184 1232 1185
f 1184 1231 1232
f 1185 1232 1186
f 1186 1233 1187
f 1186 1232 1233
f 1187 1233 1188
f 1188 1234 1189
f 1188 1233 1234
f 1189 1234 1190
f 1190 1235 1191
f 1190 1234 1235
f 1191 1235 1192
f 1192 1236 1193
f 1192 1235 1236
f 1193 1236 1194
f 1194 1237 1195
f 1194 1236 1237
f 1195 1237 1196
f 1196 1238 1197
f 1196 1237 1238
f 1197 1238 1198
f 1198 1239 1199
f 1198 1238 1239
f 1199 1239 1200
f 1200 1240 1201
f 1200 1239 1240
f 1201 1240 1202
f 1202 1241 1203
f 1202 1240 1241
f 1203 1241 1204
f 1204 1242 1205
f 1204 1241 1242
f 1205 1242 1206
f 1206 1243 1207
f 1206 1242 1243
f 1207 1243 1208
f 1208 1244 1209
f 1208 1243 1244
f 1209 1244 1210
f 1210 1245 1211
f 1210 1244 1245
f 1211 1245 1212
f 1212 1246 1213
f 1212 1245 1246
f 1213 1246 1214
f 1214 1247 1215
f 1214 1246 1247
f 1215 1247 1216
f 1216 1217 1155
f 1216 1247 1217
f 1248 1249 1218
f 1248 1218 1217
f 1249 1250 1219
f 1249 1219 1218
f 1250 1251 1220
f 1250 1220 1219
f 1251 1252 1221
f 1251 1221 1220
f 1252 1253 1222
f 1252 1222 1221
f 1253 1254 1223
f 1253 1223 1222
f 1254 1255 1224
f 1254 1224 1223
f 1255 1256 1225
f 1255 1225 1224
f 1256 1257 1226
f 1256 1226 1225
f 1257 1258 1227
f 1257 1227 1226
f 1258 1259 1228
f 1258 1228 1227
f 1259 1260 1229
f 1259 1229 1228
f 1260 1261 1230
f 1260 1230 1229
f 1261 1262 1231
f 1261 1231 1230
f 1262 1232 1231
f 1262 1263 1232
f 1263 1264 1233
f 1263 1233 1232
f 1264 1234 1233
f 1264 1265 1234
f 1265 1235 1234
f 1265 1266 1235
f 1266 1236 1235
f 1266 1267 1236
f 1267 1237 1236
f 1267 1268 1237
f 1268 1238 1237
f 1268 1269 1238
f 1269 1239 1238
f 1269 1270 1239
f 1270 1240 1239
f 1270 1271 1240
f 1271 1241 1240
f 1271 1272 1241
f 1272 1242 1241
f 1272 1273 1242
f 1273 1243 1242
f 1273 1274 1243
f 1274 1244 1243
f 1274 1275 1244
f 1275 1245 1244
f 1275 1276 1245
f 1276 1246 1245
f 1276 1277 1246
f 1277 1247 1246
f 1277 1278 1247
f 1278 1248 1217
f 1278 1217 1247
f 1248 1279 1249
f 1249 1250 1280
f 1250 1281 1251
f 1251 1252 1282
f 1252 1283 1253
f 1253 1254 1284
f 1254 1285 1255
f 1255 1256 1286
f 1256 1287 1257
f 1257 1288 1258
f 1258 1289 1259
f 1259 1290 1260
f 1260 1291 1261
f 1261 1292 1262
f 1262 1293 1263
f 1248 1250 1249
f 1250 1252 1251
f 1252 1254 1253
f 1254 1256 1255
f 1256 1258 1257
f 1258 1260 1259
f 1260 1262 1261
f 1280 1249 1248
f 1280 1248 1250
f 1282 1251 1250
f 1282 1250 1252
f 1284 1253 1252
f 1284 1252 1254
f 1286 1255 1254
f 1286 1254 1256
f 1295 1296 1328
f 1295 1328 1327
f 1296 1297 1329
f 1296 1329 1328
f 1297 1298 1330
f 1297 1330 1329
f 1298 1299 1331
f 1298 1331 1330
f 1299 1300 1332
f 1299 1332 1331
f 1300 1301 1333
f 1300 1333 1332
f 1301 1302 1334
f 1301 1334 1333
f 1302 1303 1335
f 1302 1335 1334
f 1303 1304 1336
f 1303 1336 1335
f 1304 1305 1337
f 1304 1337 1336
f 1305 1306 1338
f 1305 1338 1337
f 1306 1307 1339
f 1306 1339 1338
f 1307 1308 1340
f 1307 1340 1339
f 1308 1309 1341
f 1308 1341 1340
f 1309 1310 1342
f 1309 1342 1341
f 1310 1311 1343
f 1310 1343 1342
f 1311 1312 1344
f 1311 1344 1343
f 1312 1313 1345
f 1312 1345 1344
f 1313 1314 1346
f 1313 1346 1345
f 1314 1315 1347
f 1314 1347 1346
f 1315 1316 1348
f 1315 1348 1347
f 1316 1317 1349
f 1316 1349 1348
f 1317 1318 1350
f 1317 1350 1349
f 1318 1319 1351
f 1318 1351 1350
f 1319 1320 1352
f 1319 1352 1351
f 1320 1321 1353
f 1320 1353 1352
f 1321 1322 1354
f 1321 1354 1353
f 1322 1323 1355
f 1322 1355 1354
f 1323 1324 1356
f 1323 1356 1355
f 1324 1325 1357
f 1324 1357 1356
f 1325 1326 1358
f 1325 1358 1357
f 1327 1328 1264
f 1327 1264 1294
f 1328 1329 1359
f 1328 1359 1264
f 1329 1330 1265
f 1329 1265 1359
f 1330 1331 1360
f 1330 1360 1265
f 1331 1332 1266
f 1331 1266 1360
f 1332 1333 1361
f 1332 1361 1266
f 1333 1334 1267
f 1333 1267 1361
f 1334 1335 1362
f 1334 1362 1267
f 1335 1336 1268
f 1335 1268 1362
f 1336 1337 1363
f 1336 1363 1268
f 1337 1338 1269
f 1337 1269 1363
f 1338 1339 1364
f 1338 1364 1269
f 1339 1340 1270
f 1339 1270 1364
f 1340 1341 1365
f 1340 1365 1270
f 1341 1342 1271
f 1341 1271 1365
f 1342 1343 1366
f 1342 1366 1271
f 1343 1344 1272
f 1343 1272 1366
f 1344 1345 1367
f 1344 1367 1272
f 1345 1346 1273
f 1345 1273 1367
f 1346 1347 1368
f 1346 1368 1273
f 1347 1348 1274
f 1347 1274 1368
f 1348 1349 1369
f 1348 1369 1274
f 1349 1350 1275
f 1349 1275 1369
f 1350 1351 1370
f 1350 1370 1275
f 1351 1352 1276
f 1351 1276 1370
f 1352 1353 1371
f 1352 1371 1276
f 1353 1354 1277
f 1353 1277 1371
f 1354 1355 1372
f 1354 1372 1277
f 1355 1356 1278
f 1355 1278 1372
f 1356 1357 1373
f 1356 1373 1278
f 1357 1358 1248
f 1357 1248 1373
f 1374 1375 1407
f 1374 1407 1406
f 1375 1376 1408
f 1375 1408 1407
f 1376 1377 1409
f 1376 1409 1408
f 1377 1378 1410
f 1377 1410 1409
f 1378 1379 1411
f 1378 1411 1410
f 1379 1380 1412
f 1379 1412 1411
f 1380 1381 1413
f 1380 1413 1412
f 1381 1382 1414
f 1381 1414 1413
f 1382 1383 1415
f 1382 1415 1414
f 1383 1384 1416
f 1383 1416 1415
f 1384 1385 1417
f 1384 1417 1416
f 1385 1386 1418
f 1385 1418 1417
f 1386 1387 1419
f 1386 1419 1418
f 1387 1388 1420
f 1387 1420 1419
f 1388 1389 1421
f 1388 1421 1420
f 1389 1390 1422
f 1389 1422 1421
f 1390 1391 1423
f 1390 1423 1422
f 1391 1392 1424
f 1391 1424 1423
f 1392 1393 1425
f 1392 1425 1424
f 1393 1394 1426
f 1393 1426 1425
f 1394 1395 1427
f 1394 1427 1426
f 1395 1396 1428
f 1395 1428 1427
f 1396 1397 1429
f 1396 1429 1428
f 1397 1398 1430
f 1397 1430 1429
f 1398 1399 1431
f 1398 1431 1430
f 1399 1400 1432
f 1399 1432 1431
f 1400 1401 1433
f 1400 1433 1432
f 1401 1402 1434
f 1401 1434 1433
f 1402 1403 1435
f 1402 1435 1434
f 1403 1404 1436
f 1403 1436 1435
f 1404 1405 1437
f 1404 1437 1436
f 1438 1468 1439
f 1439 1469 1440
f 1439 1468 1469
f 1440 1469 1441
f 1441 1470 1442
f 1441 1469 1470
f 1442 1470 1443
f 1443 1471 1444
f 1443 1470 1471
f 1444 1471 1445
f 1445 1472 1446
f 1445 1471 1472
f 1446 1472 1447
f 1447 1473 1448
f 1447 1472 1473
f 1448 1473 1449
f 1449 1474 1450
f 1449 1473 1474
f 1450 1474 1451
f 1451 1475 1452
f 1451 1474 1475
f 1452 1475 1453
f 1453 1476 1454
f 1453 1475 1476
f 1454 1476 1455
f 1455 1477 1456
f 1455 1476 1477
f 1456 1477 1457
f 1457 1478 1458
f 1457 1477 1478
f 1458 1478 1459
f 1459 1479 1460
f 1459 1478 1479
f 1460 1479 1461
f 1461 1480 1462
f 1461 1479 1480
f 1462 1480 1463
f 1463 1481 1464
f 1463 1480 1481
f 1464 1481 1465
f 1465 1482 1466
f 1465 1481 1482
f 1466 1482 1467
f 1467 1483 1295
f 1467 1482 1483
f 1295 1483 1296
f 1296 1484 1297
f 1296 1483 1484
f 1297 1484 1298
f 1298 1485 1299
f 1298 1484 1485
f 1299 1485 1300
f 1300 1486 1301
f 1300 1485 1486
f 1301 1486 1302
f 1302 1487 1303
f 1302 1486 1487
f 1303 1487 1304
f 1304 1488 1305
f 1304 1487 1488
f 1305 1488 1306
f 1306 1489 1307
f 1306 1488 1489
f 1307 1489 1308
f 1308 1490 1309
f 1308 1489 1490
f 1309 1490 1310
f 1310 1491 1311
f 1310 1490 1491
f 1311 1491 1312
f 1312 1492 1313
f 1312 1491 1492
f 1313 1492 1314
f 1314 1493 1315
f 1314 1492 1493
f 1315 1493 1316
f 1316 1494 1317
f 1316 1493 1494
f 1317 1494 1318
f 1318 1495 1319
f 1318 1494 1495
f 1319 1495 1320
f 1320 1496 1321
f 1320 1495 1496
f 1321 1496 1322
f 1322 1497 1323
f 1322 1496 1497
f 1323 1497 1324
f 1324 1498 1325
f 1324 1497 1498
f 1325 1468 1326
f 1325 1498 1468
f 1326 1468 1438
f 1499 1500 1468
f 1500 1469 1468
f 1500 1501 1470
f 1500 1470 1469
f 1501 1502 1470
f 1502 1471 1470
f 1502 1503 1471
f 1503 1472 1471
f 1503 1504 1472
f 1504 1473 1472
f 1504 1505 1474
f 1504 1474 1473
f 1505 1506 1474
f 1506 1475 1474
f 1506 1507 1475
f 1507 1476 1475
f 1507 1508 1477
f 1507 1477 1476
f 1508 1509 1477
f 1509 1478 1477
f 1509 1510 1478
f 1510 1479 1478
f 1510 1511 1479
f 1511 1480 1479
f 1511 1512 1481
f 1511 1481 1480
f 1512 1513 1482
f 1512 1482 1481
f 1513 1514 1483
f 1513 1483 1482
f 1514 1515 1484
f 1514 1484 1483
f 1515 1516 1485
f 1515 1485 1484
f 1516 1517 1485
f 1517 1486 1485
f 1517 1518 1487
f 1517 1487 1486
f 1518 1519 1488
f 1518 1488 1487
f 1519 1520 1489
f 1519 1489 1488
f 1520 1521 1489
f 1521 1490 1489
f 1521 1522 1491
f 1521 1491 1490
f 1522 1523 1492
f 1522 1492 1491
f 1523 1524 1492
f 1524 1493 1492
f 1524 1525 1494
f 1524 1494 1493
f 1525 1526 1495
f 1525 1495 1494
f 1526 1527 1496
f 1526 1496 1495
f 1527 1528 1496
f 1528 1497 1496
f 1528 1529 1498
f 1528 1498 1497
f 1529 1499 1498
f 1499 1468 1498
f 1530 1531 1500
f 1530 1500 1499
f 1531 1532 1500
f 1532 1533 1501
f 1532 1501 1500
f 1533 1534 1501
f 1534 1535 1502
f 1534 1502 1501
f 1535 1536 1502
f 1536 1537 1503
f 1536 1503 1502
f 1537 1538 1504
f 1537 1504 1503
f 1538 1539 1504
f 1539 1540 1504
f 1540 1541 1505
f 1540 1505 1504
f 1541 1542 1505
f 1542 1543 1506
f 1542 1506 1505
f 1543 1544 1506
f 1544 1545 1507
f 1544 1507 1506
f 1545 1546 1507
f 1546 1547 1508
f 1546 1508 1507
f 1547 1548 1508
f 1548 1549 1509
f 1548 1509 1508
f 1549 1550 1510
f 1549 1510 1509
f 1550 1551 1510
f 1551 1552 1510
f 1552 1553 1511
f 1552 1511 1510
f 1553 1554 1511
f 1554 1555 1512
f 1554 1512 1511
f 1555 1556 1512
f 1556 1557 1513
f 1556 1513 1512
f 1557 1558 1513
f 1558 1559 1514
f 1558 1514 1513
f 1559 1406 1514
f 1406 1407 1515
f 1406 1515 1514
f 1407 1408 1516
f 1407 1516 1515
f 1408 1409 1516
f 1409 1410 1517
f 1409 1517 1516
f 1410 1411 1517
f 1411 1412 1518
f 1411 1518 1517
f 1412 1413 1518
f 1413 1414 1519
f 1413 1519 1518
f 1414 1415 1519
f 1415 1416 1519
f 1416 1417 1520
f 1416 1520 1519
f 1417 1418 1521
f 1417 1521 1520
f 1418 1419 1521
f 1419 1420 1522
f 1419 1522 1521
f 1420 1421 1522
f 1421 1422 1523
f 1421 1523 1522
f 1422 1423 1523
f 1423 1424 1524
f 1423 1524 1523
f 1424 1425 1524
f 1425 1426 1525
f 1425 1525 1524
f 1426 1427 1525
f 1427 1428 1525
f 1428 1429 1526
f 1428 1526 1525
f 1429 1430 1527
f 1429 1527 1526
f 1430 1431 1527
f 1431 1432 1528
f 1431 1528 1527
f 1432 1433 1528
f 1433 1434 1528
f 1434 1435 1529
f 1434 1529 1528
f 1435 1436 1499
f 1435 1499 1529
f 1436 1437 1499
f 1437 1530 1499
f 1326 1438 1279
f 1326 1279 1248
f 1438 1439 1249
f 1438 1249 1279
f 1439 1440 1280
f 1439 1280 1249
f 1440 1441 1250
f 1440 1250 1280
f 1441 1442 1281
f 1441 1281 1250
f 1442 1443 1251
f 1442 1251 1281
f 1443 1444 1282
f 1443 1282 1251
f 1444 1445 1252
f 1444 1252 1282
f 1445 1446 1283
f 1445 1283 1252
f 1446 1447 1253
f 1446 1253 1283
f 1447 1448 1284
f 1447 1284 1253
f 1448 1449 1254
f 1448 1254 1284
f 1449 1450 1285
f 1449 1285 1254
f 1450 1451 1255
f 1450 1255 1285
f 1451 1452 1286
f 1451 1286 1255
f 1452 1453 1256
f 1452 1256 1286
f 1453 1454 1287
f 1453 1287 1256
f 1454 1455 1257
f 1454 1257 1287
f 1455 1456 1288
f 1455 1288 1257
f 1456 1457 1258
f 1456 1258 1288
f 1457 1458 1289
f 1457 1289 1258
f 1458 1459 1259
f 1458 1259 1289
f 1459 1460 1290
f 1459 1290 1259
f 1460 1461 1260
f 1460 1260 1290
f 1461 1462 1291
f 1461 1291 1260
f 1462 1463 1261
f 1462 1261 1291
f 1463 1464 1292
f 1463 1292 1261
f 1464 1465 1262
f 1464 1262 1292
f 1465 1466 1293
f 1465 1293 1262
f 1466 1467 1263
f 1466 1263 1293
f 1467 1294 1263
f 1405 1560 1530
f 1405 1530 1437
f 1560 1561 1531
f 1560 1531 1530
f 1561 1562 1532
f 1561 1532 1531
f 1562 1563 1533
f 1562 1533 1532
f 1563 1564 1534
f 1563 1534 1533
f 1564 1565 1535
f 1564 1535 1534
f 1565 1566 1536
f 1565 1536 1535
f 1566 1567 1537
f 1566 1537 1536
f 1567 1568 1538
f 1567 1538 1537
f 1568 1569 1539
f 1568 1539 1538
f 1569 1570 1540
f 1569 1540 1539
f 1570 1571 1541
f 1570 1541 1540
f 1571 1572 1542
f 1571 1542 1541
f 1572 1573 1543
f 1572 1543 1542
f 1573 1574 1544
f 1573 1544 1543
f 1574 1575 1545
f 1574 1545 1544
f 1575 1576 1546
f 1575 1546 1545
f 1576 1577 1547
f 1576 1547 1546
f 1577 1578 1548
f 1577 1548 1547
f 1578 1579 1549
f 1578 1549 1548
f 1579 1580 1550
f 1579 1550 1549
f 1580 1581 1551
f 1580 1551 1550
f 1581 1582 1552
f 1581 1552 1551
f 1582 1583 1553
f 1582 1553 1552
f 1583 1584 1554
f 1583 1554 1553
f 1584 1585 1555
f 1584 1555 1554
f 1585 1586 1556
f 1585 1556 1555
f 1586 1587 1557
f 1586 1557 1556
f 1587 1588 1558
f 1587 1558 1557
f 1588 1589 1559
f 1588 1559 1558
f 1589 1374 1406
f 1589 1406 1559
f 1590 1560 1405
f 1590 1591 1561
f 1590 1561 1560
f 1591 1562 1561
f 1591 1592 1563
f 1591 1563 1562
f 1592 1564 1563
f 1592 1593 1565
f 1592 1565 1564
f 1593 1566 1565
f 1593 1594 1567
f 1593 1567 1566
f 1594 1568 1567
f 1594 1595 1569
f 1594 1569 1568
f 1595 1570 1569
f 1595 1596 1571
f 1595 1571 1570
f 1596 1572 1571
f 1596 1597 1573
f 1596 1573 1572
f 1597 1574 1573
f 1597 1598 1575
f 1597 1575 1574
f 1598 1576 1575
f 1598 1599 1577
f 1598 1577 1576
f 1599 1578 1577
f 1599 1600 1579
f 1599 1579 1578
f 1600 1580 1579
f 1600 1601 1581
f 1600 1581 1580
f 1601 1582 1581
f 1601 1602 1583
f 1601 1583 1582
f 1602 1584 1583
f 1602 1603 1585
f 1602 1585 1584
f 1603 1586 1585
f 1603 1604 1587
f 1603 1587 1586
f 1604 1588 1587
f 1604 1605 1589
f 1604 1589 1588
f 1605 1374 1589
f 1605 1606 1375
f 1605 1375 1374
f 1606 1376 1375
f 1606 1607 1377
f 1606 1377 1376
f 1607 1378 1377
f 1607 1608 1379
f 1607 1379 1378
f 1608 1380 1379
f 1608 1609 1381
f 1608 1381 1380
f 1609 1382 1381
f 1609 1610 1383
f 1609 1383 1382
f 1610 1384 1383
f 1610 1611 1385
f 1610 1385 1384
f 1611 1386 1385
f 1611 1612 1387
f 1611 1387 1386
f 1612 1388 1387
f 1612 1613 1389
f 1612 1389 1388
f 1613 1390 1389
f 1613 1614 1391
f 1613 1391 1390
f 1614 1392 1391
f 1614 1615 1393
f 1614 1393 1392
f 1615 1394 1393
f 1615 1616 1395
f 1615 1395 1394
f 1616 1396 1395
f 1616 1617 1397
f 1616 1397 1396
f 1617 1398 1397
f 1617 1618 1399
f 1617 1399 1398
f 1618 1400 1399
f 1618 1619 1401
f 1618 1401 1400
f 1619 1402 1401
f 1619 1620 1403
f 1619 1403 1402
f 1620 1404 1403
f 1620 1590 1405
f 1620 1405 1404
f 1621 1606 1605
f 1621 1622 1607
f 1621 1607 1606
f 1622 1623 1608
f 1622 1608 1607
f 1623 1624 1609
f 1623 1609 1608
f 1624 1625 1610
f 1624 1610 1609
f 1625 1626 1611
f 1625 1611 1610
f 1626 1627 1612
f 1626 1612 1611
f 1627 1628 1613
f 1627 1613 1612
f 1628 1629 1614
f 1628 1614 1613
f 1629 1630 1615
f 1629 1615 1614
f 1630 1631 1616
f 1630 1616 1615
f 1631 1632 1617
f 1631 1617 1616
f 1632 1633 1618
f 1632 1618 1617
f 1633 1634 1619
f 1633 1619 1618
f 1634 1635 1620
f 1634 1620 1619
f 1635 1636 1620
f 1636 1590 1620
f 1636 1637 1590
f 1637 1591 1590
f 1637 1638 1591
f 1638 1592 1591
f 1638 1639 1592
f 1639 1593 1592
f 1639 1640 1593
f 1640 1594 1593
f 1640 1641 1594
f 1641 1595 1594
f 1641 1642 1595
f 1642 1596 1595
f 1642 1643 1596
f 1643 1597 1596
f 1643 1644 1597
f 1644 1598 1597
f 1644 1645 1598
f 1645 1599 1598
f 1645 1646 1599
f 1646 1600 1599
f 1646 1647 1600
f 1647 1601 1600
f 1647 1648 1601
f 1648 1602 1601
f 1648 1649 1602
f 1649 1603 1602
f 1649 1650 1603
f 1650 1604 1603
f 1650 1651 1605
f 1650 1605 1604
f 1651 1621 1605
f 1653 1639 1638
f 1654 1640 1639
f 1640 1655 1641
f 1655 1656 1641
f 1656 1657 1642
f 1657 1643 1642
f 1658 1644 1643
f 1658 1659 1644
f 1659 1645 1644
f 1659 1660 1645
f 1661 1647 1646
f 1647 1662 1648
f 1651 1666 1621
f 1666 1667 1622
f 1666 1622 1621
f 1671 1626 1625
f 1626 1672 1627
f 1628 1674 1629
f 1629 1675 1630
f 1676 1677 1631
f 1678 1633 1632
f 1681 1682 1637
f 1681 1637 1636
f 1683 1684 1652
f 1683 1652 1682
f 1684 1638 1652
f 1684 1685 1653
f 1684 1653 1638
f 1685 1639 1653
f 1685 1686 1654
f 1685 1654 1639
f 1686 1640 1654
f 1686 1687 1655
f 1686 1655 1640
f 1687 1688 1656
f 1687 1656 1655
f 1688 1689 1657
f 1688 1657 1656
f 1689 1643 1657
f 1689 1690 1658
f 1689 1658 1643
f 1690 1691 1659
f 1690 1659 1658
f 1691 1692 1660
f 1691 1660 1659
f 1692 1646 1660
f 1692 1693 1661
f 1692 1661 1646
f 1693 1647 1661
f 1693 1694 1662
f 1693 1662 1647
f 1694 1648 1662
f 1694 1695 1663
f 1694 1663 1648
f 1695 1649 1663
f 1695 1696 1664
f 1695 1664 1649
f 1696 1650 1664
f 1696 1697 1665
f 1696 1665 1650
f 1697 1651 1665
f 1697 1698 1666
f 1697 1666 1651
f 1698 1699 1667
f 1698 1667 1666
f 1699 1622 1667
f 1699 1700 1668
f 1699 1668 1622
f 1700 1669 1668
f 1700 1701 1669
f 1701 1670 1669
f 1701 1702 1670
f 1702 1671 1670
f 1702 1703 1671
f 1703 1626 1671
f 1703 1704 1672
f 1703 1672 1626
f 1704 1673 1672
f 1704 1705 1673
f 1705 1674 1673
f 1705 1706 1674
f 1706 1675 1674
f 1706 1707 1675
f 1707 1630 1675
f 1707 1708 1676
f 1707 1676 1630
f 1708 1677 1676
f 1708 1709 1677
f 1709 1678 1677
f 1709 1710 1678
f 1710 1633 1678
f 1710 1711 1679
f 1710 1679 1633
f 1711 1634 1679
f 1711 1712 1680
f 1711 1680 1634
f 1712 1635 1680
f 1712 1713 1681
f 1712 1681 1635
f 1713 1683 1682
f 1713 1682 1681
f 1683 1745 1714
f 1714 1746 1684
f 1714 1745 1746
f 1684 1746 1715
f 1715 1747 1685
f 1715 1746 1747
f 1685 1747 1716
f 1716 1748 1686
f 1716 1747 1748
f 1686 1748 1717
f 1717 1749 1687
f 1717 1748 1749
f 1687 1749 1718
f 1718 1750 1688
f 1718 1749 1750
f 1688 1750 1719
f 1719 1751 1689
f 1719 1750 1751
f 1689 1751 1720
f 1720 1752 1690
f 1720 1751 1752
f 1690 1752 1721
f 1721 1753 1691
f 1721 1752 1753
f 1691 1753 1722
f 1722 1754 1692
f 1722 1753 1754
f 1692 1754 1723
f 1723 1755 1693
f 1723 1754 1755
f 1693 1755 1724
f 1724 1756 1694
f 1724 1755 1756
f 1694 1756 1725
f 1725 1757 1695
f 1725 1756 1757
f 1695 1757 1726
f 1726 1758 1696
f 1726 1757 1758
f 1696 1758 1727
f 1727 1759 1697
f 1727 1758 1759
f 1697 1759 1728
f 1728 1760 1698
f 1728 1759 1760
f 1698 1760 1729
f 1729 1761 1699
f 1729 1760 1761
f 1699 1761 1730
f 1730 1762 1700
f 1730 1761 1762
f 1700 1762 1731
f 1731 1763 1701
f 1731 1762 1763
f 1701 1763 1732
f 1732 1764 1702
f 1732 1763 1764
f 1702 1764 1733
f 1733 1765 1703
f 1733 1764 1765
f 1703 1765 1734
f 1734 1766 1704
f 1734 1765 1766
f 1704 1766 1735
f 1735 1767 1705
f 1735 1766 1767
f 1705 1767 1736
f 1736 1768 1706
f 1736 1767 1768
f 1706 1768 1737
f 1737 1769 1707
f 1737 1768 1769
f 1707 1769 1738
f 1738 1770 1708
f 1738 1769 1770
f 1708 1770 1739
f 1739 1771 1709
f 1739 1770 1771
f 1709 1771 1740
f 1740 1772 1710
f 1740 1771 1772
f 1710 1772 1741
f 1741 1773 1711
f 1741 1772 1773
f 1711 1773 1742
f 1742 1774 1712
f 1742 1773 1774
f 1712 1774 1743
f 1743 1775 1713
f 1743 1774 1775
f 1713 1775 1744
f 1744 1745 1683
f 1744 1775 1745
f 1747 1746 1760
f 1780 1784 1790
f 1796 1779 1790
f 1781 1786 1790
f 1781 1786 1780
f 1781 1786 1803
f 1803 1804 1797
f 1804 1782 1797
f 1803 1797 1793
f 1781 1786 1788
f 1786 1793 1788
f 1781 1783 1788
f 1749 1747 1760
f 1776 1789 1778
f 1787 1780 1790
f 1780 1790 1786
f 1790 1795 1793
f 1795 1782 1793
f 1780 1786 1784
f 1786 1793 1784
f 1783 1788 1793
f 1797 1782 1793
f 1783 1788 1784
f 1788 1784 1793
f 1750 1749 1760
f 1789 1777 1778
f 1778 1792 1785
f 1780 1790 1795
f 1790 1779 1795
f 1780 1795 1785
f 1795 1793 1788
f 1788 1784 1795
f 1784 1788 1786
f 1751 1750 1760
f 1776 1778 1777
f 1778 1785 1789
f 1789 1777 1785
f 1785 1795 1792
f 1795 1779 1792
f 1785 1787 1792
f 1784 1787 1795
f 1786 1804 1793
f 1793 1782 1804
f 1786 1788 1804
f 1753 1751 1760
f 1785 1792 1789
f 1792 1779 1789
f 1787 1796 1792
f 1792 1779 1796
f 1787 1790 1795
f 1788 1790 1804
f 1754 1753 1760
f 1795 1782 1790
f 1790 1793 1804
f 1755 1754 1760
f 1794 1789 1779
f 1757 1755 1760
f 1794 1777 1789
f 1796 1795 1782
f 1797 1795 1782
f 1758 1757 1760
f 1777 1794 1779
f 1798 1796 1782
f 1798 1797 1782
f 1782 1758 1760
f 1779 1798 1782
f 1781 1745 1791
f 1760 1776 1777
f 1779 1782 1760
f 1760 1777 1779
f 1799 1745 1781
f 1759 1779 1760
f 1753 1779 1754
f 1754 1779 1755
f 1755 1779 1756
f 1756 1779 1757
f 1757 1779 1758
f 1758 1779 1759
f 1779 1760 1761
f 1752 1779 1753
f 1779 1776 1777
f 1746 1779 1747
f 1747 1779 1748
f 1748 1779 1749
f 1749 1779 1750
f 1750 1779 1751
f 1751 1779 1752
f 1779 1761 1800
f 1745 1779 1746
f 1801 1745 1799
f 1779 1778 1776
f 1778 1745 1801
f 1779 1800 1802
f 1778 1779 1745
f 1805 1815 1819
f 1815 1801 1819
f 1805 1813 1817
f 1813 1799 1817
f 1806 1810 1816
f 1817 1811 1810
f 1810 1811 1806
f 1816 1821 1817
f 1821 1807 1817
f 1811 1817 1806
f 1802 1812 1816
f 1816 1818 1822
f 1802 1814 1812
f 1812 1818 1814
f 1802 1806 1814
f 1809 1812 1825
f 1825 1822 1818
f 1809 1814 1812
f 1809 1808 1814
f 1820 1813 1817
f 1813 1806 1817
f 1817 1807 1820
f 1813 1820 1806
f 1806 1814 1818
f 1822 1807 1818
f 1806 1814 1810
f 1814 1818 1810
f 1808 1814 1818
f 1822 1775 1818
f 1808 1814 1810
f 1800 1760 1761
f 1773 1745 1774
f 1774 1745 1775
f 1815 1801 1776
f 1805 1817 1819
f 1817 1799 1819
f 1805 1819 1811
f 1806 1820 1811
f 1816 1810 1818
f 1825 1810 1818
f 1810 1825 1812
f 1825 1818 1812
f 1770 1745 1771
f 1771 1745 1772
f 1772 1745 1773
f 1819 1801 1811
f 1811 1819 1821
f 1819 1799 1821
f 1811 1820 1821
f 1820 1807 1821
f 1811 1821 1813
f 1810 1818 1820
f 1818 1807 1820
f 1810 1820 1813
f 1812 1818 1826
f 1818 1775 1826
f 1812 1826 1814
f 1769 1745 1770
f 1815 1811 1801
f 1811 1815 1821
f 1821 1815 1799
f 1813 1820 1822
f 1820 1807 1822
f 1813 1822 1816
f 1814 1826 1822
f 1826 1775 1822
f 1814 1822 1816
f 1762 1776 1777
f 1768 1745 1769
f 1813 1821 1817
f 1816 1817 1822
f 1822 1817 1807
f 1762 1745 1763
f 1763 1745 1764
f 1764 1745 1765
f 1765 1745 1766
f 1766 1745 1767
f 1767 1745 1768
f 1819 1799 1815
f 1819 1817 1807
f 1820 1818 1775
f 1761 1745 1762
f 1821 1819 1807
f 1822 1820 1775
f 1801 1776 1778
f 1823 1819 1801
f 1823 1799 1819
f 1824 1775 1822
f 1802 1800 1761
f 1801 1799 1823
f 1799 1807 1821
f 1807 1775 1824
f 1761 1791 1745
f 1762 1777 1779
f 1799 1776 1801
f 1762 1779 1802
f 1762 1802 1761
f 1781 1776 1799
f 1808 1761 1762
f 1764 1761 1808
f 1766 1761 1764
f 1791 1776 1781
f 1814 1761 1766
f 1768 1761 1814
f 1818 1761 1768
f 1771 1761 1818
f 1822 1761 1771
f 1774 1761 1822
f 1775 1761 1774
f 1791 1801 1776
f 1775 1791 1761
f 1807 1791 1775
f 1791 1799 1801
f 1791 1807 1799
f 1186 1187 1827
f 1186 1827 1154
f 1187 1188 1828
f 1187 1828 1827
f 1188 1189 1829
f 1188 1829 1828
f 1189 1190 1830
f 1189 1830 1829
f 1190 1191 1831
f 1190 1831 1830
f 1191 1192 1832
f 1191 1832 1831
f 1192 1193 1833
f 1192 1833 1832
f 1193 1194 1834
f 1193 1834 1833
f 1194 1195 1835
f 1194 1835 1834
f 1195 1196 1836
f 1195 1836 1835
f 1196 1197 1837
f 1196 1837 1836
f 1197 1198 1838
f 1197 1838 1837
f 1198 1199 1839
f 1198 1839 1838
f 1199 1200 1840
f 1199 1840 1839
f 1200 1201 1841
f 1200 1841 1840
f 1201 1202 1842
f 1201 1842 1841
f 1202 1203 1843
f 1202 1843 1842
f 1203 1204 1844
f 1203 1844 1843
f 1204 1205 1845
f 1204 1845 1844
f 1205 1206 1846
f 1205 1846 1845
f 1206 1207 1847
f 1206 1847 1846
f 1207 1208 1848
f 1207 1848 1847
f 1208 1209 1849
f 1208 1849 1848
f 1209 1210 1850
f 1209 1850 1849
f 1210 1211 1851
f 1210 1851 1850
f 1211 1212 1852
f 1211 1852 1851
f 1212 1213 1853
f 1212 1853 1852
f 1213 1214 1854
f 1213 1854 1853
f 1214 1215 1855
f 1214 1855 1854
f 1215 1216 1856
f 1215 1856 1855
f 1216 1155 1123
f 1216 1123 1856
f 1154 1827 1092
f 1154 1092 1091
f 1827 1828 1093
f 1827 1093 1092
f 1828 1829 1094
f 1828 1094 1093
f 1829 1830 1095
f 1829 1095 1094
f 1830 1831 1096
f 1830 1096 1095
f 1831 1832 1097
f 1831 1097 1096
f 1832 1833 1098
f 1832 1098 1097
f 1833 1834 1099
f 1833 1099 1098
f 1834 1835 1100
f 1834 1100 1099
f 1835 1836 1101
f 1835 1101 1100
f 1836 1837 1102
f 1836 1102 1101
f 1837 1838 1103
f 1837 1103 1102
f 1838 1839 1104
f 1838 1104 1103
f 1839 1840 1105
f 1839 1105 1104
f 1840 1841 1106
f 1840 1106 1105
f 1841 1842 1107
f 1841 1107 1106
f 1842 1843 1108
f 1842 1108 1107
f 1843 1844 1109
f 1843 1109 1108
f 1844 1845 1110
f 1844 1110 1109
f 1845 1846 1111
f 1845 1111 1110
f 1846 1847 1112
f 1846 1112 1111
f 1847 1848 1113
f 1847 1113 1112
f 1848 1849 1114
f 1848 1114 1113
f 1849 1850 1115
f 1849 1115 1114
f 1850 1851 1116
f 1850 1116 1115
f 1851 1852 1117
f 1851 1117 1116
f 1852 1853 1118
f 1852 1118 1117
f 1853 1854 1119
f 1853 1119 1118
f 1854 1855 1120
f 1854 1120 1119
f 1855 1856 1121
f 1855 1121 1120
f 1856 1123 1122
f 1856 1122 1121
f 782 783 721
f 782 721 720
f 783 784 722
f 783 722 721
f 784 785 723
f 784 723 722
f 785 786 724
f 785 724 723
f 786 787 725
f 786 725 724
f 787 788 726
f 787 726 725
f 788 789 727
f 788 727 726
f 789 790 728
f 789 728 727
f 790 791 729
f 790 729 728
f 791 792 730
f 791 730 729
f 792 793 731
f 792 731 730
f 793 794 732
f 793 732 731
f 794 795 733
f 794 733 732
f 795 796 734
f 795 734 733
f 796 797 735
f 796 735 734
f 797 798 736
f 797 736 735
f 798 799 737
f 798 737 736
f 799 800 738
f 799 738 737
f 800 801 739
f 800 739 738
f 801 802 740
f 801 740 739
f 802 803 741
f 802 741 740
f 803 804 742
f 803 742 741
f 804 805 743
f 804 743 742
f 805 806 744
f 805 744 743
f 806 807 745
f 806 745 744
f 807 808 746
f 807 746 745
f 808 809 747
f 808 747 746
f 809 810 748
f 809 748 747
f 810 811 749
f 810 749 748
f 811 812 750
f 811 750 749
f 812 751 689
f 812 689 750
f 63 1858 64
f 63 1857 1858
f 64 1859 65
f 64 1858 1859
f 65 1860 66
f 65 1859 1860
f 66 1861 67
f 66 1860 1861
f 67 1862 68
f 67 1861 1862
f 68 1863 69
f 68 1862 1863
f 69 1864 70
f 69 1863 1864
f 70 1865 71
f 70 1864 1865
f 71 1866 72
f 71 1865 1866
f 72 1867 73
f 72 1866 1867
f 73 1868 74
f 73 1867 1868
f 74 1869 75
f 74 1868 1869
f 75 1870 76
f 75 1869 1870
f 76 1871 77
f 76 1870 1871
f 77 1872 78
f 77 1871 1872
f 78 1873 79
f 78 1872 1873
f 79 1874 80
f 79 1873 1874
f 80 1875 81
f 80 1874 1875
f 81 1876 82
f 81 1875 1876
f 82 1877 83
f 82 1876 1877
f 83 1878 84
f 83 1877 1878
f 84 1879 85
f 84 1878 1879
f 85 1880 86
f 85 1879 1880
f 86 1881 87
f 86 1880 1881
f 87 1882 88
f 87 1881 1882
f 88 1883 89
f 88 1882 1883
f 89 1884 90
f 89 1883 1884
f 90 1885 91
f 90 1884 1885
f 91 1886 92
f 91 1885 1886
f 92 1887 93
f 92 1886 1887
f 93 1888 94
f 93 1887 1888
f 94 1889 95
f 94 1888 1889
f 95 1890 96
f 95 1889 1890
f 96 1891 97
f 96 1890 1891
f 97 1892 98
f 97 1891 1892
f 98 1893 99
f 98 1892 1893
f 99 1894 100
f 99 1893 1894
f 100 1895 101
f 100 1894 1895
f 101 1896 102
f 101 1895 1896
f 102 1897 103
f 102 1896 1897
f 103 1898 104
f 103 1897 1898
f 104 1899 105
f 104 1898 1899
f 105 1900 106
f 105 1899 1900
f 106 1901 107
f 106 1900 1901
f 107 1902 108
f 107 1901 1902
f 108 1903 109
f 108 1902 1903
f 109 1904 110
f 109 1903 1904
f 110 1905 111
f 110 1904 1905
f 111 1906 112
f 111 1905 1906
f 112 1907 113
f 112 1906 1907
f 113 1908 114
f 113 1907 1908
f 114 1909 115
f 114 1908 1909
f 115 1910 116
f 115 1909 1910
f 116 1911 117
f 116 1910 1911
f 117 1912 118
f 117 1911 1912
f 118 1913 119
f 118 1912 1913
f 119 1914 120
f 119 1913 1914
f 120 1915 121
f 120 1914 1915
f 121 1916 122
f 121 1915 1916
f 122 1917 123
f 122 1916 1917
f 123 1918 124
f 123 1917 1918
f 124 1857 63
f 124 1918 1857
f 1857 1859 1858
f 1857 1860 1859
f 1857 1861 1860
f 1857 1862 1861
f 1857 1863 1862
f 1857 1864 1863
f 1857 1865 1864
f 1857 1866 1865
f 1857 1867 1866
f 1857 1868 1867
f 1857 1869 1868
f 1857 1870 1869
f 1857 1871 1870
f 1857 1872 1871
f 1857 1873 1872
f 1857 1874 1873
f 1857 1875 1874
f 1857 1876 1875
f 1857 1877 1876
f 1857 1878 1877
f 1857 1879 1878
f 1857 1880 1879
f 1857 1881 1880
f 1857 1882 1881
f 1857 1883 1882
f 1857 1884 1883
f 1857 1885 1884
f 1857 1886 1885
f 1857 1887 1886
f 1857 1888 1887
f 1857 1889 1888
f 1857 1890 1889
f 1857 1891 1890
f 1857 1892 1891
f 1857 1893 1892
f 1857 1894 1893
f 1857 1895 1894
f 1857 1896 1895
f 1857 1897 1896
f 1857 1898 1897
f 1857 1899 1898
f 1857 1900 1899
f 1857 1901 1900
f 1857 1902 1901
f 1857 1903 1902
f 1857 1904 1903
f 1857 1905 1904
f 1857 1906 1905
f 1857 1907 1906
f 1857 1908 1907
f 1857 1909 1908
f 1857 1910 1909
f 1857 1911 1910
f 1857 1912 1911
f 1857 1913 1912
f 1857 1914 1913
f 1857 1915 1914
f 1857 1916 1915
f 1857 1917 1916
f 1857 1918 1917
f 1295 1327 1467
f 1327 1294 1467
