v -0.619497024 -0.268045588 -2.355000000
v -0.611252845 -0.286347620 -2.355000000
v -0.602468106 -0.304396421 -2.355000000
v -0.593150576 -0.322176031 -2.355000000
v -0.583308494 -0.339670724 -2.355000000
v -0.572950565 -0.356865031 -2.355000000
v -0.562085949 -0.373743744 -2.355000000
v -0.550724253 -0.390291939 -2.355000000
v -0.619497024 -0.268045588 -1.566213203
v -0.611252845 -0.286347620 -1.566213203
v -0.602468106 -0.304396421 -1.566213203
v -0.593150576 -0.322176031 -1.566213203
v -0.583308494 -0.339670724 -1.566213203
v -0.572950565 -0.356865031 -1.566213203
v -0.562085949 -0.373743744 -1.566213203
v -0.550724253 -0.390291939 -1.566213203
v -0.490459792 -0.463760922 -2.355000000
v -0.476453134 -0.478139531 -2.355000000
v -0.462025126 -0.492095299 -2.355000000
v -0.447188527 -0.505615883 -2.355000000
v -0.431956458 -0.518689328 -2.355000000
v -0.416342389 -0.531304070 -2.355000000
v -0.400360129 -0.543448955 -2.355000000
v -0.384023811 -0.555113243 -2.355000000
v -0.490459792 -0.463760922 -1.566213203
v -0.476453134 -0.478139531 -1.566213203
v -0.462025126 -0.492095299 -1.566213203
v -0.447188527 -0.505615883 -1.566213203
v -0.431956458 -0.518689328 -1.566213203
v -0.416342389 -0.531304070 -1.566213203
v -0.400360129 -0.543448955 -1.566213203
v -0.384023811 -0.555113243 -1.566213203
v -0.302265870 -0.603539844 -2.355000000
v -0.284186143 -0.612260758 -2.355000000
v -0.265855097 -0.620440221 -2.355000000
v -0.247288942 -0.628070999 -2.355000000
v -0.228504098 -0.635146343 -2.355000000
v -0.209517177 -0.641659998 -2.355000000
v -0.190344969 -0.647606202 -2.355000000
v -0.171004431 -0.652979697 -2.355000000
v -0.302265870 -0.603539844 -1.566213203
v -0.284186143 -0.612260758 -1.566213203
v -0.265855097 -0.620440221 -1.566213203
v -0.247288942 -0.628070999 -1.566213203
v -0.228504098 -0.635146343 -1.566213203
v -0.209517177 -0.641659998 -1.566213203
v -0.190344969 -0.647606202 -1.566213203
v -0.171004431 -0.652979697 -1.566213203
v -0.077614224 -0.670522954 -2.355000000
v -0.057642109 -0.672534302 -2.355000000
v -0.037619019 -0.673950895 -2.355000000
v -0.017562661 -0.674771482 -2.355000000
v 0.002509229 -0.674995336 -2.355000000
v 0.022578900 -0.674622260 -2.355000000
v 0.042628603 -0.673652583 -2.355000000
v 0.062640608 -0.672087163 -2.355000000
v -0.077614224 -0.670522954 -1.566213203
v -0.057642109 -0.672534302 -1.566213203
v -0.037619019 -0.673950895 -1.566213203
v -0.017562661 -0.674771482 -1.566213203
v 0.002509229 -0.674995336 -1.566213203
v 0.022578900 -0.674622260 -1.566213203
v 0.042628603 -0.673652583 -1.566213203
v 0.062640608 -0.672087163 -1.566213203
v 0.156398844 -0.656631100 -2.355000000
v 0.175854414 -0.651690283 -2.355000000
v 0.195154467 -0.646173145 -2.355000000
v 0.214281936 -0.640084566 -2.355000000
v 0.233219906 -0.633429930 -2.355000000
v 0.251951627 -0.626215121 -2.355000000
v 0.270460536 -0.618446520 -2.355000000
v 0.288730264 -0.610130998 -2.355000000
v 0.156398844 -0.656631100 -1.566213203
v 0.175854414 -0.651690283 -1.566213203
v 0.195154467 -0.646173145 -1.566213203
v 0.214281936 -0.640084566 -1.566213203
v 0.233219906 -0.633429930 -1.566213203
v 0.251951627 -0.626215121 -1.566213203
v 0.270460536 -0.618446520 -1.566213203
v 0.288730264 -0.610130998 -1.566213203
v 0.371547902 -0.563539844 -2.355000000
v 0.388140299 -0.552242798 -2.355000000
v 0.404389444 -0.540457378 -2.355000000
v 0.420280969 -0.528194005 -2.355000000
v 0.435800820 -0.515463525 -2.355000000
v 0.450935270 -0.502277196 -2.355000000
v 0.465670938 -0.488646680 -2.355000000
v 0.479994790 -0.474584030 -2.355000000
v 0.371547902 -0.563539844 -1.566213203
v 0.388140299 -0.552242798 -1.566213203
v 0.404389444 -0.540457378 -1.566213203
v 0.420280969 -0.528194005 -1.566213203
v 0.435800820 -0.515463525 -1.566213203
v 0.450935270 -0.502277196 -1.566213203
v 0.465670938 -0.488646680 -1.566213203
v 0.479994790 -0.474584030 -1.566213203
v 0.541882801 -0.402477366 -2.355000000
v 0.553610736 -0.386186682 -2.355000000
v 0.564849087 -0.369554474 -2.355000000
v 0.575587915 -0.352595451 -2.355000000
v 0.585817723 -0.335324612 -2.355000000
v 0.595529465 -0.317757229 -2.355000000
v 0.604714551 -0.299908838 -2.355000000
v 0.613364860 -0.281795224 -2.355000000
v 0.541882801 -0.402477366 -1.566213203
v 0.553610736 -0.386186682 -1.566213203
v 0.564849087 -0.369554474 -1.566213203
v 0.575587915 -0.352595451 -1.566213203
v 0.585817723 -0.335324612 -1.566213203
v 0.595529465 -0.317757229 -1.566213203
v 0.604714551 -0.299908838 -1.566213203
v 0.613364860 -0.281795224 -1.566213203
v 0.646858636 -0.192870178 -2.355000000
v 0.652307547 -0.173550752 -2.355000000
v 0.657179593 -0.154077847 -2.355000000
v 0.661470463 -0.134468683 -2.355000000
v 0.665176363 -0.114740602 -2.355000000
v 0.668294017 -0.094911051 -2.355000000
v 0.670820666 -0.074997565 -2.355000000
v 0.672754076 -0.055017755 -2.355000000
v 0.646858636 -0.192870178 -1.566213203
v 0.652307547 -0.173550752 -1.566213203
v 0.657179593 -0.154077847 -1.566213203
v 0.661470463 -0.134468683 -1.566213203
v 0.665176363 -0.114740602 -1.566213203
v 0.668294017 -0.094911051 -1.566213203
v 0.670820666 -0.074997565 -1.566213203
v 0.672754076 -0.055017755 -1.566213203
v 0.673813772 0.040000000 -2.355000000
v 0.672326442 0.060017960 -2.355000000
v 0.670244541 0.079982843 -2.355000000
v 0.667569911 0.099876994 -2.355000000
v 0.664304917 0.119682818 -2.355000000
v 0.660452447 0.139382802 -2.355000000
v 0.656015907 0.158959522 -2.355000000
v 0.650999221 0.178395667 -2.355000000
v 0.673813772 0.040000000 -1.566213203
v 0.672326442 0.060017960 -1.566213203
v 0.670244541 0.079982843 -1.566213203
v 0.667569911 0.099876994 -1.566213203
v 0.664304917 0.119682818 -1.566213203
v 0.660452447 0.139382802 -1.566213203
v 0.656015907 0.158959522 -1.566213203
v 0.650999221 0.178395667 -1.566213203
v 0.619497024 0.268045588 -2.355000000
v 0.611252845 0.286347620 -2.355000000
v 0.602468106 0.304396421 -2.355000000
v 0.593150576 0.322176031 -2.355000000
v 0.583308494 0.339670724 -2.355000000
v 0.572950565 0.356865031 -2.355000000
v 0.562085949 0.373743744 -2.355000000
v 0.550724253 0.390291939 -2.355000000
v 0.619497024 0.268045588 -1.566213203
v 0.611252845 0.286347620 -1.566213203
v 0.602468106 0.304396421 -1.566213203
v 0.593150576 0.322176031 -1.566213203
v 0.583308494 0.339670724 -1.566213203
v 0.572950565 0.356865031 -1.566213203
v 0.562085949 0.373743744 -1.566213203
v 0.550724253 0.390291939 -1.566213203
v 0.490459792 0.463760922 -2.355000000
v 0.476453134 0.478139531 -2.355000000
v 0.462025126 0.492095299 -2.355000000
v 0.447188527 0.505615883 -2.355000000
v 0.431956458 0.518689328 -2.355000000
v 0.416342389 0.531304070 -2.355000000
v 0.400360129 0.543448955 -2.355000000
v 0.384023811 0.555113243 -2.355000000
v 0.490459792 0.463760922 -1.566213203
v 0.476453134 0.478139531 -1.566213203
v 0.462025126 0.492095299 -1.566213203
v 0.447188527 0.505615883 -1.566213203
v 0.431956458 0.518689328 -1.566213203
v 0.416342389 0.531304070 -1.566213203
v 0.400360129 0.543448955 -1.566213203
v 0.384023811 0.555113243 -1.566213203
v 0.302265870 0.603539844 -2.355000000
v 0.284186143 0.612260758 -2.355000000
v 0.265855097 0.620440221 -2.355000000
v 0.247288942 0.628070999 -2.355000000
v 0.228504098 0.635146343 -2.355000000
v 0.209517177 0.641659998 -2.355000000
v 0.190344969 0.647606202 -2.355000000
v 0.171004431 0.652979697 -2.355000000
v 0.302265870 0.603539844 -1.566213203
v 0.284186143 0.612260758 -1.566213203
v 0.265855097 0.620440221 -1.566213203
v 0.247288942 0.628070999 -1.566213203
v 0.228504098 0.635146343 -1.566213203
v 0.209517177 0.641659998 -1.566213203
v 0.190344969 0.647606202 -1.566213203
v 0.171004431 0.652979697 -1.566213203
v 0.077614224 0.670522954 -2.355000000
v 0.057642109 0.672534302 -2.355000000
v 0.037619019 0.673950895 -2.355000000
v 0.017562661 0.674771482 -2.355000000
v -0.002509229 0.674995336 -2.355000000
v -0.022578900 0.674622260 -2.355000000
v -0.042628603 0.673652583 -2.355000000
v -0.062640608 0.672087163 -2.355000000
v 0.077614224 0.670522954 -1.566213203
v 0.057642109 0.672534302 -1.566213203
v 0.037619019 0.673950895 -1.566213203
v 0.017562661 0.674771482 -1.566213203
v -0.002509229 0.674995336 -1.566213203
v -0.022578900 0.674622260 -1.566213203
v -0.042628603 0.673652583 -1.566213203
v -0.062640608 0.672087163 -1.566213203
v -0.156398844 0.656631100 -2.355000000
v -0.175854414 0.651690283 -2.355000000
v -0.195154467 0.646173145 -2.355000000
v -0.214281936 0.640084566 -2.355000000
v -0.233219906 0.633429930 -2.355000000
v -0.251951627 0.626215121 -2.355000000
v -0.270460536 0.618446520 -2.355000000
v -0.288730264 0.610130998 -2.355000000
v -0.156398844 0.656631100 -1.566213203
v -0.175854414 0.651690283 -1.566213203
v -0.195154467 0.646173145 -1.566213203
v -0.214281936 0.640084566 -1.566213203
v -0.233219906 0.633429930 -1.566213203
v -0.251951627 0.626215121 -1.566213203
v -0.270460536 0.618446520 -1.566213203
v -0.288730264 0.610130998 -1.566213203
v -0.371547902 0.563539844 -2.355000000
v -0.388140299 0.552242798 -2.355000000
v -0.404389444 0.540457378 -2.355000000
v -0.420280969 0.528194005 -2.355000000
v -0.435800820 0.515463525 -2.355000000
v -0.450935270 0.502277196 -2.355000000
v -0.465670938 0.488646680 -2.355000000
v -0.479994790 0.474584030 -2.355000000
v -0.371547902 0.563539844 -1.566213203
v -0.388140299 0.552242798 -1.566213203
v -0.404389444 0.540457378 -1.566213203
v -0.420280969 0.528194005 -1.566213203
v -0.435800820 0.515463525 -1.566213203
v -0.450935270 0.502277196 -1.566213203
v -0.465670938 0.488646680 -1.566213203
v -0.479994790 0.474584030 -1.566213203
v -0.541882801 0.402477366 -2.355000000
v -0.553610736 0.386186682 -2.355000000
v -0.564849087 0.369554474 -2.355000000
v -0.575587915 0.352595451 -2.355000000
v -0.585817723 0.335324612 -2.355000000
v -0.595529465 0.317757229 -2.355000000
v -0.604714551 0.299908838 -2.355000000
v -0.613364860 0.281795224 -2.355000000
v -0.541882801 0.402477366 -1.566213203
v -0.553610736 0.386186682 -1.566213203
v -0.564849087 0.369554474 -1.566213203
v -0.575587915 0.352595451 -1.566213203
v -0.585817723 0.335324612 -1.566213203
v -0.595529465 0.317757229 -1.566213203
v -0.604714551 0.299908838 -1.566213203
v -0.613364860 0.281795224 -1.566213203
v -0.646858636 0.192870178 -2.355000000
v -0.652307547 0.173550752 -2.355000000
v -0.657179593 0.154077847 -2.355000000
v -0.661470463 0.134468683 -2.355000000
v -0.665176363 0.114740602 -2.355000000
v -0.668294017 0.094911051 -2.355000000
v -0.670820666 0.074997565 -2.355000000
v -0.672754076 0.055017755 -2.355000000
v -0.646858636 0.192870178 -1.566213203
v -0.652307547 0.173550752 -1.566213203
v -0.657179593 0.154077847 -1.566213203
v -0.661470463 0.134468683 -1.566213203
v -0.665176363 0.114740602 -1.566213203
v -0.668294017 0.094911051 -1.566213203
v -0.670820666 0.074997565 -1.566213203
v -0.672754076 0.055017755 -1.566213203
v -0.673813772 -0.040000000 -2.355000000
v -0.672326442 -0.060017960 -2.355000000
v -0.670244541 -0.079982843 -2.355000000
v -0.667569911 -0.099876994 -2.355000000
v -0.664304917 -0.119682818 -2.355000000
v -0.660452447 -0.139382802 -2.355000000
v -0.656015907 -0.158959522 -2.355000000
v -0.650999221 -0.178395667 -2.355000000
v -0.673813772 -0.040000000 -1.566213203
v -0.672326442 -0.060017960 -1.566213203
v -0.670244541 -0.079982843 -1.566213203
v -0.667569911 -0.099876994 -1.566213203
v -0.664304917 -0.119682818 -1.566213203
v -0.660452447 -0.139382802 -1.566213203
v -0.656015907 -0.158959522 -1.566213203
v -0.650999221 -0.178395667 -1.566213203
v -0.541654845 -0.402286089 -1.563233417
v -0.534705363 -0.396454781 -1.550647217
v -0.531300837 -0.393598045 -2.387174310
v -0.536102157 -0.397626831 -2.372576260
v -0.369424071 -0.559861261 -1.555761996
v -0.155661245 -0.652447969 -1.555761996
v 0.076876625 -0.666339824 -1.555761996
v 0.302117083 -0.603282137 -1.563233417
v 0.490231836 -0.463569644 -1.563233417
v 0.619217395 -0.267943811 -1.563233417
v 0.673516198 -0.040000000 -1.563233417
v 0.647205653 0.192886130 -1.562862935
v 0.542203435 0.402611043 -1.562862935
v 0.371803480 0.563775123 -1.562862935
v 0.156558538 0.656939602 -1.562862935
v -0.077569674 0.670867470 -1.562862935
v -0.302341839 0.603878820 -1.562862935
v -0.490647115 0.464053472 -1.562862935
v -0.619773109 0.268256427 -1.562862935
v -0.674145319 0.040103697 -1.562862935
v -0.646579007 -0.192768402 -1.563233417
v -0.613586159 -0.265894209 -2.369651123
v -0.607692872 -0.263749228 -2.384258185
v -0.606516324 -0.263320999 -1.546211010
v 0.640821600 -0.157948338 -2.390000000
v -0.645000000 0.000000000 -2.425000000
v -0.641690714 -0.065253568 -2.425000000
v 0.641690714 -0.065253568 -2.425000000
v 0.645000000 0.000000000 -2.425000000
v 0.660000000 0.000000000 -2.390000000
v 0.660000000 -0.040000000 -2.387174310
v 0.666267679 -0.040000000 -2.372576260
v 0.640947771 -0.190718799 -2.369651123
v 0.635054484 -0.188573818 -2.384258185
v 0.606516324 -0.263320999 -2.387174310
v 0.612406015 -0.265464672 -2.372576260
v 0.537064219 -0.398434097 -2.369651123
v 0.532259968 -0.394402851 -2.384258185
v 0.479877828 -0.454881600 -2.387174310
v 0.484679149 -0.458910386 -2.372576260
v 0.368402797 -0.558092362 -2.369651123
v 0.365267044 -0.552661079 -2.384258185
v 0.295358984 -0.591576766 -2.387174310
v 0.298492823 -0.597004735 -2.372576260
v 0.155306560 -0.650436452 -2.369651123
v 0.154217525 -0.644260225 -2.384258185
v 0.075215487 -0.656919044 -2.387174310
v 0.076303858 -0.663091503 -2.372576260
v -0.076521940 -0.664328306 -2.369651123
v -0.075432904 -0.658152079 -2.384258185
v -0.154000107 -0.643027190 -2.387174310
v -0.155088478 -0.649199648 -2.372576260
v -0.299120765 -0.598092362 -2.369651123
v -0.295985012 -0.592661079 -2.384258185
v -0.364641016 -0.551576766 -2.387174310
v -0.367774856 -0.557004735 -2.372576260
v -0.485641210 -0.459717652 -2.369651123
v -0.480836959 -0.455686407 -2.384258185
v -0.633877935 -0.188145590 -2.387174310
v -0.639767627 -0.190289262 -2.372576260
v -0.667523561 -0.040000000 -2.369651123
v -0.661252057 -0.040000000 -2.384258185
v -0.660000000 -0.000723163 -2.389999075
v -0.640821600 -0.157948338 -2.390000000
v -0.631796812 -0.129837545 -2.425000000
v 0.631796812 -0.129837545 -2.425000000
v -0.615419820 -0.193089214 -2.425000000
v 0.615419820 -0.193089214 -2.425000000
v -0.592727788 -0.254359527 -2.425000000
v 0.592727788 -0.254359527 -2.425000000
v -0.563953567 -0.313019766 -2.425000000
v 0.563953567 -0.313019766 -2.425000000
v -0.529392420 -0.368467999 -2.425000000
v 0.529392420 -0.368467999 -2.425000000
v -0.489398989 -0.420135251 -2.425000000
v 0.489398989 -0.420135251 -2.425000000
v -0.444383663 -0.467491348 -2.425000000
v 0.444383663 -0.467491348 -2.425000000
v -0.394808359 -0.510050350 -2.425000000
v 0.394808359 -0.510050350 -2.425000000
v -0.341181787 -0.547375546 -2.425000000
v 0.341181787 -0.547375546 -2.425000000
v -0.284054228 -0.579083928 -2.425000000
v 0.284054228 -0.579083928 -2.425000000
v -0.224011888 -0.604850125 -2.425000000
v 0.224011888 -0.604850125 -2.425000000
v -0.161670883 -0.624409742 -2.425000000
v 0.161670883 -0.624409742 -2.425000000
v -0.097670916 -0.637562069 -2.425000000
v 0.097670916 -0.637562069 -2.425000000
v -0.032668714 -0.644172147 -2.425000000
v 0.032668714 -0.644172147 -2.425000000
v 0.584400977 -0.306717294 -2.390000000
v 0.234039225 -0.617110720 -2.390000000
v -0.234039225 -0.617110720 -2.390000000
v -0.584400977 -0.306717294 -2.390000000
v -0.660000000 -0.016671234 -2.389508787
v 0.611988869 -0.248285305 -2.388982064
v 0.490162849 -0.442624390 -2.388982064
v 0.309215955 -0.583576441 -2.388982064
v 0.090973053 -0.654140560 -2.388982064
v -0.138242541 -0.645805674 -2.388982064
v -0.350784045 -0.559577092 -2.388982064
v -0.521015816 -0.405855255 -2.388982064
v -0.628405390 -0.203181284 -2.388982064
v 0.660000000 -0.024672699 -2.388924307
v 0.617461258 -0.233250041 -2.389886832
v 0.500447575 -0.430367530 -2.389886832
v 0.323072529 -0.575576343 -2.389886832
v 0.106730168 -0.651362155 -2.389886832
v -0.122485426 -0.648584078 -2.389886832
v -0.336927471 -0.567577190 -2.389886832
v -0.510731090 -0.418112115 -2.389886832
v -0.622933002 -0.218216549 -2.389886832
v 0.521016477 -0.405854467 -2.388981978
v 0.350784936 -0.559576578 -2.388981978
v 0.138243554 -0.645805495 -2.388981978
v -0.090972040 -0.654140739 -2.388981978
v -0.309215064 -0.583576955 -2.388981978
v -0.490162188 -0.442625178 -2.388981978
v -0.611988517 -0.248286271 -2.388981978
v 0.510732089 -0.418110924 -2.389886788
v 0.336928817 -0.567576412 -2.389886788
v 0.122486957 -0.648583809 -2.389886788
v -0.106728638 -0.651362425 -2.389886788
v -0.323071183 -0.575577121 -2.389886788
v -0.500446576 -0.430368721 -2.389886788
v -0.617460726 -0.233251501 -2.389886788
v 0.628405742 -0.203180318 -2.388981978
v 0.622933533 -0.218215088 -2.389886788
v -0.000000000 -0.660000000 -2.390000000
v -0.660000000 0.040000000 -1.546211010
v -0.660000000 0.023993212 -1.545435975
v -0.660000000 0.007995476 -1.545048432
v -0.660000000 -0.007995529 -1.545048433
v -0.660000000 -0.023993293 -1.545435977
v -0.660000000 -0.040000000 -1.546211010
v -0.660000000 0.015218053 -2.389590677
v -0.660000000 0.030503814 -2.388356070
v -0.660000000 0.179458249 -1.368737001
v -0.660000000 0.167397234 -1.359207710
v -0.660000000 0.155159248 -1.349538596
v -0.646061571 0.190000582 -1.377066396
v -0.636100277 0.230033940 -1.408696365
v -0.619611734 0.269241445 -1.439673836
v -0.596765136 0.307220777 -1.469680938
v -0.567794920 0.343582216 -1.498409759
v -0.532998360 0.377952644 -1.525565501
v -0.492732516 0.409979373 -1.550869510
v -0.447410569 0.439333768 -1.574062133
v -0.397497584 0.465714611 -1.594905382
v -0.343505736 0.488851199 -1.613185376
v -0.285989055 0.508506120 -1.628714539
v -0.225537738 0.524477688 -1.641333521
v -0.162772100 0.536602013 -1.650912832
v -0.098336199 0.544754683 -1.657354178
v -0.032891236 0.548852040 -1.660591460
v 0.032891236 0.548852040 -1.660591460
v 0.098336199 0.544754683 -1.657354178
v 0.162772100 0.536602013 -1.650912832
v 0.225537738 0.524477688 -1.641333521
v 0.285989055 0.508506120 -1.628714539
v 0.343505736 0.488851199 -1.613185376
v 0.397497584 0.465714611 -1.594905382
v 0.447410569 0.439333768 -1.574062133
v 0.492732516 0.409979373 -1.550869510
v 0.532998360 0.377952644 -1.525565501
v 0.567794920 0.343582216 -1.498409759
v 0.596765136 0.307220777 -1.469680938
v 0.619611734 0.269241445 -1.439673836
v 0.636100277 0.230033940 -1.408696365
v 0.646061571 0.190000582 -1.377066396
v 0.649393398 0.149552169 -1.345108497
v 0.660000000 0.158304015 -1.352023245
v 0.660000000 0.170617823 -1.361752266
v 0.664615445 0.182168579 -1.370878407
v 0.646858636 0.283775149 -1.451156774
v 0.652307547 0.271880728 -1.441759108
v 0.657179593 0.259891815 -1.432286783
v 0.661470463 0.247819011 -1.422748178
v 0.665176363 0.235672993 -1.413151727
v 0.668294017 0.223464503 -1.403505917
v 0.670820666 0.211204337 -1.393819278
v 0.672754076 0.198903337 -1.384100377
v 0.637089658 0.273515801 -1.443050963
v 0.626415654 0.283292092 -1.450775116
v 0.619450886 0.294953226 -1.459988465
v 0.612983609 0.306055067 -1.468759922
v 0.606516324 0.317419925 -1.477739186
v 0.547807328 0.407836314 -1.549176300
v 0.559291741 0.397700350 -1.541167973
v 0.570281545 0.387358625 -1.532997076
v 0.580767022 0.376820284 -1.524670835
v 0.590738900 0.366094647 -1.516196613
v 0.600188359 0.355191200 -1.507581905
v 0.609107042 0.344119585 -1.498834329
v 0.617487064 0.332889592 -1.489961621
v 0.534705363 0.401544535 -1.544205227
v 0.520081230 0.405458153 -1.547297338
v 0.507926702 0.414193865 -1.554199340
v 0.496707157 0.422491476 -1.560755202
v 0.485487610 0.431013409 -1.567488298
v 0.486562801 0.443049121 -1.576997598
v 0.371547902 0.511985910 -1.631463888
v 0.388140299 0.505030641 -1.625968597
v 0.404389444 0.497774693 -1.620235742
v 0.420280969 0.490224483 -1.614270395
v 0.435800820 0.482386689 -1.608077830
v 0.450935270 0.474268242 -1.601663523
v 0.465670938 0.465876321 -1.595033148
v 0.479994790 0.457218348 -1.588192567
v 0.367291043 0.500290167 -1.622223195
v 0.352044232 0.499018055 -1.621218111
v 0.336928145 0.504176078 -1.625293415
v 0.321812090 0.509558562 -1.629546064
v 0.306696038 0.515165483 -1.633976038
v 0.298180225 0.525265878 -1.641956262
v 0.156398844 0.569299546 -1.676746837
v 0.175854414 0.566257626 -1.674343445
v 0.195154467 0.562860881 -1.671659710
v 0.214281936 0.559112316 -1.668698005
v 0.233219906 0.555015246 -1.665460950
v 0.251951627 0.550573294 -1.661951406
v 0.270460536 0.545790387 -1.658172478
v 0.288730264 0.540670757 -1.654127508
v 0.154950179 0.557168110 -1.667161907
v 0.139675573 0.552398912 -1.663393810
v 0.123918639 0.553903723 -1.664582746
v 0.108161738 0.555597126 -1.665920687
v 0.092404846 0.557479180 -1.667407680
v 0.076647935 0.559549503 -1.669043422
v -0.077614224 0.577852365 -1.683504337
v -0.057642109 0.579090695 -1.684482729
v -0.037619019 0.579962851 -1.685171811
v -0.017562661 0.580468063 -1.685570974
v 0.002509229 0.580605883 -1.685679865
v 0.022578900 0.580376191 -1.685498387
v 0.042628603 0.579779188 -1.685026701
v 0.062640608 0.578815404 -1.684265224
v -0.076165559 0.565720930 -1.673919407
v -0.088107571 0.558025152 -1.667839047
v -0.103864509 0.556091707 -1.666311451
v -0.119621411 0.554346829 -1.664932840
v -0.135378304 0.552790627 -1.663703300
v -0.151135211 0.551422727 -1.662622535
v -0.302265870 0.536612771 -1.650921333
v -0.284186143 0.541981990 -1.655163500
v -0.265855097 0.547017852 -1.659142286
v -0.247288942 0.551715905 -1.662854172
v -0.228504098 0.556071993 -1.666295875
v -0.209517177 0.560082265 -1.669464352
v -0.190344969 0.563743173 -1.672356800
v -0.171004431 0.567051481 -1.674970662
v -0.298009010 0.524917029 -1.641680639
v -0.307955768 0.514689658 -1.633600092
v -0.323071855 0.509101408 -1.629184871
v -0.338187910 0.503737643 -1.624947012
v -0.353303962 0.498598318 -1.620886481
v -0.368061680 0.501860340 -1.623463772
v -0.490459792 0.450554868 -1.582927816
v -0.476453134 0.459407369 -1.589922091
v -0.462025126 0.467999537 -1.596710681
v -0.447188527 0.476323776 -1.603287581
v -0.431956458 0.484372724 -1.609646977
v -0.416342389 0.492139262 -1.615783243
v -0.400360129 0.499616522 -1.621690954
v -0.384023811 0.506797891 -1.627364884
v -0.483675652 0.439727550 -1.574373256
v -0.489227504 0.428147838 -1.565224239
v -0.506991813 0.414876700 -1.554738841
v -0.519146318 0.406120750 -1.547820849
v -0.531300837 0.397627793 -1.541110646
v -0.619497024 0.330058509 -1.487724809
v -0.611252845 0.341326549 -1.496627578
v -0.602468106 0.352438682 -1.505407167
v -0.593150576 0.363385081 -1.514055811
v -0.583308494 0.374156066 -1.522565862
v -0.572950565 0.384742111 -1.530929794
v -0.562085949 0.395133855 -1.539140210
v -0.550724253 0.405322107 -1.547189849
v -0.610371025 0.320275481 -1.479995333
v -0.612486152 0.306919911 -1.469443227
v -0.618953442 0.295797795 -1.460655751
v -0.625918202 0.284114848 -1.451425167
v -0.634680380 0.271731011 -1.441640818
v -0.673813772 0.189657333 -1.376795198
v -0.672326442 0.201981821 -1.386532657
v -0.670244541 0.214273631 -1.396244297
v -0.667569911 0.226521893 -1.405921531
v -0.664304917 0.238715775 -1.415555799
v -0.660452447 0.250844494 -1.425138582
v -0.656015907 0.262897324 -1.434661406
v -0.650999221 0.274863605 -1.444115849
v -0.664510829 0.040000000 -2.376668189
v -0.670792078 0.040000000 -2.362038175
v -0.640821600 0.157948338 -2.390000000
v -0.640947771 0.190718799 -2.369651123
v -0.635054484 0.188573818 -2.384258185
v -0.606516324 0.263320999 -2.387174310
v -0.612406015 0.265464672 -2.372576260
v -0.537064219 0.398434097 -2.369651123
v -0.532259968 0.394402851 -2.384258185
v -0.479877828 0.454881600 -2.387174310
v -0.484679149 0.458910386 -2.372576260
v -0.368402797 0.558092362 -2.369651123
v -0.365267044 0.552661079 -2.384258185
v -0.295358984 0.591576766 -2.387174310
v -0.298492823 0.597004735 -2.372576260
v -0.155306560 0.650436452 -2.369651123
v -0.154217525 0.644260225 -2.384258185
v -0.075215487 0.656919044 -2.387174310
v -0.076303858 0.663091503 -2.372576260
v 0.076521940 0.664328306 -2.369651123
v 0.075432904 0.658152079 -2.384258185
v 0.154000107 0.643027190 -2.387174310
v 0.155088478 0.649199648 -2.372576260
v 0.299120765 0.598092362 -2.369651123
v 0.295985012 0.592661079 -2.384258185
v 0.364641016 0.551576766 -2.387174310
v 0.367774856 0.557004735 -2.372576260
v 0.485641210 0.459717652 -2.369651123
v 0.480836959 0.455686407 -2.384258185
v 0.531300837 0.393598045 -2.387174310
v 0.536102157 0.397626831 -2.372576260
v 0.613586159 0.265894209 -2.369651123
v 0.607692872 0.263749228 -2.384258185
v 0.633877935 0.188145590 -2.387174310
v 0.639767627 0.190289262 -2.372576260
v 0.667523561 0.040000000 -2.369651123
v 0.661252057 0.040000000 -2.384258185
v -0.641690714 0.065253568 -2.425000000
v -0.631796812 0.129837545 -2.425000000
v -0.615419820 0.193089214 -2.425000000
v -0.592727788 0.254359527 -2.425000000
v -0.563953567 0.313019766 -2.425000000
v -0.529392420 0.368467999 -2.425000000
v -0.489398989 0.420135251 -2.425000000
v -0.444383663 0.467491348 -2.425000000
v -0.394808359 0.510050350 -2.425000000
v -0.341181787 0.547375546 -2.425000000
v -0.284054228 0.579083928 -2.425000000
v -0.224011888 0.604850125 -2.425000000
v -0.161670883 0.624409742 -2.425000000
v -0.097670916 0.637562069 -2.425000000
v -0.032668714 0.644172147 -2.425000000
v 0.032668714 0.644172147 -2.425000000
v 0.097670916 0.637562069 -2.425000000
v 0.161670883 0.624409742 -2.425000000
v 0.224011888 0.604850125 -2.425000000
v 0.284054228 0.579083928 -2.425000000
v 0.341181787 0.547375546 -2.425000000
v 0.660000000 0.015944719 -2.389550660
v 0.394808359 0.510050350 -2.425000000
v 0.444383663 0.467491348 -2.425000000
v 0.489398989 0.420135251 -2.425000000
v 0.529392420 0.368467999 -2.425000000
v 0.563953567 0.313019766 -2.425000000
v 0.592727788 0.254359527 -2.425000000
v -0.628405742 0.203180318 -2.388981978
v 0.615419820 0.193089214 -2.425000000
v 0.631796812 0.129837545 -2.425000000
v -0.611988869 0.248285305 -2.388982064
v -0.490162849 0.442624390 -2.388982064
v -0.309215955 0.583576441 -2.388982064
v -0.090973053 0.654140560 -2.388982064
v 0.138242541 0.645805674 -2.388982064
v 0.350784045 0.559577092 -2.388982064
v 0.521015816 0.405855255 -2.388982064
v 0.628405390 0.203181284 -2.388982064
v 0.641690714 0.065253568 -2.425000000
v -0.622933533 0.218215088 -2.389886788
v -0.617461258 0.233250041 -2.389886832
v -0.500447575 0.430367530 -2.389886832
v -0.323072529 0.575576343 -2.389886832
v -0.106730168 0.651362155 -2.389886832
v 0.122485426 0.648584078 -2.389886832
v 0.336927471 0.567577190 -2.389886832
v 0.510731090 0.418112115 -2.389886832
v 0.622933002 0.218216549 -2.389886832
v -0.584400977 0.306717294 -2.390000000
v 0.234039225 0.617110720 -2.390000000
v -0.234039225 0.617110720 -2.390000000
v -0.521016477 0.405854467 -2.388981978
v -0.350784936 0.559576578 -2.388981978
v -0.138243554 0.645805495 -2.388981978
v 0.090972040 0.654140739 -2.388981978
v 0.309215064 0.583576955 -2.388981978
v 0.490162188 0.442625178 -2.388981978
v 0.611988517 0.248286271 -2.388981978
v 0.617460726 0.233251501 -2.389886788
v 0.640821600 0.157948338 -2.390000000
v -0.510732089 0.418110924 -2.389886788
v -0.336928817 0.567576412 -2.389886788
v -0.122486957 0.648583809 -2.389886788
v 0.106728638 0.651362425 -2.389886788
v 0.323071183 0.575577121 -2.389886788
v 0.500446576 0.430368721 -2.389886788
v 0.584400977 0.306717294 -2.390000000
v -0.000000000 0.660000000 -2.390000000
v 0.629999300 -0.000939209 -2.581000000
v -0.630000000 0.000000000 -2.581000000
v -0.629797685 -0.015964844 -2.581000000
v 0.629773184 -0.016903733 -2.581000000
v -0.629217842 -0.031382400 -2.581261605
v 0.629175982 -0.032211145 -2.581491665
v 0.625403736 -0.075961564 -2.582159818
v -0.625372884 -0.076215176 -2.582029717
v -0.623278340 -0.091782953 -2.581000000
v -0.620591287 -0.108473290 -2.581000000
v -0.617457377 -0.125085522 -2.581000000
v -0.628783702 -0.039128714 -2.614841134
v -0.626025694 -0.070652883 -2.614841134
v -0.612436435 -0.147721405 -2.591000000
v -0.612436435 -0.147721405 -2.614841134
v -0.604246213 -0.178287728 -2.614841134
v -0.577480596 -0.251825656 -2.591000000
v -0.577480596 -0.251825656 -2.614841134
v -0.564107016 -0.280505391 -2.614841134
v -0.524978302 -0.348278311 -2.591000000
v -0.524978302 -0.348278311 -2.614841134
v -0.506827713 -0.374200039 -2.614841134
v -0.456524808 -0.434148707 -2.591000000
v -0.456524808 -0.434148707 -2.614841134
v -0.434148707 -0.456524808 -2.614841134
v -0.374200039 -0.506827713 -2.591000000
v -0.374200039 -0.506827713 -2.614841134
v -0.348278311 -0.524978302 -2.614841134
v -0.280505391 -0.564107016 -2.591000000
v -0.280505391 -0.564107016 -2.614841134
v -0.251825656 -0.577480596 -2.614841134
v -0.178287728 -0.604246213 -2.591000000
v -0.178287728 -0.604246213 -2.614841134
v -0.147721405 -0.612436435 -2.614841134
v -0.070652883 -0.626025694 -2.591000000
v -0.070652883 -0.626025694 -2.614841134
v -0.039128714 -0.628783702 -2.614841134
v 0.039128714 -0.628783702 -2.591000000
v 0.039128714 -0.628783702 -2.614841134
v 0.070652883 -0.626025694 -2.614841134
v 0.147721405 -0.612436435 -2.591000000
v 0.147721405 -0.612436435 -2.614841134
v 0.178287728 -0.604246213 -2.614841134
v 0.251825656 -0.577480596 -2.591000000
v 0.251825656 -0.577480596 -2.614841134
v 0.280505391 -0.564107016 -2.614841134
v 0.348278311 -0.524978302 -2.591000000
v 0.348278311 -0.524978302 -2.614841134
v 0.374200039 -0.506827713 -2.614841134
v 0.434148707 -0.456524808 -2.591000000
v 0.434148707 -0.456524808 -2.614841134
v 0.456524808 -0.434148707 -2.614841134
v 0.506827713 -0.374200039 -2.591000000
v 0.506827713 -0.374200039 -2.614841134
v 0.524978302 -0.348278311 -2.614841134
v 0.564107016 -0.280505391 -2.591000000
v 0.564107016 -0.280505391 -2.614841134
v 0.577480596 -0.251825656 -2.614841134
v 0.604246213 -0.178287728 -2.591000000
v 0.604246213 -0.178287728 -2.614841134
v 0.612436435 -0.147721405 -2.614841134
v 0.626025694 -0.070652883 -2.614841134
v 0.628783702 -0.039128714 -2.614841134
v -0.604246213 -0.178287728 -2.591000000
v -0.564107016 -0.280505391 -2.591000000
v -0.506827713 -0.374200039 -2.591000000
v -0.434148707 -0.456524808 -2.591000000
v -0.348278311 -0.524978302 -2.591000000
v -0.251825656 -0.577480596 -2.591000000
v -0.147721405 -0.612436435 -2.591000000
v -0.039128714 -0.628783702 -2.591000000
v 0.070652883 -0.626025694 -2.591000000
v 0.178287728 -0.604246213 -2.591000000
v 0.280505391 -0.564107016 -2.591000000
v 0.374200039 -0.506827713 -2.591000000
v 0.456524808 -0.434148707 -2.591000000
v 0.524978302 -0.348278311 -2.591000000
v 0.577480596 -0.251825656 -2.591000000
v 0.612436435 -0.147721405 -2.591000000
v 0.615120951 -0.136111041 -2.581000000
v -0.600765891 -0.189684856 -2.581000000
v -0.558700477 -0.291125019 -2.581000000
v -0.499659233 -0.383719496 -2.581000000
v -0.425436095 -0.464654849 -2.581000000
v -0.338286297 -0.531471901 -2.581000000
v -0.240857841 -0.582140447 -2.581000000
v -0.136111041 -0.615120951 -2.581000000
v -0.027228577 -0.629411316 -2.581000000
v 0.082481215 -0.624577336 -2.581000000
v 0.189684856 -0.600765891 -2.581000000
v 0.291125019 -0.558700477 -2.581000000
v 0.383719496 -0.499659233 -2.581000000
v 0.464654849 -0.425436095 -2.581000000
v 0.531471901 -0.338286297 -2.581000000
v 0.582140447 -0.240857841 -2.581000000
v 0.099209755 -0.622139393 -2.581000000
v 0.115866860 -0.619253479 -2.581000000
v 0.132440534 -0.615921671 -2.581000000
v 0.205735908 -0.595460105 -2.581000000
v 0.221638820 -0.589725558 -2.581000000
v 0.237382141 -0.583566379 -2.581000000
v 0.306010879 -0.550688062 -2.581000000
v 0.320676397 -0.542279124 -2.581000000
v 0.335111011 -0.533479719 -2.581000000
v 0.396987865 -0.489183642 -2.581000000
v 0.409970383 -0.478355814 -2.581000000
v 0.422657703 -0.467183547 -2.581000000
v 0.475902575 -0.412815624 -2.581000000
v 0.486807627 -0.399897904 -2.581000000
v 0.497362154 -0.386692239 -2.581000000
v 0.540357226 -0.323904412 -2.581000000
v 0.548853468 -0.309289299 -2.581000000
v 0.556954508 -0.294451483 -2.581000000
v 0.588393397 -0.225151528 -2.581000000
v 0.594222674 -0.209283095 -2.581000000
v 0.599624081 -0.193263968 -2.581000000
v 0.618551531 -0.119557530 -2.581000000
v 0.621536724 -0.102917931 -2.581000000
v -0.611693345 -0.150768869 -2.525000000
v -0.595460105 -0.205735908 -2.581000000
v -0.589725558 -0.221638820 -2.581000000
v -0.583566379 -0.237382141 -2.581000000
v -0.550688062 -0.306010879 -2.581000000
v -0.542279124 -0.320676397 -2.581000000
v -0.533479719 -0.335111011 -2.581000000
v -0.489183642 -0.396987865 -2.581000000
v -0.478355814 -0.409970383 -2.581000000
v -0.467183547 -0.422657703 -2.581000000
v -0.412815624 -0.475902575 -2.581000000
v -0.399897904 -0.486807627 -2.581000000
v -0.386692239 -0.497362154 -2.581000000
v -0.323904412 -0.540357226 -2.581000000
v -0.309289299 -0.548853468 -2.581000000
v -0.294451483 -0.556954508 -2.581000000
v -0.225151528 -0.588393397 -2.581000000
v -0.209283095 -0.594222674 -2.581000000
v -0.193263968 -0.599624081 -2.581000000
v -0.119557530 -0.618551531 -2.581000000
v -0.102917931 -0.621536724 -2.581000000
v -0.086204225 -0.624074380 -2.581000000
v -0.010330836 -0.629915291 -2.581000000
v 0.006574344 -0.629965696 -2.581000000
v 0.023474789 -0.629562494 -2.581000000
v 0.009942291 -0.494900142 -2.581000000
v -0.005452481 -0.494969969 -2.581000000
v 0.019869044 -0.562507134 -2.581004101
v 0.037034655 -0.614093882 -2.618789827
v 0.034942366 -0.599416476 -2.622734777
v 0.032851830 -0.584751368 -2.626675987
v 0.030415079 -0.567657559 -2.631269313
v 0.027980758 -0.550580806 -2.635857359
v 0.025548942 -0.533521617 -2.640439923
v 0.023119664 -0.516480237 -2.645016866
v 0.020692902 -0.499456504 -2.649588149
v 0.051290888 -0.628547312 -2.624569733
v 0.046090159 -0.607960308 -2.630412033
v 0.043953412 -0.593002704 -2.634432163
v 0.041833896 -0.578167019 -2.638419064
v 0.039383001 -0.561013222 -2.643028304
v 0.036955912 -0.544028104 -2.647591501
v 0.034552892 -0.527214116 -2.652107953
v 0.032174000 -0.510571952 -2.656577420
v 0.029819145 -0.494101021 -2.661000000
v 0.184350792 -0.630894749 -2.617726064
v 0.115902490 -0.483665242 -2.660371073
v 0.140145235 -0.474746578 -2.661000000
v 0.122458834 -0.501913928 -2.655230142
v 0.142672382 -0.496546421 -2.655230142
v 0.129938431 -0.522355085 -2.649460284
v 0.146318950 -0.518005401 -2.649460284
v 0.137604297 -0.542738684 -2.643690425
v 0.152669159 -0.549931053 -2.640805496
v 0.142921821 -0.563712056 -2.637920567
v 0.155887931 -0.571486530 -2.635035638
v 0.153573782 -0.594487323 -2.629265780
v 0.167138792 -0.602052255 -2.626380851
v 0.153342494 -0.533381608 -2.645003638
v 0.291103813 -0.589297861 -2.617726064
v 0.198129266 -0.456191037 -2.660371069
v 0.220454992 -0.443198146 -2.661000000
v 0.207754848 -0.473023974 -2.655230142
v 0.226729249 -0.464227966 -2.655230142
v 0.218670383 -0.491855766 -2.649460284
v 0.234046731 -0.484727716 -2.649460284
v 0.229759361 -0.510598528 -2.643690425
v 0.245844297 -0.515065643 -2.640805496
v 0.238638088 -0.530329889 -2.637920567
v 0.252757237 -0.535734710 -2.635035638
v 0.254472291 -0.558787917 -2.629265780
v 0.269144855 -0.563882382 -2.626380851
v 0.243633621 -0.498650698 -2.645003638
v 0.389011792 -0.529795455 -2.617726064
v 0.274335979 -0.414855684 -2.660371069
v 0.294066335 -0.398183363 -2.661000000
v 0.286738337 -0.429761426 -2.655230142
v 0.303897063 -0.417804179 -2.655230142
v 0.300758146 -0.446411658 -2.649460284
v 0.314663119 -0.436721824 -2.649460284
v 0.314933304 -0.462944095 -2.643690425
v 0.331549580 -0.464550225 -2.640805496
v 0.327103458 -0.480833917 -2.637920567
v 0.341946643 -0.483704863 -2.635035638
v 0.347638789 -0.506110024 -2.629265780
v 0.362973088 -0.508579228 -2.626380851
v 0.326522063 -0.448768539 -2.645003638
v 0.475099844 -0.454195483 -2.617726064
v 0.342207133 -0.360915151 -2.660371069
v 0.358742622 -0.341069980 -2.661000000
v 0.357009425 -0.373440795 -2.655230142
v 0.371831118 -0.358685624 -2.655230142
v 0.373707525 -0.387403558 -2.649460284
v 0.385718629 -0.375446361 -2.649460284
v 0.390538158 -0.401223339 -2.643690425
v 0.407180897 -0.399919682 -2.640805496
v 0.405629955 -0.416728050 -2.637920567
v 0.420746173 -0.416977887 -2.635035638
v 0.430242458 -0.438054233 -2.629265780
v 0.445772567 -0.437823151 -2.626380851
v 0.399489299 -0.385250775 -2.645003638
v 0.546752228 -0.364795011 -2.617726064
v 0.399680496 -0.296008394 -2.660371069
v 0.412518696 -0.273593358 -2.661000000
v 0.416432963 -0.305773354 -2.655230142
v 0.428467273 -0.288668587 -2.655230142
v 0.435301990 -0.316624397 -2.649460284
v 0.445054272 -0.302763150 -2.649460284
v 0.454276708 -0.327311616 -2.643690425
v 0.470440228 -0.323137783 -2.640805496
v 0.471831591 -0.339960112 -2.637920567
v 0.486761544 -0.337581250 -2.635035638
v 0.499773427 -0.356688386 -2.629265780
v 0.515027472 -0.353764040 -2.626380851
v 0.460318254 -0.310027362 -2.645003638
v 0.601791822 -0.264310427 -2.617726064
v 0.445009769 -0.222107572 -2.660371069
v 0.453760598 -0.197803740 -2.661000000
v 0.463203397 -0.228815144 -2.655230142
v 0.472084666 -0.209880501 -2.655230142
v 0.483670024 -0.236224763 -2.649460284
v 0.490867167 -0.220880635 -2.649460284
v 0.504212289 -0.243454694 -2.643690425
v 0.519405471 -0.236537506 -2.640805496
v 0.523696863 -0.252862658 -2.637920567
v 0.537986911 -0.247927377 -2.635035638
v 0.554119034 -0.264484743 -2.629265780
v 0.568633529 -0.258955987 -2.626380851
v 0.507160671 -0.225383924 -2.645003638
v 0.638546276 -0.155794905 -2.617726064
v 0.476817646 -0.141458123 -2.660371069
v 0.481215214 -0.116003956 -2.661000000
v 0.495899629 -0.144904502 -2.655230142
v 0.501358006 -0.124715303 -2.655230142
v 0.517341989 -0.148647560 -2.649460284
v 0.521765312 -0.132286772 -2.649460284
v 0.538827636 -0.152200525 -2.643690425
v 0.552588842 -0.142750156 -2.640805496
v 0.559649871 -0.158082100 -2.637920567
v 0.572865818 -0.150740357 -2.635035638
v 0.591628014 -0.164244865 -2.629265780
v 0.604961943 -0.156279688 -2.626380851
v 0.538593269 -0.133892309 -2.645003638
v 0.655898824 -0.042545633 -2.617726064
v 0.494137660 -0.056510541 -2.660371069
v 0.494048349 -0.030679450 -2.661000000
v 0.513528202 -0.056591010 -2.655230142
v 0.515397836 -0.035760693 -2.655230142
v 0.535294780 -0.056553776 -2.649460284
v 0.536809881 -0.039673443 -2.649460284
v 0.557070977 -0.056321820 -2.643690425
v 0.568982080 -0.044625415 -2.640805496
v 0.578598200 -0.058498298 -2.637920567
v 0.590338487 -0.048973167 -2.635035638
v 0.611160677 -0.059014490 -2.629265780
v 0.622908895 -0.048854909 -2.626380851
v 0.553660982 -0.038332444 -2.645003638
v 0.617008400 0.056779039 -2.627769231
v 0.496443551 0.030154085 -2.660371069
v 0.491870075 0.055577235 -2.661000000
v 0.514687563 0.033385802 -2.655461538
v 0.512914630 0.054189318 -2.655461538
v 0.535251597 0.037138239 -2.649923077
v 0.533817082 0.053970770 -2.649923077
v 0.555971013 0.038575849 -2.644384615
v 0.554480969 0.056059961 -2.644384615
v 0.576504607 0.042607120 -2.638846154
v 0.575144856 0.058149153 -2.638846154
v 0.597012765 0.046823869 -2.633307692
v 0.597775079 0.163058822 -2.627769231
v 0.483665256 0.115902495 -2.660371069
v 0.474746578 0.140145235 -2.661000000
v 0.501070919 0.122253154 -2.655461538
v 0.495712427 0.142432751 -2.655461538
v 0.520670935 0.129519490 -2.649923077
v 0.516335275 0.145847196 -2.649923077
v 0.540825939 0.134533148 -2.644384615
v 0.536322447 0.151492894 -2.644384615
v 0.560347558 0.142068796 -2.638846154
v 0.556309619 0.157138592 -2.638846154
v 0.579811920 0.149782688 -2.633307692
v 0.560378666 0.264384145 -2.627769231
v 0.456191037 0.198129266 -2.660371069
v 0.443198146 0.220454992 -2.661000000
v 0.472229488 0.207405906 -2.655461538
v 0.463448254 0.226348438 -2.655461538
v 0.490269950 0.217965357 -2.649923077
v 0.483164882 0.233292129 -2.649923077
v 0.509248141 0.226402726 -2.644384615
v 0.501868039 0.242322792 -2.644384615
v 0.527164632 0.237213785 -2.638846154
v 0.520571195 0.251353456 -2.638846154
v 0.544993783 0.248190436 -2.633307692
v 0.505955429 0.357676290 -2.627769231
v 0.414855684 0.274335979 -2.660371069
v 0.398183363 0.294066335 -2.661000000
v 0.429039604 0.286256734 -2.655461538
v 0.417102440 0.303386641 -2.655461538
v 0.444972361 0.299788457 -2.649923077
v 0.435313769 0.313648599 -2.649923077
v 0.462197097 0.311393172 -2.644384615
v 0.452164624 0.325789835 -2.644384615
v 0.477964075 0.325151152 -2.638846154
v 0.469015480 0.337931071 -2.638846154
v 0.493616286 0.339057042 -2.633307692
v 0.436158994 0.440100622 -2.627769231
v 0.360915151 0.342207133 -2.660371069
v 0.341069980 0.358742622 -2.661000000
v 0.372813568 0.356409797 -2.655461538
v 0.358083179 0.371206595 -2.655461538
v 0.386154511 0.372502636 -2.649923077
v 0.374235867 0.384475015 -2.649923077
v 0.401102428 0.386922093 -2.644384615
v 0.388722416 0.399357918 -2.644384615
v 0.414240822 0.403208966 -2.638846154
v 0.403208966 0.414240822 -2.638846154
v 0.427240508 0.419621573 -2.633307692
v 0.353110088 0.509152719 -2.627769231
v 0.296008394 0.399680496 -2.660371069
v 0.273593358 0.412518696 -2.661000000
v 0.305259780 0.415733528 -2.655461538
v 0.288183743 0.427747624 -2.655461538
v 0.315603553 0.433898511 -2.649923077
v 0.301786997 0.443619351 -2.649923077
v 0.327820464 0.450694583 -2.644384615
v 0.313469075 0.460791713 -2.644384615
v 0.337931071 0.469015480 -2.638846154
v 0.325151152 0.477964075 -2.638846154
v 0.347883243 0.487436114 -2.633307692
v 0.259332110 0.562734468 -2.627769231
v 0.222107572 0.445009769 -2.660371069
v 0.197803740 0.453760598 -2.661000000
v 0.228430829 0.462425406 -2.655461538
v 0.209527989 0.471291758 -2.655461538
v 0.235463140 0.482110600 -2.649923077
v 0.220168483 0.489284539 -2.649923077
v 0.244577842 0.500772946 -2.644384615
v 0.228691134 0.508224586 -2.644384615
v 0.251353456 0.520571195 -2.638846154
v 0.237213785 0.527164632 -2.638846154
v 0.257955722 0.540440155 -2.633307692
v 0.157674458 0.599217815 -2.627769231
v 0.141458123 0.476817646 -2.660371069
v 0.116003956 0.481215214 -2.661000000
v 0.144661122 0.495066722 -2.655461538
v 0.124505833 0.500515931 -2.655461538
v 0.148168298 0.515674002 -2.649923077
v 0.131860260 0.520083063 -2.649923077
v 0.153903846 0.535635576 -2.644384615
v 0.136964528 0.540215311 -2.644384615
v 0.157138592 0.556309619 -2.638846154
v 0.142068796 0.560347558 -2.638846154
v 0.160190347 0.577023196 -2.633307692
v 0.051225947 0.617494233 -2.627769231
v 0.056510541 0.494137660 -2.660371069
v 0.030679450 0.494048349 -2.661000000
v 0.056495961 0.512665686 -2.655461538
v 0.035700630 0.514532180 -2.655461538
v 0.056371438 0.533568910 -2.649923077
v 0.039545530 0.535079127 -2.649923077
v 0.058553559 0.554223190 -2.644384615
v 0.041076325 0.555791867 -2.644384615
v 0.058149153 0.575144856 -2.638846154
v 0.042607120 0.576504607 -2.638846154
v 0.057557669 0.596073679 -2.633307692
v -0.056779039 0.617008400 -2.627769231
v -0.030154085 0.496443551 -2.660371069
v -0.055577235 0.491870075 -2.661000000
v -0.033385802 0.514687563 -2.655461538
v -0.054189318 0.512914630 -2.655461538
v -0.037138239 0.535251597 -2.649923077
v -0.053970770 0.533817082 -2.649923077
v -0.038575849 0.555971013 -2.644384615
v -0.056059961 0.554480969 -2.644384615
v -0.042607120 0.576504607 -2.638846154
v -0.058149153 0.575144856 -2.638846154
v -0.046823869 0.597012765 -2.633307692
v -0.163058822 0.597775079 -2.627769231
v -0.115902495 0.483665256 -2.660371069
v -0.140145235 0.474746578 -2.661000000
v -0.122253154 0.501070919 -2.655461538
v -0.142432751 0.495712427 -2.655461538
v -0.129519490 0.520670935 -2.649923077
v -0.145847196 0.516335275 -2.649923077
v -0.134533148 0.540825939 -2.644384615
v -0.151492894 0.536322447 -2.644384615
v -0.142068796 0.560347558 -2.638846154
v -0.157138592 0.556309619 -2.638846154
v -0.149782688 0.579811920 -2.633307692
v -0.264384145 0.560378666 -2.627769231
v -0.198129266 0.456191037 -2.660371069
v -0.220454992 0.443198146 -2.661000000
v -0.207405906 0.472229488 -2.655461538
v -0.226348438 0.463448254 -2.655461538
v -0.217965357 0.490269950 -2.649923077
v -0.233292129 0.483164882 -2.649923077
v -0.226402726 0.509248141 -2.644384615
v -0.242322792 0.501868039 -2.644384615
v -0.237213785 0.527164632 -2.638846154
v -0.251353456 0.520571195 -2.638846154
v -0.248190436 0.544993783 -2.633307692
v -0.357676290 0.505955429 -2.627769231
v -0.274335979 0.414855684 -2.660371069
v -0.294066335 0.398183363 -2.661000000
v -0.286256734 0.429039604 -2.655461538
v -0.303386641 0.417102440 -2.655461538
v -0.299788457 0.444972361 -2.649923077
v -0.313648599 0.435313769 -2.649923077
v -0.311393172 0.462197097 -2.644384615
v -0.325789835 0.452164624 -2.644384615
v -0.325151152 0.477964075 -2.638846154
v -0.337931071 0.469015480 -2.638846154
v -0.339057042 0.493616286 -2.633307692
v -0.440100622 0.436158994 -2.627769231
v -0.342207133 0.360915151 -2.660371069
v -0.358742622 0.341069980 -2.661000000
v -0.356409797 0.372813568 -2.655461538
v -0.371206595 0.358083179 -2.655461538
v -0.372502636 0.386154511 -2.649923077
v -0.384475015 0.374235867 -2.649923077
v -0.386922093 0.401102428 -2.644384615
v -0.399357918 0.388722416 -2.644384615
v -0.403208966 0.414240822 -2.638846154
v -0.414240822 0.403208966 -2.638846154
v -0.419621573 0.427240508 -2.633307692
v -0.509152719 0.353110088 -2.627769231
v -0.399680496 0.296008394 -2.660371069
v -0.412518696 0.273593358 -2.661000000
v -0.415733528 0.305259780 -2.655461538
v -0.427747624 0.288183743 -2.655461538
v -0.433898511 0.315603553 -2.649923077
v -0.443619351 0.301786997 -2.649923077
v -0.450694583 0.327820464 -2.644384615
v -0.460791713 0.313469075 -2.644384615
v -0.469015480 0.337931071 -2.638846154
v -0.477964075 0.325151152 -2.638846154
v -0.487436114 0.347883243 -2.633307692
v -0.562734468 0.259332110 -2.627769231
v -0.445009769 0.222107572 -2.660371069
v -0.453760598 0.197803740 -2.661000000
v -0.462425406 0.228430829 -2.655461538
v -0.471291758 0.209527989 -2.655461538
v -0.482110600 0.235463140 -2.649923077
v -0.489284539 0.220168483 -2.649923077
v -0.500772946 0.244577842 -2.644384615
v -0.508224586 0.228691134 -2.644384615
v -0.520571195 0.251353456 -2.638846154
v -0.527164632 0.237213785 -2.638846154
v -0.540440155 0.257955722 -2.633307692
v -0.599217815 0.157674458 -2.627769231
v -0.476817646 0.141458123 -2.660371069
v -0.481215214 0.116003956 -2.661000000
v -0.495066722 0.144661122 -2.655461538
v -0.500515931 0.124505833 -2.655461538
v -0.515674002 0.148168298 -2.649923077
v -0.520083063 0.131860260 -2.649923077
v -0.535635576 0.153903846 -2.644384615
v -0.540215311 0.136964528 -2.644384615
v -0.556309619 0.157138592 -2.638846154
v -0.560347558 0.142068796 -2.638846154
v -0.577023196 0.160190347 -2.633307692
v -0.617494233 0.051225947 -2.627769231
v -0.494137660 0.056510541 -2.660371069
v -0.494048349 0.030679450 -2.661000000
v -0.512665686 0.056495961 -2.655461538
v -0.514532180 0.035700630 -2.655461538
v -0.533568910 0.056371438 -2.649923077
v -0.535079127 0.039545530 -2.649923077
v -0.554223190 0.058553559 -2.644384615
v -0.555791867 0.041076325 -2.644384615
v -0.575144856 0.058149153 -2.638846154
v -0.576504607 0.042607120 -2.638846154
v -0.596073679 0.057557669 -2.633307692
v -0.653322219 -0.071996366 -2.617726064
v -0.496443551 -0.030154085 -2.660371069
v -0.491870075 -0.055577235 -2.661000000
v -0.515553481 -0.033441971 -2.655230142
v -0.513777564 -0.054280487 -2.655230142
v -0.536982909 -0.037258366 -2.649460284
v -0.535543754 -0.054145343 -2.649460284
v -0.558387999 -0.041268195 -2.643690425
v -0.568087086 -0.054855247 -2.640805496
v -0.579966116 -0.042862946 -2.637920567
v -0.589874020 -0.054282048 -2.635035638
v -0.612123532 -0.048009010 -2.629265780
v -0.621929075 -0.060054301 -2.626380851
v -0.551905987 -0.058392132 -2.645003638
v -0.630894749 -0.184350792 -2.617726064
v -0.483665256 -0.115902495 -2.660371069
v -0.474746578 -0.140145235 -2.661000000
v -0.501913928 -0.122458834 -2.655230142
v -0.496546421 -0.142672382 -2.655230142
v -0.522355085 -0.129938431 -2.649460284
v -0.518005401 -0.146318950 -2.649460284
v -0.542738684 -0.137604297 -2.643690425
v -0.549931053 -0.152669159 -2.640805496
v -0.563712056 -0.142921821 -2.637920567
v -0.571486530 -0.155887931 -2.635035638
v -0.594487323 -0.153573782 -2.629265780
v -0.602052255 -0.167138792 -2.626380851
v -0.533381608 -0.153342494 -2.645003638
v -0.589297861 -0.291103813 -2.617726064
v -0.456191037 -0.198129266 -2.660371069
v -0.443198146 -0.220454992 -2.661000000
v -0.473023974 -0.207754848 -2.655230142
v -0.464227966 -0.226729249 -2.655230142
v -0.491855766 -0.218670383 -2.649460284
v -0.484727716 -0.234046731 -2.649460284
v -0.510598528 -0.229759361 -2.643690425
v -0.515065643 -0.245844297 -2.640805496
v -0.530329889 -0.238638088 -2.637920567
v -0.535734710 -0.252757237 -2.635035638
v -0.558787917 -0.254472291 -2.629265780
v -0.563882382 -0.269144855 -2.626380851
v -0.498650698 -0.243633621 -2.645003638
v -0.529795455 -0.389011792 -2.617726064
v -0.414855684 -0.274335979 -2.660371069
v -0.398183363 -0.294066335 -2.661000000
v -0.429761426 -0.286738337 -2.655230142
v -0.417804179 -0.303897063 -2.655230142
v -0.446411658 -0.300758146 -2.649460284
v -0.436721824 -0.314663119 -2.649460284
v -0.462944095 -0.314933304 -2.643690425
v -0.464550225 -0.331549580 -2.640805496
v -0.480833917 -0.327103458 -2.637920567
v -0.483704863 -0.341946643 -2.635035638
v -0.506110024 -0.347638789 -2.629265780
v -0.508579228 -0.362973088 -2.626380851
v -0.448768539 -0.326522063 -2.645003638
v -0.454195483 -0.475099844 -2.617726064
v -0.360915151 -0.342207133 -2.660371069
v -0.341069980 -0.358742622 -2.661000000
v -0.373440795 -0.357009425 -2.655230142
v -0.358685624 -0.371831118 -2.655230142
v -0.387403558 -0.373707525 -2.649460284
v -0.375446361 -0.385718629 -2.649460284
v -0.401223339 -0.390538158 -2.643690425
v -0.399919682 -0.407180897 -2.640805496
v -0.416728050 -0.405629955 -2.637920567
v -0.416977887 -0.420746173 -2.635035638
v -0.438054233 -0.430242458 -2.629265780
v -0.437823151 -0.445772567 -2.626380851
v -0.385250775 -0.399489299 -2.645003638
v -0.364795011 -0.546752228 -2.617726064
v -0.296008394 -0.399680496 -2.660371069
v -0.273593358 -0.412518696 -2.661000000
v -0.305773354 -0.416432963 -2.655230142
v -0.288668587 -0.428467273 -2.655230142
v -0.316624397 -0.435301990 -2.649460284
v -0.302763150 -0.445054272 -2.649460284
v -0.327311616 -0.454276708 -2.643690425
v -0.323137783 -0.470440228 -2.640805496
v -0.339960112 -0.471831591 -2.637920567
v -0.337581250 -0.486761544 -2.635035638
v -0.356688386 -0.499773427 -2.629265780
v -0.353764040 -0.515027472 -2.626380851
v -0.310027362 -0.460318254 -2.645003638
v -0.264310427 -0.601791822 -2.617726064
v -0.222107572 -0.445009769 -2.660371069
v -0.197803740 -0.453760598 -2.661000000
v -0.228815144 -0.463203397 -2.655230142
v -0.209880501 -0.472084666 -2.655230142
v -0.236224763 -0.483670024 -2.649460284
v -0.220880635 -0.490867167 -2.649460284
v -0.243454694 -0.504212289 -2.643690425
v -0.236537506 -0.519405471 -2.640805496
v -0.252862658 -0.523696863 -2.637920567
v -0.247927377 -0.537986911 -2.635035638
v -0.264484743 -0.554119034 -2.629265780
v -0.258955987 -0.568633529 -2.626380851
v -0.225383924 -0.507160671 -2.645003638
v -0.155794905 -0.638546276 -2.617726064
v -0.141458123 -0.476817646 -2.660371069
v -0.116003956 -0.481215214 -2.661000000
v -0.144904502 -0.495899629 -2.655230142
v -0.124715303 -0.501358006 -2.655230142
v -0.148647560 -0.517341989 -2.649460284
v -0.132286772 -0.521765312 -2.649460284
v -0.152200525 -0.538827636 -2.643690425
v -0.142750156 -0.552588842 -2.640805496
v -0.158082100 -0.559649871 -2.637920567
v -0.150740357 -0.572865818 -2.635035638
v -0.164244865 -0.591628014 -2.629265780
v -0.156279688 -0.604961943 -2.626380851
v -0.133892309 -0.538593269 -2.645003638
v -0.042545633 -0.655898824 -2.617726064
v -0.056510541 -0.494137660 -2.660371069
v -0.030679450 -0.494048349 -2.661000000
v -0.056591010 -0.513528202 -2.655230142
v -0.035760693 -0.515397836 -2.655230142
v -0.056553776 -0.535294780 -2.649460284
v -0.039673443 -0.536809881 -2.649460284
v -0.056321820 -0.557070977 -2.643690425
v -0.044625415 -0.568982080 -2.640805496
v -0.058498298 -0.578598200 -2.637920567
v -0.048973167 -0.590338487 -2.635035638
v -0.059014490 -0.611160677 -2.629265780
v -0.048854909 -0.622908895 -2.626380851
v -0.038332444 -0.553660982 -2.645003638
v 0.055577235 -0.491870075 -2.661000000
v 0.054280487 -0.513777564 -2.655230142
v 0.054145343 -0.535543754 -2.649460284
v 0.056321820 -0.557070977 -2.643690425
v 0.058498298 -0.578598200 -2.637920567
v 0.062133923 -0.643465871 -2.620610993
v 0.059768799 -0.594095680 -2.633774768
v 0.060428821 -0.614306717 -2.628394207
v 0.175231285 -0.589726085 -2.618789827
v 0.172177425 -0.575218230 -2.622734777
v 0.169126124 -0.560722532 -2.626675987
v 0.165569496 -0.543826192 -2.631269312
v 0.161001917 -0.522127169 -2.637167229
v 0.157453549 -0.505270076 -2.641748194
v 0.153908881 -0.488430556 -2.646323524
v 0.150367872 -0.471608421 -2.591000000
v 0.178608515 -0.461653548 -2.581000000
v 0.164166044 -0.466984486 -2.581000000
v 0.241339896 -0.557853193 -2.620762769
v 0.234356753 -0.544782039 -2.624705849
v 0.225054962 -0.527370807 -2.629957464
v 0.216924512 -0.512152107 -2.634547039
v 0.205324022 -0.490438133 -2.641094117
v 0.194898341 -0.470923187 -2.646976682
v 0.495000000 0.000000000 -1.530000000
v 0.492460315 -0.050078319 -1.530000000
v 0.494875607 -0.011094965 -2.581066112
v -0.490545990 -0.066254495 -2.589863423
v 0.066189503 -0.490554737 -2.591000000
v 0.229977389 -0.438332523 -2.591000000
v 0.302599160 -0.391738112 -2.591000000
v 0.366026608 -0.333240937 -2.591000000
v 0.418332523 -0.264618405 -2.591000000
v 0.457927616 -0.187955577 -2.591000000
v 0.483608810 -0.105581813 -2.591000000
v 0.489107958 -0.076147262 -2.581000000
v 0.484867321 -0.099642767 -1.530000000
v -0.471608421 -0.150367872 -2.591000000
v -0.438332523 -0.229977389 -2.591000000
v -0.391738112 -0.302599160 -2.591000000
v -0.333240937 -0.366026608 -2.591000000
v -0.264618405 -0.418332523 -2.591000000
v -0.187955577 -0.457927616 -2.591000000
v -0.105581813 -0.483608810 -2.591000000
v -0.020000000 -0.494595795 -2.591000000
v 0.105581813 -0.483608810 -2.591000000
v 0.264618405 -0.418332523 -2.591000000
v 0.333240937 -0.366026608 -2.591000000
v 0.391738112 -0.302599160 -2.591000000
v 0.438332523 -0.229977389 -2.591000000
v 0.471608421 -0.150367872 -2.591000000
v 0.472298932 -0.148184746 -1.530000000
v 0.478133284 -0.128115427 -1.655666667
v -0.494595795 -0.020000000 -2.591000000
v -0.483608810 -0.105581813 -2.591000000
v -0.457927616 -0.187955577 -2.591000000
v -0.418332523 -0.264618405 -2.591000000
v -0.366026608 -0.333240937 -2.591000000
v -0.302599160 -0.391738112 -2.591000000
v -0.229977389 -0.438332523 -2.591000000
v -0.150367872 -0.471608421 -2.591000000
v -0.066189503 -0.490554737 -2.591000000
v 0.464152646 -0.172009655 -2.581000000
v 0.454884117 -0.195206148 -1.530000000
v 0.432801575 -0.240224471 -1.530000000
v 0.428682575 -0.247500000 -1.781333333
v 0.406277903 -0.282777766 -1.530000000
v 0.375585271 -0.322429379 -1.530000000
v 0.341038625 -0.358772430 -1.530000000
v 0.350017857 -0.350017857 -1.655666667
v 0.322337406 -0.375664207 -2.581000000
v 0.302992461 -0.391433990 -1.530000000
v 0.261837185 -0.420078907 -1.530000000
v 0.247500000 -0.428682575 -2.032666667
v 0.217995105 -0.444413247 -1.530000000
v 0.171916100 -0.464187305 -1.530000000
v 0.124073003 -0.479198174 -1.530000000
v 0.074956750 -0.489291821 -1.530000000
v 0.025071339 -0.494364671 -1.530000000
v 0.000000000 -0.495000000 -2.409666667
v -0.025071339 -0.494364671 -1.530000000
v -0.074956750 -0.489291821 -1.530000000
v -0.124073003 -0.479198174 -1.530000000
v -0.171916100 -0.464187305 -1.530000000
v -0.217995105 -0.444413247 -1.530000000
v -0.247500000 -0.428682575 -2.032666667
v -0.261837185 -0.420078907 -1.530000000
v -0.302992461 -0.391433990 -1.530000000
v -0.322337406 -0.375664207 -2.581000000
v -0.341038625 -0.358772430 -1.530000000
v -0.350017857 -0.350017857 -1.655666667
v -0.375585271 -0.322429379 -1.530000000
v -0.406277903 -0.282777766 -1.530000000
v -0.428682575 -0.247500000 -1.781333333
v -0.432801575 -0.240224471 -1.530000000
v -0.454884117 -0.195206148 -1.530000000
v -0.464152646 -0.172009655 -2.581000000
v -0.472298932 -0.148184746 -1.530000000
v -0.484867321 -0.099642767 -1.530000000
v -0.478133284 -0.128115427 -1.655666667
v -0.492460315 -0.050078319 -1.530000000
v -0.495000000 0.000000000 -1.530000000
v 0.128115427 -0.478133284 -2.409666667
v 0.350017857 -0.350017857 -2.409666667
v 0.478133284 -0.128115427 -2.409666667
v -0.478133284 -0.128115427 -2.158333333
v -0.350017857 -0.350017857 -1.907000000
v -0.128115427 -0.478133284 -2.409666667
v 0.486503450 -0.091320278 -2.581000000
v 0.432635414 -0.240523593 -2.581000000
v 0.424946589 -0.253860978 -2.581000000
v 0.384296226 -0.311995850 -2.581000000
v 0.374408199 -0.323795461 -2.581000000
v 0.254411463 -0.424617248 -2.581000000
v 0.241084052 -0.432323351 -2.581000000
v 0.093840922 -0.486023540 -2.581000000
v 0.078681610 -0.488706665 -2.581000000
v -0.078048219 -0.488808220 -2.581000000
v -0.093210995 -0.486144742 -2.581000000
v -0.161743148 -0.467829193 -2.581000000
v -0.176213059 -0.462573192 -2.581000000
v -0.240523593 -0.432635414 -2.581000000
v -0.253860978 -0.424946589 -2.581000000
v -0.373988271 -0.324280392 -2.581000000
v -0.383891581 -0.312493606 -2.581000000
v -0.424617248 -0.254411463 -2.581000000
v -0.432323351 -0.241084052 -2.581000000
v -0.486023540 -0.093840922 -2.581000000
v -0.488706665 -0.078681610 -2.581000000
v -0.495000000 0.000000000 -2.581000000
v -0.478133284 -0.128115427 -2.409666667
v -0.350017857 -0.350017857 -2.409666667
v 0.000000000 -0.495000000 -1.655666667
v 0.350017857 -0.350017857 -1.907000000
v 0.478133284 -0.128115427 -2.158333333
v 0.000000000 -0.495000000 -2.284000000
v -0.350017857 -0.350017857 -2.158333333
v 0.000000000 -0.495000000 -2.158333333
v 0.350017857 -0.350017857 -2.158333333
v -0.247500000 -0.428682575 -1.655666667
v 0.000000000 -0.495000000 -2.032666667
v 0.247500000 -0.428682575 -1.655666667
v -0.247500000 -0.428682575 -1.907000000
v 0.000000000 -0.495000000 -1.907000000
v 0.247500000 -0.428682575 -1.907000000
v -0.478133284 -0.128115427 -1.781333333
v -0.428682575 -0.247500000 -1.655666667
v -0.247500000 -0.428682575 -1.781333333
v 0.000000000 -0.495000000 -1.781333333
v 0.247500000 -0.428682575 -1.781333333
v 0.428682575 -0.247500000 -1.655666667
v 0.478133284 -0.128115427 -1.781333333
v 0.069920115 -0.603784970 -2.620762773
v 0.069269543 -0.584039019 -2.626019384
v 0.068700886 -0.566779349 -2.630613447
v 0.068132794 -0.549536828 -2.635202259
v 0.067565284 -0.532311969 -2.639785616
v 0.066998367 -0.515105088 -2.644363364
v 0.066432038 -0.497916053 -2.648935457
v 0.140803207 -0.591286371 -2.620762773
v 0.136195933 -0.577201182 -2.624705854
v 0.130058885 -0.558439223 -2.629957470
v 0.124694654 -0.542039891 -2.634547045
v 0.117040995 -0.518641402 -2.641094122
v 0.110162441 -0.497612539 -2.646976684
v 0.274973988 -0.550338228 -2.618789827
v 0.269447261 -0.536581077 -2.622734777
v 0.263925164 -0.522835453 -2.626675987
v 0.257488550 -0.506813409 -2.631269312
v 0.249222367 -0.486237195 -2.637167229
v 0.242800704 -0.470252367 -2.641748194
v 0.236385735 -0.454284202 -2.646323524
v 0.334543591 -0.507469916 -2.620762769
v 0.325396755 -0.495809953 -2.624705849
v 0.313212851 -0.480278476 -2.629957464
v 0.302563221 -0.466702819 -2.634547039
v 0.287368376 -0.447333134 -2.641094117
v 0.273712350 -0.429925063 -2.646976682
v 0.366361746 -0.494228622 -2.618789827
v 0.358530078 -0.481640179 -2.622734777
v 0.350704972 -0.469062284 -2.626675987
v 0.341583945 -0.454401357 -2.631269312
v 0.329870322 -0.435573149 -2.637167229
v 0.320770482 -0.420946277 -2.641748194
v 0.311680128 -0.406334652 -2.646323524
v 0.417582348 -0.441667423 -2.620762769
v 0.406549742 -0.431772932 -2.624705849
v 0.391853926 -0.418593126 -2.629957464
v 0.379008700 -0.407073003 -2.634547039
v 0.360681189 -0.390636144 -2.641094117
v 0.344209749 -0.375863885 -2.646976682
v 0.446617787 -0.423102129 -2.618789827
v 0.436719139 -0.412064888 -2.622734777
v 0.426828786 -0.401036895 -2.626675987
v 0.415300485 -0.388182550 -2.631269312
v 0.400495334 -0.371674434 -2.637167229
v 0.388993812 -0.358849947 -2.641748194
v 0.377504279 -0.346038829 -2.646323524
v 0.418347078 -0.376601990 -2.581000000
v 0.487933077 -0.362445088 -2.620762769
v 0.475349921 -0.354616709 -2.624705849
v 0.458588718 -0.344189035 -2.629957464
v 0.443938192 -0.335074479 -2.634547039
v 0.423034885 -0.322069872 -2.641094117
v 0.404248508 -0.310382272 -2.646976682
v 0.513303573 -0.339119892 -2.618789827
v 0.501638711 -0.329969213 -2.622734777
v 0.489983624 -0.320826203 -2.626675987
v 0.476398330 -0.310169012 -2.631269312
v 0.458951499 -0.296482579 -2.637167229
v 0.445397761 -0.285850144 -2.641748194
v 0.431858153 -0.275228792 -2.646323524
v 0.477387695 -0.298235352 -2.581000000
v 0.543458206 -0.272210044 -2.620762769
v 0.529706833 -0.266685637 -2.624705849
v 0.511389524 -0.259326935 -2.629957464
v 0.495378846 -0.252894887 -2.634547039
v 0.472534881 -0.243717670 -2.641094117
v 0.452004381 -0.235469851 -2.646976682
v 0.564392890 -0.244833669 -2.618789827
v 0.551316245 -0.237847592 -2.622734777
v 0.538250557 -0.230867368 -2.626675987
v 0.523021053 -0.222731146 -2.631269312
v 0.503462654 -0.212282252 -2.637167229
v 0.488268525 -0.204164928 -2.641748194
v 0.473090235 -0.196056067 -2.646323524
v 0.535320429 -0.173998202 -2.581000000
v 0.582470633 -0.173704034 -2.620762769
v 0.567968871 -0.170651457 -2.624705849
v 0.548652018 -0.166585317 -2.629957464
v 0.531767664 -0.163031212 -2.634547039
v 0.507677144 -0.157960230 -2.641094117
v 0.486026329 -0.153402798 -2.646976682
v 0.598333414 -0.143108298 -2.618789827
v 0.584242313 -0.138499091 -2.622734777
v 0.570163019 -0.133893746 -2.626675987
v 0.553752045 -0.128525707 -2.631269312
v 0.532676351 -0.121631835 -2.637167229
v 0.516303497 -0.116276265 -2.641748194
v 0.499947710 -0.110926277 -2.646323524
v 0.550600192 -0.116973352 -2.581000000
v 0.557411610 -0.078111150 -2.581004101
v 0.603784984 -0.069920116 -2.620762769
v 0.588973462 -0.069432118 -2.624705849
v 0.569243997 -0.068782089 -2.629957464
v 0.551998991 -0.068213915 -2.634547039
v 0.527393893 -0.067403248 -2.641094117
v 0.505280613 -0.066674679 -2.646976682
v 0.614093880 -0.037034655 -2.618789827
v 0.599416474 -0.034942366 -2.622734777
v 0.584751367 -0.032851830 -2.626675987
v 0.567657562 -0.030415079 -2.631269312
v 0.545704947 -0.027285696 -2.637167229
v 0.528650848 -0.024854606 -2.641748194
v 0.511614527 -0.022426049 -2.646323524
v 0.629820785 0.015025919 -2.581000000
v 0.494900142 0.009942291 -2.581000000
v -0.629797685 0.015964844 -2.581000000
v 0.629259469 0.030536473 -2.581102795
v -0.629217842 0.031382400 -2.581261605
v -0.625403736 0.075961564 -2.582159818
v 0.625372884 0.076215176 -2.582029717
v 0.623278340 0.091782953 -2.581000000
v 0.620591287 0.108473290 -2.581000000
v 0.617457377 0.125085522 -2.581000000
v -0.626025694 0.070652883 -2.614841134
v -0.628783702 0.039128714 -2.614841134
v 0.628783702 0.039128714 -2.614841134
v 0.626025694 0.070652883 -2.614841134
v 0.612436435 0.147721405 -2.591000000
v 0.612436435 0.147721405 -2.614841134
v 0.604246213 0.178287728 -2.614841134
v 0.604246213 0.178287728 -2.591000000
v 0.577480596 0.251825656 -2.591000000
v 0.577480596 0.251825656 -2.614841134
v 0.564107016 0.280505391 -2.614841134
v 0.564107016 0.280505391 -2.591000000
v 0.524978302 0.348278311 -2.591000000
v 0.524978302 0.348278311 -2.614841134
v 0.506827713 0.374200039 -2.614841134
v 0.506827713 0.374200039 -2.591000000
v 0.456524808 0.434148707 -2.591000000
v 0.456524808 0.434148707 -2.614841134
v 0.434148707 0.456524808 -2.614841134
v 0.434148707 0.456524808 -2.591000000
v 0.374200039 0.506827713 -2.591000000
v 0.374200039 0.506827713 -2.614841134
v 0.348278311 0.524978302 -2.614841134
v 0.348278311 0.524978302 -2.591000000
v 0.280505391 0.564107016 -2.591000000
v 0.280505391 0.564107016 -2.614841134
v 0.251825656 0.577480596 -2.614841134
v 0.251825656 0.577480596 -2.591000000
v 0.178287728 0.604246213 -2.591000000
v 0.178287728 0.604246213 -2.614841134
v 0.147721405 0.612436435 -2.614841134
v 0.147721405 0.612436435 -2.591000000
v 0.070652883 0.626025694 -2.591000000
v 0.070652883 0.626025694 -2.614841134
v 0.039128714 0.628783702 -2.614841134
v 0.039128714 0.628783702 -2.591000000
v -0.039128714 0.628783702 -2.591000000
v -0.039128714 0.628783702 -2.614841134
v -0.070652883 0.626025694 -2.614841134
v -0.070652883 0.626025694 -2.591000000
v -0.147721405 0.612436435 -2.591000000
v -0.147721405 0.612436435 -2.614841134
v -0.178287728 0.604246213 -2.614841134
v -0.178287728 0.604246213 -2.591000000
v -0.251825656 0.577480596 -2.591000000
v -0.251825656 0.577480596 -2.614841134
v -0.280505391 0.564107016 -2.614841134
v -0.280505391 0.564107016 -2.591000000
v -0.348278311 0.524978302 -2.591000000
v -0.348278311 0.524978302 -2.614841134
v -0.374200039 0.506827713 -2.614841134
v -0.374200039 0.506827713 -2.591000000
v -0.434148707 0.456524808 -2.591000000
v -0.434148707 0.456524808 -2.614841134
v -0.456524808 0.434148707 -2.614841134
v -0.456524808 0.434148707 -2.591000000
v -0.506827713 0.374200039 -2.591000000
v -0.506827713 0.374200039 -2.614841134
v -0.524978302 0.348278311 -2.614841134
v -0.524978302 0.348278311 -2.591000000
v -0.564107016 0.280505391 -2.591000000
v -0.564107016 0.280505391 -2.614841134
v -0.577480596 0.251825656 -2.614841134
v -0.577480596 0.251825656 -2.591000000
v -0.604246213 0.178287728 -2.591000000
v -0.604246213 0.178287728 -2.614841134
v -0.612436435 0.147721405 -2.614841134
v -0.612436435 0.147721405 -2.591000000
v -0.615120951 0.136111041 -2.581000000
v -0.582140447 0.240857841 -2.581000000
v -0.531471901 0.338286297 -2.581000000
v -0.464654849 0.425436095 -2.581000000
v 0.600765891 0.189684856 -2.581000000
v -0.383719496 0.499659233 -2.581000000
v 0.558700477 0.291125019 -2.581000000
v -0.291125019 0.558700477 -2.581000000
v 0.499659233 0.383719496 -2.581000000
v -0.189684856 0.600765891 -2.581000000
v 0.425436095 0.464654849 -2.581000000
v -0.082481215 0.624577336 -2.581000000
v 0.338286297 0.531471901 -2.581000000
v 0.027228577 0.629411316 -2.581000000
v 0.240857841 0.582140447 -2.581000000
v 0.136111041 0.615120951 -2.581000000
v 0.611693345 0.150768869 -2.525000000
v 0.595460105 0.205735908 -2.581000000
v 0.589725558 0.221638820 -2.581000000
v 0.583566379 0.237382141 -2.581000000
v 0.550688062 0.306010879 -2.581000000
v 0.542279124 0.320676397 -2.581000000
v 0.533479719 0.335111011 -2.581000000
v 0.489183642 0.396987865 -2.581000000
v 0.478355814 0.409970383 -2.581000000
v 0.467183547 0.422657703 -2.581000000
v 0.412815624 0.475902575 -2.581000000
v 0.399897904 0.486807627 -2.581000000
v 0.386692239 0.497362154 -2.581000000
v 0.323904412 0.540357226 -2.581000000
v 0.309289299 0.548853468 -2.581000000
v 0.294451483 0.556954508 -2.581000000
v 0.225151528 0.588393397 -2.581000000
v 0.209283095 0.594222674 -2.581000000
v 0.193263968 0.599624081 -2.581000000
v 0.119557530 0.618551531 -2.581000000
v 0.102917931 0.621536724 -2.581000000
v 0.086204225 0.624074380 -2.581000000
v 0.010330836 0.629915291 -2.581000000
v -0.006574344 0.629965696 -2.581000000
v -0.023474789 0.629562494 -2.581000000
v -0.099209755 0.622139393 -2.581000000
v -0.115866860 0.619253479 -2.581000000
v -0.132440534 0.615921671 -2.581000000
v -0.205735908 0.595460105 -2.581000000
v -0.221638820 0.589725558 -2.581000000
v -0.237382141 0.583566379 -2.581000000
v -0.306010879 0.550688062 -2.581000000
v -0.320676397 0.542279124 -2.581000000
v -0.335111011 0.533479719 -2.581000000
v -0.396987865 0.489183642 -2.581000000
v -0.409970383 0.478355814 -2.581000000
v -0.422657703 0.467183547 -2.581000000
v -0.475902575 0.412815624 -2.581000000
v -0.486807627 0.399897904 -2.581000000
v -0.497362154 0.386692239 -2.581000000
v -0.540357226 0.323904412 -2.581000000
v -0.548853468 0.309289299 -2.581000000
v -0.556954508 0.294451483 -2.581000000
v -0.588393397 0.225151528 -2.581000000
v -0.594222674 0.209283095 -2.581000000
v -0.599624081 0.193263968 -2.581000000
v -0.618551531 0.119557530 -2.581000000
v -0.621536724 0.102917931 -2.581000000
v -0.561901950 -0.019493513 -2.581000000
v -0.606753634 -0.035988290 -2.620762769
v -0.592082392 -0.033896880 -2.624705849
v -0.572539786 -0.031111048 -2.629957464
v -0.555458108 -0.028676026 -2.634547039
v -0.531086046 -0.025201747 -2.641094117
v -0.509182202 -0.022079317 -2.646976682
v -0.492460315 0.050078319 -1.530000000
v 0.490545990 0.066254495 -2.589863423
v -0.484867321 0.099642767 -1.530000000
v 0.471608421 0.150367872 -2.591000000
v 0.438332523 0.229977389 -2.591000000
v 0.391738112 0.302599160 -2.591000000
v 0.333240937 0.366026608 -2.591000000
v 0.264618405 0.418332523 -2.591000000
v 0.187955577 0.457927616 -2.591000000
v 0.105581813 0.483608810 -2.591000000
v 0.020000000 0.494595795 -2.591000000
v -0.066189503 0.490554737 -2.591000000
v -0.150367872 0.471608421 -2.591000000
v -0.229977389 0.438332523 -2.591000000
v -0.302599160 0.391738112 -2.591000000
v -0.366026608 0.333240937 -2.591000000
v -0.418332523 0.264618405 -2.591000000
v -0.457927616 0.187955577 -2.591000000
v -0.483608810 0.105581813 -2.591000000
v -0.494595795 0.020000000 -2.591000000
v -0.472298932 0.148184746 -1.530000000
v -0.478133284 0.128115427 -1.655666667
v 0.483608810 0.105581813 -2.591000000
v 0.457927616 0.187955577 -2.591000000
v 0.418332523 0.264618405 -2.591000000
v 0.366026608 0.333240937 -2.591000000
v 0.302599160 0.391738112 -2.591000000
v 0.229977389 0.438332523 -2.591000000
v 0.150367872 0.471608421 -2.591000000
v 0.066189503 0.490554737 -2.591000000
v -0.020000000 0.494595795 -2.591000000
v -0.105581813 0.483608810 -2.591000000
v -0.187955577 0.457927616 -2.591000000
v -0.264618405 0.418332523 -2.591000000
v -0.333240937 0.366026608 -2.591000000
v -0.391738112 0.302599160 -2.591000000
v -0.438332523 0.229977389 -2.591000000
v -0.471608421 0.150367872 -2.591000000
v -0.490554737 0.066189503 -2.591000000
v -0.478133284 0.128115427 -1.781333333
v -0.454884117 0.195206148 -1.530000000
v -0.432801575 0.240224471 -1.530000000
v -0.428682575 0.247500000 -1.655666667
v -0.406277903 0.282777766 -1.530000000
v -0.375585271 0.322429379 -1.530000000
v -0.428682575 0.247500000 -1.781333333
v -0.341038625 0.358772430 -1.530000000
v -0.302992461 0.391433990 -1.530000000
v -0.350017857 0.350017857 -1.655666667
v -0.261837185 0.420078907 -1.530000000
v -0.217995105 0.444413247 -1.530000000
v -0.350017857 0.350017857 -1.781333333
v -0.171916100 0.464187305 -1.530000000
v -0.124073003 0.479198174 -1.530000000
v -0.247500000 0.428682575 -1.781333333
v -0.074956750 0.489291821 -1.530000000
v -0.025071339 0.494364671 -1.530000000
v 0.025071339 0.494364671 -1.530000000
v 0.074956750 0.489291821 -1.530000000
v 0.124073003 0.479198174 -1.530000000
v 0.171916100 0.464187305 -1.530000000
v 0.217995105 0.444413247 -1.530000000
v 0.261837185 0.420078907 -1.530000000
v 0.302992461 0.391433990 -1.530000000
v 0.341038625 0.358772430 -1.530000000
v 0.375585271 0.322429379 -1.530000000
v 0.406277903 0.282777766 -1.530000000
v 0.432801575 0.240224471 -1.530000000
v 0.454884117 0.195206148 -1.530000000
v 0.472298932 0.148184746 -1.530000000
v 0.484867321 0.099642767 -1.530000000
v 0.492460315 0.050078319 -1.530000000
v 0.488706665 0.078681610 -2.581000000
v 0.486023540 0.093840922 -2.581000000
v 0.478133284 0.128115427 -2.409666667
v 0.467829193 0.161743148 -2.581000000
v 0.462573192 0.176213059 -2.581000000
v 0.478133284 0.128115427 -2.158333333
v 0.432635414 0.240523593 -2.581000000
v 0.424946589 0.253860978 -2.581000000
v 0.428682575 0.247500000 -2.409666667
v 0.384296226 0.311995850 -2.581000000
v 0.374408199 0.323795461 -2.581000000
v 0.428682575 0.247500000 -2.284000000
v 0.478133284 0.128115427 -1.907000000
v 0.324280392 0.373988271 -2.581000000
v 0.312493606 0.383891581 -2.581000000
v 0.350017857 0.350017857 -2.409666667
v 0.254411463 0.424617248 -2.581000000
v 0.241084052 0.432323351 -2.581000000
v 0.350017857 0.350017857 -2.284000000
v 0.428682575 0.247500000 -2.032666667
v 0.176812369 0.462344445 -2.581000000
v 0.162349282 0.467619194 -2.581000000
v 0.350017857 0.350017857 -2.158333333
v 0.093840922 0.486023540 -2.581000000
v 0.078681610 0.488706665 -2.581000000
v 0.247500000 0.428682575 -2.284000000
v 0.428682575 0.247500000 -1.907000000
v 0.008018165 0.494935055 -2.581000000
v -0.007376762 0.494945031 -2.581000000
v 0.350017857 0.350017857 -2.032666667
v -0.078048219 0.488808220 -2.581000000
v -0.093210995 0.486144742 -2.581000000
v 0.128115427 0.478133284 -2.284000000
v -0.161743148 0.467829193 -2.581000000
v -0.176213059 0.462573192 -2.581000000
v -0.240523593 0.432635414 -2.581000000
v -0.253860978 0.424946589 -2.581000000
v 0.000000000 0.495000000 -2.284000000
v 0.128115427 0.478133284 -2.158333333
v -0.311995850 0.384296226 -2.581000000
v -0.323795461 0.374408199 -2.581000000
v -0.373988271 0.324280392 -2.581000000
v -0.383891581 0.312493606 -2.581000000
v -0.424617248 0.254411463 -2.581000000
v -0.432323351 0.241084052 -2.581000000
v -0.462344445 0.176812369 -2.581000000
v -0.467619194 0.162349282 -2.581000000
v -0.486023540 0.093840922 -2.581000000
v -0.488706665 0.078681610 -2.581000000
v 0.478133284 0.128115427 -1.781333333
v 0.478133284 0.128115427 -1.655666667
v 0.247500000 0.428682575 -2.032666667
v -0.478133284 0.128115427 -2.158333333
v 0.350017857 0.350017857 -1.907000000
v 0.428682575 0.247500000 -1.781333333
v 0.350017857 0.350017857 -2.095500000
v 0.646061571 0.065698040 -1.530000000
v 0.636100277 0.130721930 -1.530000000
v 0.619611734 0.194404436 -1.530000000
v 0.596765136 0.256092089 -1.530000000
v 0.567794920 0.315151891 -1.530000000
v 0.492732516 0.422996990 -1.530000000
v 0.447410569 0.470675651 -1.530000000
v 0.397497584 0.513524543 -1.530000000
v 0.343505736 0.551103978 -1.530000000
v 0.285989055 0.583028341 -1.530000000
v 0.225537738 0.608970044 -1.530000000
v 0.162772100 0.628662890 -1.530000000
v 0.098336199 0.641904804 -1.530000000
v 0.032891236 0.648559907 -1.530000000
v -0.032891236 0.648559907 -1.530000000
v -0.098336199 0.641904804 -1.530000000
v -0.162772100 0.628662890 -1.530000000
v -0.225537738 0.608970044 -1.530000000
v -0.285989055 0.583028341 -1.530000000
v -0.343505736 0.551103978 -1.530000000
v -0.397497584 0.513524543 -1.530000000
v -0.447410569 0.470675651 -1.530000000
v -0.492732516 0.422996990 -1.530000000
v -0.567794920 0.315151891 -1.530000000
v -0.596765136 0.256092089 -1.530000000
v -0.619611734 0.194404436 -1.530000000
v -0.636100277 0.130721930 -1.530000000
v -0.646061571 0.065698040 -1.530000000
v -0.649393398 0.000000000 -1.530000000
v -0.635509388 -0.064624988 -1.530000000
v -0.625710793 -0.128586837 -1.530000000
v -0.609491559 -0.191229210 -1.530000000
v -0.587018117 -0.251909313 -1.530000000
v -0.558521074 -0.310004486 -1.530000000
v -0.524292849 -0.364918593 -1.530000000
v -0.484684671 -0.416088142 -1.530000000
v -0.440102971 -0.462988063 -1.530000000
v -0.391005220 -0.505137100 -1.530000000
v -0.337895226 -0.542102747 -1.530000000
v -0.281317969 -0.573505686 -1.530000000
v -0.221854010 -0.599023680 -1.530000000
v -0.160113528 -0.618394882 -1.530000000
v -0.096730065 -0.631420514 -1.530000000
v -0.032354020 -0.637966918 -1.530000000
v 0.032354020 -0.637966918 -1.530000000
v 0.096730065 -0.631420514 -1.530000000
v 0.160113528 -0.618394882 -1.530000000
v 0.221854010 -0.599023680 -1.530000000
v 0.281317969 -0.573505686 -1.530000000
v 0.337895226 -0.542102747 -1.530000000
v 0.391005220 -0.505137100 -1.530000000
v 0.440102971 -0.462988063 -1.530000000
v 0.484684671 -0.416088142 -1.530000000
v 0.524292849 -0.364918593 -1.530000000
v 0.558521074 -0.310004486 -1.530000000
v 0.587018117 -0.251909313 -1.530000000
v 0.609491559 -0.191229210 -1.530000000
v 0.625710793 -0.128586837 -1.530000000
v 0.635509388 -0.064624988 -1.530000000
v 0.638786797 0.000000000 -1.530000000
v 0.638786797 -0.199933370 -1.530000000
v 0.587018117 -0.199933370 -1.530000000
v 0.558521074 -0.199933370 -1.530000000
v 0.524292849 -0.199933370 -1.530000000
v 0.484684671 -0.199933370 -1.530000000
v 0.440102971 -0.199933370 -1.530000000
v 0.391005220 -0.199933370 -1.530000000
v 0.337895226 -0.199933370 -1.530000000
v 0.281317969 -0.199933370 -1.530000000
v 0.221854010 -0.199933370 -1.530000000
v 0.160113528 -0.199933370 -1.530000000
v 0.096730065 -0.199933370 -1.530000000
v 0.032354020 -0.199933370 -1.530000000
v -0.032354020 -0.199933370 -1.530000000
v -0.096730065 -0.199933370 -1.530000000
v -0.160113528 -0.199933370 -1.530000000
v -0.221854010 -0.199933370 -1.530000000
v -0.281317969 -0.199933370 -1.530000000
v -0.337895226 -0.199933370 -1.530000000
v -0.391005220 -0.199933370 -1.530000000
v -0.440102971 -0.199933370 -1.530000000
v -0.484684671 -0.199933370 -1.530000000
v -0.524292849 -0.199933370 -1.530000000
v -0.558521074 -0.199933370 -1.530000000
v -0.587018117 -0.199933370 -1.530000000
v -0.625710793 -0.199933370 -1.530000000
v -0.649393398 -0.199933370 -1.534393398
v -0.643837929 -0.158691797 -1.548106602
v -0.638054204 -0.189665627 -1.550647217
v -0.479877828 -0.454881600 -1.546211010
v -0.295358984 -0.591576766 -1.546211010
v -0.075215487 -0.656919044 -1.546211010
v 0.154000107 -0.643027190 -1.546211010
v 0.297581130 -0.595425637 -1.550647217
v 0.364641016 -0.551576766 -1.546211010
v 0.483282354 -0.457738336 -1.550647217
v 0.531300837 -0.393598045 -1.546211010
v 0.610692593 -0.264841037 -1.550647217
v 0.633877935 -0.188145590 -1.546211010
v 0.664444293 -0.040000000 -1.550647217
v 0.660000000 -0.000726768 -1.545000400
v 0.587151736 -0.308161003 -1.548106602
v -0.587151736 -0.308161003 -1.548106602
v -0.496342419 -0.439721012 -1.548106602
v -0.376687484 -0.545726035 -1.548106602
v 0.235140842 -0.620015443 -1.548106602
v 0.496342419 -0.439721012 -1.548106602
v 0.660000000 -0.016720393 -1.545211764
v -0.611988643 -0.248285928 -1.545436283
v -0.309215381 -0.583576772 -1.545436283
v -0.090972400 -0.654140675 -1.545436283
v 0.138243194 -0.645805559 -1.545436283
v 0.350784619 -0.559576761 -1.545436283
v 0.628405617 -0.203180661 -1.545436283
v -0.617460954 -0.233250875 -1.545048512
v -0.323071760 -0.575576788 -1.545048512
v -0.106729294 -0.651362310 -1.545048512
v 0.122486301 -0.648583924 -1.545048512
v 0.336928240 -0.567576745 -1.545048512
v 0.622933305 -0.218215714 -1.545048512
v -0.358342618 -0.555213149 -1.545810944
v -0.146837833 -0.644290092 -1.545810944
v 0.082377762 -0.655656142 -1.545810944
v -0.504186852 -0.425911233 -1.545003609
v -0.521951161 -0.404740555 -1.545490733
v 0.307955768 -0.584304010 -1.545490733
v 0.617460992 -0.233250772 -1.545048510
v -0.344486182 -0.563213165 -1.545212000
v -0.131080876 -0.647068469 -1.545212000
v 0.098134719 -0.652877765 -1.545212000
v 0.321812183 -0.576304005 -1.545067750
v 0.611988668 -0.248285859 -1.545436281
v 0.504186926 -0.425911146 -1.545003609
v -0.628903077 -0.201813902 -1.545490733
v 0.521016242 -0.405854747 -1.545436283
v -0.623430751 -0.216848993 -1.545067750
v 0.660000000 0.015266132 -1.545176535
v 0.660000000 0.031267958 -1.545740260
v -0.649393398 0.203253122 -1.534393398
v -0.596765136 0.203253122 -1.534393398
v -0.567794920 0.203253122 -1.534393398
v -0.532998360 0.203253122 -1.534393398
v -0.492732516 0.203253122 -1.534393398
v -0.397497584 0.203253122 -1.534393398
v -0.343505736 0.203253122 -1.534393398
v -0.285989055 0.203253122 -1.534393398
v -0.225537738 0.203253122 -1.534393398
v -0.162772100 0.203253122 -1.534393398
v -0.098336199 0.203253122 -1.534393398
v -0.032891236 0.203253122 -1.534393398
v 0.032891236 0.203253122 -1.534393398
v 0.098336199 0.203253122 -1.534393398
v 0.162772100 0.203253122 -1.534393398
v 0.225537738 0.203253122 -1.534393398
v 0.285989055 0.203253122 -1.534393398
v 0.343505736 0.203253122 -1.534393398
v 0.397497584 0.203253122 -1.534393398
v 0.492732516 0.203253122 -1.534393398
v 0.532998360 0.203253122 -1.534393398
v 0.567794920 0.203253122 -1.534393398
v 0.596765136 0.203253122 -1.534393398
v 0.636100277 0.203253122 -1.534393398
v 0.561861536 0.019777013 -2.581004101
v 0.614093882 0.037034655 -2.618789827
v 0.599416476 0.034942366 -2.622734777
v 0.584751368 0.032851830 -2.626675987
v 0.567657559 0.030415079 -2.631269313
v 0.548142692 0.027633201 -2.636512351
v 0.531086046 0.025201747 -2.641094117
v 0.506750241 0.021732637 -2.647629723
v 0.495461924 0.066351181 -2.649588148
v 0.512648436 0.066917427 -2.645016864
v 0.529852761 0.067484261 -2.640439920
v 0.547075062 0.068051686 -2.635857357
v 0.593566905 0.064722527 -2.632400902
v 0.564315091 0.068619696 -2.631269312
v 0.603784982 0.069920115 -2.620762770
v 0.598333415 0.143108299 -2.618789827
v 0.584242315 0.138499092 -2.622734777
v 0.570163020 0.133893746 -2.626675987
v 0.553752042 0.128525706 -2.631269313
v 0.535016718 0.122397370 -2.636512351
v 0.518641418 0.117041000 -2.641094117
v 0.495277734 0.109398725 -2.647629723
v 0.476412983 0.151379218 -2.649588148
v 0.493240065 0.154921268 -2.645016864
v 0.510084588 0.158466990 -2.640439920
v 0.526946711 0.162016416 -2.635857357
v 0.573310341 0.166811058 -2.632400902
v 0.543826192 0.165569496 -2.631269312
v 0.582470631 0.173704034 -2.620762770
v 0.564392891 0.244833669 -2.618789827
v 0.551316246 0.237847593 -2.622734777
v 0.538250558 0.230867369 -2.626675987
v 0.523021050 0.222731145 -2.631269313
v 0.505634532 0.213442557 -2.636512351
v 0.490438133 0.205324022 -2.641094117
v 0.468756463 0.193740789 -2.647629723
v 0.442888474 0.231807674 -2.649588148
v 0.458844844 0.238217904 -2.645016864
v 0.474817753 0.244634779 -2.640439920
v 0.490807351 0.251058358 -2.635857357
v 0.535634033 0.263831119 -2.632400902
v 0.506813409 0.257488550 -2.631269312
v 0.543458205 0.272210043 -2.620762770
v 0.513303574 0.339119893 -2.618789827
v 0.501638713 0.329969215 -2.622734777
v 0.489983624 0.320826203 -2.626675987
v 0.476398328 0.310169010 -2.631269313
v 0.460888896 0.298002400 -2.636512351
v 0.447333134 0.287368376 -2.641094117
v 0.427992264 0.272196136 -2.647629723
v 0.395907023 0.305192771 -2.649588148
v 0.410507855 0.314276410 -2.645016864
v 0.425123821 0.323369465 -2.640439920
v 0.439755058 0.332472020 -2.635857357
v 0.481682755 0.352834805 -2.632400902
v 0.454401357 0.341583945 -2.631269312
v 0.487933075 0.362445087 -2.620762770
v 0.446617788 0.423102130 -2.618789827
v 0.436719141 0.412064889 -2.622734777
v 0.426828787 0.401036896 -2.626675987
v 0.415300483 0.388182547 -2.631269313
v 0.402139384 0.373507591 -2.636512351
v 0.390636144 0.360681189 -2.641094117
v 0.374223737 0.342380942 -2.647629723
v 0.336896137 0.369304740 -2.649588148
v 0.349697792 0.380785786 -2.645016864
v 0.362512717 0.392278733 -2.640439920
v 0.375341030 0.403783687 -2.635857357
v 0.413095791 0.431117784 -2.632400902
v 0.388182550 0.415300485 -2.631269312
v 0.417582347 0.441667422 -2.620762770
v 0.376601990 0.418347078 -2.581000000
v 0.366361747 0.494228623 -2.618789827
v 0.358530079 0.481640181 -2.622734777
v 0.350704972 0.469062285 -2.626675987
v 0.341583944 0.454401354 -2.631269313
v 0.331171071 0.437663943 -2.636512351
v 0.322069872 0.423034885 -2.641094117
v 0.309084610 0.402162676 -2.647629723
v 0.267648832 0.422195571 -2.649588148
v 0.278262339 0.435725179 -2.645016864
v 0.288886847 0.449268810 -2.640439920
v 0.299522455 0.462826592 -2.635857357
v 0.331957120 0.496301468 -2.632400902
v 0.310169012 0.476398330 -2.631269312
v 0.334543590 0.507469914 -2.620762770
v 0.298235352 0.477387695 -2.581000000
v 0.274973989 0.550338229 -2.618789827
v 0.269447261 0.536581079 -2.622734777
v 0.263925165 0.522835454 -2.626675987
v 0.257488549 0.506813406 -2.631269313
v 0.250140292 0.488522097 -2.636512351
v 0.243717670 0.472534881 -2.641094117
v 0.234554105 0.449724901 -2.647629723
v 0.190269154 0.462258204 -2.649588148
v 0.198372026 0.477425283 -2.645016864
v 0.206483297 0.492608082 -2.640439920
v 0.214603042 0.507806744 -2.635857357
v 0.240732100 0.546405282 -2.632400902
v 0.222731146 0.523021053 -2.631269312
v 0.241339895 0.557853191 -2.620762770
v 0.173998202 0.535320429 -2.581000000
v 0.175231285 0.589726087 -2.618789827
v 0.172177426 0.575218232 -2.622734777
v 0.169126124 0.560722533 -2.626675987
v 0.165569495 0.543826189 -2.631269313
v 0.161509127 0.524536755 -2.636512351
v 0.157960230 0.507677144 -2.641094117
v 0.152896792 0.483622462 -2.647629723
v 0.107108243 0.488275355 -2.649588148
v 0.112454279 0.504619061 -2.645016864
v 0.117805856 0.520979706 -2.640439920
v 0.123163024 0.537357446 -2.635857357
v 0.142192557 0.579906849 -2.632400902
v 0.128525707 0.553752045 -2.631269312
v 0.140803210 0.591286380 -2.620762770
v 0.116973352 0.550600192 -2.581000000
v 0.078111150 0.557411610 -2.581004101
v 0.070164268 0.611195416 -2.618789827
v 0.069676066 0.596377671 -2.622734777
v 0.069188273 0.581572341 -2.626675987
v 0.068619696 0.564315088 -2.631269313
v 0.067970589 0.544613628 -2.636512351
v 0.067403248 0.527393893 -2.641094117
v 0.066593787 0.502825399 -2.647629723
v 0.020692903 0.499456506 -2.649588148
v 0.023119665 0.516480244 -2.645016864
v 0.025548943 0.533521626 -2.640439920
v 0.027980759 0.550580814 -2.635857357
v 0.039332565 0.595788239 -2.632400902
v 0.030415079 0.567657562 -2.631269312
v 0.035988290 0.606753632 -2.620762770
v -0.037034655 0.614093882 -2.618789827
v -0.034942366 0.599416476 -2.622734777
v -0.032851830 0.584751368 -2.626675987
v -0.030415079 0.567657559 -2.631269313
v -0.027633201 0.548142692 -2.636512351
v -0.025201747 0.531086046 -2.641094117
v -0.021732637 0.506750241 -2.647629723
v -0.066351181 0.495461924 -2.649588148
v -0.066917427 0.512648436 -2.645016864
v -0.067484261 0.529852761 -2.640439920
v -0.068051686 0.547075062 -2.635857357
v -0.064722527 0.593566905 -2.632400902
v -0.068619696 0.564315091 -2.631269312
v -0.069920115 0.603784982 -2.620762770
v -0.143108299 0.598333415 -2.618789827
v -0.138499092 0.584242315 -2.622734777
v -0.133893746 0.570163020 -2.626675987
v -0.128525706 0.553752042 -2.631269313
v -0.122397370 0.535016718 -2.636512351
v -0.117041000 0.518641418 -2.641094117
v -0.109398725 0.495277734 -2.647629723
v -0.151379218 0.476412983 -2.649588148
v -0.154921268 0.493240065 -2.645016864
v -0.158466990 0.510084588 -2.640439920
v -0.162016416 0.526946711 -2.635857357
v -0.166811058 0.573310341 -2.632400902
v -0.165569496 0.543826192 -2.631269312
v -0.173704034 0.582470631 -2.620762770
v -0.244833669 0.564392891 -2.618789827
v -0.237847593 0.551316246 -2.622734777
v -0.230867369 0.538250558 -2.626675987
v -0.222731145 0.523021050 -2.631269313
v -0.213442557 0.505634532 -2.636512351
v -0.205324022 0.490438133 -2.641094117
v -0.193740789 0.468756463 -2.647629723
v -0.231807674 0.442888474 -2.649588148
v -0.238217904 0.458844844 -2.645016864
v -0.244634779 0.474817753 -2.640439920
v -0.251058358 0.490807351 -2.635857357
v -0.263831119 0.535634033 -2.632400902
v -0.257488550 0.506813409 -2.631269312
v -0.272210043 0.543458205 -2.620762770
v -0.339119893 0.513303574 -2.618789827
v -0.329969215 0.501638713 -2.622734777
v -0.320826203 0.489983624 -2.626675987
v -0.310169010 0.476398328 -2.631269313
v -0.298002400 0.460888896 -2.636512351
v -0.287368376 0.447333134 -2.641094117
v -0.272196136 0.427992264 -2.647629723
v -0.305192771 0.395907023 -2.649588148
v -0.314276410 0.410507855 -2.645016864
v -0.323369465 0.425123821 -2.640439920
v -0.332472020 0.439755058 -2.635857357
v -0.352834805 0.481682755 -2.632400902
v -0.341583945 0.454401357 -2.631269312
v -0.362445087 0.487933075 -2.620762770
v -0.423102130 0.446617788 -2.618789827
v -0.412064889 0.436719141 -2.622734777
v -0.401036896 0.426828787 -2.626675987
v -0.388182547 0.415300483 -2.631269313
v -0.373507591 0.402139384 -2.636512351
v -0.360681189 0.390636144 -2.641094117
v -0.342380942 0.374223737 -2.647629723
v -0.369304740 0.336896137 -2.649588148
v -0.380785786 0.349697792 -2.645016864
v -0.392278733 0.362512717 -2.640439920
v -0.403783687 0.375341030 -2.635857357
v -0.431117784 0.413095791 -2.632400902
v -0.415300485 0.388182550 -2.631269312
v -0.441667422 0.417582347 -2.620762770
v -0.418347078 0.376601990 -2.581000000
v -0.494228623 0.366361747 -2.618789827
v -0.481640181 0.358530079 -2.622734777
v -0.469062285 0.350704972 -2.626675987
v -0.454401354 0.341583944 -2.631269313
v -0.437663943 0.331171071 -2.636512351
v -0.423034885 0.322069872 -2.641094117
v -0.402162676 0.309084610 -2.647629723
v -0.422195571 0.267648832 -2.649588148
v -0.435725179 0.278262339 -2.645016864
v -0.449268810 0.288886847 -2.640439920
v -0.462826592 0.299522455 -2.635857357
v -0.496301468 0.331957120 -2.632400902
v -0.476398330 0.310169012 -2.631269312
v -0.507469914 0.334543590 -2.620762770
v -0.477387695 0.298235352 -2.581000000
v -0.550338229 0.274973989 -2.618789827
v -0.536581079 0.269447261 -2.622734777
v -0.522835454 0.263925165 -2.626675987
v -0.506813406 0.257488549 -2.631269313
v -0.488522097 0.250140292 -2.636512351
v -0.472534881 0.243717670 -2.641094117
v -0.449724901 0.234554105 -2.647629723
v -0.462258204 0.190269154 -2.649588148
v -0.477425283 0.198372026 -2.645016864
v -0.492608082 0.206483297 -2.640439920
v -0.507806744 0.214603042 -2.635857357
v -0.546405282 0.240732100 -2.632400902
v -0.523021053 0.222731146 -2.631269312
v -0.557853191 0.241339895 -2.620762770
v -0.535320429 0.173998202 -2.581000000
v -0.589726087 0.175231285 -2.618789827
v -0.575218232 0.172177426 -2.622734777
v -0.560722533 0.169126124 -2.626675987
v -0.543826189 0.165569495 -2.631269313
v -0.524536755 0.161509127 -2.636512351
v -0.507677144 0.157960230 -2.641094117
v -0.483622462 0.152896792 -2.647629723
v -0.488275355 0.107108243 -2.649588148
v -0.504619061 0.112454279 -2.645016864
v -0.520979706 0.117805856 -2.640439920
v -0.537357446 0.123163024 -2.635857357
v -0.579906849 0.142192557 -2.632400902
v -0.553752045 0.128525707 -2.631269312
v -0.591286380 0.140803210 -2.620762770
v -0.550600192 0.116973352 -2.581000000
v -0.557411610 0.078111150 -2.581004101
v -0.611195416 0.070164268 -2.618789827
v -0.596377671 0.069676066 -2.622734777
v -0.581572341 0.069188273 -2.626675987
v -0.564315088 0.068619696 -2.631269313
v -0.544613628 0.067970589 -2.636512351
v -0.527393893 0.067403248 -2.641094117
v -0.502825399 0.066593787 -2.647629723
v -0.499456506 0.020692903 -2.649588148
v -0.516480244 0.023119665 -2.645016864
v -0.533521626 0.025548943 -2.640439920
v -0.550580814 0.027980759 -2.635857357
v -0.595788239 0.039332565 -2.632400902
v -0.567657562 0.030415079 -2.631269312
v -0.606753632 0.035988290 -2.620762770
v -0.562892636 0.012543850 -2.583878152
v -0.611195414 -0.070164268 -2.618789827
v -0.596377669 -0.069676066 -2.622734777
v -0.581572340 -0.069188273 -2.626675987
v -0.564315091 -0.068619696 -2.631269312
v -0.542152574 -0.067889504 -2.637167229
v -0.524935411 -0.067322248 -2.641748194
v -0.507736195 -0.066755583 -2.646323524
v -0.591286382 -0.140803210 -2.620762769
v -0.577201199 -0.136195939 -2.624705849
v -0.558439244 -0.130058892 -2.629957464
v -0.542039912 -0.124694661 -2.634547039
v -0.518641418 -0.117041000 -2.641094117
v -0.497612547 -0.110162444 -2.646976682
v -0.589726085 -0.175231285 -2.618789827
v -0.575218230 -0.172177425 -2.622734777
v -0.560722532 -0.169126124 -2.626675987
v -0.543826192 -0.165569496 -2.631269312
v -0.522127169 -0.161001917 -2.637167229
v -0.505270076 -0.157453549 -2.641748194
v -0.488430556 -0.153908881 -2.646323524
v -0.557853193 -0.241339896 -2.620762769
v -0.544782039 -0.234356753 -2.624705849
v -0.527370807 -0.225054962 -2.629957464
v -0.512152107 -0.216924512 -2.634547039
v -0.490438133 -0.205324022 -2.641094117
v -0.470923187 -0.194898341 -2.646976682
v -0.550338228 -0.274973988 -2.618789827
v -0.536581077 -0.269447261 -2.622734777
v -0.522835453 -0.263925164 -2.626675987
v -0.506813409 -0.257488550 -2.631269312
v -0.486237195 -0.249222367 -2.637167229
v -0.470252367 -0.242800704 -2.641748194
v -0.454284202 -0.236385735 -2.646323524
v -0.507469916 -0.334543591 -2.620762769
v -0.495809953 -0.325396755 -2.624705849
v -0.480278476 -0.313212851 -2.629957464
v -0.466702819 -0.302563221 -2.634547039
v -0.447333134 -0.287368376 -2.641094117
v -0.429925063 -0.273712350 -2.646976682
v -0.494228622 -0.366361746 -2.618789827
v -0.481640179 -0.358530078 -2.622734777
v -0.469062284 -0.350704972 -2.626675987
v -0.454401357 -0.341583945 -2.631269312
v -0.435573149 -0.329870322 -2.637167229
v -0.420946277 -0.320770482 -2.641748194
v -0.406334652 -0.311680128 -2.646323524
v -0.441667423 -0.417582348 -2.620762769
v -0.431772932 -0.406549742 -2.624705849
v -0.418593126 -0.391853926 -2.629957464
v -0.407073003 -0.379008700 -2.634547039
v -0.390636144 -0.360681189 -2.641094117
v -0.375863885 -0.344209749 -2.646976682
v -0.423102129 -0.446617787 -2.618789827
v -0.412064888 -0.436719139 -2.622734777
v -0.401036895 -0.426828786 -2.626675987
v -0.388182550 -0.415300485 -2.631269312
v -0.371674434 -0.400495334 -2.637167229
v -0.358849947 -0.388993812 -2.641748194
v -0.346038829 -0.377504279 -2.646323524
v -0.376601990 -0.418347078 -2.581000000
v -0.362445088 -0.487933077 -2.620762769
v -0.354616709 -0.475349921 -2.624705849
v -0.344189035 -0.458588718 -2.629957464
v -0.335074479 -0.443938192 -2.634547039
v -0.322069872 -0.423034885 -2.641094117
v -0.310382272 -0.404248508 -2.646976682
v -0.339119892 -0.513303573 -2.618789827
v -0.329969213 -0.501638711 -2.622734777
v -0.320826203 -0.489983624 -2.626675987
v -0.310169012 -0.476398330 -2.631269312
v -0.296482579 -0.458951499 -2.637167229
v -0.285850144 -0.445397761 -2.641748194
v -0.275228792 -0.431858153 -2.646323524
v -0.298235352 -0.477387695 -2.581000000
v -0.272210044 -0.543458206 -2.620762769
v -0.266685637 -0.529706833 -2.624705849
v -0.259326935 -0.511389524 -2.629957464
v -0.252894887 -0.495378846 -2.634547039
v -0.243717670 -0.472534881 -2.641094117
v -0.235469851 -0.452004381 -2.646976682
v -0.244833669 -0.564392890 -2.618789827
v -0.237847592 -0.551316245 -2.622734777
v -0.230867368 -0.538250557 -2.626675987
v -0.222731146 -0.523021053 -2.631269312
v -0.212282252 -0.503462654 -2.637167229
v -0.204164928 -0.488268525 -2.641748194
v -0.196056067 -0.473090235 -2.646323524
v -0.173998202 -0.535320429 -2.581000000
v -0.173704034 -0.582470633 -2.620762769
v -0.170651457 -0.567968871 -2.624705849
v -0.166585317 -0.548652018 -2.629957464
v -0.163031212 -0.531767664 -2.634547039
v -0.157960230 -0.507677144 -2.641094117
v -0.153402798 -0.486026329 -2.646976682
v -0.143108298 -0.598333414 -2.618789827
v -0.138499091 -0.584242313 -2.622734777
v -0.133893746 -0.570163019 -2.626675987
v -0.128525707 -0.553752045 -2.631269312
v -0.121631835 -0.532676351 -2.637167229
v -0.116276265 -0.516303497 -2.641748194
v -0.110926277 -0.499947710 -2.646323524
v -0.116973352 -0.550600192 -2.581000000
v -0.078111150 -0.557411610 -2.581004101
v -0.069920116 -0.603784984 -2.620762769
v -0.069432118 -0.588973462 -2.624705849
v -0.068782089 -0.569243997 -2.629957464
v -0.068213915 -0.551998991 -2.634547039
v -0.067403248 -0.527393893 -2.641094117
v -0.066674679 -0.505280613 -2.646976682
v -0.037034655 -0.614093880 -2.618789827
v -0.034942366 -0.599416474 -2.622734777
v -0.032851830 -0.584751367 -2.626675987
v -0.030415079 -0.567657562 -2.631269312
v -0.027285696 -0.545704947 -2.637167229
v -0.024854606 -0.528650848 -2.641748194
v -0.022426049 -0.511614527 -2.646323524
v 0.638215008 0.189724155 -1.550818032
v 0.626415654 0.208648040 -1.545250457
v 0.620943335 0.223683113 -1.545003609
v 0.615471023 0.238718166 -1.545144694
v 0.609998710 0.253753223 -1.545673275
v 0.504186852 0.425911233 -1.545003609
v 0.493902271 0.438167919 -1.545250459
v 0.483617683 0.450424614 -1.545884573
v 0.366948724 0.555573835 -1.550818032
v 0.352044232 0.558849523 -1.545490733
v 0.338187817 0.566849528 -1.545067750
v 0.324331431 0.574849516 -1.545032477
v 0.310475052 0.582849500 -1.545385029
v 0.296618658 0.590849494 -1.546124613
v 0.154801566 0.647572488 -1.550818032
v 0.139675573 0.645552992 -1.545490733
v 0.123918639 0.648331364 -1.545067750
v 0.108161738 0.651109731 -1.545032477
v 0.092404846 0.653888096 -1.545385029
v 0.076647935 0.656666465 -1.546124613
v -0.076016946 0.661464342 -1.550818032
v -0.089540022 0.654393242 -1.545490733
v -0.105296956 0.651614870 -1.545067750
v -0.121053856 0.648836503 -1.545032477
v -0.136810749 0.646058138 -1.545385029
v -0.152567659 0.643279769 -1.546124613
v -0.297666692 0.595573835 -1.550818032
v -0.307955768 0.584304010 -1.545490733
v -0.321812183 0.576304005 -1.545067750
v -0.335668569 0.568304017 -1.545032477
v -0.349524948 0.560304033 -1.545385029
v -0.363381342 0.552304039 -1.546124613
v -0.483413442 0.457848333 -1.550818032
v -0.489227504 0.443739090 -1.545490733
v -0.499512112 0.431482372 -1.545067750
v -0.610853397 0.264899565 -1.550818032
v -0.611491183 0.249652687 -1.545490733
v -0.616963508 0.234617596 -1.545067750
v -0.622435822 0.219582537 -1.545032477
v -0.627908134 0.204547485 -1.545385029
v -0.633380451 0.189512416 -1.546124613
f 1 2 10
f 1 10 9
f 2 3 11
f 2 11 10
f 3 4 12
f 3 12 11
f 4 5 13
f 4 13 12
f 5 6 14
f 5 14 13
f 6 7 15
f 6 15 14
f 7 8 16
f 7 16 15
f 17 18 26
f 17 26 25
f 18 19 27
f 18 27 26
f 19 20 28
f 19 28 27
f 20 21 29
f 20 29 28
f 21 22 30
f 21 30 29
f 22 23 31
f 22 31 30
f 23 24 32
f 23 32 31
f 33 34 42
f 33 42 41
f 34 35 43
f 34 43 42
f 35 36 44
f 35 44 43
f 36 37 45
f 36 45 44
f 37 38 46
f 37 46 45
f 38 39 47
f 38 47 46
f 39 40 48
f 39 48 47
f 49 50 58
f 49 58 57
f 50 51 59
f 50 59 58
f 51 52 60
f 51 60 59
f 52 53 61
f 52 61 60
f 53 54 62
f 53 62 61
f 54 55 63
f 54 63 62
f 55 56 64
f 55 64 63
f 65 66 74
f 65 74 73
f 66 67 75
f 66 75 74
f 67 68 76
f 67 76 75
f 68 69 77
f 68 77 76
f 69 70 78
f 69 78 77
f 70 71 79
f 70 79 78
f 71 72 80
f 71 80 79
f 81 82 90
f 81 90 89
f 82 83 91
f 82 91 90
f 83 84 92
f 83 92 91
f 84 85 93
f 84 93 92
f 85 86 94
f 85 94 93
f 86 87 95
f 86 95 94
f 87 88 96
f 87 96 95
f 97 98 106
f 97 106 105
f 98 99 107
f 98 107 106
f 99 100 108
f 99 108 107
f 100 101 109
f 100 109 108
f 101 102 110
f 101 110 109
f 102 103 111
f 102 111 110
f 103 104 112
f 103 112 111
f 113 114 122
f 113 122 121
f 114 115 123
f 114 123 122
f 115 116 124
f 115 124 123
f 116 117 125
f 116 125 124
f 117 118 126
f 117 126 125
f 118 119 127
f 118 127 126
f 119 120 128
f 119 128 127
f 129 130 138
f 129 138 137
f 130 131 139
f 130 139 138
f 131 132 140
f 131 140 139
f 132 133 141
f 132 141 140
f 133 134 142
f 133 142 141
f 134 135 143
f 134 143 142
f 135 136 144
f 135 144 143
f 145 146 154
f 145 154 153
f 146 147 155
f 146 155 154
f 147 148 156
f 147 156 155
f 148 149 157
f 148 157 156
f 149 150 158
f 149 158 157
f 150 151 159
f 150 159 158
f 151 152 160
f 151 160 159
f 161 162 170
f 161 170 169
f 162 163 171
f 162 171 170
f 163 164 172
f 163 172 171
f 164 165 173
f 164 173 172
f 165 166 174
f 165 174 173
f 166 167 175
f 166 175 174
f 167 168 176
f 167 176 175
f 177 178 186
f 177 186 185
f 178 179 187
f 178 187 186
f 179 180 188
f 179 188 187
f 180 181 189
f 180 189 188
f 181 182 190
f 181 190 189
f 182 183 191
f 182 191 190
f 183 184 192
f 183 192 191
f 193 194 202
f 193 202 201
f 194 195 203
f 194 203 202
f 195 196 204
f 195 204 203
f 196 197 205
f 196 205 204
f 197 198 206
f 197 206 205
f 198 199 207
f 198 207 206
f 199 200 208
f 199 208 207
f 209 210 218
f 209 218 217
f 210 211 219
f 210 219 218
f 211 212 220
f 211 220 219
f 212 213 221
f 212 221 220
f 213 214 222
f 213 222 221
f 214 215 223
f 214 223 222
f 215 216 224
f 215 224 223
f 225 226 234
f 225 234 233
f 226 227 235
f 226 235 234
f 227 228 236
f 227 236 235
f 228 229 237
f 228 237 236
f 229 230 238
f 229 238 237
f 230 231 239
f 230 239 238
f 231 232 240
f 231 240 239
f 241 242 250
f 241 250 249
f 242 243 251
f 242 251 250
f 243 244 252
f 243 252 251
f 244 245 253
f 244 253 252
f 245 246 254
f 245 254 253
f 246 247 255
f 246 255 254
f 247 248 256
f 247 256 255
f 257 258 266
f 257 266 265
f 258 259 267
f 258 267 266
f 259 260 268
f 259 268 267
f 260 261 269
f 260 269 268
f 261 262 270
f 261 270 269
f 262 263 271
f 262 271 270
f 263 264 272
f 263 272 271
f 273 274 282
f 273 282 281
f 274 275 283
f 274 283 282
f 275 276 284
f 275 284 283
f 276 277 285
f 276 285 284
f 277 278 286
f 277 286 285
f 278 279 287
f 278 287 286
f 279 280 288
f 279 288 287
f 290 289 16
f 290 16 8
f 290 8 292
f 290 292 291
f 289 15 16
f 289 14 15
f 289 13 14
f 289 12 13
f 289 11 12
f 289 10 11
f 289 9 10
f 10 9 11
f 11 9 12
f 12 9 13
f 13 9 14
f 14 9 15
f 15 9 16
f 16 9 289
f 32 30 31
f 32 29 30
f 32 28 29
f 32 27 28
f 32 26 27
f 32 25 26
f 26 27 25
f 27 28 25
f 28 29 25
f 29 30 25
f 30 31 25
f 31 32 25
f 48 46 47
f 48 45 46
f 48 44 45
f 48 43 44
f 48 42 43
f 48 41 42
f 42 43 41
f 43 44 41
f 44 45 41
f 45 46 41
f 46 47 41
f 47 48 41
f 64 62 63
f 64 61 62
f 64 60 61
f 64 59 60
f 64 58 59
f 64 57 58
f 58 59 57
f 59 60 57
f 60 61 57
f 61 62 57
f 62 63 57
f 63 64 57
f 73 74 75
f 73 75 76
f 73 76 77
f 73 77 78
f 73 78 79
f 73 79 80
f 73 80 296
f 73 296 74
f 74 296 75
f 75 296 76
f 76 296 77
f 77 296 78
f 78 296 79
f 79 296 80
f 89 90 91
f 89 91 92
f 89 92 93
f 89 93 94
f 89 94 95
f 89 95 96
f 89 96 297
f 89 297 90
f 90 297 91
f 91 297 92
f 92 297 93
f 93 297 94
f 94 297 95
f 95 297 96
f 105 106 107
f 105 107 108
f 105 108 109
f 105 109 110
f 105 110 111
f 105 111 112
f 105 112 298
f 105 298 106
f 106 298 107
f 107 298 108
f 108 298 109
f 109 298 110
f 110 298 111
f 111 298 112
f 121 122 123
f 121 123 124
f 121 124 125
f 121 125 126
f 121 126 127
f 121 127 128
f 121 128 299
f 121 299 122
f 122 299 123
f 123 299 124
f 124 299 125
f 125 299 126
f 126 299 127
f 127 299 128
f 139 140 141
f 141 142 143
f 138 139 140
f 137 138 139
f 141 143 144
f 300 137 139
f 139 141 144
f 138 140 141
f 300 139 144
f 138 141 144
f 144 137 138
f 138 300 144
f 156 157 158
f 301 153 154
f 154 155 156
f 159 160 153
f 158 159 160
f 301 154 156
f 156 158 159
f 154 156 158
f 301 156 159
f 154 158 160
f 159 153 154
f 154 160 301
f 302 169 170
f 170 171 172
f 172 173 174
f 174 175 176
f 302 170 172
f 172 174 176
f 170 172 174
f 302 172 176
f 170 174 176
f 176 169 170
f 170 302 176
f 185 186 187
f 189 190 191
f 185 187 188
f 189 191 192
f 186 187 188
f 188 189 190
f 190 191 192
f 303 185 188
f 188 189 192
f 186 188 190
f 303 188 192
f 186 190 192
f 192 185 186
f 186 303 192
f 304 201 202
f 202 203 204
f 205 206 207
f 205 207 208
f 204 205 206
f 206 207 208
f 304 202 204
f 204 205 208
f 202 204 206
f 304 204 208
f 202 206 208
f 208 201 202
f 202 304 208
f 217 218 219
f 221 222 223
f 217 219 220
f 221 223 224
f 218 219 220
f 220 221 222
f 222 223 224
f 305 217 220
f 220 221 224
f 218 220 222
f 305 220 224
f 218 222 224
f 224 217 218
f 218 305 224
f 233 234 235
f 233 235 236
f 237 238 239
f 239 240 233
f 234 236 235
f 236 238 237
f 238 240 239
f 306 233 236
f 236 237 239
f 234 238 236
f 306 236 239
f 234 240 238
f 239 233 234
f 234 306 240
f 253 254 255
f 307 249 250
f 250 251 252
f 255 256 249
f 253 255 256
f 307 250 252
f 252 253 255
f 250 252 253
f 307 252 255
f 250 253 256
f 255 249 250
f 250 256 307
f 308 265 266
f 268 269 270
f 266 267 268
f 271 272 265
f 270 271 272
f 308 266 268
f 268 270 271
f 266 268 270
f 308 268 271
f 266 270 272
f 271 265 266
f 266 272 308
f 288 287 286
f 288 286 285
f 288 285 284
f 288 284 283
f 288 283 282
f 288 282 281
f 282 283 281
f 283 284 281
f 284 285 281
f 285 286 281
f 286 287 281
f 287 288 281
f 288 281 309
f 311 1 310
f 311 1 9
f 311 9 312
f 313 315 314
f 316 317 318
f 313 353 315
f 354 316 318
f 313 355 353
f 356 354 318
f 313 357 355
f 358 356 318
f 313 359 357
f 360 358 318
f 99 98 97
f 275 274 273
f 313 361 359
f 362 360 318
f 319 320 120
f 115 114 113
f 113 321 322
f 323 324 104
f 97 325 326
f 327 328 88
f 81 329 330
f 331 332 72
f 67 66 65
f 65 333 334
f 335 336 56
f 49 337 338
f 339 340 40
f 35 34 33
f 33 341 342
f 343 344 24
f 17 345 346
f 291 292 8
f 3 2 1
f 347 348 280
f 273 349 350
f 313 363 361
f 364 362 318
f 83 82 81
f 51 50 49
f 313 365 363
f 366 364 318
f 323 104 103
f 327 88 87
f 335 56 55
f 19 18 17
f 291 8 7
f 313 367 365
f 368 366 318
f 319 120 119
f 100 99 97
f 331 72 71
f 343 24 23
f 20 19 17
f 313 369 367
f 370 318 368
f 68 67 65
f 52 51 49
f 339 40 39
f 36 35 33
f 347 280 279
f 313 371 369
f 372 318 370
f 84 83 81
f 276 275 273
f 313 373 371
f 374 318 372
f 319 119 118
f 116 115 113
f 327 87 86
f 4 3 1
f 313 375 373
f 376 318 374
f 323 103 102
f 335 55 54
f 339 39 38
f 21 20 17
f 291 7 6
f 347 279 278
f 313 377 375
f 378 318 376
f 331 71 70
f 343 23 22
f 277 276 273
f 313 379 377
f 380 318 378
f 117 116 113
f 85 84 81
f 313 380 379
f 323 102 101
f 101 100 97
f 69 68 65
f 53 52 49
f 37 36 33
f 5 4 1
f 313 318 380
f 327 86 85
f 331 70 69
f 335 54 53
f 339 38 37
f 22 21 17
f 291 6 5
f 278 277 273
f 381 318 313
f 319 118 117
f 117 113 322
f 101 97 326
f 85 81 330
f 69 65 334
f 53 49 338
f 37 33 342
f 22 17 346
f 5 1 311
f 278 273 350
f 330 318 381
f 319 117 322
f 323 101 326
f 327 85 330
f 331 69 334
f 335 53 338
f 339 37 342
f 343 22 346
f 291 5 311
f 347 278 350
f 382 318 330
f 383 318 419
f 419 318 382
f 343 318 383
f 384 318 343
f 385 351 352
f 352 318 384
f 386 323 326
f 387 327 330
f 388 331 334
f 389 335 338
f 390 339 342
f 391 343 346
f 392 291 311
f 393 347 350
f 394 319 322
f 395 386 326
f 396 387 330
f 397 388 334
f 398 389 338
f 399 390 342
f 400 391 346
f 401 392 311
f 402 393 350
f 350 385 352
f 402 350 352
f 395 326 403
f 396 330 404
f 397 334 405
f 398 338 406
f 399 342 407
f 400 346 408
f 401 311 409
f 318 394 322
f 395 403 410
f 396 404 411
f 397 405 412
f 398 406 413
f 399 407 414
f 400 408 415
f 401 409 416
f 396 411 397
f 398 413 399
f 399 414 400
f 400 415 401
f 401 416 402
f 395 410 396
f 397 412 398
f 401 402 352
f 400 401 352
f 399 400 352
f 398 399 352
f 397 398 352
f 396 397 352
f 395 396 352
f 395 352 318
f 318 322 417
f 418 395 318
f 318 417 418
f 423 422 421
f 423 421 424
f 424 421 420
f 424 420 425
f 425 420 427
f 425 427 350
f 350 427 385
f 385 427 426
f 385 426 351
f 429 430 431
f 459 460 461
f 462 459 461
f 463 459 462
f 464 463 465
f 490 492 491
f 429 431 432
f 504 506 505
f 520 528 527
f 534 541 542
f 548 555 556
f 561 569 568
f 476 477 301
f 428 429 432
f 458 463 459
f 457 476 301
f 518 519 520
f 428 432 433
f 489 492 490
f 527 528 529
f 503 506 504
f 541 543 542
f 546 547 548
f 555 557 556
f 568 569 434
f 568 570 434
f 517 520 518
f 475 476 301
f 447 520 517
f 527 529 444
f 513 514 506
f 491 500 492
f 488 492 489
f 454 488 492
f 555 437 557
f 502 506 503
f 541 544 543
f 485 478 486
f 568 571 570
f 474 475 301
f 472 466 473
f 555 558 437
f 487 488 492
f 568 572 571
f 473 474 301
f 433 574 573
f 458 473 301
f 568 433 572
f 559 560 561
f 532 533 534
f 581 428 433
f 458 465 463
f 472 473 301
f 568 574 433
f 581 433 434
f 457 465 458
f 581 434 435
f 456 465 457
f 581 435 436
f 455 465 456
f 491 501 500
f 513 515 514
f 545 546 548
f 485 486 487
f 440 545 548
f 531 534 532
f 558 559 561
f 485 487 492
f 555 558 561
f 491 502 501
f 544 548 545
f 438 544 548
f 437 438 548
f 436 437 548
f 581 436 548
f 544 438 439
f 541 544 439
f 541 439 440
f 541 440 441
f 541 441 442
f 541 442 443
f 443 444 530
f 443 530 531
f 541 443 531
f 527 444 445
f 527 445 446
f 527 446 447
f 448 506 502
f 515 448 447
f 513 448 515
f 447 516 515
f 447 517 516
f 502 449 448
f 502 450 449
f 491 450 502
f 491 451 450
f 491 452 451
f 491 453 452
f 491 454 453
f 491 455 454
f 491 465 455
f 420 308 264
f 420 264 583
f 420 583 582
f 420 582 427
f 584 583 264
f 619 426 314
f 620 426 619
f 621 426 620
f 584 264 263
f 622 426 621
f 243 242 241
f 227 226 225
f 179 178 177
f 163 162 161
f 623 426 622
f 259 258 257
f 257 585 586
f 587 588 248
f 241 589 590
f 591 592 232
f 225 593 594
f 595 596 216
f 211 210 209
f 209 597 598
f 599 600 200
f 193 601 602
f 603 604 184
f 177 605 606
f 607 608 168
f 161 609 610
f 611 612 152
f 147 146 145
f 145 613 614
f 615 616 136
f 129 617 618
f 624 426 623
f 195 194 193
f 625 426 624
f 131 130 129
f 626 426 625
f 260 259 257
f 244 243 241
f 591 232 231
f 212 211 209
f 196 195 193
f 164 163 161
f 611 152 151
f 148 147 145
f 627 426 626
f 584 263 262
f 587 248 247
f 228 227 225
f 595 216 215
f 603 184 183
f 180 179 177
f 615 136 135
f 628 426 627
f 599 200 199
f 607 168 167
f 132 131 129
f 629 426 628
f 630 426 629
f 584 262 261
f 245 244 241
f 591 231 230
f 213 212 209
f 197 196 193
f 181 180 177
f 165 164 161
f 611 151 150
f 631 426 630
f 595 215 214
f 599 199 198
f 603 183 182
f 615 135 134
f 133 132 129
f 632 426 631
f 261 260 257
f 587 247 246
f 229 228 225
f 607 167 166
f 633 426 632
f 584 261 257
f 587 246 245
f 149 148 145
f 615 134 133
f 634 426 633
f 584 257 586
f 591 230 229
f 595 214 213
f 599 198 197
f 603 182 181
f 166 165 161
f 150 149 145
f 635 426 634
f 245 241 590
f 229 225 594
f 213 209 598
f 197 193 602
f 181 177 606
f 166 161 610
f 150 145 614
f 133 129 618
f 636 426 635
f 587 245 590
f 591 229 594
f 595 213 598
f 599 197 602
f 603 181 606
f 607 166 610
f 611 150 614
f 615 133 618
f 637 426 636
f 638 426 637
f 639 426 638
f 640 318 317
f 641 426 639
f 642 426 641
f 643 426 642
f 644 426 643
f 645 426 644
f 646 426 645
f 584 586 647
f 648 426 646
f 649 426 648
f 650 587 590
f 651 591 594
f 652 595 598
f 653 599 602
f 654 603 606
f 655 607 610
f 656 611 614
f 657 615 618
f 658 426 649
f 317 426 658
f 584 647 659
f 660 650 590
f 661 651 594
f 662 652 598
f 663 653 602
f 664 654 606
f 665 655 610
f 666 656 614
f 667 657 618
f 618 640 317
f 659 660 590
f 668 584 659
f 594 668 659
f 669 687 659
f 687 670 659
f 667 618 317
f 317 426 427
f 659 590 671
f 661 594 672
f 662 598 673
f 663 602 674
f 664 606 675
f 665 610 676
f 666 614 677
f 678 667 317
f 666 677 678
f 582 679 583
f 666 678 317
f 659 671 680
f 661 672 681
f 662 673 682
f 663 674 683
f 664 675 684
f 665 676 685
f 685 666 317
f 661 681 662
f 663 683 664
f 664 684 665
f 665 685 317
f 668 659 680
f 594 661 662
f 427 582 679
f 664 665 317
f 663 664 317
f 662 663 317
f 679 686 427
f 686 607 427
f 607 669 427
f 669 664 427
f 664 427 663
f 663 427 682
f 682 427 670
f 670 427 662
f 662 317 427
f 314 690 689
f 691 317 688
f 314 315 690
f 315 692 690
f 693 317 691
f 693 694 317
f 315 695 692
f 696 695 315
f 696 315 353
f 697 696 353
f 698 697 353
f 692 700 699
f 701 703 702
f 704 706 705
f 707 709 708
f 710 712 711
f 713 715 714
f 716 718 717
f 719 721 720
f 722 724 723
f 725 727 726
f 728 730 729
f 731 733 732
f 734 736 735
f 737 739 738
f 740 742 741
f 743 745 744
f 746 748 747
f 694 750 749
f 692 695 700
f 701 751 703
f 704 752 706
f 707 753 709
f 710 754 712
f 713 755 715
f 716 756 718
f 719 757 721
f 722 758 724
f 725 759 727
f 728 760 730
f 731 761 733
f 734 762 736
f 737 763 739
f 740 764 742
f 743 765 745
f 746 766 748
f 694 693 750
f 317 767 766
f 766 746 317
f 701 751 363
f 701 365 751
f 365 367 751
f 367 369 751
f 369 371 751
f 371 373 751
f 373 375 751
f 375 377 751
f 377 379 751
f 379 380 751
f 380 378 751
f 378 376 751
f 376 374 751
f 374 372 751
f 372 370 751
f 370 368 751
f 368 751 366
f 366 751 364
f 364 751 362
f 362 751 360
f 360 751 358
f 358 751 356
f 356 751 354
f 354 751 316
f 316 751 317
f 701 751 317
f 317 768 751
f 752 704 317
f 317 769 752
f 753 707 317
f 317 770 753
f 754 710 317
f 317 771 754
f 755 713 317
f 317 772 755
f 756 716 317
f 317 773 756
f 757 719 317
f 317 774 757
f 758 722 317
f 317 775 758
f 759 725 317
f 317 776 759
f 728 317 760
f 317 777 760
f 731 317 761
f 317 778 761
f 734 317 762
f 317 779 762
f 737 317 763
f 317 780 763
f 764 740 317
f 317 781 764
f 765 743 317
f 317 782 765
f 317 783 776
f 317 784 783
f 317 785 784
f 317 728 785
f 317 786 777
f 317 787 786
f 317 788 787
f 317 731 788
f 317 789 778
f 317 790 789
f 317 791 790
f 317 734 791
f 317 792 779
f 317 793 792
f 317 794 793
f 317 737 794
f 317 795 780
f 317 796 795
f 317 797 796
f 317 740 797
f 317 798 781
f 317 799 798
f 317 800 799
f 317 743 800
f 317 801 782
f 317 802 801
f 317 803 802
f 317 746 803
f 317 804 767
f 317 805 804
f 317 694 805
f 701 698 353
f 701 806 355
f 701 355 357
f 701 357 359
f 701 359 361
f 701 361 363
f 317 807 768
f 317 808 807
f 317 809 808
f 317 704 809
f 317 810 769
f 317 811 810
f 317 812 811
f 317 707 812
f 317 813 770
f 317 814 813
f 317 815 814
f 317 710 815
f 317 816 771
f 317 817 816
f 317 818 817
f 317 713 818
f 317 819 772
f 317 820 819
f 317 821 820
f 317 716 821
f 317 822 773
f 317 823 822
f 317 824 823
f 317 719 824
f 317 825 774
f 317 826 825
f 317 827 826
f 317 722 827
f 317 828 775
f 317 829 828
f 317 830 829
f 317 725 830
f 355 806 353
f 353 806 701
f 365 701 363
f 832 775 828
f 832 828 829
f 832 829 830
f 830 831 832
f 830 833 725
f 830 725 726
f 830 726 834
f 830 834 835
f 830 835 836
f 830 836 837
f 830 837 838
f 830 838 839
f 830 839 840
f 830 840 841
f 830 841 831
f 727 726 842
f 727 834 726
f 842 726 834
f 834 843 726
f 843 835 726
f 834 726 835
f 835 836 726
f 726 842 835
f 844 845 835
f 845 837 835
f 836 835 837
f 846 837 838
f 838 847 837
f 847 839 837
f 838 837 839
f 848 839 840
f 840 839 849
f 849 839 841
f 841 839 850
f 840 839 841
f 855 853 854
f 857 855 856
f 851 730 729
f 860 861 862
f 862 729 863
f 863 851 729
f 862 863 854
f 856 858 860
f 860 863 862
f 861 854 862
f 856 854 852
f 858 856 852
f 859 854 861
f 854 856 860
f 860 852 858
f 852 855 853
f 854 860 852
f 864 854 859
f 854 855 852
f 857 854 864
f 854 857 855
f 869 867 868
f 872 873 874
f 866 868 869
f 865 733 732
f 874 875 876
f 876 877 732
f 877 865 732
f 870 872 874
f 874 876 732
f 876 877 868
f 875 868 876
f 870 868 866
f 872 870 866
f 873 868 875
f 868 870 874
f 874 866 872
f 866 869 867
f 868 874 866
f 878 868 873
f 871 868 878
f 868 871 869
f 883 881 882
f 880 882 883
f 886 887 888
f 879 736 735
f 888 889 890
f 890 891 880
f 891 879 735
f 884 886 888
f 890 891 735
f 884 890 888
f 882 890 884
f 889 880 890
f 884 880 882
f 887 880 889
f 886 880 884
f 882 888 890
f 888 880 886
f 880 883 881
f 882 880 888
f 892 880 887
f 885 880 892
f 883 880 885
f 897 895 896
f 894 896 897
f 900 901 902
f 893 739 738
f 902 903 904
f 904 905 894
f 905 893 738
f 898 900 902
f 904 905 738
f 898 904 902
f 896 904 898
f 903 894 904
f 898 894 896
f 901 894 903
f 900 894 898
f 896 902 904
f 901 894 900
f 896 901 902
f 896 894 901
f 906 894 901
f 894 897 895
f 899 894 906
f 897 894 899
f 911 909 910
f 910 911 912
f 908 911 910
f 914 915 916
f 907 742 741
f 918 919 908
f 916 917 918
f 919 907 741
f 918 919 741
f 912 914 916
f 916 918 741
f 916 741 919
f 916 919 918
f 917 908 918
f 912 910 908
f 912 916 918
f 912 918 917
f 914 912 908
f 915 908 917
f 912 916 917
f 910 912 916
f 915 914 908
f 908 911 909
f 916 908 915
f 910 916 908
f 920 908 915
f 913 908 920
f 911 908 913
f 925 923 924
f 924 925 926
f 928 929 930
f 922 925 924
f 921 745 744
f 932 933 922
f 930 932 931
f 933 921 744
f 926 928 930
f 932 933 744
f 926 932 930
f 924 932 926
f 926 924 922
f 931 922 932
f 928 926 922
f 929 922 931
f 924 930 932
f 929 928 922
f 922 925 923
f 924 929 930
f 924 922 929
f 934 922 929
f 927 922 934
f 925 922 927
f 942 943 944
f 940 941 942
f 939 937 938
f 936 938 939
f 935 748 747
f 944 945 946
f 947 935 747
f 940 942 944
f 946 947 747
f 946 947 936
f 940 946 944
f 938 946 940
f 940 936 938
f 945 936 946
f 943 936 945
f 942 936 940
f 938 944 946
f 944 936 942
f 938 936 944
f 948 936 943
f 936 939 937
f 941 936 948
f 939 936 941
f 954 955 956
f 953 951 952
f 950 952 953
f 949 750 749
f 958 959 960
f 961 949 749
f 960 961 749
f 954 956 958
f 958 960 749
f 958 749 961
f 960 961 950
f 954 952 950
f 959 950 960
f 954 958 961
f 954 960 961
f 957 950 959
f 954 959 960
f 956 954 950
f 954 958 959
f 952 958 954
f 958 950 956
f 950 953 951
f 952 950 958
f 962 950 957
f 955 950 962
f 953 950 955
f 969 967 968
f 968 970 969
f 967 965 966
f 970 971 972
f 964 966 967
f 972 974 963
f 968 966 964
f 974 964 963
f 973 964 974
f 970 968 964
f 966 968 970
f 971 964 973
f 972 964 970
f 964 967 965
f 969 964 971
f 964 969 967
f 972 966 964
f 981 979 980
f 984 985 986
f 980 982 981
f 979 977 978
f 982 983 984
f 976 978 979
f 984 986 975
f 980 978 976
f 986 978 975
f 985 978 986
f 982 976 980
f 978 980 982
f 983 978 985
f 984 982 976
f 976 979 977
f 981 978 983
f 976 981 979
f 976 978 981
f 984 976 978
f 995 993 994
f 991 989 990
f 992 995 994
f 994 995 996
f 996 997 998
f 988 990 991
f 996 987 998
f 992 990 988
f 998 990 987
f 997 990 998
f 994 992 988
f 990 992 994
f 996 994 988
f 995 990 997
f 988 991 989
f 993 990 995
f 988 993 991
f 988 990 993
f 996 988 990
f 1008 1009 1010
f 1003 1001 1002
f 1002 1003 1004
f 1006 1007 1008
f 1000 1003 1002
f 1004 1005 1006
f 1008 999 1010
f 1004 1002 1000
f 1010 1000 999
f 1009 1000 1010
f 1006 1000 1004
f 1002 1004 1006
f 1007 1000 1009
f 1008 1006 1000
f 1000 1003 1001
f 1005 1000 1007
f 1000 1005 1003
f 1008 1000 1002
f 1015 1013 1014
f 1014 1015 1016
f 1018 1019 1020
f 1012 1015 1014
f 1016 1017 1018
f 1020 1022 1011
f 1016 1014 1012
f 1022 1011 1012
f 1021 1012 1022
f 1018 1012 1016
f 1014 1016 1018
f 1019 1012 1021
f 1020 1018 1012
f 1012 1013 1015
f 1017 1012 1019
f 1012 1017 1015
f 1020 1012 1014
f 1027 1025 1026
f 1029 1027 1028
f 1030 1031 1032
f 1024 1026 1027
f 1026 1029 1028
f 1028 1029 1030
f 1032 1034 1023
f 1028 1026 1024
f 1034 1024 1023
f 1033 1024 1034
f 1030 1024 1028
f 1026 1028 1030
f 1031 1024 1033
f 1032 1030 1024
f 1024 1027 1025
f 1029 1024 1031
f 1024 1029 1027
f 1032 1024 1026
f 1039 1037 1038
f 1041 1039 1040
f 1042 1043 1044
f 1044 1045 1046
f 1036 1038 1039
f 1038 1040 1041
f 1044 1046 1035
f 1040 1038 1036
f 1046 1036 1035
f 1045 1036 1046
f 1042 1036 1040
f 1038 1040 1042
f 1044 1042 1036
f 1043 1036 1045
f 1036 1039 1037
f 1041 1036 1043
f 1036 1041 1039
f 1044 1036 1038
f 1053 1051 1052
f 1051 1049 1050
f 1054 1055 1056
f 1048 1050 1051
f 1052 1054 1053
f 1056 1058 1047
f 1052 1050 1048
f 1058 1048 1047
f 1057 1058 1048
f 1054 1048 1052
f 1050 1052 1054
f 1055 1057 1048
f 1056 1054 1048
f 1048 1049 1051
f 1053 1055 1048
f 1048 1051 1053
f 1056 1048 1050
f 1065 1063 1064
f 1066 1067 1068
f 1063 1061 1062
f 1060 1062 1063
f 1064 1066 1065
f 1068 1070 1059
f 1064 1062 1060
f 1070 1059 1060
f 1069 1070 1060
f 1066 1060 1064
f 1062 1064 1066
f 1067 1069 1060
f 1068 1066 1060
f 1060 1061 1063
f 1065 1067 1060
f 1060 1063 1065
f 1068 1060 1062
f 1077 1075 1076
f 1075 1073 1074
f 1078 1079 1080
f 1076 1078 1077
f 1080 1082 1071
f 1076 1074 1072
f 1082 1074 1071
f 1081 1074 1082
f 1078 1076 1072
f 1074 1076 1078
f 1079 1081 1074
f 1080 1078 1072
f 1072 1073 1075
f 1077 1079 1074
f 1072 1075 1077
f 1072 1077 1074
f 1080 1072 1074
f 1089 1087 1088
f 1087 1085 1086
f 1084 1086 1087
f 1088 1090 1089
f 1092 1094 1083
f 1088 1086 1084
f 1094 1086 1083
f 1093 1086 1094
f 1090 1084 1088
f 1086 1088 1090
f 1092 1090 1084
f 1091 1086 1093
f 1084 1085 1087
f 1089 1086 1091
f 1084 1089 1087
f 1084 1086 1089
f 1092 1084 1086
f 1103 1101 1102
f 1105 1103 1104
f 1101 1099 1100
f 1099 1097 1098
f 1104 1106 1105
f 1100 1102 1101
f 1104 1106 1095
f 1100 1098 1096
f 1106 1098 1095
f 1105 1106 1098
f 1102 1096 1100
f 1098 1100 1102
f 1104 1102 1096
f 1103 1105 1098
f 1096 1097 1099
f 1101 1103 1098
f 1096 1099 1101
f 1096 1101 1098
f 1104 1096 1098
f 1115 1113 1114
f 1117 1115 1116
f 1113 1111 1112
f 1116 1117 1118
f 1111 1109 1110
f 1114 1117 1116
f 1116 1118 1107
f 1112 1110 1108
f 1118 1110 1107
f 1114 1108 1112
f 1117 1110 1118
f 1110 1112 1114
f 1115 1110 1117
f 1116 1114 1108
f 1108 1111 1109
f 1108 1113 1111
f 1113 1110 1115
f 1108 1110 1113
f 1116 1108 1110
f 1123 1121 1122
f 1125 1123 1124
f 1127 1125 1126
f 1129 1127 1128
f 1126 1128 1129
f 1128 1130 1119
f 1124 1122 1120
f 1130 1120 1119
f 1126 1124 1120
f 1129 1120 1130
f 1122 1124 1126
f 1127 1120 1129
f 1128 1126 1120
f 1120 1123 1121
f 1125 1120 1127
f 1120 1125 1123
f 1128 1120 1122
f 1135 1133 1134
f 1137 1135 1136
f 1139 1137 1138
f 1141 1139 1140
f 1132 1134 1135
f 1134 1136 1137
f 1140 1142 1131
f 1136 1134 1132
f 1142 1132 1131
f 1138 1136 1132
f 1141 1132 1142
f 1134 1138 1136
f 1139 1132 1141
f 1140 1138 1132
f 1132 1135 1133
f 1132 1137 1135
f 1137 1132 1139
f 1140 1132 1134
f 1147 1145 1146
f 1149 1147 1148
f 1151 1149 1150
f 1153 1151 1152
f 1144 1146 1147
f 1146 1148 1149
f 1152 1154 1143
f 1148 1146 1144
f 1154 1144 1143
f 1150 1148 1144
f 1153 1144 1154
f 1146 1148 1150
f 1152 1150 1144
f 1144 1147 1145
f 1151 1144 1153
f 1144 1149 1147
f 1149 1144 1151
f 1152 1144 1146
f 1159 1157 1158
f 1161 1159 1160
f 1163 1161 1162
f 1165 1163 1164
f 1164 1166 1155
f 1160 1158 1156
f 1166 1156 1155
f 1162 1156 1160
f 1165 1156 1166
f 1158 1160 1162
f 1164 1162 1156
f 1163 1156 1165
f 1156 1159 1157
f 1156 1161 1159
f 1161 1156 1163
f 1164 1156 1158
f 1173 1171 1172
f 1175 1173 1174
f 1177 1175 1176
f 1174 1176 1177
f 1171 1169 1170
f 1168 1170 1171
f 1176 1178 1167
f 1172 1170 1168
f 1178 1168 1167
f 1174 1168 1172
f 1177 1168 1178
f 1170 1172 1174
f 1175 1168 1177
f 1176 1174 1168
f 1168 1171 1169
f 1168 1173 1171
f 1173 1168 1175
f 1176 1168 1170
f 1185 1183 1184
f 1191 700 1179
f 1183 1181 1182
f 1179 700 699
f 1188 1189 1190
f 1190 1191 699
f 1191 1179 699
f 1184 1188 1186
f 1188 1190 699
f 1190 1191 1182
f 1188 699 1191
f 1184 1180 1182
f 1189 1182 1190
f 1184 1188 1191
f 1184 1190 1191
f 1186 1184 1180
f 1187 1189 1182
f 1184 1189 1190
f 1182 1189 1184
f 1188 1180 1186
f 1182 1188 1189
f 1182 1180 1188
f 1180 1183 1181
f 1192 1187 1182
f 1182 1183 1180
f 1185 1192 1182
f 1182 1183 1185
f 1197 1195 1196
f 1199 1197 1198
f 1205 703 1193
f 1205 703 1196
f 1193 703 702
f 1202 1203 1204
f 1204 1205 1196
f 1205 1193 702
f 1198 1200 1202
f 1204 1205 702
f 1198 1204 1202
f 1198 1194 1196
f 1196 1204 1198
f 1203 1204 1196
f 1200 1198 1194
f 1201 1203 1196
f 1196 1202 1204
f 1202 1194 1200
f 1194 1197 1195
f 1196 1194 1202
f 1206 1201 1196
f 1196 1197 1194
f 1199 1206 1196
f 1196 1197 1199
f 1211 1209 1210
f 1213 1211 1212
f 1219 706 1207
f 1219 706 1210
f 1207 706 705
f 1216 1217 1218
f 1219 1207 705
f 1212 1214 1216
f 1218 1219 705
f 1212 1218 1216
f 1212 1210 1208
f 1218 1219 1210
f 1210 1218 1212
f 1217 1218 1210
f 1214 1212 1208
f 1215 1217 1210
f 1210 1216 1218
f 1216 1208 1214
f 1208 1211 1209
f 1210 1208 1216
f 1220 1215 1210
f 1210 1211 1208
f 1213 1220 1210
f 1210 1211 1213
f 1225 1223 1224
f 1227 1225 1226
f 1233 709 1221
f 1228 1229 1230
f 1221 709 708
f 1230 1231 1232
f 1232 1233 708
f 1233 1221 708
f 1226 1228 1230
f 1230 1232 1233
f 1226 1224 1222
f 1232 1233 1224
f 1231 1224 1232
f 1226 1232 1230
f 1228 1222 1226
f 1226 1231 1232
f 1226 1231 1230
f 1229 1224 1231
f 1224 1226 1230
f 1230 1222 1228
f 1222 1225 1223
f 1224 1230 1222
f 1234 1224 1229
f 1224 1225 1222
f 1227 1224 1234
f 1224 1227 1225
f 1239 1237 1238
f 1241 1239 1240
f 1242 1243 1244
f 1235 712 711
f 1244 1245 1246
f 1247 1235 711
f 1246 1236 1247
f 1246 1247 711
f 1240 1242 1244
f 1244 1246 711
f 1244 711 1247
f 1244 1247 1246
f 1240 1238 1236
f 1245 1236 1246
f 1240 1244 1246
f 1242 1240 1236
f 1240 1246 1245
f 1243 1236 1245
f 1240 1244 1245
f 1238 1240 1244
f 1243 1242 1236
f 1244 1236 1243
f 1238 1244 1236
f 1236 1239 1237
f 1248 1236 1243
f 1241 1236 1248
f 1236 1241 1239
f 1253 1251 1252
f 1255 1253 1254
f 1257 1259 1258
f 1250 1252 1253
f 1256 1257 1258
f 1249 715 714
f 1258 1259 1260
f 1260 1261 714
f 1261 1249 714
f 1254 1256 1258
f 1258 1260 1261
f 1254 1252 1250
f 1260 1261 1250
f 1259 1250 1260
f 1254 1258 1260
f 1256 1254 1250
f 1254 1260 1259
f 1257 1250 1259
f 1254 1258 1259
f 1252 1254 1258
f 1257 1256 1250
f 1250 1253 1251
f 1252 1257 1258
f 1252 1250 1257
f 1262 1257 1250
f 1255 1262 1250
f 1250 1253 1255
f 1267 1265 1266
f 1269 1267 1268
f 1264 1266 1267
f 1263 718 717
f 1274 1275 1264
f 1272 1273 1274
f 1274 1275 717
f 1275 1263 717
f 1268 1270 1272
f 1272 1274 717
f 1268 1266 1264
f 1273 1264 1274
f 1270 1264 1268
f 1271 1264 1273
f 1266 1268 1272
f 1272 1264 1270
f 1264 1267 1265
f 1266 1272 1264
f 1276 1264 1271
f 1269 1264 1276
f 1264 1269 1267
f 1281 1279 1280
f 1283 1281 1282
f 1284 1285 1286
f 1277 721 720
f 1286 1287 1288
f 1288 1289 720
f 1289 1277 720
f 1282 1284 1286
f 1286 1288 1289
f 1288 1278 1289
f 1282 1280 1278
f 1287 1278 1288
f 1282 1288 1286
f 1284 1278 1282
f 1285 1278 1287
f 1282 1287 1288
f 1282 1287 1286
f 1280 1282 1286
f 1286 1278 1284
f 1278 1281 1279
f 1280 1286 1278
f 1290 1278 1285
f 1283 1278 1290
f 1278 1283 1281
f 1297 1295 1296
f 1295 1293 1294
f 1292 1294 1295
f 1291 724 723
f 1300 1301 1302
f 1303 1291 723
f 1302 1303 723
f 1296 1298 1300
f 1300 1302 723
f 1300 723 1303
f 1302 1303 1292
f 1296 1294 1292
f 1301 1292 1302
f 1296 1300 1303
f 1296 1302 1303
f 1298 1296 1292
f 1299 1292 1301
f 1296 1301 1302
f 1296 1300 1301
f 1294 1300 1296
f 1300 1292 1298
f 1292 1295 1293
f 1294 1292 1300
f 1304 1292 1299
f 1297 1292 1304
f 1292 1297 1295
f 846 1308 845
f 845 1309 844
f 1307 1306 839
f 1308 1307 846
f 1309 845 1308
f 847 1308 846
f 849 841 850
f 849 1306 848
f 848 1307 839
f 845 843 844
f 847 845 846
f 845 842 843
f 849 848 839
f 847 842 845
f 848 849 850
f 849 839 847
f 849 842 847
f 846 849 847
f 845 849 846
f 850 1306 1305
f 844 849 845
f 844 842 849
f 850 1307 1306
f 835 842 844
f 843 842 835
f 850 1308 1307
f 834 843 842
f 842 1310 726
f 727 726 1310
f 850 1309 1308
f 850 1311 1309
f 850 843 1311
f 850 1312 843
f 727 1310 850
f 850 842 1312
f 853 855 857
f 853 857 864
f 853 859 864
f 853 859 861
f 853 861 862
f 853 862 863
f 853 859 863
f 853 730 864
f 853 863 730
f 853 1313 730
f 853 1314 1313
f 853 1315 1314
f 853 1316 1315
f 853 1316 864
f 853 1317 864
f 853 1318 1317
f 853 1319 1318
f 859 863 864
f 864 863 730
f 730 760 1320
f 730 1320 853
f 730 853 1319
f 730 1318 1319
f 730 1317 1318
f 730 864 1317
f 730 864 1316
f 730 1315 1316
f 730 1314 1315
f 730 1313 1314
f 730 863 1313
f 1320 777 760
f 760 777 786
f 760 786 787
f 760 787 788
f 760 788 1321
f 760 1321 1322
f 1322 1320 760
f 788 1321 731
f 788 731 732
f 788 732 876
f 788 876 1323
f 788 1323 1324
f 788 1324 874
f 788 874 1325
f 788 1325 1326
f 788 1326 870
f 788 870 1327
f 788 1327 868
f 788 868 1328
f 788 1328 866
f 788 866 1321
f 733 877 732
f 876 732 1323
f 876 1324 732
f 1323 732 1324
f 874 1324 1325
f 1325 1324 872
f 870 1327 872
f 1325 872 1326
f 1326 872 1327
f 868 866 1327
f 1328 1327 866
f 1329 1330 1331
f 1340 1330 1341
f 1341 1356 1357
f 1367 1356 1368
f 1354 1368 1369
f 1337 1369 1370
f 841 850 831
f 1353 1371 1372
f 1372 1373 1374
f 1375 1373 1376
f 1376 1377 1351
f 1334 1377 1378
f 1321 1379 1380
f 1380 1381 1322
f 1350 1381 1382
f 1382 1383 1333
f 1340 950 951
f 831 1383 1384
f 1366 1292 1293
f 1385 1386 1366
f 1386 1387 1348
f 1358 1180 1181
f 831 850 1333
f 1350 852 1320
f 1321 866 1334
f 1351 880 1335
f 1352 894 1336
f 1353 908 1337
f 1354 922 1338
f 1355 936 1339
f 1340 951 1331
f 1365 1387 1388
f 1359 1194 1342
f 1360 1208 1343
f 1361 1222 1344
f 1362 1236 1345
f 1363 1250 1346
f 1364 1264 1347
f 1365 1278 1348
f 1366 1293 1349
f 1347 1388 1389
f 1181 1332 1358
f 1364 1389 1390
f 1333 850 1305
f 1320 852 853
f 1334 866 867
f 1335 880 881
f 1336 894 895
f 1337 908 909
f 1338 922 923
f 1339 936 937
f 1346 1391 1392
f 1342 1194 1195
f 1343 1208 1209
f 1344 1222 1223
f 1345 1236 1237
f 1346 1250 1251
f 1347 1264 1265
f 1348 1278 1279
f 1393 1392 1394
f 1362 1394 1395
f 1344 1396 1397
f 1361 1397 1398
f 1343 1399 1400
f 1401 1400 1402
f 1402 1403 1404
f 1332 1403 1405
f 1405 1406 1332
f 1352 1336 1375
f 1362 1345 1393
f 1360 1343 1401
f 1350 1320 1322
f 1354 1338 1367
f 1366 1349 832
f 1355 1339 1367
f 1359 1342 1401
f 1383 831 1333
f 1381 1350 1407
f 1379 1321 1334
f 1376 1351 1335
f 1373 1375 1408
f 1371 1353 1337
f 1368 1354 1367
f 1356 1367 1409
f 1330 1340 1331
f 1402 1359 1410
f 1400 1401 1343
f 1397 1361 1344
f 1394 1362 1411
f 1392 1363 1346
f 1389 1364 1347
f 1387 1365 1412
f 1385 1366 832
f 1413 1340 1341
f 1339 1413 1341
f 1414 1354 1369
f 1415 1414 1369
f 1337 1415 1369
f 1416 1353 1372
f 1417 1416 1372
f 1336 1417 1372
f 1335 1375 1376
f 1418 1351 1377
f 1419 1418 1377
f 1334 1419 1377
f 1419 1334 1379
f 1322 1321 1380
f 1420 1350 1382
f 1421 1420 1382
f 1333 1421 1382
f 832 831 1385
f 1422 1366 1386
f 1423 1422 1386
f 1348 1423 1386
f 1424 1365 1388
f 1425 1424 1388
f 1347 1425 1388
f 1426 1364 1391
f 1427 1426 1391
f 1346 1427 1391
f 1393 1363 1392
f 1428 1362 1396
f 1429 1428 1396
f 1344 1429 1396
f 1430 1361 1399
f 1431 1430 1399
f 1343 1431 1399
f 1432 1359 1403
f 1433 1432 1403
f 1332 1433 1403
f 1332 1406 1358
f 1406 1434 1358
f 1359 1401 1435
f 1401 1402 1435
f 1362 1393 1436
f 1393 1394 1436
f 1365 1348 1412
f 1348 1387 1412
f 1383 1385 1437
f 1385 1384 831
f 1350 1322 1407
f 1322 1381 1407
f 1375 1336 1408
f 1336 1373 1438
f 1367 1339 1409
f 1339 1356 1439
f 1385 1440 1384
f 1384 1383 1440
f 1359 1435 1410
f 1435 1402 1410
f 1362 1436 1441
f 1436 1394 1441
f 1385 1440 1442
f 1440 1383 1442
f 1373 1408 1443
f 1408 1336 1443
f 1356 1409 1439
f 1409 1339 1439
f 1389 1391 1444
f 1391 1364 1390
f 1385 1442 1445
f 1442 1383 1445
f 1377 1379 1446
f 1379 1334 1378
f 1362 1441 1411
f 1441 1394 1411
f 1391 1390 1447
f 1390 1389 1447
f 1385 1445 1448
f 1445 1383 1448
f 1379 1378 1449
f 1378 1377 1449
f 1373 1443 1438
f 1443 1336 1438
f 1403 1359 1450
f 1359 1402 1450
f 1397 1399 1451
f 1399 1361 1398
f 1391 1447 1452
f 1447 1389 1452
f 1385 1448 1453
f 1448 1383 1453
f 1379 1449 1454
f 1449 1377 1454
f 1369 1371 1455
f 1371 1337 1370
f 1356 1339 1456
f 1339 1341 1456
f 1403 1450 1404
f 1450 1402 1404
f 1399 1398 1451
f 1398 1397 1451
f 1394 1396 1395
f 1396 1362 1395
f 1391 1452 1444
f 1452 1389 1444
f 1385 1453 1437
f 1453 1383 1437
f 1379 1454 1446
f 1454 1377 1446
f 1373 1336 1374
f 1336 1372 1374
f 1371 1370 1455
f 1370 1369 1455
f 1356 1456 1357
f 1456 1341 1357
f 1305 1306 1307
f 1305 1307 1308
f 1305 1309 1308
f 1305 1309 1311
f 1305 1312 1311
f 1305 1312 843
f 1305 1308 1312
f 1305 727 1308
f 1305 727 1312
f 1305 1457 1312
f 1305 1457 1311
f 1305 1458 1311
f 1305 1309 1458
f 1305 1458 1459
f 1305 1459 1460
f 1305 1460 1461
f 1305 1461 1462
f 1305 1462 1463
f 1308 1312 842
f 1308 727 1312
f 727 759 1333
f 727 1333 1463
f 727 1463 1462
f 727 1462 1461
f 727 1461 1460
f 727 1460 1459
f 727 1459 1458
f 727 1458 1309
f 727 1457 1458
f 727 1312 1457
f 1333 776 759
f 759 776 783
f 759 783 784
f 759 784 785
f 759 785 1420
f 759 1420 1421
f 759 1421 1333
f 785 1420 728
f 728 1420 1350
f 785 728 729
f 785 729 862
f 785 862 1464
f 785 1464 1465
f 785 1465 860
f 785 860 1466
f 785 1466 1467
f 785 1467 856
f 785 856 1468
f 785 1468 854
f 785 854 1469
f 785 1469 1350
f 1350 1420 785
f 730 729 863
f 1464 862 863
f 862 863 1465
f 1465 863 1464
f 1464 1465 729
f 863 1464 729
f 1465 1464 860
f 860 858 1464
f 1465 1464 1466
f 1466 1464 858
f 856 1468 858
f 1466 858 1467
f 1467 858 1468
f 854 1468 852
f 1468 1469 852
f 867 869 871
f 867 871 878
f 867 878 873
f 867 873 875
f 867 875 876
f 867 876 877
f 867 877 878
f 867 733 878
f 867 1470 733
f 867 1471 1470
f 867 1472 1471
f 867 1473 1472
f 867 1473 878
f 867 1474 878
f 867 1475 1474
f 867 1476 1475
f 878 877 733
f 733 761 1334
f 733 1334 867
f 733 867 1476
f 733 1475 1476
f 733 1474 1475
f 733 878 1474
f 733 1473 878
f 733 1472 1473
f 733 1471 1472
f 733 1470 1471
f 1419 1334 761
f 761 778 789
f 761 789 790
f 761 790 791
f 761 791 1418
f 761 1418 1419
f 791 1418 734
f 734 1418 1351
f 791 734 735
f 791 735 890
f 791 890 1477
f 791 1477 1478
f 791 1478 888
f 791 888 1479
f 791 1479 1480
f 791 1480 884
f 791 884 1481
f 791 1481 882
f 791 882 1482
f 791 1482 880
f 791 880 1351
f 1351 1418 791
f 736 735 891
f 890 891 1477
f 890 1478 891
f 1477 890 735
f 1477 735 1478
f 891 1478 735
f 888 1478 886
f 1479 1478 1480
f 1480 1478 886
f 1480 886 884
f 884 1481 886
f 1480 886 1481
f 882 1482 1481
f 1482 1481 880
f 881 883 885
f 881 885 892
f 881 892 887
f 881 887 889
f 881 889 890
f 881 890 891
f 881 892 891
f 881 736 891
f 881 1483 736
f 881 1484 1483
f 881 1485 1484
f 881 1486 1485
f 881 1486 892
f 881 1487 892
f 881 1488 1487
f 881 1489 1488
f 892 736 891
f 736 762 1335
f 736 1335 881
f 736 881 1489
f 736 1488 1489
f 736 1487 1488
f 736 892 1487
f 736 1486 1487
f 736 1485 1486
f 736 1484 1485
f 736 1483 1484
f 736 891 1483
f 762 779 792
f 762 792 793
f 762 793 794
f 762 794 1375
f 762 1375 1335
f 794 1375 737
f 737 1375 1352
f 794 737 738
f 794 738 904
f 794 904 1490
f 794 1490 1491
f 794 1491 902
f 794 902 1492
f 794 1492 1493
f 794 1493 898
f 794 898 1494
f 794 1494 896
f 794 896 1495
f 794 1495 1352
f 1352 1375 794
f 739 738 905
f 904 738 1490
f 1490 738 903
f 903 1491 738
f 1491 1490 738
f 1491 903 1490
f 903 902 1490
f 902 901 1490
f 901 900 1490
f 1492 1491 1493
f 1493 1491 900
f 1490 900 1491
f 1493 900 898
f 898 1494 900
f 1493 900 1494
f 896 1494 1495
f 1495 894 1494
f 895 897 899
f 895 899 906
f 895 906 901
f 895 901 903
f 895 903 904
f 895 904 905
f 895 906 905
f 895 739 906
f 895 905 739
f 895 1496 739
f 895 1497 1496
f 895 1498 1497
f 895 1499 1498
f 895 1499 906
f 895 1500 906
f 895 1501 1500
f 895 1502 1501
f 906 739 905
f 739 763 1336
f 739 1336 895
f 739 1502 895
f 739 1501 1502
f 739 1500 1501
f 739 1499 1500
f 739 1498 1499
f 739 1497 1498
f 739 1496 1497
f 739 905 1496
f 1417 1503 1336
f 1503 780 763
f 763 780 795
f 763 795 796
f 763 796 797
f 763 797 1416
f 763 1416 1417
f 1417 1336 763
f 797 1416 740
f 740 1416 1353
f 797 740 741
f 797 741 918
f 797 918 1504
f 797 1504 1505
f 797 1505 916
f 797 916 1506
f 797 1506 1507
f 797 1507 912
f 797 912 1508
f 797 1508 910
f 797 910 1509
f 797 1509 1353
f 1353 1416 797
f 742 741 919
f 918 917 919
f 917 1505 919
f 1505 1504 919
f 1504 918 741
f 919 1504 741
f 1505 917 1504
f 917 916 1504
f 916 915 1504
f 915 914 1504
f 1505 1504 1506
f 1506 1504 1507
f 1504 914 1507
f 912 1508 914
f 914 1508 1507
f 910 1508 908
f 1508 1509 908
f 909 911 913
f 909 913 920
f 909 920 915
f 909 915 917
f 909 917 918
f 909 918 919
f 909 920 919
f 909 742 920
f 909 919 742
f 909 1510 742
f 909 1511 1510
f 909 1512 1511
f 909 1513 1512
f 909 1513 920
f 909 1514 920
f 909 1515 1514
f 909 1516 1515
f 920 742 919
f 742 764 1337
f 742 1337 909
f 742 1516 909
f 742 1515 1516
f 742 1514 1515
f 742 1513 1514
f 742 1512 1513
f 742 1511 1512
f 742 1510 1511
f 742 919 1510
f 1415 1517 1337
f 1517 781 764
f 764 781 798
f 764 798 799
f 764 799 800
f 764 800 1414
f 764 1414 1415
f 1415 1337 764
f 800 1414 743
f 743 1414 1354
f 800 743 744
f 800 744 932
f 800 932 1518
f 800 1518 1519
f 800 1519 930
f 800 930 1520
f 800 1520 1521
f 800 1521 926
f 800 926 1522
f 800 1522 924
f 800 924 1523
f 800 1523 1354
f 1354 1414 800
f 745 933 744
f 932 744 1518
f 1518 744 931
f 931 1519 744
f 1519 1518 744
f 1519 931 1518
f 931 1518 930
f 930 1518 1520
f 1520 928 1518
f 928 1521 1518
f 1520 1519 1521
f 1518 1521 1519
f 928 926 1521
f 926 1522 1521
f 924 1522 922
f 1522 1523 922
f 923 925 927
f 923 927 934
f 923 934 929
f 923 929 931
f 923 931 932
f 923 932 933
f 923 933 934
f 923 745 934
f 923 1524 745
f 923 1525 1524
f 923 1526 1525
f 923 1527 1526
f 923 1527 934
f 923 1528 934
f 923 1529 1528
f 923 1530 1529
f 934 933 745
f 745 765 1338
f 745 1338 923
f 745 923 1530
f 745 1529 1530
f 745 1528 1529
f 745 934 1528
f 745 1527 1528
f 745 1526 1527
f 745 1525 1526
f 745 1524 1525
f 1367 782 765
f 1367 1338 765
f 765 782 801
f 765 801 802
f 765 802 803
f 765 803 1367
f 803 1531 746
f 1531 1367 1355
f 803 746 747
f 803 747 946
f 803 946 1532
f 803 1532 1533
f 803 1533 944
f 803 944 1534
f 803 1534 1535
f 803 1535 940
f 803 940 1536
f 803 1536 938
f 803 938 1537
f 803 936 1537
f 803 1537 1355
f 1355 1367 803
f 748 747 947
f 946 747 1532
f 1532 945 747
f 945 1533 747
f 1532 747 1533
f 944 1533 1534
f 1534 942 1533
f 942 1535 1533
f 1534 1533 1535
f 1535 1536 940
f 1537 936 1536
f 940 1536 936
f 937 939 941
f 937 941 948
f 937 948 943
f 937 943 945
f 937 945 946
f 937 946 947
f 937 947 948
f 937 748 948
f 937 1538 748
f 937 1539 1538
f 937 1540 1539
f 937 1541 1540
f 937 1541 948
f 937 1542 948
f 937 1543 1542
f 937 1544 1543
f 948 947 1538
f 948 1538 748
f 748 766 1339
f 748 1339 937
f 748 937 1544
f 748 1543 1544
f 748 1542 1543
f 748 948 1542
f 748 1541 1542
f 748 1540 1541
f 748 1539 1540
f 748 1538 1539
f 766 767 804
f 766 804 805
f 766 805 694
f 766 694 1340
f 766 1340 1413
f 766 1413 1339
f 694 749 960
f 694 960 1547
f 694 1547 1548
f 694 1548 958
f 694 958 1549
f 694 1549 1550
f 694 1550 954
f 694 954 1551
f 694 1551 952
f 694 952 1552
f 694 1552 1340
f 750 749 961
f 960 1548 749
f 1547 749 1548
f 959 1548 958
f 958 956 1548
f 956 1550 1548
f 1549 1548 1550
f 956 954 1550
f 954 1550 1551
f 954 1551 952
f 952 1551 950
f 1551 1552 950
f 951 953 955
f 951 955 962
f 951 962 957
f 951 957 959
f 951 959 960
f 951 960 961
f 951 962 961
f 951 750 961
f 951 1553 750
f 951 1554 1553
f 951 1555 1554
f 951 1556 1555
f 951 1556 962
f 951 1557 962
f 951 1558 1557
f 951 1559 1558
f 962 750 961
f 750 693 1331
f 750 1331 951
f 750 1559 951
f 750 1558 1559
f 750 1557 1558
f 750 1556 1557
f 750 1555 1556
f 750 1554 1555
f 750 1553 1554
f 750 961 1553
f 1331 691 693
f 693 691 688
f 693 688 1560
f 693 1560 1561
f 1561 1331 693
f 1562 314 689
f 317 658 1560
f 658 1563 1560
f 1564 314 1562
f 1564 1565 314
f 658 1566 1563
f 1567 1566 658
f 1567 658 649
f 1568 1567 649
f 1569 1568 649
f 1565 1167 1570
f 1167 1564 1571
f 1563 963 1572
f 963 1566 1573
f 1574 975 1575
f 975 1577 1576
f 1578 987 1579
f 987 1581 1580
f 1582 999 1583
f 999 1585 1584
f 1586 1011 1587
f 1011 1589 1588
f 1590 1023 1591
f 1023 1593 1592
f 1594 1035 1595
f 1035 1596 1597
f 1598 1599 1047
f 1047 1600 1601
f 1602 1603 1059
f 1059 1604 1605
f 1606 1607 1071
f 1071 1608 1609
f 1610 1611 1083
f 1083 1612 1613
f 1614 1615 1095
f 1095 1616 1617
f 1618 1107 1619
f 1107 1621 1620
f 1622 1119 1623
f 1119 1625 1624
f 1626 1131 1627
f 1131 1629 1628
f 1630 1143 1631
f 1143 1633 1632
f 1634 1155 1635
f 1155 1637 1636
f 1565 1564 1167
f 1563 1566 963
f 1574 1577 975
f 1578 1581 987
f 1582 1585 999
f 1586 1589 1011
f 1590 1593 1023
f 1594 1597 1035
f 1598 1047 1601
f 1602 1059 1605
f 1606 1071 1609
f 1610 1083 1613
f 1614 1095 1617
f 1618 1621 1107
f 1622 1625 1119
f 1626 1629 1131
f 1630 1633 1143
f 1634 1637 1155
f 314 1637 1638
f 1634 1638 1637
f 1638 1634 314
f 636 635 1577
f 642 641 1577
f 314 1633 1639
f 1630 1639 1633
f 1639 1630 314
f 314 1629 1640
f 1626 1640 1629
f 1640 1626 314
f 619 314 1577
f 314 1625 1641
f 1574 1577 314
f 1622 1641 1625
f 314 1642 1577
f 1622 314 1641
f 314 1581 1578
f 314 1643 1621
f 314 1644 1581
f 1621 1618 314
f 314 1585 1582
f 314 1617 1645
f 314 1646 1585
f 1617 314 1614
f 314 1589 1586
f 314 1613 1647
f 314 1648 1589
f 1610 1613 314
f 314 1593 1590
f 314 1609 1649
f 314 1650 1593
f 1606 1609 314
f 314 1597 1594
f 314 1605 1651
f 314 1652 1597
f 1602 1605 314
f 314 1598 1601
f 314 1601 1653
f 1574 1569 649
f 1574 1654 648
f 1577 1574 648
f 1577 648 646
f 1577 646 645
f 644 1577 1574
f 1577 644 643
f 1577 643 642
f 641 639 1577
f 639 638 1577
f 638 637 1577
f 637 636 1577
f 635 634 1577
f 634 633 1577
f 633 632 1577
f 632 631 1577
f 631 630 1577
f 630 629 1577
f 629 628 1577
f 628 627 1577
f 627 626 1577
f 626 625 1577
f 625 624 1577
f 624 623 1577
f 623 622 1577
f 622 621 1577
f 621 620 1577
f 620 619 1577
f 314 1655 1642
f 314 1656 1655
f 314 1657 1656
f 314 1578 1657
f 314 1658 1644
f 314 1659 1658
f 314 1660 1659
f 314 1582 1660
f 314 1661 1646
f 314 1662 1661
f 314 1663 1662
f 314 1586 1663
f 314 1664 1648
f 314 1665 1664
f 314 1666 1665
f 314 1590 1666
f 314 1667 1650
f 314 1668 1667
f 314 1669 1668
f 314 1594 1669
f 314 1670 1652
f 314 1671 1670
f 314 1671 1672
f 314 1672 1598
f 314 1653 1673
f 314 1673 1674
f 314 1674 1675
f 314 1675 1602
f 314 1651 1676
f 314 1676 1677
f 314 1677 1678
f 314 1678 1606
f 314 1649 1679
f 314 1679 1680
f 314 1680 1681
f 314 1681 1610
f 314 1647 1682
f 314 1682 1683
f 314 1683 1684
f 314 1684 1614
f 314 1685 1645
f 314 1686 1685
f 314 1687 1686
f 314 1618 1687
f 314 1688 1643
f 314 1689 1688
f 314 1690 1689
f 314 1622 1690
f 314 1691 1641
f 314 1692 1691
f 314 1693 1692
f 314 1626 1693
f 314 1694 1640
f 314 1695 1694
f 314 1696 1695
f 314 1630 1696
f 314 1697 1639
f 314 1698 1697
f 314 1699 1698
f 314 1634 1699
f 314 1700 1638
f 314 1701 1700
f 314 1565 1701
f 648 1654 649
f 649 1654 1574
f 689 690 1358
f 689 1358 1434
f 689 1434 1562
f 690 1702 692
f 690 692 699
f 690 699 1190
f 690 1190 1703
f 690 1703 1704
f 690 1704 1188
f 690 1188 1705
f 690 1705 1706
f 690 1706 1184
f 690 1184 1707
f 690 1707 1182
f 690 1182 1708
f 690 1708 1180
f 690 1180 1358
f 700 699 1191
f 1190 1191 1703
f 1190 1703 699
f 1703 1704 699
f 1191 699 1703
f 1190 1189 1703
f 1189 1188 1703
f 1188 1186 1703
f 1704 1703 1705
f 1705 1703 1186
f 1705 1186 1706
f 1706 1186 1184
f 1184 1707 1186
f 1708 1707 1180
f 1184 1180 1707
f 1406 1709 1434
f 1434 1709 1711
f 1711 1729 1730
f 1434 1729 1748
f 1749 1750 1434
f 1434 1750 1751
f 1752 1753 1754
f 1434 1753 1755
f 1755 1756 1757
f 1434 1756 1758
f 1758 1759 1760
f 1434 1759 1761
f 1761 1762 1434
f 1434 1762 1763
f 1764 1765 1434
f 1434 1765 1766
f 1731 976 977
f 1732 988 989
f 1733 1000 1001
f 1734 1013 1012
f 1735 1024 1025
f 1736 1036 1037
f 1737 1049 1048
f 1738 1061 1060
f 1739 1073 1072
f 1740 1085 1084
f 1741 1097 1096
f 1742 1108 1109
f 1743 1120 1121
f 1744 1132 1133
f 1745 1144 1145
f 1746 1156 1157
f 1747 1168 1169
f 1766 1767 1434
f 1434 1767 1768
f 1768 1769 1434
f 1710 964 965
f 1731 977 1712
f 1732 989 1713
f 1733 1001 1714
f 1734 1715 1013
f 1735 1025 1716
f 1736 1037 1717
f 1737 1718 1049
f 1738 1719 1061
f 1739 1720 1073
f 1740 1721 1085
f 1741 1722 1097
f 1742 1109 1723
f 1743 1121 1724
f 1744 1133 1725
f 1745 1145 1726
f 1746 1157 1727
f 1747 1169 1728
f 1434 1769 1770
f 964 1710 1561
f 1770 1771 1434
f 1434 1771 1772
f 1772 1773 1434
f 1434 1773 1774
f 1774 1775 1434
f 1434 1775 1776
f 1776 1777 1434
f 1434 1777 1778
f 1778 1779 1434
f 1434 1779 1780
f 1780 1329 1434
f 1747 1728 1434
f 1329 1561 1710
f 1329 1747 1434
f 1329 1710 1781
f 1329 1781 1782
f 1329 1782 1783
f 1329 1712 1784
f 1329 1784 1785
f 1329 1785 1786
f 1329 1713 1787
f 1329 1787 1788
f 1329 1788 1789
f 1329 1714 1790
f 1329 1790 1791
f 1791 1792 1793
f 1329 1715 1794
f 1329 1794 1795
f 1329 1795 1796
f 1329 1716 1797
f 1329 1797 1798
f 1798 1799 1800
f 1329 1801 1717
f 1329 1802 1801
f 1329 1803 1802
f 1329 1804 1718
f 1329 1805 1804
f 1806 1805 1836
f 1836 1805 1807
f 1329 1808 1719
f 1329 1809 1808
f 1329 1810 1809
f 1329 1811 1720
f 1329 1812 1811
f 1329 1813 1812
f 1329 1814 1721
f 1329 1815 1814
f 1329 1722 1815
f 1329 1816 1722
f 1329 1817 1816
f 1817 1819 1818
f 1329 1723 1820
f 1329 1820 1821
f 1329 1821 1724
f 1329 1724 1822
f 1329 1822 1823
f 1329 1823 1725
f 1329 1725 1824
f 1329 1824 1825
f 1329 1825 1726
f 1329 1726 1826
f 1329 1826 1827
f 1329 1827 1727
f 1329 1727 1828
f 1329 1828 1829
f 1329 1829 1747
f 1782 1712 1783
f 1712 1329 1783
f 1788 1714 1789
f 1714 1329 1789
f 1795 1716 1796
f 1716 1329 1796
f 1791 1715 1792
f 1715 1329 1793
f 1798 1717 1799
f 1717 1830 1329
f 1805 1806 1719
f 1719 1807 1329
f 1812 1813 1721
f 1721 1813 1329
f 1817 1723 1818
f 1723 1329 1831
f 1785 1713 1786
f 1713 1329 1786
f 1802 1803 1718
f 1718 1803 1329
f 1817 1832 1819
f 1723 1819 1818
f 1753 1434 1833
f 1434 1752 1833
f 1798 1800 1830
f 1717 1799 1800
f 1809 1810 1720
f 1720 1810 1329
f 1723 1832 1819
f 1817 1834 1832
f 1791 1793 1329
f 1715 1793 1792
f 1805 1329 1807
f 1807 1719 1836
f 1836 1719 1806
f 1723 1834 1832
f 1817 1835 1834
f 1717 1800 1830
f 1798 1830 1329
f 1723 1835 1834
f 1817 1831 1835
f 1762 1764 1763
f 1764 1434 1763
f 1759 1434 1760
f 1434 1758 1760
f 1753 1833 1754
f 1833 1752 1754
f 1729 1749 1748
f 1749 1434 1748
f 1723 1831 1835
f 1817 1329 1831
f 1756 1434 1757
f 1434 1755 1757
f 1750 1752 1751
f 1752 1434 1751
f 1729 1434 1730
f 1434 1711 1730
f 1837 1779 1838
f 1837 1780 1779
f 1838 1778 1839
f 1838 1779 1778
f 1839 1777 1840
f 1839 1778 1777
f 1840 1776 1841
f 1840 1777 1776
f 1841 1775 455
f 1841 1776 1775
f 455 1774 1842
f 455 1775 1774
f 1842 1773 1843
f 1842 1774 1773
f 1843 1772 1844
f 1843 1773 1772
f 1844 1771 1845
f 1844 1772 1771
f 1845 1770 1846
f 1845 1771 1770
f 1846 1769 1847
f 1846 1770 1769
f 1847 1768 1848
f 1847 1769 1768
f 1848 1767 1849
f 1848 1768 1767
f 1849 1766 1850
f 1849 1767 1766
f 1850 1765 1851
f 1850 1766 1765
f 1851 1764 1852
f 1851 1765 1764
f 1852 1762 1853
f 1852 1764 1762
f 1853 1761 1854
f 1853 1762 1761
f 1854 1759 1855
f 1854 1761 1759
f 1855 1758 1856
f 1855 1759 1758
f 1856 1756 1857
f 1856 1758 1756
f 1857 1755 1858
f 1857 1756 1755
f 1858 1753 1859
f 1858 1755 1753
f 1859 1752 436
f 1859 1753 1752
f 436 1750 1860
f 436 1752 1750
f 1860 1749 1861
f 1860 1750 1749
f 1861 1729 1862
f 1861 1749 1729
f 1862 1711 1863
f 1862 1729 1711
f 1863 1709 1864
f 1863 1711 1709
f 1864 1406 1865
f 1864 1709 1406
f 1865 1405 1866
f 1865 1406 1405
f 1866 1403 1867
f 1866 1405 1403
f 1867 1402 1868
f 1867 1403 1402
f 1868 1400 1869
f 1868 1402 1400
f 1869 1399 1870
f 1869 1400 1399
f 1870 1397 1871
f 1870 1399 1397
f 1871 1396 1872
f 1871 1397 1396
f 1872 1394 1873
f 1872 1396 1394
f 1873 1392 1874
f 1873 1394 1392
f 1874 1391 1875
f 1874 1392 1391
f 1875 1389 1876
f 1875 1391 1389
f 1876 1388 1877
f 1876 1389 1388
f 1877 1387 1878
f 1877 1388 1387
f 1878 1386 1879
f 1878 1387 1386
f 1879 1385 1880
f 1879 1386 1385
f 1880 1383 1881
f 1880 1385 1383
f 1881 1382 1882
f 1881 1383 1382
f 1882 1381 1883
f 1882 1382 1381
f 1883 1380 1884
f 1883 1381 1380
f 1884 1379 1885
f 1884 1380 1379
f 1885 1377 1886
f 1885 1379 1377
f 1886 1376 1887
f 1886 1377 1376
f 1887 1373 1888
f 1887 1376 1373
f 1888 1372 1889
f 1888 1373 1372
f 1889 1371 1890
f 1889 1372 1371
f 1890 1369 1891
f 1890 1371 1369
f 1891 1368 1892
f 1891 1369 1368
f 1892 1356 1893
f 1892 1368 1356
f 1893 1341 1894
f 1893 1356 1341
f 1894 1330 1895
f 1894 1341 1330
f 1895 1329 1896
f 1895 1330 1329
f 1896 1780 1837
f 1896 1329 1780
f 1865 422 423
f 1896 1894 1895
f 1867 1865 1866
f 1896 1893 1894
f 1868 1865 1867
f 63 64 295
f 1896 1892 1893
f 1869 1865 1868
f 1939 1924 425
f 425 281 282
f 31 32 293
f 1896 1891 1892
f 1870 1865 1869
f 1940 1939 425
f 287 288 309
f 47 48 294
f 1896 1890 1891
f 1871 1865 1870
f 1941 1940 425
f 1935 121 122
f 1896 1889 1890
f 1872 1865 1871
f 1928 1941 425
f 1927 41 42
f 1929 73 74
f 1931 89 90
f 1896 1888 1889
f 1873 1865 1872
f 295 1928 425
f 425 282 283
f 286 287 309
f 312 9 10
f 1926 25 26
f 46 47 294
f 1928 57 58
f 62 63 295
f 1933 105 106
f 1896 1887 1888
f 1874 1865 1873
f 1942 295 425
f 30 31 293
f 1933 106 107
f 1896 1886 1887
f 1875 1865 1874
f 1943 1942 425
f 312 10 11
f 1927 42 43
f 1929 74 75
f 1935 122 123
f 1896 1885 1886
f 1876 1865 1875
f 1938 1943 425
f 1928 58 59
f 1931 90 91
f 1896 1884 1885
f 1877 1865 1876
f 1938 425 283
f 1926 26 27
f 45 46 294
f 61 62 295
f 1896 1883 1884
f 1878 1865 1877
f 1926 27 28
f 1933 107 108
f 1896 1882 1883
f 1879 1865 1878
f 285 286 309
f 29 30 293
f 1927 43 44
f 1928 59 60
f 1929 75 76
f 1896 1881 1882
f 1880 1865 1879
f 1938 283 284
f 44 45 294
f 60 61 295
f 1931 91 92
f 1896 1880 1881
f 1880 423 1865
f 312 11 12
f 1935 123 124
f 1896 423 1880
f 284 285 309
f 1926 28 29
f 284 309 1925
f 312 12 289
f 1926 29 293
f 1927 44 294
f 1928 60 295
f 1929 76 296
f 1931 92 297
f 1933 108 298
f 1935 124 299
f 312 289 290
f 1929 296 1930
f 1931 297 1932
f 1935 299 1936
f 1944 1937 1896
f 1896 423 424
f 1940 1926 293
f 1945 312 290
f 1946 1927 294
f 1947 1928 295
f 1948 1929 1930
f 1949 1931 1932
f 1950 1935 1936
f 1936 1944 1896
f 1951 1945 290
f 1952 1946 294
f 1953 1947 295
f 1954 1948 1930
f 1955 1949 1932
f 1956 1950 1936
f 1896 424 425
f 1940 293 1957
f 1952 294 1958
f 1953 295 1959
f 1960 1940 1957
f 1956 1936 1896
f 1951 290 1961
f 1954 1930 1962
f 1955 1932 1943
f 1963 1956 1896
f 1960 1957 1964
f 1952 1958 1965
f 1953 1959 1966
f 1951 1961 1960
f 1954 1962 1967
f 1960 1964 1952
f 1953 1966 1954
f 1954 1967 1955
f 1968 1963 1896
f 1955 1943 1969
f 1952 1965 1953
f 425 1938 1925
f 1933 298 1934
f 425 1925 1970
f 1971 1933 1934
f 1969 1971 1934
f 425 1970 1972
f 1896 425 1972
f 1972 1951 1896
f 1951 1960 1896
f 1960 1952 1896
f 1952 1953 1896
f 1953 1954 1896
f 1954 1955 1896
f 1955 1969 1896
f 1969 1934 1968
f 1968 1896 1969
f 1973 1937 1944
f 1973 1944 1936
f 1973 1936 1974
f 1974 1936 319
f 1974 319 618
f 618 319 640
f 640 319 394
f 640 394 318
f 618 129 137
f 618 137 1974
f 1936 299 120
f 1936 120 320
f 1936 320 319
f 322 113 121
f 322 121 1935
f 1956 1963 1968
f 1956 1968 1950
f 1950 1968 1935
f 1935 1968 1934
f 1935 1934 323
f 1935 323 322
f 322 323 417
f 417 323 386
f 417 386 418
f 418 386 395
f 1934 298 104
f 1934 104 324
f 1934 324 323
f 326 97 105
f 326 105 1933
f 1969 1943 1971
f 1971 1943 1932
f 1971 1932 1933
f 1933 1932 327
f 1933 327 326
f 326 327 403
f 403 327 387
f 403 387 410
f 410 387 396
f 1932 297 96
f 1932 96 88
f 1932 88 328
f 1932 328 327
f 330 81 89
f 330 89 1931
f 1955 1967 1962
f 1955 1962 1949
f 1949 1962 1930
f 1949 1930 1931
f 1931 1930 331
f 1931 331 330
f 330 331 404
f 404 331 388
f 404 388 397
f 404 397 411
f 1930 296 72
f 1930 72 332
f 1930 332 331
f 334 65 73
f 334 73 1929
f 1954 1966 1959
f 1954 1959 1948
f 1948 1959 295
f 1948 295 1929
f 1929 295 335
f 1929 335 334
f 334 335 405
f 405 335 389
f 405 389 412
f 412 389 398
f 295 64 56
f 295 56 336
f 295 336 335
f 338 49 57
f 338 57 1928
f 1953 1965 1958
f 1953 1958 1947
f 1947 1958 294
f 1947 294 1928
f 1928 294 339
f 1928 339 338
f 338 339 406
f 406 339 390
f 406 390 413
f 413 390 399
f 294 48 40
f 294 40 340
f 294 340 339
f 342 33 41
f 342 41 1927
f 1952 1964 1957
f 1952 1957 1946
f 1946 1957 1927
f 1927 1957 293
f 1927 293 343
f 1927 343 342
f 342 343 407
f 407 343 391
f 407 391 414
f 414 391 400
f 293 32 24
f 293 24 344
f 293 344 343
f 346 17 25
f 346 25 1926
f 1940 1960 1961
f 1940 1961 1926
f 1926 1961 290
f 1926 290 291
f 1926 291 346
f 346 291 392
f 346 392 408
f 408 392 415
f 415 392 401
f 1951 1972 1970
f 1951 1970 1945
f 1945 1970 1925
f 1945 1925 312
f 312 1925 347
f 312 347 311
f 311 347 409
f 409 347 393
f 409 393 416
f 416 393 402
f 1925 309 280
f 1925 280 348
f 1925 348 347
f 350 273 281
f 350 281 425
f 1563 1572 2000
f 1563 2000 2001
f 1563 2001 2002
f 1563 972 2002
f 1563 2002 2003
f 1563 2003 970
f 1563 970 2004
f 1563 2004 968
f 1563 968 2005
f 1563 2005 966
f 1563 966 2006
f 1563 2006 964
f 1563 964 1561
f 963 2000 1572
f 966 2006 964
f 968 2005 966
f 2006 966 2005
f 970 2003 2004
f 970 968 2005
f 2002 972 970
f 2000 2002 2001
f 2002 2004 2003
f 2004 2006 2005
f 968 2004 970
f 2000 2004 2002
f 2004 964 2006
f 2000 964 2004
f 2004 2005 968
f 968 966 2006
f 964 2000 963
f 972 970 968
f 2001 972 968
f 2000 968 2001
f 964 963 968
f 964 2000 2001
f 974 972 2002
f 972 2003 970
f 963 2000 2001
f 963 2001 974
f 967 965 969
f 2007 965 2008
f 965 967 2008
f 969 971 967
f 2009 2008 2010
f 967 971 2010
f 967 2010 2008
f 973 974 971
f 974 2011 971
f 2012 2010 2011
f 971 2011 2010
f 2013 1573 2011
f 2011 963 1573
f 1573 1566 1710
f 1573 1710 2007
f 1573 2007 2008
f 1573 2008 2009
f 1573 2009 2010
f 1573 2010 2012
f 1573 2012 2011
f 1781 1567 1566
f 1781 1710 1566
f 1566 1567 1568
f 1566 1568 1569
f 1566 1569 1574
f 1566 1574 1782
f 1566 1782 1781
f 1574 1731 1782
f 1574 1575 2014
f 1574 2014 2015
f 1574 2015 2016
f 1574 984 2016
f 1574 2016 2017
f 1574 2017 982
f 1574 982 2018
f 1574 2018 2019
f 1574 2019 978
f 1574 978 2020
f 1574 2020 976
f 1574 976 1731
f 2017 2018 982
f 980 2019 978
f 978 976 2020
f 986 2014 975
f 1575 2015 2014
f 2019 2018 980
f 978 2014 975
f 982 980 2019
f 982 2018 2019
f 984 2017 982
f 2016 982 2017
f 1575 2016 2015
f 982 2019 2020
f 1575 982 2016
f 982 2020 976
f 1575 976 982
f 976 1575 2014
f 2015 986 984
f 2019 976 2020
f 2018 2019 976
f 2016 2018 976
f 2015 2016 976
f 2014 2015 976
f 2019 978 976
f 984 2018 976
f 2015 984 976
f 2015 2014 975
f 2015 976 982
f 2014 986 2015
f 986 2016 984
f 2015 982 984
f 2015 975 986
f 1575 975 2014
f 979 981 977
f 2021 977 2022
f 977 981 2022
f 2023 2022 2024
f 981 983 2024
f 981 2024 2022
f 985 986 983
f 986 2025 983
f 2026 2024 2025
f 983 2025 2024
f 2027 1576 2025
f 2025 975 1576
f 1576 1577 1712
f 1576 1712 977
f 1576 977 2021
f 1576 2021 2022
f 1576 2022 2023
f 1576 2023 2024
f 1576 2024 2026
f 1576 2026 2025
f 1784 1642 1577
f 1784 1712 1577
f 1577 1642 1655
f 1577 1655 1656
f 1577 1656 1657
f 1577 1657 1578
f 1577 1578 1785
f 1577 1785 1784
f 1578 1732 1785
f 1578 1579 2028
f 1578 2028 2029
f 1578 2029 2030
f 1578 996 2030
f 1578 2030 2031
f 1578 2031 994
f 1578 994 2032
f 1578 2032 2033
f 1578 2033 990
f 1578 990 2034
f 1578 2034 988
f 1578 988 1732
f 2029 2030 2031
f 996 2030 2029
f 2033 992 2032
f 990 2034 988
f 2032 994 2033
f 992 2033 2034
f 996 2030 2031
f 2034 990 2033
f 2031 994 2032
f 998 2028 987
f 996 2031 994
f 990 992 2032
f 1579 2028 2029
f 2029 2031 2032
f 2032 2033 2034
f 990 994 2032
f 1579 2029 2032
f 2032 2034 988
f 1579 2032 988
f 988 990 994
f 988 2028 994
f 2030 2031 994
f 988 994 2032
f 988 2032 992
f 988 2028 987
f 1579 2028 988
f 987 2028 1579
f 2028 990 988
f 2028 996 994
f 2028 987 996
f 987 2029 2028
f 2034 2028 987
f 987 990 2029
f 992 2034 988
f 2029 988 996
f 2028 988 2029
f 2035 989 2036
f 989 991 2036
f 993 995 991
f 2037 2036 2038
f 991 995 2036
f 2036 995 2038
f 997 998 995
f 998 2039 995
f 2040 997 2038
f 2040 2038 2039
f 995 2039 2038
f 2041 1580 2039
f 2039 987 1580
f 1580 1581 1713
f 1580 1713 2035
f 1580 2035 2036
f 1580 2036 2037
f 1580 2037 2038
f 1580 2038 2040
f 1580 997 2040
f 1580 2040 2039
f 1787 1713 1581
f 1581 1644 1658
f 1581 1658 1659
f 1581 1659 1660
f 1581 1660 1788
f 1581 1788 1787
f 1660 1582 1788
f 1582 1733 1788
f 1660 1582 1583
f 1660 1583 2042
f 1660 2042 2043
f 1660 2043 2044
f 1660 2044 2045
f 1660 2045 1006
f 1660 1006 2046
f 1660 2046 1004
f 1660 1004 2047
f 1660 2047 1002
f 1660 1002 2048
f 1660 2048 1000
f 1660 1000 1733
f 1733 1788 1660
f 2048 1000 1002
f 1004 2047 1002
f 1006 2045 2046
f 2048 1002 2047
f 1010 2042 999
f 1583 2042 2043
f 2043 2044 2045
f 2043 2044 1008
f 1008 1006 2045
f 2046 2047 1004
f 2044 2045 1006
f 1002 1004 2046
f 2043 1010 999
f 2043 2045 2046
f 2046 2047 2048
f 1002 1006 2046
f 1583 2043 2046
f 2046 2048 1000
f 1000 1002 1006
f 1583 2046 1000
f 1000 1006 2042
f 1000 2042 2043
f 1000 1006 2046
f 2047 2048 1000
f 2046 2047 1000
f 2045 2046 1000
f 1000 2042 1583
f 2044 2045 1000
f 2043 2044 1000
f 999 1000 1583
f 1008 2044 1006
f 1006 2046 1004
f 1002 2047 1000
f 2042 2045 1006
f 2042 1008 2045
f 2042 999 1008
f 2048 2042 999
f 999 1000 2043
f 2049 1001 2050
f 1001 1003 2050
f 1005 1007 1003
f 2051 2050 2052
f 1003 1007 2050
f 2050 1007 2052
f 1009 1010 1007
f 1010 2053 1007
f 2054 2052 2053
f 1007 2053 2052
f 2055 1584 2053
f 2053 999 1584
f 1584 1585 1714
f 1584 1714 1001
f 1584 1001 2049
f 1584 2049 2050
f 1584 2050 2051
f 1584 2051 2052
f 1584 2052 2054
f 1584 2054 2053
f 1790 1646 1714
f 1714 1646 1585
f 1585 1646 1661
f 1585 1661 1662
f 1585 1662 1663
f 1585 1663 1791
f 1585 1791 1790
f 1790 1714 1585
f 1663 1586 1791
f 1586 1734 1791
f 1663 1586 1587
f 1663 1587 2056
f 1663 2056 2057
f 1663 2057 2058
f 1663 1020 2058
f 1663 2058 2059
f 1663 2059 1018
f 1663 1018 2060
f 1663 2060 1016
f 1663 1016 2061
f 1663 2061 1014
f 1663 1014 2062
f 1663 1012 2062
f 1663 1734 1012
f 1734 1663 1791
f 1014 2061 1016
f 1022 2057 2058
f 1018 2059 2060
f 1587 2057 2056
f 1020 2059 1018
f 2061 2062 1014
f 2058 2059 1018
f 2056 1022 2057
f 1014 1016 2060
f 1587 2058 2057
f 2058 2060 2059
f 2060 2062 2061
f 1014 1018 2060
f 1587 2060 2058
f 2060 1012 2062
f 1012 1014 1018
f 1587 1012 2060
f 1012 1018 2056
f 1587 1011 1012
f 1011 1022 2056
f 1022 2057 1020
f 1014 2061 1012
f 1012 2056 1011
f 1012 1018 2060
f 1022 1018 1012
f 1022 2059 1018
f 1022 2059 1020
f 2063 1013 2064
f 1013 1015 2064
f 1017 1019 1015
f 2065 2064 2066
f 2066 2064 1019
f 1015 1019 2064
f 1021 1022 1019
f 1022 2067 1019
f 2066 1019 2068
f 2068 1019 2067
f 2069 1588 2067
f 2067 1011 1588
f 1588 1589 1715
f 1588 1715 2063
f 1588 2063 2064
f 1588 2064 2065
f 1588 2065 2066
f 1588 2066 2068
f 1588 2068 2067
f 1794 2070 1715
f 2070 1648 1589
f 1589 1648 1664
f 1589 1664 1665
f 1589 1665 1666
f 1589 1666 1590
f 1589 1590 1795
f 1589 1795 1794
f 1794 1715 1589
f 1590 1735 1795
f 1590 1591 2071
f 1590 2071 2072
f 1590 2072 2073
f 1590 1032 2073
f 1590 2073 2074
f 1590 2074 1030
f 1590 1030 2075
f 1590 2075 1028
f 1590 1028 2076
f 1590 2076 1026
f 1590 1026 2077
f 1590 2077 1024
f 1590 1024 1735
f 1023 2071 1591
f 2074 2075 1030
f 2074 1032 2073
f 2077 1026 2076
f 1026 2077 1024
f 1028 2075 1030
f 1023 2071 1034
f 1034 1032 1030
f 2072 1032 1034
f 2071 2072 2073
f 2073 2074 2075
f 2075 2076 2077
f 2071 2073 2075
f 2075 2077 1024
f 1024 1026 1030
f 2071 2075 1024
f 2071 2072 1034
f 2073 2074 1030
f 1032 2074 1030
f 2075 1028 2076
f 2076 2077 1024
f 2075 2076 1024
f 2074 2075 1024
f 2073 2074 1024
f 2072 2073 1024
f 2071 2072 1024
f 1023 1030 1024
f 1032 2073 1030
f 1026 2076 1024
f 1023 2074 1030
f 1023 2074 1032
f 2071 1024 1023
f 1027 1025 1029
f 2078 1025 2079
f 1025 1027 2079
f 1029 1031 1027
f 2080 2079 2081
f 2081 2079 1031
f 1027 1031 2079
f 1033 1034 1031
f 1034 2082 1031
f 2081 1031 2083
f 2083 1031 2082
f 2084 1592 2082
f 2082 1023 1592
f 1592 1593 1716
f 1592 1716 2078
f 1592 2078 2079
f 1592 2079 2080
f 1592 2080 2081
f 1592 2081 2083
f 1592 2083 2082
f 1797 2085 1716
f 2085 1650 1593
f 1593 1650 1667
f 1593 1667 1668
f 1593 1668 1669
f 1593 1669 1594
f 1593 1594 1798
f 1593 1798 1797
f 1797 1716 1593
f 1594 1736 1798
f 1594 1595 2086
f 1594 2086 2087
f 1594 2087 2088
f 1594 1044 2088
f 1594 2088 2089
f 1594 2089 1042
f 1594 1042 2090
f 1594 2090 1040
f 1594 1040 2091
f 1594 2091 1038
f 1594 1038 2092
f 1594 2092 1036
f 1594 1036 1736
f 2086 2088 2087
f 1040 2091 1038
f 1042 2090 2091
f 1038 1036 2092
f 2088 2089 1044
f 2089 2090 1042
f 1042 2091 1040
f 2087 2088 1044
f 1595 2088 2086
f 2088 2090 2089
f 2090 2092 2091
f 1595 2090 2088
f 2090 1036 2092
f 1036 1038 1042
f 1595 1036 2090
f 1035 2086 2087
f 2088 1044 1042
f 1044 1035 1036
f 1595 1035 1036
f 1035 1046 2086
f 1046 2088 1044
f 1040 2090 1038
f 1038 2091 1036
f 2093 1037 2094
f 1037 1039 2094
f 1041 1043 1039
f 2095 2094 2096
f 2096 2094 1043
f 1039 1043 2094
f 1045 1046 1043
f 1046 2097 1043
f 2096 1043 2098
f 2098 1043 2097
f 2099 1596 2097
f 2097 1596 1035
f 1596 1717 1597
f 1596 1037 1717
f 1596 2093 1037
f 1596 2094 2093
f 1596 2095 2094
f 1596 2096 2095
f 1596 2098 2096
f 1596 2097 2098
f 1801 1597 1717
f 1801 1652 1597
f 1597 1652 1670
f 1597 1671 1670
f 1597 1672 1671
f 1597 1802 1672
f 1597 1801 1802
f 1672 2100 1598
f 2100 1737 1802
f 1672 1599 1598
f 1672 2101 1599
f 1672 2102 2101
f 1672 2103 2102
f 1672 2103 1056
f 1672 2103 2104
f 1672 2104 1054
f 1672 1054 2105
f 1672 2105 1052
f 1672 1052 2106
f 1672 2106 1050
f 1672 1050 2107
f 1672 1048 2107
f 1672 1737 1048
f 1737 1672 1802
f 1047 2101 1058
f 1052 2106 1050
f 1050 2107 1048
f 2107 1050 2106
f 1599 2101 1047
f 1054 2106 2105
f 2104 1054 2106
f 1056 2104 1054
f 2101 2102 2103
f 2103 2104 2106
f 2101 2103 2106
f 2106 1048 2107
f 1048 1050 1054
f 2101 2106 1048
f 1054 2106 1052
f 2102 1056 2103
f 2102 2103 2104
f 1048 2101 2102
f 1058 1056 2102
f 1048 1047 2101
f 2102 1047 1048
f 1054 2106 1048
f 2104 1054 1048
f 1047 2101 2102
f 1047 2102 2104
f 1047 2104 1056
f 1051 1049 1053
f 2108 2109 1049
f 1049 2109 1051
f 1053 1051 1055
f 2110 2109 2111
f 2111 2109 1055
f 1051 2109 1055
f 1057 1058 1055
f 1058 1055 2112
f 2111 2113 1055
f 2113 2112 1055
f 2114 1600 2112
f 2112 1600 1047
f 1600 1718 1601
f 1600 2108 1718
f 1600 2109 2108
f 1600 2110 2109
f 1600 2111 2110
f 1600 2113 2111
f 1600 2112 2113
f 1804 2115 1718
f 2115 1653 1601
f 1601 1673 1653
f 1601 1674 1673
f 1601 1675 1674
f 1601 1738 1675
f 1601 1805 1738
f 1601 1804 1805
f 1804 1601 1718
f 1675 2116 1602
f 1675 1603 1602
f 1675 2117 1603
f 1675 2118 2117
f 1675 2119 2118
f 1675 2119 2120
f 1675 2120 1066
f 1675 1066 2121
f 1675 2121 1064
f 1675 1064 2122
f 1675 2122 1062
f 1675 1062 2123
f 1675 1060 2123
f 1675 1738 1060
f 1064 2122 1062
f 1066 2121 2120
f 2118 2119 2120
f 2121 2122 1064
f 2119 1068 1066
f 1603 2117 2118
f 2118 2120 2121
f 2121 2123 2122
f 1603 2118 2121
f 2121 1060 2123
f 1060 1062 1066
f 1603 2121 1060
f 1060 1059 1062
f 1059 2117 1070
f 1070 2118 2119
f 2122 1062 1060
f 1070 1068 2118
f 2121 1060 2122
f 2120 2121 1060
f 1060 2117 1603
f 2119 2120 1060
f 2118 2119 1060
f 2117 2118 1060
f 1060 2117 1059
f 2117 1068 1060
f 1070 1060 1066
f 1059 1603 1060
f 1070 1066 1068
f 1059 1070 1062
f 1063 1061 1065
f 2124 2125 1061
f 1061 2125 1063
f 1065 1063 1067
f 2126 2125 2127
f 2127 2125 1067
f 1063 2125 1067
f 1069 1070 1067
f 1070 1067 2128
f 2127 2129 1067
f 2129 2128 1067
f 2130 1604 2128
f 2128 1604 1059
f 1604 1719 1605
f 1604 2124 1719
f 1604 2125 2124
f 1604 2126 2125
f 1604 2127 2126
f 1604 2129 2127
f 1604 2128 2129
f 1808 1605 1719
f 1808 1651 1605
f 1605 1676 1651
f 1605 1677 1676
f 1605 1678 1677
f 1605 1809 1678
f 1605 1808 1809
f 1678 1606 1809
f 1606 1739 1809
f 1678 1607 1606
f 1678 2131 1607
f 1678 2132 2131
f 1678 2133 2132
f 1678 1080 2133
f 1678 2133 2134
f 1678 2134 1078
f 1678 1078 2135
f 1678 2135 1076
f 1678 1076 2136
f 1678 2136 1074
f 1678 1074 2137
f 1678 1072 2137
f 1678 1739 1072
f 1739 1678 1809
f 1071 1607 2131
f 1080 2133 2134
f 1078 1076 2135
f 1076 1074 2136
f 1074 2137 1072
f 2134 2135 1078
f 2132 1082 1080
f 2131 2132 2133
f 2133 2134 2135
f 2135 2136 2137
f 2131 2133 2135
f 2135 2137 1072
f 2131 2135 1072
f 1072 1074 1078
f 2133 1080 1078
f 1072 2131 1076
f 1072 2131 1078
f 2136 2137 1074
f 2136 1072 2137
f 2131 1082 2132
f 1082 2133 1080
f 2135 1072 2136
f 2134 2135 1072
f 2133 2134 1072
f 2132 2133 1072
f 2131 2132 1072
f 1072 1071 1074
f 1071 1072 1078
f 1071 2131 1072
f 1071 1078 1080
f 1071 1082 2131
f 1071 1078 1076
f 1071 1076 1074
f 1075 1073 1077
f 2138 2139 1073
f 1073 2139 1075
f 1077 1075 1079
f 2140 2139 2141
f 1075 2139 1079
f 2139 1079 2141
f 1081 1082 1079
f 1082 2142 1079
f 2143 2142 2141
f 1079 2142 2141
f 2144 1608 2142
f 2142 1608 1071
f 1608 1720 1609
f 1608 2138 1720
f 1608 2139 2138
f 1608 2140 2139
f 1608 2141 2140
f 1608 2143 2141
f 1608 2142 2143
f 1811 1609 1720
f 1811 1649 1609
f 1609 1679 1649
f 1609 1680 1679
f 1609 1681 1680
f 1609 1610 1681
f 1609 1812 1610
f 1609 1811 1812
f 1610 1812 1740
f 1610 2145 1611
f 1610 2146 2145
f 1610 2147 2146
f 1610 1092 2147
f 1610 2147 2148
f 1610 2148 1090
f 1610 1090 2149
f 1610 2149 2150
f 1610 2150 1086
f 1610 1086 2151
f 1610 1084 2151
f 1610 1740 1084
f 1088 1086 2150
f 1086 1084 2151
f 1094 2146 1083
f 1086 2145 1083
f 1611 2146 2145
f 2148 1090 2149
f 2146 1094 1092
f 2147 1092 1090
f 1611 2147 2146
f 2147 2148 2149
f 2149 2150 2151
f 1611 2147 2149
f 2149 2151 1084
f 1611 2149 1084
f 1090 2150 2149
f 1094 2147 1092
f 1092 2148 1090
f 2150 1084 2151
f 1090 1084 2150
f 2148 1090 1084
f 2147 1084 2148
f 2146 1084 2147
f 2145 1084 2146
f 2145 1084 1090
f 1083 1611 1084
f 1084 2145 1083
f 2145 1090 1092
f 2145 1092 1094
f 2145 1094 1083
f 1087 1089 1085
f 2152 1085 2153
f 1085 1089 2153
f 2154 2153 2155
f 1089 1091 2155
f 1089 2155 2153
f 1093 1094 1091
f 1094 2156 1091
f 2157 2156 2155
f 1091 2156 2155
f 1083 2156 1612
f 2158 1612 2156
f 1612 1721 1613
f 1612 1085 1721
f 1612 2152 1085
f 1612 2153 2152
f 1612 2154 2153
f 1612 2155 2154
f 1612 2157 2155
f 1612 2156 2157
f 1814 1613 1721
f 1814 1647 1613
f 1613 1682 1647
f 1613 1683 1682
f 1613 1684 1683
f 1613 1614 1684
f 1613 1815 1614
f 1613 1814 1815
f 1614 1815 1741
f 1614 2159 1615
f 1614 2160 2159
f 1614 2161 2160
f 1614 1104 2161
f 1614 2161 2162
f 1614 2162 1102
f 1614 1102 2163
f 1614 2163 2164
f 1614 2164 1098
f 1614 1098 2165
f 1614 1096 2165
f 1614 1741 1096
f 2160 2162 2161
f 2164 1100 2163
f 1100 2164 1098
f 2164 2165 1098
f 2162 2163 1102
f 1095 1106 2160
f 2160 1106 1104
f 1102 2164 1100
f 1615 2159 2160
f 1102 2163 2164
f 2160 2163 2162
f 2163 2164 2165
f 1615 2160 2163
f 2163 2165 1096
f 1615 2163 1096
f 1096 1098 1102
f 2161 1104 1102
f 1096 1095 1102
f 1096 1095 2159
f 1104 2162 1102
f 1615 2159 1096
f 1615 2159 1106
f 1095 1098 1096
f 1095 1096 1104
f 1098 1095 1615
f 2160 1104 1096
f 2159 1096 2160
f 1099 1097 1101
f 2166 2167 1097
f 1097 2167 1101
f 2168 2167 2169
f 1101 2167 1103
f 2167 1103 2169
f 1105 1106 1103
f 1106 2170 1103
f 2171 1105 2169
f 2171 2169 2170
f 1103 2170 2169
f 1095 2170 1616
f 2172 1616 2170
f 1616 1722 1617
f 1616 2166 1722
f 1616 2167 2166
f 1616 2168 2167
f 1616 2169 2168
f 1616 2171 2169
f 1616 1105 2171
f 1616 2171 2170
f 1816 1617 1722
f 1816 1645 1617
f 1617 1685 1645
f 1617 1686 1685
f 1617 1687 1686
f 1617 1618 1687
f 1617 1817 1618
f 1617 1816 1817
f 1618 1817 1742
f 1618 1619 2173
f 1618 2173 2174
f 1618 2174 2175
f 1618 2175 2176
f 1618 2176 1114
f 1618 1114 2177
f 1618 2177 1112
f 1618 1112 2178
f 1618 2178 1110
f 1618 1110 2179
f 1618 2179 1108
f 1618 1108 1742
f 1112 2178 1110
f 1118 1107 2173
f 1118 2174 1116
f 1114 2177 1112
f 1114 2176 2177
f 2178 2177 1112
f 1110 1108 2179
f 2174 2176 2175
f 2175 1116 1114
f 1619 2174 2173
f 2174 2177 2176
f 2177 1110 2178
f 1619 2177 2174
f 2177 1108 1110
f 1619 1108 2177
f 1108 1110 1114
f 2173 2174 1118
f 1114 2173 1110
f 1108 2173 1107
f 1107 1108 1619
f 2173 1114 1116
f 2173 1116 1107
f 1110 2173 1107
f 1107 1108 1118
f 1111 1113 1109
f 2180 1109 2181
f 1109 1113 2181
f 2182 2181 2183
f 1113 1115 2181
f 2181 1115 2183
f 1117 1118 1115
f 1118 2184 1115
f 2185 2183 2184
f 1115 2184 2183
f 2186 1620 2184
f 2184 1107 1620
f 1620 1621 1723
f 1620 1723 1109
f 1620 1109 2180
f 1620 2180 2181
f 1620 2181 2182
f 1620 2182 2183
f 1620 2183 2185
f 1620 2185 2184
f 1820 1723 1621
f 1820 1643 1621
f 1621 1643 1688
f 1621 1688 1689
f 1621 1689 1690
f 1621 1690 1821
f 1621 1821 1820
f 1690 1622 1821
f 1622 1743 1821
f 1690 1622 1623
f 1690 1623 2187
f 1690 2187 2188
f 1690 2188 2189
f 1690 1128 2189
f 1690 2189 2190
f 1690 2190 1126
f 1690 1126 2191
f 1690 2191 1124
f 1690 1124 2192
f 1690 2192 1122
f 1690 1122 2193
f 1690 2193 1120
f 1690 1120 1743
f 1743 1821 1690
f 1126 2191 1124
f 1124 2192 1122
f 1130 2188 2189
f 1126 2190 2191
f 1122 2193 1120
f 2187 2189 2188
f 2192 2193 1122
f 1623 2189 2187
f 2189 2191 2190
f 2191 2192 2193
f 1623 2191 2189
f 2191 2193 1120
f 1120 1122 1126
f 1623 1120 2191
f 2187 1130 2188
f 2189 1128 1126
f 2191 2192 1124
f 2192 2193 1120
f 1120 2191 1124
f 2191 2192 1120
f 2190 2191 1120
f 2189 2190 1120
f 2188 2189 1120
f 2187 2188 1120
f 1120 1623 1119
f 1130 1120 1126
f 1119 1130 2187
f 1130 2188 1128
f 1128 2190 1126
f 1130 1126 1128
f 1123 1125 1121
f 2194 1121 2195
f 1121 1125 2195
f 2196 2195 2197
f 2197 2195 1127
f 1125 1127 2195
f 1129 1130 1127
f 1130 2198 1127
f 2197 1127 2199
f 2199 1127 2198
f 1119 1624 2198
f 2200 1624 2198
f 1624 1625 1724
f 1624 1724 2194
f 1624 2194 2195
f 1624 2195 2196
f 1624 2196 2197
f 1624 2197 2199
f 1624 2199 2198
f 1822 2201 1724
f 2201 1641 1625
f 1625 1641 1691
f 1625 1691 1692
f 1625 1692 1693
f 1625 1693 1626
f 1625 1626 1823
f 1625 1823 1822
f 1822 1724 1625
f 1626 1744 1823
f 1626 1627 2202
f 1626 2202 2203
f 1626 2203 2204
f 1626 1140 2204
f 1626 2204 2205
f 1626 2205 1138
f 1626 1138 2206
f 1626 2206 1136
f 1626 1136 2207
f 1626 2207 1134
f 1626 1134 2208
f 1626 2208 1132
f 1626 1132 1744
f 1136 2207 1132
f 1140 1138 2206
f 2204 2203 1142
f 1138 2205 2206
f 2208 1134 2207
f 1134 2208 1132
f 1131 2202 1142
f 1627 2203 2202
f 2202 2203 1142
f 2203 1142 1140
f 1627 2204 2203
f 2204 2206 2205
f 2206 2207 2208
f 1627 2206 2204
f 2206 2208 1132
f 1627 1132 2206
f 2204 1140 1138
f 1132 2202 2206
f 2206 2207 1136
f 2207 2208 1132
f 1132 2206 1136
f 2206 2207 1132
f 2205 1132 2206
f 2204 1132 2205
f 2203 1132 2204
f 2202 1132 2203
f 1131 1132 1138
f 1131 1132 1627
f 1131 1138 1140
f 1135 1137 1133
f 2209 1133 2210
f 1133 1137 2210
f 2211 2210 2212
f 2212 2210 1139
f 1137 1139 2210
f 1141 1142 1139
f 1142 2213 1139
f 2212 1139 2214
f 2214 1139 2213
f 2215 1628 2213
f 2213 1131 1628
f 1628 1629 1725
f 1628 1725 2209
f 1628 2209 2210
f 1628 2210 2211
f 1628 2211 2212
f 1628 2212 2214
f 1628 2214 2213
f 1824 2216 1725
f 2216 1640 1629
f 1629 1640 1694
f 1629 1694 1695
f 1629 1695 1696
f 1629 1696 1630
f 1629 1630 1825
f 1629 1825 1824
f 1824 1725 1629
f 1630 1745 1825
f 1630 1631 2217
f 1630 2217 2218
f 1630 2218 2219
f 1630 2219 2220
f 1630 2220 1150
f 1630 1150 2221
f 1630 2221 1148
f 1630 1148 2222
f 1630 2222 1146
f 1630 1146 2223
f 1630 2223 1144
f 1630 1144 1745
f 1152 2220 1150
f 1150 2221 1148
f 1146 1144 2223
f 1154 1143 2218
f 2217 2218 2219
f 1150 2221 2222
f 2218 2219 1154
f 1143 2217 2218
f 1631 2217 2219
f 2219 2220 1150
f 1150 2222 2223
f 1631 2219 1150
f 1150 2223 1144
f 1631 1144 1150
f 1631 2217 2218
f 1150 1148 2222
f 2220 2221 1150
f 2221 1148 2222
f 2219 2220 1152
f 2222 1144 2223
f 2221 2222 1144
f 2220 2221 1144
f 2219 2220 1144
f 2218 2219 1144
f 1631 2218 1144
f 1143 1144 1152
f 1631 1143 1144
f 1143 1154 2217
f 1148 2222 1144
f 1143 2219 1152
f 1143 1154 2219
f 1147 1149 1145
f 2224 1145 2225
f 1145 1149 2225
f 2226 2225 2227
f 2227 2225 1151
f 1149 1151 2225
f 1153 1154 1151
f 1154 2228 1151
f 2227 1151 2229
f 2229 1151 2228
f 1143 1632 2228
f 2230 1632 2228
f 1632 1633 1726
f 1632 1726 1145
f 1632 1145 2224
f 1632 2224 2225
f 1632 2225 2226
f 1632 2226 2227
f 1632 2227 2229
f 1632 2229 2228
f 1826 1726 1633
f 1826 1639 1633
f 1633 1639 1697
f 1633 1697 1698
f 1633 1698 1699
f 1633 1699 1827
f 1633 1827 1826
f 1699 2231 1634
f 2231 1746 1827
f 1699 1634 1635
f 1699 1635 2232
f 1699 2232 2233
f 1699 2233 2234
f 1699 1164 2234
f 1699 2234 2235
f 1699 2235 1162
f 1699 1162 2236
f 1699 2236 2237
f 1699 2237 1158
f 1699 1158 2238
f 1699 2238 1156
f 1699 1156 1746
f 1746 1827 1699
f 2236 2237 1160
f 1160 2237 1158
f 1155 2232 1166
f 1164 2235 1162
f 1164 2234 2235
f 1158 1156 2238
f 2232 2234 2233
f 2235 2236 1162
f 2233 1164 2234
f 1635 2234 2232
f 2234 2236 2235
f 2236 1158 2237
f 1635 2236 2234
f 2236 1156 1158
f 1156 1158 1162
f 1635 1156 2236
f 1156 1635 1155
f 1162 2237 1160
f 1164 1155 1156
f 1156 2232 1635
f 1166 1164 2233
f 1162 2236 1160
f 1159 1161 1157
f 2239 1157 2240
f 1157 1161 2240
f 2241 2240 2242
f 2242 2240 1163
f 1161 1163 2240
f 1165 1166 1163
f 1166 2243 1163
f 2242 1163 2244
f 2244 1163 2243
f 2245 1636 2243
f 2243 1155 1636
f 1636 1637 1727
f 1636 1727 2239
f 1636 2239 2240
f 1636 2240 2241
f 1636 2241 2242
f 1636 2242 2244
f 1636 2244 2243
f 1828 2246 1727
f 2246 1638 1637
f 1637 1638 1700
f 1637 1700 1701
f 1637 1701 1565
f 1637 1565 1747
f 1637 1747 1829
f 1637 1829 1828
f 1828 1727 1637
f 1565 1570 2248
f 1565 2248 2249
f 1565 2249 2250
f 1565 2250 2251
f 1565 2251 1174
f 1565 1174 2252
f 1565 2252 2253
f 1565 2253 1170
f 1565 1170 2254
f 1565 2254 1168
f 1565 1168 1747
f 1174 2252 1172
f 1172 2253 1170
f 1176 1174 2252
f 1174 2251 2252
f 2253 2254 1170
f 2249 2251 2250
f 2252 2253 1172
f 1570 2248 1178
f 1570 2249 2248
f 2250 1176 1174
f 2249 2252 2251
f 2252 2254 2253
f 1570 2252 2249
f 2252 1168 2254
f 1168 1170 1174
f 1570 1168 2252
f 1178 2249 2250
f 1167 1178 2248
f 1178 1176 2249
f 1168 1570 1167
f 1174 1178 1168
f 1178 1174 1176
f 1167 1178 1170
f 2248 1176 1168
f 1171 1173 1169
f 2255 1169 2256
f 1169 1173 2256
f 2257 2256 2258
f 2258 2256 1175
f 1173 1175 2256
f 1177 1178 1175
f 1178 2259 1175
f 2258 1175 2260
f 2260 1175 2259
f 2261 1571 2259
f 2259 1167 1571
f 1571 1564 1562
f 1571 1562 1434
f 1571 1434 1728
f 1571 1728 2255
f 1571 2255 2256
f 1571 2256 2257
f 1571 2257 2258
f 1571 2258 2260
f 1571 2260 2259
f 1181 1185 1183
f 1181 1192 1185
f 1181 1187 1192
f 1181 1187 1189
f 1181 1189 1190
f 1181 1190 1191
f 1181 1191 1187
f 1181 1192 700
f 1181 2263 700
f 1181 2264 2263
f 1181 2265 2264
f 1181 2266 2265
f 1181 2266 1192
f 1181 2267 1192
f 1181 2268 2267
f 1181 2269 2268
f 1187 1191 700
f 1187 700 1192
f 700 695 1332
f 700 1332 1181
f 700 2269 1181
f 700 2268 2269
f 700 2267 2268
f 700 2266 2267
f 700 2265 2266
f 700 2264 2265
f 700 2263 2264
f 1332 696 695
f 695 696 697
f 695 697 698
f 695 698 1432
f 695 1432 1433
f 695 1433 1332
f 698 1432 701
f 701 1432 1359
f 698 701 702
f 698 702 1204
f 698 1204 2270
f 698 2270 2271
f 698 2271 1202
f 698 1202 2272
f 698 2272 2273
f 698 2273 1198
f 698 1198 2274
f 698 2274 1196
f 698 1196 2275
f 698 2275 1359
f 1359 1432 698
f 703 702 1205
f 2270 1205 1204
f 1204 2270 702
f 2270 2271 702
f 1205 2270 702
f 1204 1203 2270
f 1203 1202 2270
f 1202 1200 2270
f 2271 2270 2272
f 2272 2270 1200
f 2272 1200 2273
f 2273 1200 1198
f 1198 2274 1200
f 1198 2274 1194
f 2274 2275 1194
f 1195 1199 1197
f 1195 1206 1199
f 1195 1201 1206
f 1195 1201 1203
f 1195 1203 1204
f 1195 1204 1205
f 1195 1205 1201
f 1195 703 1206
f 1195 2276 703
f 1195 2277 2276
f 1195 2278 2277
f 1195 2279 2278
f 1195 2279 1206
f 1195 2280 1206
f 1195 2281 2280
f 1195 2282 2281
f 1205 703 1201
f 1201 703 1206
f 703 751 1342
f 703 1342 1195
f 703 1195 2282
f 703 2281 2282
f 703 2280 2281
f 703 1206 2280
f 703 2279 1206
f 703 2278 2279
f 703 2277 2278
f 703 2276 2277
f 1401 768 1342
f 1342 768 751
f 751 768 807
f 751 807 808
f 751 808 809
f 751 809 1401
f 1401 1342 751
f 809 1360 1401
f 809 1360 704
f 809 704 705
f 809 705 1218
f 809 1218 2283
f 809 2283 2284
f 809 2284 1216
f 809 1216 2285
f 809 2285 2286
f 809 2286 1212
f 809 1212 2287
f 809 2287 1210
f 809 1210 2288
f 809 2288 1208
f 809 1208 1360
f 706 705 1219
f 1218 2284 705
f 2283 705 2284
f 1216 2284 1214
f 2285 1214 2284
f 2285 1214 2286
f 2286 1214 2287
f 2287 1214 1212
f 2287 1212 1210
f 1210 1212 2288
f 2288 1212 1208
f 1209 1213 1211
f 1209 1220 1213
f 1209 1215 1220
f 1209 1215 1217
f 1209 1217 1218
f 1209 1218 1219
f 1209 1219 1215
f 1209 706 1220
f 1209 2289 706
f 1209 2290 2289
f 1209 2291 2290
f 1209 2292 2291
f 1209 2292 1220
f 1209 2293 1220
f 1209 2294 2293
f 1209 2295 2294
f 1219 706 1215
f 1215 706 1220
f 706 752 1343
f 706 1343 1209
f 706 1209 2295
f 706 2294 2295
f 706 2293 2294
f 706 1220 2293
f 706 2292 1220
f 706 2291 2292
f 706 2290 2291
f 706 2289 2290
f 1431 1343 752
f 1431 769 752
f 752 769 810
f 752 810 811
f 752 811 812
f 752 812 707
f 752 707 1430
f 752 1430 1431
f 707 1361 1430
f 707 708 1232
f 707 1232 2296
f 707 2296 2297
f 707 2297 1230
f 707 1230 2298
f 707 2298 2299
f 707 2299 1226
f 707 1226 2300
f 707 2300 1224
f 707 1224 2301
f 707 2301 1222
f 707 1222 1361
f 709 708 1233
f 1232 2297 1233
f 1232 708 2296
f 2296 708 2297
f 1233 2297 708
f 1230 2297 1228
f 2298 1228 2297
f 2298 1228 2299
f 2299 1228 1226
f 1226 2300 1228
f 1224 2300 2301
f 2301 2300 1222
f 1226 1222 2300
f 1223 1225 1227
f 1223 1227 1234
f 1223 1234 1229
f 1223 1229 1231
f 1223 1231 1232
f 1223 1232 1233
f 1223 1233 1234
f 1223 709 1234
f 1223 2302 709
f 1223 2303 2302
f 1223 2304 2303
f 1223 2305 2304
f 1223 2305 1234
f 1223 2306 1234
f 1223 2307 2306
f 1223 2308 2307
f 1234 1233 709
f 709 753 1344
f 709 1344 1223
f 709 1223 2308
f 709 2307 2308
f 709 2306 2307
f 709 1234 2306
f 709 2305 1234
f 709 2304 2305
f 709 2303 2304
f 709 2302 2303
f 1429 1344 753
f 753 770 813
f 753 813 814
f 753 814 815
f 753 815 1428
f 753 1428 1429
f 815 1428 710
f 710 1428 1362
f 815 710 711
f 815 711 1246
f 815 1246 2309
f 815 2309 2310
f 815 2310 1244
f 815 1244 2311
f 815 2311 2312
f 815 2312 1240
f 815 1240 2313
f 815 2313 1238
f 815 1238 2314
f 815 2314 1362
f 1362 1428 815
f 712 711 1247
f 1246 711 2309
f 2309 711 2310
f 1246 1245 2309
f 1245 1244 2309
f 1244 1243 2309
f 1243 1242 2309
f 2311 2310 1242
f 2309 1242 2310
f 2311 1242 2312
f 2312 1242 2313
f 1242 1240 2313
f 1240 2313 1236
f 2313 2314 1236
f 1237 1239 1241
f 1237 1241 1248
f 1237 1248 1243
f 1237 1243 1245
f 1237 1245 1246
f 1237 1246 1247
f 1237 1248 1247
f 1237 712 1248
f 1237 1247 712
f 1237 2315 712
f 1237 2316 2315
f 1237 2317 2316
f 1237 2318 2317
f 1237 2318 1248
f 1237 2319 1248
f 1237 2320 2319
f 1237 2321 2320
f 1248 712 1247
f 712 754 1345
f 712 1345 1237
f 712 2321 1237
f 712 2320 2321
f 712 2319 2320
f 712 2318 2319
f 712 2317 2318
f 712 2316 2317
f 712 2315 2316
f 712 1247 2315
f 1393 2322 1345
f 2322 771 754
f 754 771 816
f 754 816 817
f 754 817 818
f 754 818 1363
f 754 1363 1393
f 1393 1345 754
f 818 1363 713
f 818 713 714
f 818 714 1260
f 818 1260 2323
f 818 2323 2324
f 818 2324 1258
f 818 1258 2325
f 818 2325 2326
f 818 2326 1254
f 818 1254 2327
f 818 2327 1252
f 818 1252 2328
f 818 2328 1363
f 715 714 1261
f 1260 1261 2323
f 1260 2323 714
f 1261 714 2323
f 1260 2323 1259
f 1259 2323 1258
f 1258 1257 2323
f 1257 1256 2323
f 2324 2323 1258
f 1258 2323 2325
f 2323 1256 2325
f 1254 2327 1256
f 2326 2325 2327
f 1256 2327 2325
f 1254 2327 1252
f 1252 2327 1250
f 2327 2328 1250
f 1251 1255 1253
f 1251 1262 1255
f 1251 1262 1257
f 1251 1257 1259
f 1251 1259 1260
f 1251 1260 1261
f 1251 1262 1261
f 1251 715 1262
f 1251 1261 715
f 1251 2329 715
f 1251 2330 2329
f 1251 2331 2330
f 1251 2332 2331
f 1251 2332 1262
f 1251 2333 1262
f 1251 2334 2333
f 1251 2335 2334
f 1262 715 1261
f 715 755 1346
f 715 1346 1251
f 715 1251 2335
f 715 2334 2335
f 715 2333 2334
f 715 1262 2333
f 715 1262 2332
f 715 2331 2332
f 715 2330 2331
f 715 2329 2330
f 715 1261 2329
f 1427 2336 1346
f 2336 772 755
f 755 772 819
f 755 819 820
f 755 820 821
f 755 821 1426
f 755 1426 1427
f 1427 1346 755
f 821 1426 716
f 716 1426 1364
f 821 716 717
f 821 717 1274
f 821 1274 2337
f 821 2337 2338
f 821 2338 1272
f 821 1272 2339
f 821 2339 2340
f 821 2340 1268
f 821 1268 2341
f 821 2341 1266
f 821 1266 2342
f 821 2342 1364
f 1364 1426 821
f 718 1275 717
f 1274 717 2337
f 2337 717 2338
f 1274 1273 2337
f 1273 1272 2337
f 1272 1270 2337
f 1270 2340 2337
f 2339 2338 2340
f 2337 2340 2338
f 1270 1268 2340
f 1268 2341 2340
f 1268 2341 1264
f 2341 2342 1264
f 1265 1267 1269
f 1265 1269 1276
f 1265 1276 1271
f 1265 1271 1273
f 1265 1273 1274
f 1265 1274 1275
f 1265 1275 1276
f 1265 718 1276
f 1265 2343 718
f 1265 2344 2343
f 1265 2345 2344
f 1265 2346 2345
f 1265 2346 1276
f 1265 2347 1276
f 1265 2348 2347
f 1265 2349 2348
f 1276 1275 718
f 718 756 1347
f 718 1347 1265
f 718 1265 2349
f 718 2348 2349
f 718 2347 2348
f 718 1276 2347
f 718 2346 1276
f 718 2345 2346
f 718 2344 2345
f 718 2343 2344
f 1425 773 756
f 1425 1347 756
f 756 773 822
f 756 822 823
f 756 823 824
f 756 824 1424
f 756 1424 1425
f 824 2350 719
f 2350 1424 1365
f 824 719 720
f 824 720 1288
f 824 1288 2351
f 824 2351 2352
f 824 2352 1286
f 824 1286 2353
f 824 2353 2354
f 824 2354 1282
f 824 1282 2355
f 824 2355 1280
f 824 1280 2356
f 824 1278 2356
f 824 2356 1365
f 1365 1424 824
f 721 720 1289
f 1288 720 2351
f 1288 2352 720
f 2352 2351 720
f 2352 2351 1286
f 1286 1284 2351
f 1284 2353 2351
f 2351 2353 2352
f 1284 2353 2354
f 1284 2353 1282
f 2354 2355 2353
f 2353 2355 1282
f 2356 1278 2355
f 1282 2355 1278
f 1279 1281 1283
f 1279 1283 1290
f 1279 1290 1285
f 1279 1285 1287
f 1279 1287 1288
f 1279 1288 1289
f 1279 1289 1290
f 1279 721 1290
f 1279 2357 721
f 1279 2358 2357
f 1279 2359 2358
f 1279 2360 2359
f 1279 2360 1290
f 1279 2361 1290
f 1279 2362 2361
f 1279 2363 2362
f 1290 1289 2357
f 1290 2357 721
f 721 757 1348
f 721 1348 1279
f 721 1279 2363
f 721 2362 2363
f 721 2361 2362
f 721 1290 2361
f 721 1290 2360
f 721 2359 2360
f 721 2358 2359
f 721 2357 2358
f 1423 2364 1348
f 757 774 825
f 757 825 826
f 757 826 827
f 757 827 1422
f 757 1422 1423
f 1423 1348 757
f 827 2365 722
f 827 722 723
f 827 723 1302
f 827 1302 2366
f 827 2366 2367
f 827 2367 1300
f 827 1300 2368
f 827 2368 2369
f 827 2369 1296
f 827 1296 2370
f 827 2370 1294
f 827 1294 2371
f 827 2371 1366
f 1366 1422 827
f 724 723 1303
f 1302 2367 723
f 2366 723 2367
f 1301 2367 1300
f 1300 1298 2367
f 1298 2369 2367
f 2368 2367 2369
f 1298 1296 2369
f 1296 2369 2370
f 1296 2370 1294
f 1294 2370 1292
f 2370 2371 1292
f 1293 1295 1297
f 1293 1297 1304
f 1293 1304 1299
f 1293 1299 1301
f 1293 1301 1302
f 1293 1302 1303
f 1293 1304 1303
f 1293 724 1303
f 1293 2372 724
f 1293 2373 2372
f 1293 2374 2373
f 1293 2375 2374
f 1293 2375 1304
f 1293 2376 1304
f 1293 2377 2376
f 1293 2378 2377
f 1304 724 1303
f 1303 724 758
f 1303 758 775
f 1303 775 832
f 1303 832 1349
f 1303 1349 1293
f 1303 1293 2378
f 1303 2378 2377
f 1303 2377 2376
f 1303 1304 2376
f 1303 1304 2375
f 1303 2375 2374
f 1303 2374 2373
f 1303 2373 2372
f 832 775 758
f 832 758 1349
f 2379 300 136
f 2379 136 616
f 2379 616 615
f 2381 2380 2382
f 2382 2380 1998
f 2382 1998 2379
f 2382 2379 2383
f 2383 2379 615
f 2383 615 614
f 614 615 677
f 677 615 657
f 677 657 667
f 677 667 678
f 614 145 153
f 614 153 2383
f 486 478 301
f 486 301 152
f 486 152 612
f 486 612 611
f 2384 487 488
f 2384 487 2385
f 2385 487 2386
f 2386 487 486
f 2386 486 611
f 2386 611 610
f 610 611 676
f 676 611 656
f 676 656 685
f 685 656 666
f 610 161 169
f 610 169 2386
f 2387 302 168
f 2387 168 608
f 2387 608 607
f 2390 2389 2388
f 2390 2388 2391
f 2391 2388 2387
f 2391 2387 2392
f 2392 2387 607
f 2392 607 606
f 606 607 655
f 606 655 675
f 675 655 684
f 684 655 665
f 606 177 185
f 606 185 2392
f 2393 303 184
f 2393 184 604
f 2393 604 603
f 2396 2395 2394
f 2396 2394 2397
f 2397 2394 2393
f 2397 2393 2398
f 2398 2393 603
f 2398 603 602
f 602 603 654
f 602 654 674
f 674 654 683
f 683 654 664
f 602 193 201
f 602 201 2398
f 2399 304 200
f 2399 200 600
f 2399 600 599
f 2402 2401 2400
f 2402 2400 2403
f 2403 2400 2399
f 2403 2399 2404
f 2404 2399 599
f 2404 599 598
f 598 599 653
f 598 653 673
f 673 653 663
f 673 663 682
f 598 209 217
f 598 217 2404
f 2405 305 216
f 2405 216 596
f 2405 596 595
f 2408 2407 2406
f 2408 2406 2409
f 2409 2406 2405
f 2409 2405 2410
f 2410 2405 595
f 2410 595 594
f 594 595 652
f 594 652 672
f 672 652 662
f 672 662 681
f 594 225 233
f 594 233 2410
f 2411 240 306
f 2411 306 232
f 2411 232 592
f 2411 592 591
f 558 559 2413
f 559 2413 2412
f 559 2412 560
f 560 2412 2411
f 560 2411 591
f 560 591 590
f 590 591 671
f 671 591 651
f 671 651 661
f 671 661 680
f 590 241 249
f 590 249 560
f 2414 307 248
f 2414 248 588
f 2414 588 587
f 2417 2416 2415
f 2417 2415 2418
f 2418 2415 2414
f 2418 2414 2419
f 2419 2414 587
f 2419 587 586
f 586 587 650
f 586 650 647
f 647 650 660
f 647 660 659
f 586 257 265
f 586 265 2419
