v 0.669999 0.010000 -0.001217
v 0.670000 0.010000 0.000000
v 0.662929 0.002929 0.000000
v 0.655858 0.000000 0.000000
v 0.652493 0.000000 -0.066352
v -0.655858 0.000000 0.000000
v -0.662929 0.002929 0.000000
v -0.669972 0.010000 -0.006084
v -0.670000 0.010000 0.000000
v -0.669999 0.010000 -0.001217
v -0.666127 0.010000 -0.071935
v -0.671843 0.016837 -0.082072
v -0.671724 0.016713 -0.082017
v -0.671486 0.016463 -0.081906
v -0.671605 0.016588 -0.081961
v -0.671367 0.016338 -0.081850
v -0.671248 0.016214 -0.081795
v -0.671129 0.016089 -0.081739
v -0.671011 0.015964 -0.081684
v -0.670892 0.015839 -0.081629
v -0.670773 0.015715 -0.081573
v -0.670654 0.015590 -0.081518
v -0.670535 0.015465 -0.081462
v -0.670416 0.015341 -0.081407
v -0.670298 0.015216 -0.081351
v -0.670179 0.015092 -0.081296
v -0.670060 0.014967 -0.081241
v -0.669941 0.014842 -0.081185
v -0.669823 0.014718 -0.081130
v -0.669704 0.014593 -0.081075
v -0.669585 0.014469 -0.081019
v -0.669466 0.014344 -0.080964
v -0.669348 0.014220 -0.080909
v -0.669229 0.014096 -0.080853
v -0.669110 0.013971 -0.080798
v -0.668992 0.013847 -0.080743
v -0.668873 0.013722 -0.080687
v -0.668755 0.013598 -0.080632
v -0.668636 0.013474 -0.080577
v -0.668518 0.013349 -0.080521
v -0.668399 0.013225 -0.080466
v -0.668280 0.013101 -0.080411
v -0.668162 0.012977 -0.080356
v -0.668043 0.012852 -0.080300
v -0.667925 0.012728 -0.080245
v -0.667807 0.012604 -0.080190
v -0.667688 0.012480 -0.080135
v -0.667570 0.012356 -0.080079
v -0.667451 0.012231 -0.080024
v -0.667333 0.012107 -0.079969
v -0.667214 0.011983 -0.079914
v -0.667096 0.011859 -0.079859
v -0.666978 0.011735 -0.079803
v -0.666859 0.011611 -0.079748
v -0.666741 0.011487 -0.079693
v -0.666623 0.011363 -0.079638
v -0.666505 0.011239 -0.079583
v -0.666386 0.011115 -0.079528
v -0.666268 0.010991 -0.079472
v -0.666150 0.010867 -0.079417
v -0.666032 0.010743 -0.079362
v -0.665913 0.010619 -0.079307
v -0.665795 0.010495 -0.079252
v -0.665677 0.010371 -0.079197
v -0.665559 0.010248 -0.079142
v -0.665441 0.010124 -0.079087
v -0.643516 0.010000 -0.186514
v -0.647385 0.016837 -0.197490
v -0.647277 0.016713 -0.197414
v -0.647062 0.016463 -0.197264
v -0.647170 0.016588 -0.197339
v -0.646955 0.016338 -0.197188
v -0.646847 0.016214 -0.197113
v -0.646740 0.016089 -0.197038
v -0.646632 0.015964 -0.196963
v -0.646525 0.015839 -0.196888
v -0.646417 0.015715 -0.196812
v -0.646310 0.015590 -0.196737
v -0.646202 0.015465 -0.196662
v -0.646095 0.015341 -0.196587
v -0.645988 0.015216 -0.196512
v -0.645880 0.015092 -0.196436
v -0.645773 0.014967 -0.196361
v -0.645666 0.014842 -0.196286
v -0.645558 0.014718 -0.196211
v -0.645451 0.014593 -0.196136
v -0.645344 0.014469 -0.196061
v -0.645237 0.014344 -0.195986
v -0.645129 0.014220 -0.195910
v -0.645022 0.014096 -0.195835
v -0.644915 0.013971 -0.195760
v -0.644808 0.013847 -0.195685
v -0.644700 0.013722 -0.195610
v -0.644593 0.013598 -0.195535
v -0.644486 0.013474 -0.195460
v -0.644379 0.013349 -0.195385
v -0.644272 0.013225 -0.195310
v -0.644165 0.013101 -0.195235
v -0.644057 0.012977 -0.195160
v -0.643950 0.012852 -0.195085
v -0.643843 0.012728 -0.195010
v -0.643736 0.012604 -0.194935
v -0.643629 0.012480 -0.194860
v -0.643522 0.012356 -0.194785
v -0.643415 0.012231 -0.194710
v -0.643308 0.012107 -0.194635
v -0.643201 0.011983 -0.194560
v -0.643094 0.011859 -0.194485
v -0.642987 0.011735 -0.194411
v -0.642880 0.011611 -0.194336
v -0.642773 0.011487 -0.194261
v -0.642666 0.011363 -0.194186
v -0.642559 0.011239 -0.194111
v -0.642453 0.011115 -0.194036
v -0.642346 0.010991 -0.193961
v -0.642239 0.010867 -0.193886
v -0.642132 0.010743 -0.193812
v -0.642025 0.010619 -0.193737
v -0.641918 0.010495 -0.193662
v -0.641811 0.010371 -0.193587
v -0.641705 0.010248 -0.193512
v -0.641598 0.010124 -0.193438
v -0.601351 0.010000 -0.295426
v -0.603256 0.016837 -0.306906
v -0.603163 0.016713 -0.306814
v -0.602977 0.016463 -0.306628
v -0.603070 0.016588 -0.306721
v -0.602884 0.016338 -0.306535
v -0.602792 0.016214 -0.306442
v -0.602699 0.016089 -0.306350
v -0.602606 0.015964 -0.306257
v -0.602513 0.015839 -0.306164
v -0.602421 0.015715 -0.306071
v -0.602328 0.015590 -0.305979
v -0.602235 0.015465 -0.305886
v -0.602143 0.015341 -0.305793
v -0.602050 0.015216 -0.305701
v -0.601957 0.015092 -0.305608
v -0.601864 0.014967 -0.305515
v -0.601772 0.014842 -0.305423
v -0.601679 0.014718 -0.305330
v -0.601587 0.014593 -0.305237
v -0.601494 0.014469 -0.305145
v -0.601401 0.014344 -0.305052
v -0.601309 0.014220 -0.304960
v -0.601216 0.014096 -0.304867
v -0.601124 0.013971 -0.304774
v -0.601031 0.013847 -0.304682
v -0.600939 0.013722 -0.304589
v -0.600846 0.013598 -0.304497
v -0.600754 0.013474 -0.304404
v -0.600661 0.013349 -0.304312
v -0.600569 0.013225 -0.304219
v -0.600476 0.013101 -0.304127
v -0.600384 0.012977 -0.304034
v -0.600291 0.012852 -0.303942
v -0.600199 0.012728 -0.303850
v -0.600106 0.012604 -0.303757
v -0.600014 0.012480 -0.303665
v -0.599922 0.012356 -0.303572
v -0.599829 0.012231 -0.303480
v -0.599737 0.012107 -0.303388
v -0.599644 0.011983 -0.303295
v -0.599552 0.011859 -0.303203
v -0.599460 0.011735 -0.303111
v -0.599367 0.011611 -0.303018
v -0.599275 0.011487 -0.302926
v -0.599183 0.011363 -0.302834
v -0.599090 0.011239 -0.302741
v -0.598998 0.011115 -0.302649
v -0.598906 0.010991 -0.302557
v -0.598814 0.010867 -0.302464
v -0.598721 0.010743 -0.302372
v -0.598629 0.010619 -0.302280
v -0.598537 0.010495 -0.302188
v -0.598445 0.010371 -0.302096
v -0.598353 0.010248 -0.302003
v -0.598260 0.010124 -0.301911
v -0.540915 0.010000 -0.395361
v -0.540797 0.016837 -0.406998
v -0.540722 0.016713 -0.406891
v -0.540571 0.016463 -0.406676
v -0.540647 0.016588 -0.406783
v -0.540496 0.016338 -0.406568
v -0.540421 0.016214 -0.406461
v -0.540345 0.016089 -0.406353
v -0.540270 0.015964 -0.406246
v -0.540195 0.015839 -0.406138
v -0.540120 0.015715 -0.406031
v -0.540045 0.015590 -0.405923
v -0.539969 0.015465 -0.405816
v -0.539894 0.015341 -0.405709
v -0.539819 0.015216 -0.405601
v -0.539744 0.015092 -0.405494
v -0.539669 0.014967 -0.405387
v -0.539593 0.014842 -0.405279
v -0.539518 0.014718 -0.405172
v -0.539443 0.014593 -0.405065
v -0.539368 0.014469 -0.404957
v -0.539293 0.014344 -0.404850
v -0.539218 0.014220 -0.404743
v -0.539143 0.014096 -0.404636
v -0.539068 0.013971 -0.404528
v -0.538993 0.013847 -0.404421
v -0.538918 0.013722 -0.404314
v -0.538843 0.013598 -0.404207
v -0.538767 0.013474 -0.404100
v -0.538692 0.013349 -0.403992
v -0.538617 0.013225 -0.403885
v -0.538542 0.013101 -0.403778
v -0.538467 0.012977 -0.403671
v -0.538392 0.012852 -0.403564
v -0.538317 0.012728 -0.403457
v -0.538242 0.012604 -0.403350
v -0.538168 0.012480 -0.403243
v -0.538093 0.012356 -0.403136
v -0.538018 0.012231 -0.403029
v -0.537943 0.012107 -0.402922
v -0.537868 0.011983 -0.402815
v -0.537793 0.011859 -0.402708
v -0.537718 0.011735 -0.402601
v -0.537643 0.011611 -0.402494
v -0.537568 0.011487 -0.402387
v -0.537493 0.011363 -0.402280
v -0.537418 0.011239 -0.402173
v -0.537344 0.011115 -0.402066
v -0.537269 0.010991 -0.401959
v -0.537194 0.010867 -0.401852
v -0.537119 0.010743 -0.401745
v -0.537044 0.010619 -0.401639
v -0.536970 0.010495 -0.401532
v -0.536895 0.010371 -0.401425
v -0.536820 0.010248 -0.401318
v -0.536745 0.010124 -0.401211
v -0.464044 0.010000 -0.483284
v -0.461907 0.016837 -0.494723
v -0.461851 0.016713 -0.494604
v -0.461740 0.016463 -0.494366
v -0.461796 0.016588 -0.494485
v -0.461685 0.016338 -0.494248
v -0.461629 0.016214 -0.494129
v -0.461574 0.016089 -0.494010
v -0.461518 0.015964 -0.493891
v -0.461463 0.015839 -0.493772
v -0.461408 0.015715 -0.493653
v -0.461352 0.015590 -0.493534
v -0.461297 0.015465 -0.493415
v -0.461241 0.015341 -0.493297
v -0.461186 0.015216 -0.493178
v -0.461131 0.015092 -0.493059
v -0.461075 0.014967 -0.492940
v -0.461020 0.014842 -0.492822
v -0.460964 0.014718 -0.492703
v -0.460909 0.014593 -0.492584
v -0.460854 0.014469 -0.492465
v -0.460798 0.014344 -0.492347
v -0.460743 0.014220 -0.492228
v -0.460688 0.014096 -0.492109
v -0.460632 0.013971 -0.491991
v -0.460577 0.013847 -0.491872
v -0.460522 0.013722 -0.491754
v -0.460467 0.013598 -0.491635
v -0.460411 0.013474 -0.491516
v -0.460356 0.013349 -0.491398
v -0.460301 0.013225 -0.491279
v -0.460245 0.013101 -0.491161
v -0.460190 0.012977 -0.491042
v -0.460135 0.012852 -0.490924
v -0.460080 0.012728 -0.490805
v -0.460024 0.012604 -0.490687
v -0.459969 0.012480 -0.490568
v -0.459914 0.012356 -0.490450
v -0.459859 0.012231 -0.490332
v -0.459804 0.012107 -0.490213
v -0.459748 0.011983 -0.490095
v -0.459693 0.011859 -0.489976
v -0.459638 0.011735 -0.489858
v -0.459583 0.011611 -0.489740
v -0.459528 0.011487 -0.489621
v -0.459472 0.011363 -0.489503
v -0.459417 0.011239 -0.489385
v -0.459362 0.011115 -0.489266
v -0.459307 0.010991 -0.489148
v -0.459252 0.010867 -0.489030
v -0.459197 0.010743 -0.488912
v -0.459142 0.010619 -0.488794
v -0.459086 0.010495 -0.488675
v -0.459031 0.010371 -0.488557
v -0.458976 0.010248 -0.488439
v -0.458921 0.010124 -0.488321
v -0.373073 0.010000 -0.556522
v -0.368981 0.016837 -0.567417
v -0.368948 0.016713 -0.567290
v -0.368880 0.016463 -0.567036
v -0.368914 0.016588 -0.567163
v -0.368846 0.016338 -0.566910
v -0.368812 0.016214 -0.566783
v -0.368778 0.016089 -0.566656
v -0.368744 0.015964 -0.566529
v -0.368710 0.015839 -0.566403
v -0.368676 0.015715 -0.566276
v -0.368642 0.015590 -0.566149
v -0.368608 0.015465 -0.566023
v -0.368574 0.015341 -0.565896
v -0.368540 0.015216 -0.565769
v -0.368506 0.015092 -0.565643
v -0.368472 0.014967 -0.565516
v -0.368438 0.014842 -0.565390
v -0.368404 0.014718 -0.565263
v -0.368371 0.014593 -0.565137
v -0.368337 0.014469 -0.565010
v -0.368303 0.014344 -0.564884
v -0.368269 0.014220 -0.564757
v -0.368235 0.014096 -0.564631
v -0.368201 0.013971 -0.564504
v -0.368167 0.013847 -0.564378
v -0.368133 0.013722 -0.564251
v -0.368100 0.013598 -0.564125
v -0.368066 0.013474 -0.563999
v -0.368032 0.013349 -0.563872
v -0.367998 0.013225 -0.563746
v -0.367964 0.013101 -0.563620
v -0.367930 0.012977 -0.563493
v -0.367896 0.012852 -0.563367
v -0.367863 0.012728 -0.563241
v -0.367829 0.012604 -0.563115
v -0.367795 0.012480 -0.562988
v -0.367761 0.012356 -0.562862
v -0.367727 0.012231 -0.562736
v -0.367693 0.012107 -0.562610
v -0.367660 0.011983 -0.562484
v -0.367626 0.011859 -0.562357
v -0.367592 0.011735 -0.562231
v -0.367558 0.011611 -0.562105
v -0.367524 0.011487 -0.561979
v -0.367491 0.011363 -0.561853
v -0.367457 0.011239 -0.561727
v -0.367423 0.011115 -0.561601
v -0.367389 0.010991 -0.561475
v -0.367356 0.010867 -0.561349
v -0.367322 0.010743 -0.561223
v -0.367288 0.010619 -0.561097
v -0.367254 0.010495 -0.560971
v -0.367221 0.010371 -0.560845
v -0.367187 0.010248 -0.560719
v -0.367153 0.010124 -0.560593
v -0.270766 0.010000 -0.612851
v -0.264845 0.016837 -0.622869
v -0.264834 0.016713 -0.622738
v -0.264811 0.016463 -0.622477
v -0.264822 0.016588 -0.622608
v -0.264799 0.016338 -0.622346
v -0.264788 0.016214 -0.622216
v -0.264776 0.016089 -0.622085
v -0.264765 0.015964 -0.621954
v -0.264753 0.015839 -0.621823
v -0.264742 0.015715 -0.621693
v -0.264731 0.015590 -0.621562
v -0.264719 0.015465 -0.621432
v -0.264708 0.015341 -0.621301
v -0.264696 0.015216 -0.621170
v -0.264685 0.015092 -0.621040
v -0.264673 0.014967 -0.620909
v -0.264662 0.014842 -0.620779
v -0.264651 0.014718 -0.620648
v -0.264639 0.014593 -0.620518
v -0.264628 0.014469 -0.620387
v -0.264616 0.014344 -0.620257
v -0.264605 0.014220 -0.620126
v -0.264594 0.014096 -0.619996
v -0.264582 0.013971 -0.619866
v -0.264571 0.013847 -0.619735
v -0.264559 0.013722 -0.619605
v -0.264548 0.013598 -0.619475
v -0.264537 0.013474 -0.619344
v -0.264525 0.013349 -0.619214
v -0.264514 0.013225 -0.619084
v -0.264502 0.013101 -0.618953
v -0.264491 0.012977 -0.618823
v -0.264480 0.012852 -0.618693
v -0.264468 0.012728 -0.618563
v -0.264457 0.012604 -0.618432
v -0.264445 0.012480 -0.618302
v -0.264434 0.012356 -0.618172
v -0.264423 0.012231 -0.618042
v -0.264411 0.012107 -0.617912
v -0.264400 0.011983 -0.617782
v -0.264388 0.011859 -0.617651
v -0.264377 0.011735 -0.617521
v -0.264366 0.011611 -0.617391
v -0.264354 0.011487 -0.617261
v -0.264343 0.011363 -0.617131
v -0.264332 0.011239 -0.617001
v -0.264320 0.011115 -0.616871
v -0.264309 0.010991 -0.616741
v -0.264297 0.010867 -0.616611
v -0.264286 0.010743 -0.616481
v -0.264275 0.010619 -0.616351
v -0.264263 0.010495 -0.616221
v -0.264252 0.010371 -0.616092
v -0.264241 0.010248 -0.615962
v -0.264229 0.010124 -0.615832
v -0.160232 0.010000 -0.650558
v -0.152661 0.016837 -0.659396
v -0.152673 0.016713 -0.659266
v -0.152696 0.016463 -0.659004
v -0.152684 0.016588 -0.659135
v -0.152707 0.016338 -0.658873
v -0.152718 0.016214 -0.658743
v -0.152730 0.016089 -0.658612
v -0.152741 0.015964 -0.658481
v -0.152753 0.015839 -0.658351
v -0.152764 0.015715 -0.658220
v -0.152776 0.015590 -0.658089
v -0.152787 0.015465 -0.657959
v -0.152798 0.015341 -0.657828
v -0.152810 0.015216 -0.657698
v -0.152821 0.015092 -0.657567
v -0.152833 0.014967 -0.657436
v -0.152844 0.014842 -0.657306
v -0.152856 0.014718 -0.657175
v -0.152867 0.014593 -0.657045
v -0.152878 0.014469 -0.656914
v -0.152890 0.014344 -0.656784
v -0.152901 0.014220 -0.656654
v -0.152913 0.014096 -0.656523
v -0.152924 0.013971 -0.656393
v -0.152935 0.013847 -0.656262
v -0.152947 0.013722 -0.656132
v -0.152958 0.013598 -0.656002
v -0.152970 0.013474 -0.655871
v -0.152981 0.013349 -0.655741
v -0.152992 0.013225 -0.655611
v -0.153004 0.013101 -0.655480
v -0.153015 0.012977 -0.655350
v -0.153027 0.012852 -0.655220
v -0.153038 0.012728 -0.655090
v -0.153049 0.012604 -0.654959
v -0.153061 0.012480 -0.654829
v -0.153072 0.012356 -0.654699
v -0.153084 0.012231 -0.654569
v -0.153095 0.012107 -0.654439
v -0.153106 0.011983 -0.654309
v -0.153118 0.011859 -0.654179
v -0.153129 0.011735 -0.654048
v -0.153141 0.011611 -0.653918
v -0.153152 0.011487 -0.653788
v -0.153163 0.011363 -0.653658
v -0.153175 0.011239 -0.653528
v -0.153186 0.011115 -0.653398
v -0.153197 0.010991 -0.653268
v -0.153209 0.010867 -0.653138
v -0.153220 0.010743 -0.653008
v -0.153232 0.010619 -0.652878
v -0.153243 0.010495 -0.652749
v -0.153254 0.010371 -0.652619
v -0.153266 0.010248 -0.652489
v -0.153277 0.010124 -0.652359
v -0.044829 0.010000 -0.668499
v -0.035839 0.016837 -0.675888
v -0.035873 0.016713 -0.675761
v -0.035941 0.016463 -0.675508
v -0.035907 0.016588 -0.675634
v -0.035975 0.016338 -0.675381
v -0.036009 0.016214 -0.675254
v -0.036043 0.016089 -0.675127
v -0.036077 0.015964 -0.675001
v -0.036111 0.015839 -0.674874
v -0.036145 0.015715 -0.674747
v -0.036179 0.015590 -0.674621
v -0.036213 0.015465 -0.674494
v -0.036246 0.015341 -0.674367
v -0.036280 0.015216 -0.674241
v -0.036314 0.015092 -0.674114
v -0.036348 0.014967 -0.673988
v -0.036382 0.014842 -0.673861
v -0.036416 0.014718 -0.673735
v -0.036450 0.014593 -0.673608
v -0.036484 0.014469 -0.673481
v -0.036518 0.014344 -0.673355
v -0.036552 0.014220 -0.673229
v -0.036586 0.014096 -0.673102
v -0.036619 0.013971 -0.672976
v -0.036653 0.013847 -0.672849
v -0.036687 0.013722 -0.672723
v -0.036721 0.013598 -0.672596
v -0.036755 0.013474 -0.672470
v -0.036789 0.013349 -0.672344
v -0.036823 0.013225 -0.672217
v -0.036856 0.013101 -0.672091
v -0.036890 0.012977 -0.671965
v -0.036924 0.012852 -0.671838
v -0.036958 0.012728 -0.671712
v -0.036992 0.012604 -0.671586
v -0.037026 0.012480 -0.671460
v -0.037059 0.012356 -0.671333
v -0.037093 0.012231 -0.671207
v -0.037127 0.012107 -0.671081
v -0.037161 0.011983 -0.670955
v -0.037195 0.011859 -0.670829
v -0.037228 0.011735 -0.670703
v -0.037262 0.011611 -0.670576
v -0.037296 0.011487 -0.670450
v -0.037330 0.011363 -0.670324
v -0.037364 0.011239 -0.670198
v -0.037397 0.011115 -0.670072
v -0.037431 0.010991 -0.669946
v -0.037465 0.010867 -0.669820
v -0.037499 0.010743 -0.669694
v -0.037532 0.010619 -0.669568
v -0.037566 0.010495 -0.669442
v -0.037600 0.010371 -0.669316
v -0.037634 0.010248 -0.669190
v -0.037667 0.010124 -0.669064
v 0.071935 0.010000 -0.666127
v 0.082072 0.016837 -0.671843
v 0.082017 0.016713 -0.671724
v 0.081906 0.016463 -0.671486
v 0.081961 0.016588 -0.671605
v 0.081850 0.016338 -0.671367
v 0.081795 0.016214 -0.671248
v 0.081739 0.016089 -0.671129
v 0.081684 0.015964 -0.671011
v 0.081629 0.015839 -0.670892
v 0.081573 0.015715 -0.670773
v 0.081518 0.015590 -0.670654
v 0.081462 0.015465 -0.670535
v 0.081407 0.015341 -0.670416
v 0.081351 0.015216 -0.670298
v 0.081296 0.015092 -0.670179
v 0.081241 0.014967 -0.670060
v 0.081185 0.014842 -0.669941
v 0.081130 0.014718 -0.669823
v 0.081075 0.014593 -0.669704
v 0.081019 0.014469 -0.669585
v 0.080964 0.014344 -0.669466
v 0.080909 0.014220 -0.669348
v 0.080853 0.014096 -0.669229
v 0.080798 0.013971 -0.669110
v 0.080743 0.013847 -0.668992
v 0.080687 0.013722 -0.668873
v 0.080632 0.013598 -0.668755
v 0.080577 0.013474 -0.668636
v 0.080521 0.013349 -0.668518
v 0.080466 0.013225 -0.668399
v 0.080411 0.013101 -0.668280
v 0.080356 0.012977 -0.668162
v 0.080300 0.012852 -0.668043
v 0.080245 0.012728 -0.667925
v 0.080190 0.012604 -0.667807
v 0.080135 0.012480 -0.667688
v 0.080079 0.012356 -0.667570
v 0.080024 0.012231 -0.667451
v 0.079969 0.012107 -0.667333
v 0.079914 0.011983 -0.667214
v 0.079859 0.011859 -0.667096
v 0.079803 0.011735 -0.666978
v 0.079748 0.011611 -0.666859
v 0.079693 0.011487 -0.666741
v 0.079638 0.011363 -0.666623
v 0.079583 0.011239 -0.666505
v 0.079528 0.011115 -0.666386
v 0.079472 0.010991 -0.666268
v 0.079417 0.010867 -0.666150
v 0.079362 0.010743 -0.666032
v 0.079307 0.010619 -0.665913
v 0.079252 0.010495 -0.665795
v 0.079197 0.010371 -0.665677
v 0.079142 0.010248 -0.665559
v 0.079087 0.010124 -0.665441
v 0.186514 0.010000 -0.643516
v 0.197490 0.016837 -0.647385
v 0.197414 0.016713 -0.647277
v 0.197264 0.016463 -0.647062
v 0.197339 0.016588 -0.647170
v 0.197188 0.016338 -0.646955
v 0.197113 0.016214 -0.646847
v 0.197038 0.016089 -0.646740
v 0.196963 0.015964 -0.646632
v 0.196888 0.015839 -0.646525
v 0.196812 0.015715 -0.646417
v 0.196737 0.015590 -0.646310
v 0.196662 0.015465 -0.646202
v 0.196587 0.015341 -0.646095
v 0.196512 0.015216 -0.645988
v 0.196436 0.015092 -0.645880
v 0.196361 0.014967 -0.645773
v 0.196286 0.014842 -0.645666
v 0.196211 0.014718 -0.645558
v 0.196136 0.014593 -0.645451
v 0.196061 0.014469 -0.645344
v 0.195986 0.014344 -0.645237
v 0.195910 0.014220 -0.645129
v 0.195835 0.014096 -0.645022
v 0.195760 0.013971 -0.644915
v 0.195685 0.013847 -0.644808
v 0.195610 0.013722 -0.644700
v 0.195535 0.013598 -0.644593
v 0.195460 0.013474 -0.644486
v 0.195385 0.013349 -0.644379
v 0.195310 0.013225 -0.644272
v 0.195235 0.013101 -0.644165
v 0.195160 0.012977 -0.644057
v 0.195085 0.012852 -0.643950
v 0.195010 0.012728 -0.643843
v 0.194935 0.012604 -0.643736
v 0.194860 0.012480 -0.643629
v 0.194785 0.012356 -0.643522
v 0.194710 0.012231 -0.643415
v 0.194635 0.012107 -0.643308
v 0.194560 0.011983 -0.643201
v 0.194485 0.011859 -0.643094
v 0.194411 0.011735 -0.642987
v 0.194336 0.011611 -0.642880
v 0.194261 0.011487 -0.642773
v 0.194186 0.011363 -0.642666
v 0.194111 0.011239 -0.642559
v 0.194036 0.011115 -0.642453
v 0.193961 0.010991 -0.642346
v 0.193886 0.010867 -0.642239
v 0.193812 0.010743 -0.642132
v 0.193737 0.010619 -0.642025
v 0.193662 0.010495 -0.641918
v 0.193587 0.010371 -0.641811
v 0.193512 0.010248 -0.641705
v 0.193438 0.010124 -0.641598
v 0.295426 0.010000 -0.601351
v 0.306906 0.016837 -0.603256
v 0.306814 0.016713 -0.603163
v 0.306628 0.016463 -0.602977
v 0.306721 0.016588 -0.603070
v 0.306535 0.016338 -0.602884
v 0.306442 0.016214 -0.602792
v 0.306350 0.016089 -0.602699
v 0.306257 0.015964 -0.602606
v 0.306164 0.015839 -0.602513
v 0.306071 0.015715 -0.602421
v 0.305979 0.015590 -0.602328
v 0.305886 0.015465 -0.602235
v 0.305793 0.015341 -0.602143
v 0.305701 0.015216 -0.602050
v 0.305608 0.015092 -0.601957
v 0.305515 0.014967 -0.601864
v 0.305423 0.014842 -0.601772
v 0.305330 0.014718 -0.601679
v 0.305237 0.014593 -0.601587
v 0.305145 0.014469 -0.601494
v 0.305052 0.014344 -0.601401
v 0.304960 0.014220 -0.601309
v 0.304867 0.014096 -0.601216
v 0.304774 0.013971 -0.601124
v 0.304682 0.013847 -0.601031
v 0.304589 0.013722 -0.600939
v 0.304497 0.013598 -0.600846
v 0.304404 0.013474 -0.600754
v 0.304312 0.013349 -0.600661
v 0.304219 0.013225 -0.600569
v 0.304127 0.013101 -0.600476
v 0.304034 0.012977 -0.600384
v 0.303942 0.012852 -0.600291
v 0.303850 0.012728 -0.600199
v 0.303757 0.012604 -0.600106
v 0.303665 0.012480 -0.600014
v 0.303572 0.012356 -0.599922
v 0.303480 0.012231 -0.599829
v 0.303388 0.012107 -0.599737
v 0.303295 0.011983 -0.599644
v 0.303203 0.011859 -0.599552
v 0.303111 0.011735 -0.599460
v 0.303018 0.011611 -0.599367
v 0.302926 0.011487 -0.599275
v 0.302834 0.011363 -0.599183
v 0.302741 0.011239 -0.599090
v 0.302649 0.011115 -0.598998
v 0.302557 0.010991 -0.598906
v 0.302464 0.010867 -0.598814
v 0.302372 0.010743 -0.598721
v 0.302280 0.010619 -0.598629
v 0.302188 0.010495 -0.598537
v 0.302096 0.010371 -0.598445
v 0.302003 0.010248 -0.598353
v 0.301911 0.010124 -0.598260
v 0.395361 0.010000 -0.540915
v 0.406998 0.016837 -0.540797
v 0.406891 0.016713 -0.540722
v 0.406676 0.016463 -0.540571
v 0.406783 0.016588 -0.540647
v 0.406568 0.016338 -0.540496
v 0.406461 0.016214 -0.540421
v 0.406353 0.016089 -0.540345
v 0.406246 0.015964 -0.540270
v 0.406138 0.015839 -0.540195
v 0.406031 0.015715 -0.540120
v 0.405923 0.015590 -0.540045
v 0.405816 0.015465 -0.539969
v 0.405709 0.015341 -0.539894
v 0.405601 0.015216 -0.539819
v 0.405494 0.015092 -0.539744
v 0.405387 0.014967 -0.539669
v 0.405279 0.014842 -0.539593
v 0.405172 0.014718 -0.539518
v 0.405065 0.014593 -0.539443
v 0.404957 0.014469 -0.539368
v 0.404850 0.014344 -0.539293
v 0.404743 0.014220 -0.539218
v 0.404636 0.014096 -0.539143
v 0.404528 0.013971 -0.539068
v 0.404421 0.013847 -0.538993
v 0.404314 0.013722 -0.538918
v 0.404207 0.013598 -0.538843
v 0.404100 0.013474 -0.538767
v 0.403992 0.013349 -0.538692
v 0.403885 0.013225 -0.538617
v 0.403778 0.013101 -0.538542
v 0.403671 0.012977 -0.538467
v 0.403564 0.012852 -0.538392
v 0.403457 0.012728 -0.538317
v 0.403350 0.012604 -0.538242
v 0.403243 0.012480 -0.538168
v 0.403136 0.012356 -0.538093
v 0.403029 0.012231 -0.538018
v 0.402922 0.012107 -0.537943
v 0.402815 0.011983 -0.537868
v 0.402708 0.011859 -0.537793
v 0.402601 0.011735 -0.537718
v 0.402494 0.011611 -0.537643
v 0.402387 0.011487 -0.537568
v 0.402280 0.011363 -0.537493
v 0.402173 0.011239 -0.537418
v 0.402066 0.011115 -0.537344
v 0.401959 0.010991 -0.537269
v 0.401852 0.010867 -0.537194
v 0.401745 0.010743 -0.537119
v 0.401639 0.010619 -0.537044
v 0.401532 0.010495 -0.536970
v 0.401425 0.010371 -0.536895
v 0.401318 0.010248 -0.536820
v 0.401211 0.010124 -0.536745
v 0.483284 0.010000 -0.464044
v 0.494723 0.016837 -0.461907
v 0.494604 0.016713 -0.461851
v 0.494366 0.016463 -0.461740
v 0.494485 0.016588 -0.461796
v 0.494248 0.016338 -0.461685
v 0.494129 0.016214 -0.461629
v 0.494010 0.016089 -0.461574
v 0.493891 0.015964 -0.461518
v 0.493772 0.015839 -0.461463
v 0.493653 0.015715 -0.461408
v 0.493534 0.015590 -0.461352
v 0.493415 0.015465 -0.461297
v 0.493297 0.015341 -0.461241
v 0.493178 0.015216 -0.461186
v 0.493059 0.015092 -0.461131
v 0.492940 0.014967 -0.461075
v 0.492822 0.014842 -0.461020
v 0.492703 0.014718 -0.460964
v 0.492584 0.014593 -0.460909
v 0.492465 0.014469 -0.460854
v 0.492347 0.014344 -0.460798
v 0.492228 0.014220 -0.460743
v 0.492109 0.014096 -0.460688
v 0.491991 0.013971 -0.460632
v 0.491872 0.013847 -0.460577
v 0.491754 0.013722 -0.460522
v 0.491635 0.013598 -0.460467
v 0.491516 0.013474 -0.460411
v 0.491398 0.013349 -0.460356
v 0.491279 0.013225 -0.460301
v 0.491161 0.013101 -0.460245
v 0.491042 0.012977 -0.460190
v 0.490924 0.012852 -0.460135
v 0.490805 0.012728 -0.460080
v 0.490687 0.012604 -0.460024
v 0.490568 0.012480 -0.459969
v 0.490450 0.012356 -0.459914
v 0.490332 0.012231 -0.459859
v 0.490213 0.012107 -0.459804
v 0.490095 0.011983 -0.459748
v 0.489976 0.011859 -0.459693
v 0.489858 0.011735 -0.459638
v 0.489740 0.011611 -0.459583
v 0.489621 0.011487 -0.459528
v 0.489503 0.011363 -0.459472
v 0.489385 0.011239 -0.459417
v 0.489266 0.011115 -0.459362
v 0.489148 0.010991 -0.459307
v 0.489030 0.010867 -0.459252
v 0.488912 0.010743 -0.459197
v 0.488794 0.010619 -0.459142
v 0.488675 0.010495 -0.459086
v 0.488557 0.010371 -0.459031
v 0.488439 0.010248 -0.458976
v 0.488321 0.010124 -0.458921
v 0.556522 0.010000 -0.373073
v 0.567417 0.016837 -0.368981
v 0.567290 0.016713 -0.368948
v 0.567036 0.016463 -0.368880
v 0.567163 0.016588 -0.368914
v 0.566910 0.016338 -0.368846
v 0.566783 0.016214 -0.368812
v 0.566656 0.016089 -0.368778
v 0.566529 0.015964 -0.368744
v 0.566403 0.015839 -0.368710
v 0.566276 0.015715 -0.368676
v 0.566149 0.015590 -0.368642
v 0.566023 0.015465 -0.368608
v 0.565896 0.015341 -0.368574
v 0.565769 0.015216 -0.368540
v 0.565643 0.015092 -0.368506
v 0.565516 0.014967 -0.368472
v 0.565390 0.014842 -0.368438
v 0.565263 0.014718 -0.368404
v 0.565137 0.014593 -0.368371
v 0.565010 0.014469 -0.368337
v 0.564884 0.014344 -0.368303
v 0.564757 0.014220 -0.368269
v 0.564631 0.014096 -0.368235
v 0.564504 0.013971 -0.368201
v 0.564378 0.013847 -0.368167
v 0.564251 0.013722 -0.368133
v 0.564125 0.013598 -0.368100
v 0.563999 0.013474 -0.368066
v 0.563872 0.013349 -0.368032
v 0.563746 0.013225 -0.367998
v 0.563620 0.013101 -0.367964
v 0.563493 0.012977 -0.367930
v 0.563367 0.012852 -0.367896
v 0.563241 0.012728 -0.367863
v 0.563115 0.012604 -0.367829
v 0.562988 0.012480 -0.367795
v 0.562862 0.012356 -0.367761
v 0.562736 0.012231 -0.367727
v 0.562610 0.012107 -0.367693
v 0.562484 0.011983 -0.367660
v 0.562357 0.011859 -0.367626
v 0.562231 0.011735 -0.367592
v 0.562105 0.011611 -0.367558
v 0.561979 0.011487 -0.367524
v 0.561853 0.011363 -0.367491
v 0.561727 0.011239 -0.367457
v 0.561601 0.011115 -0.367423
v 0.561475 0.010991 -0.367389
v 0.561349 0.010867 -0.367356
v 0.561223 0.010743 -0.367322
v 0.561097 0.010619 -0.367288
v 0.560971 0.010495 -0.367254
v 0.560845 0.010371 -0.367221
v 0.560719 0.010248 -0.367187
v 0.560593 0.010124 -0.367153
v 0.612851 0.010000 -0.270766
v 0.622869 0.016837 -0.264845
v 0.622738 0.016713 -0.264834
v 0.622477 0.016463 -0.264811
v 0.622608 0.016588 -0.264822
v 0.622346 0.016338 -0.264799
v 0.622216 0.016214 -0.264788
v 0.622085 0.016089 -0.264776
v 0.621954 0.015964 -0.264765
v 0.621823 0.015839 -0.264753
v 0.621693 0.015715 -0.264742
v 0.621562 0.015590 -0.264731
v 0.621432 0.015465 -0.264719
v 0.621301 0.015341 -0.264708
v 0.621170 0.015216 -0.264696
v 0.621040 0.015092 -0.264685
v 0.620909 0.014967 -0.264673
v 0.620779 0.014842 -0.264662
v 0.620648 0.014718 -0.264651
v 0.620518 0.014593 -0.264639
v 0.620387 0.014469 -0.264628
v 0.620257 0.014344 -0.264616
v 0.620126 0.014220 -0.264605
v 0.619996 0.014096 -0.264594
v 0.619866 0.013971 -0.264582
v 0.619735 0.013847 -0.264571
v 0.619605 0.013722 -0.264559
v 0.619475 0.013598 -0.264548
v 0.619344 0.013474 -0.264537
v 0.619214 0.013349 -0.264525
v 0.619084 0.013225 -0.264514
v 0.618953 0.013101 -0.264502
v 0.618823 0.012977 -0.264491
v 0.618693 0.012852 -0.264480
v 0.618563 0.012728 -0.264468
v 0.618432 0.012604 -0.264457
v 0.618302 0.012480 -0.264445
v 0.618172 0.012356 -0.264434
v 0.618042 0.012231 -0.264423
v 0.617912 0.012107 -0.264411
v 0.617782 0.011983 -0.264400
v 0.617651 0.011859 -0.264388
v 0.617521 0.011735 -0.264377
v 0.617391 0.011611 -0.264366
v 0.617261 0.011487 -0.264354
v 0.617131 0.011363 -0.264343
v 0.617001 0.011239 -0.264332
v 0.616871 0.011115 -0.264320
v 0.616741 0.010991 -0.264309
v 0.616611 0.010867 -0.264297
v 0.616481 0.010743 -0.264286
v 0.616351 0.010619 -0.264275
v 0.616221 0.010495 -0.264263
v 0.616092 0.010371 -0.264252
v 0.615962 0.010248 -0.264241
v 0.615832 0.010124 -0.264229
v 0.650558 0.010000 -0.160232
v 0.659396 0.016837 -0.152661
v 0.659266 0.016713 -0.152673
v 0.659004 0.016463 -0.152696
v 0.659135 0.016588 -0.152684
v 0.658873 0.016338 -0.152707
v 0.658743 0.016214 -0.152718
v 0.658612 0.016089 -0.152730
v 0.658481 0.015964 -0.152741
v 0.658351 0.015839 -0.152753
v 0.658220 0.015715 -0.152764
v 0.658089 0.015590 -0.152776
v 0.657959 0.015465 -0.152787
v 0.657828 0.015341 -0.152798
v 0.657698 0.015216 -0.152810
v 0.657567 0.015092 -0.152821
v 0.657436 0.014967 -0.152833
v 0.657306 0.014842 -0.152844
v 0.657175 0.014718 -0.152856
v 0.657045 0.014593 -0.152867
v 0.656914 0.014469 -0.152878
v 0.656784 0.014344 -0.152890
v 0.656654 0.014220 -0.152901
v 0.656523 0.014096 -0.152913
v 0.656393 0.013971 -0.152924
v 0.656262 0.013847 -0.152935
v 0.656132 0.013722 -0.152947
v 0.656002 0.013598 -0.152958
v 0.655871 0.013474 -0.152970
v 0.655741 0.013349 -0.152981
v 0.655611 0.013225 -0.152992
v 0.655480 0.013101 -0.153004
v 0.655350 0.012977 -0.153015
v 0.655220 0.012852 -0.153027
v 0.655090 0.012728 -0.153038
v 0.654959 0.012604 -0.153049
v 0.654829 0.012480 -0.153061
v 0.654699 0.012356 -0.153072
v 0.654569 0.012231 -0.153084
v 0.654439 0.012107 -0.153095
v 0.654309 0.011983 -0.153106
v 0.654179 0.011859 -0.153118
v 0.654048 0.011735 -0.153129
v 0.653918 0.011611 -0.153141
v 0.653788 0.011487 -0.153152
v 0.653658 0.011363 -0.153163
v 0.653528 0.011239 -0.153175
v 0.653398 0.011115 -0.153186
v 0.653268 0.010991 -0.153197
v 0.653138 0.010867 -0.153209
v 0.653008 0.010743 -0.153220
v 0.652878 0.010619 -0.153232
v 0.652749 0.010495 -0.153243
v 0.652619 0.010371 -0.153254
v 0.652489 0.010248 -0.153266
v 0.652359 0.010124 -0.153277
v 0.669996 0.010000 -0.002434
v 0.642432 0.000000 -0.132023
v -0.669751 0.010000 -0.018250
v -0.652493 0.000000 -0.066352
v -0.669996 0.010000 -0.002434
v -0.665322 0.010000 -0.079032
v -0.641491 0.010000 -0.193363
v -0.598168 0.010000 -0.301819
v -0.536670 0.010000 -0.401105
v -0.458866 0.010000 -0.488203
v -0.367119 0.010000 -0.560467
v -0.264218 0.010000 -0.615702
v -0.153288 0.010000 -0.652229
v -0.037701 0.010000 -0.668938
v 0.079032 0.010000 -0.665322
v 0.193363 0.010000 -0.641491
v 0.301819 0.010000 -0.598168
v 0.401105 0.010000 -0.536670
v 0.488203 0.010000 -0.458866
v 0.560467 0.010000 -0.367119
v 0.615702 0.010000 -0.264218
v 0.652229 0.010000 -0.153288
v 0.669990 0.010000 -0.003650
v 0.625780 0.000000 -0.196340
v -0.642432 0.000000 -0.132023
v -0.669990 0.010000 -0.003650
v 0.669982 0.010000 -0.004867
v 0.602706 0.000000 -0.258641
v -0.625780 0.000000 -0.196340
v -0.669982 0.010000 -0.004867
v 0.669972 0.010000 -0.006084
v 0.573447 0.000000 -0.318289
v -0.602706 0.000000 -0.258641
v 0.669960 0.010000 -0.007301
v 0.538304 0.000000 -0.374671
v -0.573447 0.000000 -0.318289
v -0.669960 0.010000 -0.007301
v 0.669946 0.010000 -0.008517
v 0.497637 0.000000 -0.427208
v -0.538304 0.000000 -0.374671
v -0.669946 0.010000 -0.008517
v 0.669929 0.010000 -0.009734
v 0.451864 0.000000 -0.475361
v -0.497637 0.000000 -0.427208
v -0.669929 0.010000 -0.009734
v 0.669911 0.010000 -0.010951
v 0.401455 0.000000 -0.518636
v -0.451864 0.000000 -0.475361
v -0.669911 0.010000 -0.010951
v 0.669890 0.010000 -0.012167
v 0.346925 0.000000 -0.556590
v -0.401455 0.000000 -0.518636
v -0.669890 0.010000 -0.012167
v 0.669866 0.010000 -0.013384
v 0.288836 0.000000 -0.588832
v -0.346925 0.000000 -0.556590
v -0.669866 0.010000 -0.013384
v 0.669841 0.010000 -0.014601
v 0.227783 0.000000 -0.615032
v -0.288836 0.000000 -0.588832
v -0.669841 0.010000 -0.014601
v 0.669813 0.010000 -0.015817
v 0.164392 0.000000 -0.634921
v -0.227783 0.000000 -0.615032
v -0.669813 0.010000 -0.015817
v 0.669783 0.010000 -0.017033
v 0.099315 0.000000 -0.648295
v -0.164392 0.000000 -0.634921
v -0.669783 0.010000 -0.017033
v 0.669751 0.010000 -0.018250
v 0.033219 0.000000 -0.655016
v -0.099315 0.000000 -0.648295
v 0.669717 0.010000 -0.019466
v -0.033219 0.000000 -0.655016
v 0.669681 0.010000 -0.020682
v 0.669642 0.010000 -0.021899
v -0.669717 0.010000 -0.019466
v -0.669681 0.010000 -0.020682
v 0.669601 0.010000 -0.023115
v -0.669642 0.010000 -0.021899
v 0.669558 0.010000 -0.024331
v -0.669601 0.010000 -0.023115
v 0.669513 0.010000 -0.025547
v -0.669558 0.010000 -0.024331
v 0.669465 0.010000 -0.026763
v -0.669513 0.010000 -0.025547
v 0.669416 0.010000 -0.027978
v -0.669465 0.010000 -0.026763
v 0.669364 0.010000 -0.029194
v -0.669416 0.010000 -0.027978
v 0.669310 0.010000 -0.030410
v -0.669364 0.010000 -0.029194
v 0.669253 0.010000 -0.031625
v -0.669310 0.010000 -0.030410
v 0.669195 0.010000 -0.032841
v -0.669253 0.010000 -0.031625
v 0.669134 0.010000 -0.034056
v -0.669195 0.010000 -0.032841
v 0.669071 0.010000 -0.035271
v -0.669134 0.010000 -0.034056
v 0.669006 0.010000 -0.036486
v -0.669071 0.010000 -0.035271
v 0.668938 0.010000 -0.037701
v -0.669006 0.010000 -0.036486
v -0.668938 0.010000 -0.037701
v -0.668499 0.010000 -0.044829
v -0.659159 0.016611 -0.152685
v -0.658923 0.016388 -0.152714
v -0.658689 0.016168 -0.152749
v -0.658457 0.015951 -0.152788
v -0.658226 0.015736 -0.152834
v -0.657998 0.015525 -0.152884
v -0.657771 0.015317 -0.152940
v -0.657547 0.015112 -0.153000
v -0.657324 0.014911 -0.153066
v -0.657104 0.014712 -0.153137
v -0.656886 0.014517 -0.153212
v -0.656670 0.014325 -0.153293
v -0.656457 0.014137 -0.153378
v -0.656246 0.013952 -0.153468
v -0.656037 0.013770 -0.153562
v -0.655831 0.013592 -0.153661
v -0.655628 0.013418 -0.153765
v -0.655427 0.013247 -0.153873
v -0.655229 0.013080 -0.153985
v -0.655034 0.012917 -0.154102
v -0.654841 0.012757 -0.154223
v -0.654652 0.012602 -0.154349
v -0.654466 0.012450 -0.154478
v -0.654283 0.012302 -0.154612
v -0.654103 0.012159 -0.154749
v -0.653926 0.012020 -0.154891
v -0.653753 0.011885 -0.155037
v -0.653583 0.011754 -0.155186
v -0.653417 0.011628 -0.155339
v -0.653254 0.011506 -0.155496
v -0.653095 0.011388 -0.155657
v -0.652940 0.011275 -0.155821
v -0.652788 0.011167 -0.155988
v -0.652641 0.011063 -0.156158
v -0.652497 0.010963 -0.156331
v -0.652358 0.010869 -0.156507
v -0.652222 0.010779 -0.156686
v -0.652091 0.010694 -0.156867
v -0.651965 0.010614 -0.157051
v -0.651843 0.010539 -0.157237
v -0.651725 0.010469 -0.157426
v -0.651612 0.010403 -0.157616
v -0.651503 0.010343 -0.157808
v -0.651399 0.010288 -0.158002
v -0.651300 0.010237 -0.158198
v -0.651205 0.010192 -0.158396
v -0.651115 0.010151 -0.158595
v -0.651029 0.010116 -0.158796
v -0.650948 0.010085 -0.158998
v -0.650872 0.010059 -0.159201
v -0.650800 0.010038 -0.159405
v -0.650733 0.010021 -0.159610
v -0.650670 0.010009 -0.159817
v -0.650612 0.010002 -0.160024
v -0.650558 0.010000 -0.160232
v -0.652229 0.010000 -0.153288
v -0.668439 0.010000 -0.045705
v -0.650348 0.010000 -0.161084
v -0.622869 0.016837 -0.264845
v -0.622631 0.016611 -0.264827
v -0.622394 0.016388 -0.264815
v -0.622157 0.016168 -0.264808
v -0.621922 0.015951 -0.264807
v -0.621687 0.015736 -0.264812
v -0.621453 0.015525 -0.264821
v -0.621220 0.015317 -0.264837
v -0.620989 0.015112 -0.264858
v -0.620759 0.014911 -0.264884
v -0.620529 0.014712 -0.264915
v -0.620302 0.014517 -0.264952
v -0.620075 0.014325 -0.264993
v -0.619850 0.014137 -0.265040
v -0.619627 0.013952 -0.265092
v -0.619405 0.013770 -0.265149
v -0.619185 0.013592 -0.265211
v -0.618966 0.013418 -0.265277
v -0.618750 0.013247 -0.265349
v -0.618535 0.013080 -0.265425
v -0.618323 0.012917 -0.265506
v -0.618112 0.012757 -0.265592
v -0.617904 0.012602 -0.265683
v -0.617698 0.012450 -0.265778
v -0.617495 0.012302 -0.265878
v -0.617294 0.012159 -0.265982
v -0.617095 0.012020 -0.266091
v -0.616899 0.011885 -0.266204
v -0.616706 0.011754 -0.266322
v -0.616515 0.011628 -0.266444
v -0.616328 0.011506 -0.266570
v -0.616143 0.011388 -0.266701
v -0.615962 0.011275 -0.266835
v -0.615784 0.011167 -0.266973
v -0.615609 0.011063 -0.267115
v -0.615438 0.010963 -0.267261
v -0.615270 0.010869 -0.267410
v -0.615106 0.010779 -0.267563
v -0.614945 0.010694 -0.267719
v -0.614788 0.010614 -0.267878
v -0.614636 0.010539 -0.268040
v -0.614487 0.010469 -0.268205
v -0.614343 0.010403 -0.268373
v -0.614202 0.010343 -0.268543
v -0.614066 0.010288 -0.268716
v -0.613934 0.010237 -0.268892
v -0.613807 0.010192 -0.269070
v -0.613683 0.010151 -0.269251
v -0.613564 0.010116 -0.269433
v -0.613449 0.010085 -0.269618
v -0.613339 0.010059 -0.269805
v -0.613232 0.010038 -0.269993
v -0.613130 0.010021 -0.270184
v -0.613033 0.010009 -0.270376
v -0.612940 0.010002 -0.270570
v -0.612851 0.010000 -0.270766
v -0.615702 0.010000 -0.264218
v -0.612495 0.010000 -0.271568
v -0.567417 0.016837 -0.368981
v -0.567185 0.016611 -0.368922
v -0.566954 0.016388 -0.368869
v -0.566722 0.016168 -0.368822
v -0.566490 0.015951 -0.368780
v -0.566258 0.015736 -0.368743
v -0.566026 0.015525 -0.368712
v -0.565794 0.015317 -0.368687
v -0.565563 0.015112 -0.368667
v -0.565331 0.014911 -0.368653
v -0.565100 0.014712 -0.368644
v -0.564869 0.014517 -0.368641
v -0.564639 0.014325 -0.368642
v -0.564410 0.014137 -0.368649
v -0.564180 0.013952 -0.368662
v -0.563952 0.013770 -0.368679
v -0.563725 0.013592 -0.368702
v -0.563498 0.013418 -0.368730
v -0.563272 0.013247 -0.368762
v -0.563048 0.013080 -0.368800
v -0.562824 0.012917 -0.368843
v -0.562602 0.012757 -0.368891
v -0.562381 0.012602 -0.368944
v -0.562162 0.012450 -0.369002
v -0.561944 0.012302 -0.369065
v -0.561728 0.012159 -0.369133
v -0.561514 0.012020 -0.369206
v -0.561301 0.011885 -0.369283
v -0.561090 0.011754 -0.369366
v -0.560882 0.011628 -0.369453
v -0.560675 0.011506 -0.369545
v -0.560471 0.011388 -0.369641
v -0.560269 0.011275 -0.369742
v -0.560069 0.011167 -0.369847
v -0.559872 0.011063 -0.369957
v -0.559678 0.010963 -0.370070
v -0.559487 0.010869 -0.370188
v -0.559299 0.010779 -0.370310
v -0.559114 0.010694 -0.370435
v -0.558932 0.010614 -0.370565
v -0.558753 0.010539 -0.370698
v -0.558578 0.010469 -0.370835
v -0.558407 0.010403 -0.370975
v -0.558239 0.010343 -0.371118
v -0.558075 0.010288 -0.371265
v -0.557915 0.010237 -0.371416
v -0.557758 0.010192 -0.371569
v -0.557605 0.010151 -0.371725
v -0.557456 0.010116 -0.371884
v -0.557311 0.010085 -0.372046
v -0.557169 0.010059 -0.372211
v -0.557032 0.010038 -0.372378
v -0.556899 0.010021 -0.372548
v -0.556769 0.010009 -0.372721
v -0.556644 0.010002 -0.372895
v -0.556522 0.010000 -0.373073
v -0.560467 0.010000 -0.367119
v -0.556033 0.010000 -0.373801
v -0.494723 0.016837 -0.461907
v -0.494506 0.016611 -0.461808
v -0.494287 0.016388 -0.461716
v -0.494067 0.016168 -0.461629
v -0.493846 0.015951 -0.461547
v -0.493624 0.015736 -0.461471
v -0.493401 0.015525 -0.461400
v -0.493177 0.015317 -0.461335
v -0.492952 0.015112 -0.461276
v -0.492727 0.014911 -0.461221
v -0.492501 0.014712 -0.461172
v -0.492274 0.014517 -0.461129
v -0.492047 0.014325 -0.461091
v -0.491820 0.014137 -0.461058
v -0.491592 0.013952 -0.461030
v -0.491364 0.013770 -0.461007
v -0.491136 0.013592 -0.460990
v -0.490908 0.013418 -0.460978
v -0.490680 0.013247 -0.460971
v -0.490452 0.013080 -0.460970
v -0.490225 0.012917 -0.460973
v -0.489998 0.012757 -0.460982
v -0.489771 0.012602 -0.460996
v -0.489545 0.012450 -0.461015
v -0.489320 0.012302 -0.461039
v -0.489095 0.012159 -0.461068
v -0.488871 0.012020 -0.461103
v -0.488648 0.011885 -0.461142
v -0.488426 0.011754 -0.461187
v -0.488206 0.011628 -0.461236
v -0.487986 0.011506 -0.461291
v -0.487768 0.011388 -0.461350
v -0.487552 0.011275 -0.461414
v -0.487337 0.011167 -0.461483
v -0.487124 0.011063 -0.461557
v -0.486914 0.010963 -0.461635
v -0.486705 0.010869 -0.461718
v -0.486498 0.010779 -0.461805
v -0.486294 0.010694 -0.461897
v -0.486093 0.010614 -0.461993
v -0.485894 0.010539 -0.462093
v -0.485697 0.010469 -0.462197
v -0.485504 0.010403 -0.462305
v -0.485314 0.010343 -0.462418
v -0.485127 0.010288 -0.462534
v -0.484943 0.010237 -0.462654
v -0.484762 0.010192 -0.462777
v -0.484584 0.010151 -0.462905
v -0.484410 0.010116 -0.463036
v -0.484239 0.010085 -0.463170
v -0.484071 0.010059 -0.463308
v -0.483907 0.010038 -0.463449
v -0.483746 0.010021 -0.463593
v -0.483588 0.010009 -0.463740
v -0.483434 0.010002 -0.463890
v -0.483284 0.010000 -0.464044
v -0.488203 0.010000 -0.458866
v -0.482676 0.010000 -0.464677
v -0.406998 0.016837 -0.540797
v -0.406801 0.016611 -0.540663
v -0.406602 0.016388 -0.540533
v -0.406400 0.016168 -0.540409
v -0.406196 0.015951 -0.540290
v -0.405991 0.015736 -0.540177
v -0.405784 0.015525 -0.540069
v -0.405574 0.015317 -0.539966
v -0.405363 0.015112 -0.539868
v -0.405151 0.014911 -0.539775
v -0.404937 0.014712 -0.539688
v -0.404721 0.014517 -0.539606
v -0.404504 0.014325 -0.539529
v -0.404286 0.014137 -0.539457
v -0.404066 0.013952 -0.539390
v -0.403846 0.013770 -0.539328
v -0.403624 0.013592 -0.539272
v -0.403402 0.013418 -0.539220
v -0.403179 0.013247 -0.539174
v -0.402955 0.013080 -0.539133
v -0.402730 0.012917 -0.539097
v -0.402505 0.012757 -0.539066
v -0.402279 0.012602 -0.539040
v -0.402053 0.012450 -0.539020
v -0.401827 0.012302 -0.539004
v -0.401601 0.012159 -0.538994
v -0.401374 0.012020 -0.538989
v -0.401148 0.011885 -0.538989
v -0.400922 0.011754 -0.538995
v -0.400696 0.011628 -0.539005
v -0.400470 0.011506 -0.539021
v -0.400245 0.011388 -0.539041
v -0.400021 0.011275 -0.539067
v -0.399798 0.011167 -0.539098
v -0.399575 0.011063 -0.539133
v -0.399354 0.010963 -0.539174
v -0.399134 0.010869 -0.539219
v -0.398916 0.010779 -0.539269
v -0.398699 0.010694 -0.539324
v -0.398484 0.010614 -0.539383
v -0.398270 0.010539 -0.539447
v -0.398059 0.010469 -0.539516
v -0.397850 0.010403 -0.539589
v -0.397643 0.010343 -0.539666
v -0.397439 0.010288 -0.539748
v -0.397237 0.010237 -0.539834
v -0.397037 0.010192 -0.539925
v -0.396840 0.010151 -0.540019
v -0.396645 0.010116 -0.540118
v -0.396454 0.010085 -0.540221
v -0.396264 0.010059 -0.540327
v -0.396078 0.010038 -0.540437
v -0.395894 0.010021 -0.540551
v -0.395714 0.010009 -0.540669
v -0.395536 0.010002 -0.540790
v -0.395361 0.010000 -0.540915
v -0.401105 0.010000 -0.536670
v -0.394652 0.010000 -0.541433
v -0.306906 0.016837 -0.603256
v -0.306736 0.016611 -0.603089
v -0.306562 0.016388 -0.602927
v -0.306385 0.016168 -0.602770
v -0.306205 0.015951 -0.602618
v -0.306022 0.015736 -0.602470
v -0.305837 0.015525 -0.602327
v -0.305649 0.015317 -0.602190
v -0.305458 0.015112 -0.602057
v -0.305265 0.014911 -0.601929
v -0.305069 0.014712 -0.601805
v -0.304871 0.014517 -0.601687
v -0.304671 0.014325 -0.601573
v -0.304468 0.014137 -0.601465
v -0.304264 0.013952 -0.601361
v -0.304057 0.013770 -0.601262
v -0.303849 0.013592 -0.601167
v -0.303639 0.013418 -0.601078
v -0.303427 0.013247 -0.600994
v -0.303213 0.013080 -0.600914
v -0.302999 0.012917 -0.600840
v -0.302782 0.012757 -0.600770
v -0.302564 0.012602 -0.600706
v -0.302345 0.012450 -0.600647
v -0.302125 0.012302 -0.600592
v -0.301904 0.012159 -0.600543
v -0.301682 0.012020 -0.600499
v -0.301459 0.011885 -0.600459
v -0.301236 0.011754 -0.600425
v -0.301011 0.011628 -0.600396
v -0.300786 0.011506 -0.600373
v -0.300561 0.011388 -0.600354
v -0.300336 0.011275 -0.600340
v -0.300111 0.011167 -0.600332
v -0.299885 0.011063 -0.600328
v -0.299660 0.010963 -0.600330
v -0.299436 0.010869 -0.600336
v -0.299212 0.010779 -0.600347
v -0.298989 0.010694 -0.600363
v -0.298767 0.010614 -0.600385
v -0.298546 0.010539 -0.600411
v -0.298326 0.010469 -0.600441
v -0.298107 0.010403 -0.600477
v -0.297890 0.010343 -0.600518
v -0.297674 0.010288 -0.600563
v -0.297460 0.010237 -0.600613
v -0.297248 0.010192 -0.600667
v -0.297038 0.010151 -0.600726
v -0.296829 0.010116 -0.600789
v -0.296622 0.010085 -0.600857
v -0.296417 0.010059 -0.600929
v -0.296215 0.010038 -0.601005
v -0.296014 0.010021 -0.601086
v -0.295816 0.010009 -0.601170
v -0.295620 0.010002 -0.601259
v -0.295426 0.010000 -0.601351
v -0.301819 0.010000 -0.598168
v -0.294638 0.010000 -0.601738
v -0.197490 0.016837 -0.647385
v -0.197350 0.016611 -0.647191
v -0.197207 0.016388 -0.647001
v -0.197060 0.016168 -0.646816
v -0.196910 0.015951 -0.646634
v -0.196755 0.015736 -0.646457
v -0.196597 0.015525 -0.646285
v -0.196436 0.015317 -0.646116
v -0.196271 0.015112 -0.645952
v -0.196103 0.014911 -0.645793
v -0.195932 0.014712 -0.645637
v -0.195757 0.014517 -0.645486
v -0.195580 0.014325 -0.645340
v -0.195399 0.014137 -0.645197
v -0.195216 0.013952 -0.645060
v -0.195030 0.013770 -0.644926
v -0.194841 0.013592 -0.644797
v -0.194650 0.013418 -0.644673
v -0.194456 0.013247 -0.644553
v -0.194259 0.013080 -0.644438
v -0.194061 0.012917 -0.644327
v -0.193859 0.012757 -0.644221
v -0.193656 0.012602 -0.644120
v -0.193451 0.012450 -0.644023
v -0.193244 0.012302 -0.643931
v -0.193034 0.012159 -0.643844
v -0.192823 0.012020 -0.643762
v -0.192611 0.011885 -0.643685
v -0.192396 0.011754 -0.643613
v -0.192180 0.011628 -0.643545
v -0.191963 0.011506 -0.643483
v -0.191745 0.011388 -0.643425
v -0.191525 0.011275 -0.643373
v -0.191305 0.011167 -0.643325
v -0.191084 0.011063 -0.643282
v -0.190862 0.010963 -0.643245
v -0.190640 0.010869 -0.643212
v -0.190417 0.010779 -0.643184
v -0.190195 0.010694 -0.643161
v -0.189972 0.010614 -0.643144
v -0.189750 0.010539 -0.643131
v -0.189528 0.010469 -0.643123
v -0.189306 0.010403 -0.643120
v -0.189086 0.010343 -0.643122
v -0.188865 0.010288 -0.643129
v -0.188646 0.010237 -0.643141
v -0.188428 0.010192 -0.643158
v -0.188210 0.010151 -0.643179
v -0.187994 0.010116 -0.643206
v -0.187778 0.010085 -0.643236
v -0.187564 0.010059 -0.643272
v -0.187351 0.010038 -0.643312
v -0.187140 0.010021 -0.643356
v -0.186930 0.010009 -0.643405
v -0.186721 0.010002 -0.643458
v -0.186514 0.010000 -0.643516
v -0.193363 0.010000 -0.641491
v -0.185671 0.010000 -0.643759
v -0.082072 0.016837 -0.671843
v -0.081969 0.016611 -0.671628
v -0.081861 0.016388 -0.671416
v -0.081748 0.016168 -0.671208
v -0.081631 0.015951 -0.671004
v -0.081510 0.015736 -0.670802
v -0.081384 0.015525 -0.670605
v -0.081255 0.015317 -0.670411
v -0.081121 0.015112 -0.670221
v -0.080983 0.014911 -0.670035
v -0.080841 0.014712 -0.669852
v -0.080696 0.014517 -0.669673
v -0.080547 0.014325 -0.669498
v -0.080394 0.014137 -0.669326
v -0.080237 0.013952 -0.669159
v -0.080077 0.013770 -0.668995
v -0.079913 0.013592 -0.668835
v -0.079746 0.013418 -0.668679
v -0.079576 0.013247 -0.668528
v -0.079403 0.013080 -0.668380
v -0.079226 0.012917 -0.668236
v -0.079047 0.012757 -0.668097
v -0.078864 0.012602 -0.667962
v -0.078679 0.012450 -0.667831
v -0.078490 0.012302 -0.667705
v -0.078299 0.012159 -0.667583
v -0.078106 0.012020 -0.667465
v -0.077910 0.011885 -0.667352
v -0.077711 0.011754 -0.667244
v -0.077510 0.011628 -0.667140
v -0.077307 0.011506 -0.667041
v -0.077102 0.011388 -0.666946
v -0.076895 0.011275 -0.666856
v -0.076686 0.011167 -0.666771
v -0.076476 0.011063 -0.666691
v -0.076264 0.010963 -0.666615
v -0.076051 0.010869 -0.666544
v -0.075837 0.010779 -0.666478
v -0.075621 0.010694 -0.666417
v -0.075405 0.010614 -0.666361
v -0.075189 0.010539 -0.666310
v -0.074971 0.010469 -0.666264
v -0.074754 0.010403 -0.666223
v -0.074536 0.010343 -0.666186
v -0.074318 0.010288 -0.666155
v -0.074100 0.010237 -0.666129
v -0.073882 0.010192 -0.666107
v -0.073664 0.010151 -0.666090
v -0.073446 0.010116 -0.666079
v -0.073229 0.010085 -0.666072
v -0.073011 0.010059 -0.666069
v -0.072795 0.010038 -0.666071
v -0.072579 0.010021 -0.666078
v -0.072364 0.010009 -0.666090
v -0.072149 0.010002 -0.666106
v -0.071935 0.010000 -0.666127
v -0.079032 0.010000 -0.665322
v -0.071063 0.010000 -0.666221
v 0.035839 0.016837 -0.675888
v 0.035904 0.016611 -0.675658
v 0.035973 0.016388 -0.675431
v 0.036048 0.016168 -0.675206
v 0.036127 0.015951 -0.674985
v 0.036212 0.015736 -0.674766
v 0.036301 0.015525 -0.674549
v 0.036395 0.015317 -0.674336
v 0.036494 0.015112 -0.674125
v 0.036597 0.014911 -0.673918
v 0.036705 0.014712 -0.673713
v 0.036818 0.014517 -0.673512
v 0.036934 0.014325 -0.673313
v 0.037055 0.014137 -0.673118
v 0.037180 0.013952 -0.672926
v 0.037309 0.013770 -0.672737
v 0.037443 0.013592 -0.672551
v 0.037580 0.013418 -0.672368
v 0.037721 0.013247 -0.672189
v 0.037867 0.013080 -0.672014
v 0.038016 0.012917 -0.671842
v 0.038168 0.012757 -0.671674
v 0.038325 0.012602 -0.671509
v 0.038484 0.012450 -0.671348
v 0.038648 0.012302 -0.671191
v 0.038815 0.012159 -0.671037
v 0.038985 0.012020 -0.670888
v 0.039158 0.011885 -0.670743
v 0.039335 0.011754 -0.670601
v 0.039515 0.011628 -0.670464
v 0.039698 0.011506 -0.670331
v 0.039883 0.011388 -0.670202
v 0.040072 0.011275 -0.670078
v 0.040262 0.011167 -0.669958
v 0.040456 0.011063 -0.669842
v 0.040651 0.010963 -0.669731
v 0.040849 0.010869 -0.669624
v 0.041048 0.010779 -0.669522
v 0.041250 0.010694 -0.669424
v 0.041453 0.010614 -0.669332
v 0.041657 0.010539 -0.669244
v 0.041863 0.010469 -0.669160
v 0.042070 0.010403 -0.669082
v 0.042279 0.010343 -0.669008
v 0.042488 0.010288 -0.668940
v 0.042698 0.010237 -0.668876
v 0.042909 0.010192 -0.668817
v 0.043121 0.010151 -0.668763
v 0.043333 0.010116 -0.668713
v 0.043546 0.010085 -0.668668
v 0.043759 0.010059 -0.668628
v 0.043973 0.010038 -0.668593
v 0.044187 0.010021 -0.668562
v 0.044401 0.010009 -0.668537
v 0.044615 0.010002 -0.668515
v 0.044829 0.010000 -0.668499
v 0.037701 0.010000 -0.668938
v 0.045705 0.010000 -0.668439
v 0.152661 0.016837 -0.659396
v 0.152685 0.016611 -0.659159
v 0.152714 0.016388 -0.658923
v 0.152749 0.016168 -0.658689
v 0.152788 0.015951 -0.658457
v 0.152834 0.015736 -0.658226
v 0.152884 0.015525 -0.657998
v 0.152940 0.015317 -0.657771
v 0.153000 0.015112 -0.657547
v 0.153066 0.014911 -0.657324
v 0.153137 0.014712 -0.657104
v 0.153212 0.014517 -0.656886
v 0.153293 0.014325 -0.656670
v 0.153378 0.014137 -0.656457
v 0.153468 0.013952 -0.656246
v 0.153562 0.013770 -0.656037
v 0.153661 0.013592 -0.655831
v 0.153765 0.013418 -0.655628
v 0.153873 0.013247 -0.655427
v 0.153985 0.013080 -0.655229
v 0.154102 0.012916 -0.655034
v 0.154223 0.012757 -0.654841
v 0.154349 0.012601 -0.654652
v 0.154478 0.012450 -0.654466
v 0.154612 0.012302 -0.654283
v 0.154749 0.012159 -0.654103
v 0.154891 0.012020 -0.653926
v 0.155037 0.011885 -0.653753
v 0.155186 0.011754 -0.653583
v 0.155340 0.011628 -0.653417
v 0.155496 0.011506 -0.653254
v 0.155657 0.011388 -0.653095
v 0.155821 0.011275 -0.652939
v 0.155988 0.011166 -0.652788
v 0.156158 0.011063 -0.652641
v 0.156331 0.010963 -0.652497
v 0.156507 0.010869 -0.652358
v 0.156686 0.010779 -0.652222
v 0.156867 0.010694 -0.652091
v 0.157051 0.010614 -0.651965
v 0.157237 0.010539 -0.651843
v 0.157426 0.010469 -0.651725
v 0.157616 0.010403 -0.651612
v 0.157808 0.010343 -0.651503
v 0.158003 0.010288 -0.651399
v 0.158198 0.010237 -0.651300
v 0.158396 0.010192 -0.651205
v 0.158595 0.010151 -0.651115
v 0.158796 0.010116 -0.651029
v 0.158998 0.010085 -0.650948
v 0.159201 0.010059 -0.650872
v 0.159405 0.010038 -0.650800
v 0.159610 0.010021 -0.650732
v 0.159817 0.010009 -0.650670
v 0.160024 0.010002 -0.650612
v 0.160232 0.010000 -0.650558
v 0.153288 0.010000 -0.652229
v 0.161084 0.010000 -0.650348
v 0.264845 0.016837 -0.622869
v 0.264827 0.016611 -0.622631
v 0.264815 0.016388 -0.622394
v 0.264808 0.016168 -0.622157
v 0.264807 0.015951 -0.621922
v 0.264812 0.015736 -0.621687
v 0.264821 0.015525 -0.621453
v 0.264837 0.015317 -0.621220
v 0.264858 0.015112 -0.620989
v 0.264884 0.014911 -0.620758
v 0.264915 0.014712 -0.620529
v 0.264952 0.014517 -0.620301
v 0.264993 0.014325 -0.620075
v 0.265040 0.014137 -0.619850
v 0.265092 0.013952 -0.619627
v 0.265149 0.013770 -0.619405
v 0.265211 0.013592 -0.619185
v 0.265277 0.013418 -0.618966
v 0.265349 0.013247 -0.618750
v 0.265425 0.013080 -0.618535
v 0.265506 0.012916 -0.618323
v 0.265592 0.012757 -0.618112
v 0.265683 0.012601 -0.617904
v 0.265778 0.012450 -0.617698
v 0.265878 0.012302 -0.617494
v 0.265982 0.012159 -0.617293
v 0.266091 0.012020 -0.617095
v 0.266204 0.011885 -0.616899
v 0.266322 0.011754 -0.616706
v 0.266444 0.011628 -0.616515
v 0.266570 0.011506 -0.616328
v 0.266701 0.011388 -0.616143
v 0.266835 0.011275 -0.615962
v 0.266973 0.011166 -0.615784
v 0.267115 0.011063 -0.615609
v 0.267261 0.010963 -0.615438
v 0.267410 0.010869 -0.615270
v 0.267563 0.010779 -0.615105
v 0.267719 0.010694 -0.614945
v 0.267878 0.010614 -0.614788
v 0.268040 0.010539 -0.614636
v 0.268205 0.010469 -0.614487
v 0.268373 0.010403 -0.614342
v 0.268543 0.010343 -0.614202
v 0.268716 0.010288 -0.614066
v 0.268892 0.010237 -0.613934
v 0.269070 0.010192 -0.613806
v 0.269251 0.010151 -0.613683
v 0.269433 0.010116 -0.613564
v 0.269618 0.010085 -0.613449
v 0.269805 0.010059 -0.613339
v 0.269994 0.010038 -0.613232
v 0.270184 0.010021 -0.613130
v 0.270376 0.010009 -0.613033
v 0.270570 0.010002 -0.612940
v 0.270766 0.010000 -0.612851
v 0.264218 0.010000 -0.615702
v 0.271568 0.010000 -0.612495
v 0.368981 0.016837 -0.567417
v 0.368922 0.016611 -0.567185
v 0.368869 0.016388 -0.566954
v 0.368822 0.016168 -0.566722
v 0.368780 0.015951 -0.566490
v 0.368743 0.015736 -0.566258
v 0.368712 0.015525 -0.566026
v 0.368687 0.015317 -0.565794
v 0.368667 0.015112 -0.565563
v 0.368653 0.014911 -0.565331
v 0.368644 0.014712 -0.565100
v 0.368641 0.014517 -0.564869
v 0.368642 0.014325 -0.564639
v 0.368650 0.014137 -0.564409
v 0.368662 0.013952 -0.564180
v 0.368679 0.013770 -0.563952
v 0.368702 0.013592 -0.563724
v 0.368730 0.013418 -0.563498
v 0.368763 0.013247 -0.563272
v 0.368800 0.013080 -0.563048
v 0.368843 0.012916 -0.562824
v 0.368891 0.012757 -0.562602
v 0.368944 0.012601 -0.562381
v 0.369002 0.012450 -0.562162
v 0.369065 0.012302 -0.561944
v 0.369133 0.012159 -0.561728
v 0.369206 0.012020 -0.561514
v 0.369284 0.011885 -0.561301
v 0.369366 0.011754 -0.561090
v 0.369453 0.011628 -0.560881
v 0.369545 0.011506 -0.560675
v 0.369641 0.011388 -0.560471
v 0.369742 0.011275 -0.560269
v 0.369847 0.011166 -0.560069
v 0.369957 0.011063 -0.559872
v 0.370070 0.010963 -0.559678
v 0.370188 0.010869 -0.559487
v 0.370310 0.010779 -0.559299
v 0.370436 0.010694 -0.559114
v 0.370565 0.010614 -0.558932
v 0.370698 0.010539 -0.558753
v 0.370835 0.010469 -0.558578
v 0.370975 0.010403 -0.558407
v 0.371119 0.010343 -0.558239
v 0.371265 0.010288 -0.558075
v 0.371416 0.010237 -0.557914
v 0.371569 0.010192 -0.557758
v 0.371725 0.010151 -0.557605
v 0.371884 0.010116 -0.557456
v 0.372046 0.010085 -0.557311
v 0.372211 0.010059 -0.557169
v 0.372378 0.010038 -0.557032
v 0.372548 0.010021 -0.556899
v 0.372721 0.010009 -0.556769
v 0.372895 0.010002 -0.556644
v 0.373073 0.010000 -0.556522
v 0.367119 0.010000 -0.560467
v 0.373801 0.010000 -0.556033
v 0.461907 0.016837 -0.494723
v 0.461808 0.016611 -0.494506
v 0.461716 0.016388 -0.494287
v 0.461629 0.016168 -0.494067
v 0.461547 0.015951 -0.493846
v 0.461471 0.015736 -0.493624
v 0.461400 0.015525 -0.493401
v 0.461335 0.015317 -0.493177
v 0.461275 0.015112 -0.492952
v 0.461221 0.014911 -0.492727
v 0.461172 0.014712 -0.492500
v 0.461129 0.014517 -0.492274
v 0.461091 0.014325 -0.492047
v 0.461058 0.014137 -0.491819
v 0.461030 0.013952 -0.491592
v 0.461007 0.013770 -0.491364
v 0.460990 0.013592 -0.491136
v 0.460978 0.013418 -0.490908
v 0.460971 0.013247 -0.490680
v 0.460970 0.013080 -0.490452
v 0.460973 0.012916 -0.490225
v 0.460982 0.012757 -0.489998
v 0.460996 0.012601 -0.489771
v 0.461015 0.012450 -0.489545
v 0.461039 0.012302 -0.489319
v 0.461068 0.012159 -0.489095
v 0.461103 0.012020 -0.488871
v 0.461142 0.011885 -0.488648
v 0.461187 0.011754 -0.488426
v 0.461236 0.011628 -0.488206
v 0.461291 0.011506 -0.487986
v 0.461350 0.011388 -0.487768
v 0.461414 0.011275 -0.487552
v 0.461483 0.011166 -0.487337
v 0.461557 0.011063 -0.487124
v 0.461635 0.010963 -0.486913
v 0.461718 0.010869 -0.486705
v 0.461805 0.010779 -0.486498
v 0.461897 0.010694 -0.486294
v 0.461993 0.010614 -0.486092
v 0.462093 0.010539 -0.485894
v 0.462197 0.010469 -0.485697
v 0.462305 0.010403 -0.485504
v 0.462418 0.010343 -0.485314
v 0.462534 0.010288 -0.485127
v 0.462654 0.010237 -0.484943
v 0.462777 0.010192 -0.484762
v 0.462905 0.010151 -0.484584
v 0.463036 0.010116 -0.484410
v 0.463170 0.010085 -0.484239
v 0.463308 0.010059 -0.484071
v 0.463449 0.010038 -0.483907
v 0.463593 0.010021 -0.483746
v 0.463740 0.010009 -0.483588
v 0.463891 0.010002 -0.483434
v 0.458866 0.010000 -0.488203
v 0.464044 0.010000 -0.483284
v 0.540663 0.016611 -0.406801
v 0.540533 0.016388 -0.406602
v 0.540409 0.016168 -0.406400
v 0.540290 0.015951 -0.406196
v 0.540177 0.015736 -0.405991
v 0.540069 0.015525 -0.405783
v 0.539966 0.015317 -0.405574
v 0.539868 0.015112 -0.405363
v 0.539775 0.014911 -0.405151
v 0.539688 0.014712 -0.404937
v 0.539606 0.014517 -0.404721
v 0.539529 0.014325 -0.404504
v 0.539457 0.014137 -0.404286
v 0.539390 0.013952 -0.404066
v 0.539328 0.013770 -0.403846
v 0.539272 0.013592 -0.403624
v 0.539220 0.013418 -0.403402
v 0.539174 0.013247 -0.403179
v 0.539133 0.013080 -0.402955
v 0.539097 0.012916 -0.402730
v 0.539066 0.012757 -0.402505
v 0.539040 0.012601 -0.402279
v 0.539020 0.012450 -0.402053
v 0.539004 0.012302 -0.401827
v 0.538994 0.012159 -0.401601
v 0.538989 0.012020 -0.401374
v 0.538989 0.011885 -0.401148
v 0.538995 0.011754 -0.400922
v 0.539005 0.011628 -0.400696
v 0.539021 0.011506 -0.400470
v 0.539041 0.011388 -0.400245
v 0.539067 0.011275 -0.400021
v 0.539098 0.011166 -0.399798
v 0.539133 0.011063 -0.399575
v 0.539174 0.010963 -0.399354
v 0.539219 0.010869 -0.399134
v 0.539269 0.010779 -0.398915
v 0.539324 0.010694 -0.398699
v 0.539383 0.010614 -0.398483
v 0.539447 0.010539 -0.398270
v 0.539516 0.010469 -0.398059
v 0.539589 0.010403 -0.397850
v 0.539666 0.010343 -0.397643
v 0.539748 0.010288 -0.397439
v 0.539834 0.010237 -0.397237
v 0.539925 0.010192 -0.397037
v 0.540019 0.010151 -0.396840
v 0.540118 0.010116 -0.396645
v 0.540221 0.010085 -0.396453
v 0.540327 0.010059 -0.396264
v 0.540437 0.010038 -0.396078
v 0.540551 0.010021 -0.395894
v 0.540669 0.010009 -0.395714
v 0.540790 0.010002 -0.395536
v 0.536670 0.010000 -0.401105
v 0.540915 0.010000 -0.395361
v 0.464677 0.010000 -0.482676
v 0.540797 0.016837 -0.406998
v 0.541433 0.010000 -0.394652
v 0.603256 0.016837 -0.306906
v 0.603089 0.016611 -0.306736
v 0.602927 0.016388 -0.306562
v 0.602770 0.016168 -0.306385
v 0.602617 0.015951 -0.306205
v 0.602470 0.015736 -0.306022
v 0.602327 0.015525 -0.305837
v 0.602190 0.015317 -0.305649
v 0.602057 0.015112 -0.305458
v 0.601929 0.014911 -0.305265
v 0.601805 0.014712 -0.305069
v 0.601687 0.014517 -0.304871
v 0.601573 0.014325 -0.304671
v 0.601465 0.014137 -0.304468
v 0.601361 0.013952 -0.304264
v 0.601262 0.013770 -0.304057
v 0.601167 0.013592 -0.303849
v 0.601078 0.013418 -0.303639
v 0.600994 0.013247 -0.303427
v 0.600914 0.013080 -0.303213
v 0.600840 0.012916 -0.302998
v 0.600770 0.012757 -0.302782
v 0.600706 0.012601 -0.302564
v 0.600647 0.012450 -0.302345
v 0.600592 0.012302 -0.302125
v 0.600543 0.012159 -0.301904
v 0.600498 0.012020 -0.301682
v 0.600459 0.011885 -0.301459
v 0.600425 0.011754 -0.301235
v 0.600396 0.011628 -0.301011
v 0.600373 0.011506 -0.300786
v 0.600354 0.011388 -0.300561
v 0.600340 0.011275 -0.300336
v 0.600332 0.011166 -0.300110
v 0.600328 0.011063 -0.299885
v 0.600330 0.010963 -0.299660
v 0.600336 0.010869 -0.299436
v 0.600347 0.010779 -0.299212
v 0.600363 0.010694 -0.298989
v 0.600385 0.010614 -0.298767
v 0.600411 0.010539 -0.298545
v 0.600441 0.010469 -0.298326
v 0.600477 0.010403 -0.298107
v 0.600518 0.010343 -0.297890
v 0.600563 0.010288 -0.297674
v 0.600613 0.010237 -0.297460
v 0.600667 0.010192 -0.297248
v 0.600726 0.010151 -0.297038
v 0.600789 0.010116 -0.296829
v 0.600857 0.010085 -0.296622
v 0.600929 0.010059 -0.296417
v 0.601005 0.010038 -0.296215
v 0.601086 0.010021 -0.296014
v 0.601170 0.010009 -0.295816
v 0.601259 0.010002 -0.295620
v 0.598168 0.010000 -0.301819
v 0.601351 0.010000 -0.295426
v 0.647191 0.016611 -0.197350
v 0.647001 0.016388 -0.197207
v 0.646816 0.016168 -0.197060
v 0.646634 0.015951 -0.196910
v 0.646457 0.015736 -0.196755
v 0.646285 0.015525 -0.196597
v 0.646116 0.015317 -0.196436
v 0.645952 0.015112 -0.196271
v 0.645793 0.014911 -0.196103
v 0.645637 0.014712 -0.195932
v 0.645486 0.014517 -0.195757
v 0.645340 0.014325 -0.195580
v 0.645197 0.014137 -0.195399
v 0.645059 0.013952 -0.195216
v 0.644926 0.013770 -0.195030
v 0.644797 0.013592 -0.194841
v 0.644673 0.013418 -0.194650
v 0.644553 0.013247 -0.194456
v 0.644438 0.013080 -0.194259
v 0.644327 0.012916 -0.194060
v 0.644221 0.012757 -0.193859
v 0.644120 0.012601 -0.193656
v 0.644023 0.012450 -0.193451
v 0.643931 0.012302 -0.193244
v 0.643844 0.012159 -0.193034
v 0.643762 0.012020 -0.192823
v 0.643685 0.011885 -0.192611
v 0.643612 0.011754 -0.192396
v 0.643545 0.011628 -0.192180
v 0.643483 0.011506 -0.191963
v 0.643425 0.011388 -0.191745
v 0.643373 0.011275 -0.191525
v 0.643325 0.011166 -0.191305
v 0.643282 0.011063 -0.191083
v 0.643245 0.010963 -0.190862
v 0.643212 0.010869 -0.190640
v 0.643184 0.010779 -0.190417
v 0.643161 0.010694 -0.190195
v 0.643144 0.010614 -0.189972
v 0.643131 0.010539 -0.189750
v 0.643123 0.010469 -0.189528
v 0.643120 0.010403 -0.189306
v 0.643122 0.010343 -0.189085
v 0.643129 0.010288 -0.188865
v 0.643141 0.010237 -0.188646
v 0.643158 0.010192 -0.188427
v 0.643179 0.010151 -0.188210
v 0.643206 0.010116 -0.187993
v 0.643236 0.010085 -0.187778
v 0.643272 0.010059 -0.187564
v 0.643312 0.010038 -0.187351
v 0.643356 0.010021 -0.187140
v 0.643405 0.010009 -0.186930
v 0.643458 0.010002 -0.186721
v 0.641491 0.010000 -0.193363
v 0.601738 0.010000 -0.294638
v 0.643516 0.010000 -0.186514
v 0.647385 0.016837 -0.197490
v -0.659396 0.016837 -0.152661
v -0.675888 0.016837 -0.035839
v -0.675658 0.016611 -0.035904
v -0.668515 0.010002 -0.044615
v -0.675431 0.016388 -0.035973
v -0.668537 0.010009 -0.044401
v -0.675206 0.016168 -0.036048
v -0.668562 0.010021 -0.044187
v -0.674985 0.015951 -0.036127
v -0.668593 0.010038 -0.043973
v -0.674766 0.015737 -0.036212
v -0.668628 0.010059 -0.043759
v -0.674549 0.015525 -0.036301
v -0.668668 0.010085 -0.043546
v -0.674336 0.015317 -0.036395
v -0.668713 0.010116 -0.043333
v -0.674125 0.015113 -0.036494
v -0.668763 0.010151 -0.043121
v -0.673918 0.014911 -0.036597
v -0.668817 0.010192 -0.042909
v -0.673713 0.014712 -0.036705
v -0.668876 0.010237 -0.042698
v -0.673512 0.014517 -0.036817
v -0.668940 0.010288 -0.042488
v -0.673313 0.014325 -0.036934
v -0.669008 0.010343 -0.042278
v -0.673118 0.014137 -0.037055
v -0.669082 0.010403 -0.042070
v -0.672926 0.013952 -0.037180
v -0.669160 0.010469 -0.041863
v -0.672737 0.013770 -0.037309
v -0.669244 0.010539 -0.041657
v -0.672551 0.013592 -0.037443
v -0.669332 0.010614 -0.041453
v -0.672369 0.013418 -0.037580
v -0.669425 0.010694 -0.041250
v -0.672190 0.013247 -0.037721
v -0.669522 0.010779 -0.041048
v -0.672014 0.013080 -0.037867
v -0.669624 0.010869 -0.040849
v -0.671842 0.012917 -0.038015
v -0.669731 0.010964 -0.040651
v -0.671674 0.012757 -0.038168
v -0.669842 0.011063 -0.040456
v -0.671509 0.012602 -0.038324
v -0.669958 0.011167 -0.040262
v -0.671348 0.012450 -0.038484
v -0.670078 0.011275 -0.040071
v -0.671191 0.012303 -0.038648
v -0.670202 0.011388 -0.039883
v -0.671038 0.012159 -0.038815
v -0.670331 0.011506 -0.039698
v -0.670888 0.012020 -0.038985
v -0.670464 0.011628 -0.039515
v -0.670743 0.011885 -0.039158
v -0.670601 0.011754 -0.039335
v 0.643759 0.010000 -0.185671
v 0.671628 0.016611 -0.081969
v 0.671416 0.016388 -0.081861
v 0.671208 0.016168 -0.081748
v 0.671003 0.015951 -0.081631
v 0.670802 0.015736 -0.081510
v 0.670605 0.015525 -0.081384
v 0.670411 0.015317 -0.081255
v 0.670221 0.015112 -0.081121
v 0.670034 0.014911 -0.080983
v 0.669852 0.014712 -0.080841
v 0.669673 0.014517 -0.080696
v 0.669497 0.014325 -0.080546
v 0.669326 0.014137 -0.080393
v 0.669158 0.013952 -0.080237
v 0.668995 0.013770 -0.080077
v 0.668835 0.013592 -0.079913
v 0.668679 0.013418 -0.079746
v 0.668528 0.013247 -0.079576
v 0.668380 0.013080 -0.079403
v 0.668236 0.012916 -0.079226
v 0.668097 0.012757 -0.079046
v 0.667962 0.012601 -0.078864
v 0.667831 0.012450 -0.078678
v 0.667705 0.012302 -0.078490
v 0.667583 0.012159 -0.078299
v 0.667465 0.012020 -0.078106
v 0.667352 0.011885 -0.077910
v 0.667244 0.011754 -0.077711
v 0.667140 0.011628 -0.077510
v 0.667041 0.011506 -0.077307
v 0.666946 0.011388 -0.077102
v 0.666856 0.011275 -0.076895
v 0.666771 0.011166 -0.076686
v 0.666691 0.011063 -0.076476
v 0.666615 0.010963 -0.076264
v 0.666544 0.010869 -0.076051
v 0.666478 0.010779 -0.075836
v 0.666417 0.010694 -0.075621
v 0.666361 0.010614 -0.075405
v 0.666310 0.010539 -0.075188
v 0.666264 0.010469 -0.074971
v 0.666223 0.010403 -0.074754
v 0.666186 0.010343 -0.074536
v 0.666155 0.010288 -0.074318
v 0.666129 0.010237 -0.074100
v 0.666107 0.010192 -0.073882
v 0.666090 0.010151 -0.073664
v 0.666079 0.010116 -0.073446
v 0.666072 0.010085 -0.073228
v 0.666069 0.010059 -0.073011
v 0.666071 0.010038 -0.072795
v 0.665322 0.010000 -0.079032
v 0.666078 0.010021 -0.072579
v 0.666090 0.010009 -0.072364
v 0.666106 0.010002 -0.072149
v 0.666127 0.010000 -0.071935
v 0.668515 0.010002 -0.044615
v 0.668499 0.010000 -0.044829
v 0.666221 0.010000 -0.071063
v 0.671843 0.016837 -0.082072
v 0.668537 0.010009 -0.044401
v 0.668562 0.010021 -0.044187
v 0.668593 0.010038 -0.043973
v 0.668628 0.010059 -0.043759
v 0.668668 0.010085 -0.043546
v 0.668713 0.010116 -0.043333
v 0.668763 0.010151 -0.043121
v 0.668817 0.010192 -0.042909
v 0.668876 0.010237 -0.042698
v 0.668940 0.010288 -0.042488
v 0.669008 0.010343 -0.042279
v 0.669082 0.010403 -0.042070
v 0.669160 0.010469 -0.041863
v 0.669244 0.010539 -0.041657
v 0.669332 0.010614 -0.041453
v 0.669424 0.010694 -0.041250
v 0.669522 0.010779 -0.041048
v 0.669624 0.010869 -0.040849
v 0.669731 0.010963 -0.040651
v 0.669842 0.011063 -0.040456
v 0.669958 0.011166 -0.040263
v 0.670078 0.011275 -0.040072
v 0.670202 0.011388 -0.039883
v 0.670331 0.011506 -0.039698
v 0.670464 0.011628 -0.039515
v 0.670601 0.011754 -0.039335
v 0.670743 0.011885 -0.039158
v 0.670888 0.012020 -0.038985
v 0.671037 0.012159 -0.038815
v 0.671191 0.012302 -0.038648
v 0.671348 0.012450 -0.038485
v 0.671509 0.012601 -0.038325
v 0.671673 0.012757 -0.038168
v 0.671842 0.012916 -0.038016
v 0.672014 0.013080 -0.037867
v 0.672189 0.013247 -0.037722
v 0.672368 0.013418 -0.037580
v 0.672551 0.013592 -0.037443
v 0.672736 0.013770 -0.037310
v 0.672925 0.013952 -0.037180
v 0.673118 0.014137 -0.037055
v 0.673313 0.014325 -0.036934
v 0.673512 0.014517 -0.036818
v 0.673713 0.014712 -0.036705
v 0.673918 0.014911 -0.036597
v 0.674125 0.015112 -0.036494
v 0.674336 0.015317 -0.036395
v 0.674549 0.015525 -0.036301
v 0.674765 0.015736 -0.036212
v 0.674985 0.015951 -0.036127
v 0.675206 0.016168 -0.036048
v 0.675431 0.016388 -0.035973
v 0.675658 0.016611 -0.035904
v 0.675888 0.016837 -0.035839
v -0.668379 0.010000 -0.046581
v -0.668317 0.010000 -0.047456
v -0.668254 0.010000 -0.048332
v -0.668191 0.010000 -0.049207
v -0.668126 0.010000 -0.050083
v -0.668059 0.010000 -0.050958
v -0.667992 0.010000 -0.051833
v -0.667924 0.010000 -0.052708
v -0.667854 0.010000 -0.053583
v -0.667783 0.010000 -0.054458
v -0.667711 0.010000 -0.055333
v -0.667638 0.010000 -0.056208
v -0.667564 0.010000 -0.057083
v -0.667489 0.010000 -0.057957
v -0.667412 0.010000 -0.058832
v -0.667334 0.010000 -0.059706
v -0.667256 0.010000 -0.060580
v -0.667176 0.010000 -0.061454
v -0.667095 0.010000 -0.062328
v -0.667012 0.010000 -0.063202
v -0.666929 0.010000 -0.064076
v -0.666844 0.010000 -0.064950
v -0.666759 0.010000 -0.065823
v -0.666672 0.010000 -0.066697
v -0.666584 0.010000 -0.067570
v -0.666495 0.010000 -0.068444
v -0.666405 0.010000 -0.069317
v -0.666313 0.010000 -0.070190
v -0.666221 0.010000 -0.071063
v -0.665031 0.010000 -0.081448
v -0.664731 0.010000 -0.083863
v -0.664422 0.010000 -0.086277
v -0.664104 0.010000 -0.088689
v -0.663778 0.010000 -0.091101
v -0.663442 0.010000 -0.093511
v -0.663098 0.010000 -0.095921
v -0.662745 0.010000 -0.098328
v -0.662384 0.010000 -0.100735
v -0.662014 0.010000 -0.103140
v -0.661635 0.010000 -0.105544
v -0.661247 0.010000 -0.107947
v -0.660850 0.010000 -0.110348
v -0.660445 0.010000 -0.112748
v -0.660031 0.010000 -0.115146
v -0.659609 0.010000 -0.117542
v -0.659178 0.010000 -0.119938
v -0.658738 0.010000 -0.122331
v -0.658289 0.010000 -0.124723
v -0.657831 0.010000 -0.127113
v -0.657365 0.010000 -0.129502
v -0.656891 0.010000 -0.131889
v -0.656407 0.010000 -0.134274
v -0.655915 0.010000 -0.136657
v -0.655415 0.010000 -0.139039
v -0.654905 0.010000 -0.141418
v -0.654387 0.010000 -0.143796
v -0.653861 0.010000 -0.146172
v -0.653325 0.010000 -0.148546
v -0.652781 0.010000 -0.150918
v -0.650136 0.010000 -0.161936
v -0.649923 0.010000 -0.162787
v -0.649709 0.010000 -0.163639
v -0.649494 0.010000 -0.164490
v -0.649278 0.010000 -0.165341
v -0.649061 0.010000 -0.166191
v -0.648843 0.010000 -0.167041
v -0.648624 0.010000 -0.167891
v -0.648403 0.010000 -0.168741
v -0.648181 0.010000 -0.169590
v -0.647959 0.010000 -0.170439
v -0.647735 0.010000 -0.171288
v -0.647510 0.010000 -0.172137
v -0.647284 0.010000 -0.172985
v -0.647057 0.010000 -0.173833
v -0.646828 0.010000 -0.174680
v -0.646599 0.010000 -0.175528
v -0.646368 0.010000 -0.176375
v -0.646137 0.010000 -0.177221
v -0.645904 0.010000 -0.178068
v -0.645670 0.010000 -0.178914
v -0.645435 0.010000 -0.179759
v -0.645199 0.010000 -0.180605
v -0.644962 0.010000 -0.181450
v -0.644724 0.010000 -0.182295
v -0.644484 0.010000 -0.183139
v -0.644244 0.010000 -0.183984
v -0.644002 0.010000 -0.184827
v -0.643759 0.010000 -0.185671
v -0.640784 0.010000 -0.195692
v -0.640069 0.010000 -0.198018
v -0.639346 0.010000 -0.200342
v -0.638614 0.010000 -0.202662
v -0.637874 0.010000 -0.204981
v -0.637125 0.010000 -0.207296
v -0.636368 0.010000 -0.209609
v -0.635602 0.010000 -0.211919
v -0.634828 0.010000 -0.214226
v -0.634046 0.010000 -0.216531
v -0.633255 0.010000 -0.218833
v -0.632456 0.010000 -0.221131
v -0.631649 0.010000 -0.223427
v -0.630833 0.010000 -0.225720
v -0.630009 0.010000 -0.228010
v -0.629177 0.010000 -0.230297
v -0.628336 0.010000 -0.232580
v -0.627487 0.010000 -0.234861
v -0.626630 0.010000 -0.237139
v -0.625765 0.010000 -0.239413
v -0.624891 0.010000 -0.241685
v -0.624009 0.010000 -0.243953
v -0.623119 0.010000 -0.246218
v -0.622220 0.010000 -0.248479
v -0.621314 0.010000 -0.250738
v -0.620399 0.010000 -0.252993
v -0.619476 0.010000 -0.255245
v -0.618544 0.010000 -0.257493
v -0.617605 0.010000 -0.259738
v -0.616658 0.010000 -0.261980
v -0.612139 0.010000 -0.272371
v -0.611782 0.010000 -0.273172
v -0.611423 0.010000 -0.273974
v -0.611064 0.010000 -0.274774
v -0.610703 0.010000 -0.275575
v -0.610342 0.010000 -0.276375
v -0.609979 0.010000 -0.277174
v -0.609615 0.010000 -0.277973
v -0.609251 0.010000 -0.278771
v -0.608885 0.010000 -0.279569
v -0.608518 0.010000 -0.280367
v -0.608150 0.010000 -0.281164
v -0.607782 0.010000 -0.281960
v -0.607412 0.010000 -0.282756
v -0.607041 0.010000 -0.283552
v -0.606669 0.010000 -0.284347
v -0.606296 0.010000 -0.285142
v -0.605921 0.010000 -0.285936
v -0.605546 0.010000 -0.286729
v -0.605170 0.010000 -0.287522
v -0.604793 0.010000 -0.288315
v -0.604415 0.010000 -0.289107
v -0.604035 0.010000 -0.289899
v -0.603655 0.010000 -0.290690
v -0.603274 0.010000 -0.291480
v -0.602891 0.010000 -0.292271
v -0.602508 0.010000 -0.293060
v -0.602123 0.010000 -0.293849
v -0.601738 0.010000 -0.294638
v -0.597068 0.010000 -0.303990
v -0.595960 0.010000 -0.306156
v -0.594844 0.010000 -0.308319
v -0.593720 0.010000 -0.310478
v -0.592588 0.010000 -0.312632
v -0.591449 0.010000 -0.314783
v -0.590302 0.010000 -0.316929
v -0.589147 0.010000 -0.319071
v -0.587984 0.010000 -0.321209
v -0.586813 0.010000 -0.323342
v -0.585635 0.010000 -0.325472
v -0.584449 0.010000 -0.327597
v -0.583255 0.010000 -0.329717
v -0.582054 0.010000 -0.331834
v -0.580844 0.010000 -0.333946
v -0.579628 0.010000 -0.336053
v -0.578403 0.010000 -0.338156
v -0.577171 0.010000 -0.340255
v -0.575931 0.010000 -0.342349
v -0.574684 0.010000 -0.344439
v -0.573429 0.010000 -0.346524
v -0.572167 0.010000 -0.348605
v -0.570897 0.010000 -0.350681
v -0.569619 0.010000 -0.352752
v -0.568334 0.010000 -0.354819
v -0.567042 0.010000 -0.356881
v -0.565742 0.010000 -0.358938
v -0.564434 0.010000 -0.360990
v -0.563119 0.010000 -0.363038
v -0.561797 0.010000 -0.365081
v -0.555543 0.010000 -0.374529
v -0.555052 0.010000 -0.375257
v -0.554559 0.010000 -0.375984
v -0.554066 0.010000 -0.376710
v -0.553572 0.010000 -0.377436
v -0.553077 0.010000 -0.378161
v -0.552581 0.010000 -0.378885
v -0.552085 0.010000 -0.379609
v -0.551587 0.010000 -0.380332
v -0.551088 0.010000 -0.381054
v -0.550588 0.010000 -0.381776
v -0.550088 0.010000 -0.382497
v -0.549586 0.010000 -0.383217
v -0.549083 0.010000 -0.383937
v -0.548580 0.010000 -0.384656
v -0.548076 0.010000 -0.385374
v -0.547570 0.010000 -0.386092
v -0.547064 0.010000 -0.386809
v -0.546557 0.010000 -0.387525
v -0.546048 0.010000 -0.388241
v -0.545539 0.010000 -0.388956
v -0.545029 0.010000 -0.389670
v -0.544518 0.010000 -0.390384
v -0.544006 0.010000 -0.391097
v -0.543494 0.010000 -0.391810
v -0.542980 0.010000 -0.392521
v -0.542465 0.010000 -0.393232
v -0.541949 0.010000 -0.393943
v -0.541433 0.010000 -0.394652
v -0.535210 0.010000 -0.403051
v -0.533742 0.010000 -0.404993
v -0.532268 0.010000 -0.406929
v -0.530786 0.010000 -0.408859
v -0.529298 0.010000 -0.410785
v -0.527802 0.010000 -0.412704
v -0.526300 0.010000 -0.414619
v -0.524790 0.010000 -0.416528
v -0.523274 0.010000 -0.418431
v -0.521750 0.010000 -0.420329
v -0.520220 0.010000 -0.422221
v -0.518683 0.010000 -0.424108
v -0.517139 0.010000 -0.425989
v -0.515589 0.010000 -0.427865
v -0.514031 0.010000 -0.429735
v -0.512467 0.010000 -0.431599
v -0.510896 0.010000 -0.433458
v -0.509318 0.010000 -0.435311
v -0.507733 0.010000 -0.437158
v -0.506142 0.010000 -0.438999
v -0.504544 0.010000 -0.440835
v -0.502940 0.010000 -0.442664
v -0.501329 0.010000 -0.444488
v -0.499711 0.010000 -0.446306
v -0.498086 0.010000 -0.448118
v -0.496455 0.010000 -0.449924
v -0.494818 0.010000 -0.451725
v -0.493174 0.010000 -0.453519
v -0.491523 0.010000 -0.455307
v -0.489866 0.010000 -0.457090
v -0.482066 0.010000 -0.465308
v -0.481456 0.010000 -0.465940
v -0.480845 0.010000 -0.466570
v -0.480234 0.010000 -0.467200
v -0.479621 0.010000 -0.467828
v -0.479008 0.010000 -0.468456
v -0.478394 0.010000 -0.469084
v -0.477779 0.010000 -0.469710
v -0.477163 0.010000 -0.470335
v -0.476546 0.010000 -0.470960
v -0.475929 0.010000 -0.471584
v -0.475311 0.010000 -0.472207
v -0.474692 0.010000 -0.472830
v -0.474072 0.010000 -0.473451
v -0.473451 0.010000 -0.474072
v -0.472830 0.010000 -0.474692
v -0.472207 0.010000 -0.475311
v -0.471584 0.010000 -0.475929
v -0.470960 0.010000 -0.476546
v -0.470335 0.010000 -0.477163
v -0.469710 0.010000 -0.477779
v -0.469084 0.010000 -0.478394
v -0.468456 0.010000 -0.479008
v -0.467828 0.010000 -0.479621
v -0.467200 0.010000 -0.480234
v -0.466570 0.010000 -0.480845
v -0.465940 0.010000 -0.481456
v -0.465308 0.010000 -0.482066
v -0.464677 0.010000 -0.482676
v -0.457090 0.010000 -0.489866
v -0.455307 0.010000 -0.491523
v -0.453519 0.010000 -0.493174
v -0.451725 0.010000 -0.494818
v -0.449924 0.010000 -0.496455
v -0.448118 0.010000 -0.498086
v -0.446306 0.010000 -0.499711
v -0.444488 0.010000 -0.501329
v -0.442664 0.010000 -0.502940
v -0.440835 0.010000 -0.504544
v -0.438999 0.010000 -0.506142
v -0.437158 0.010000 -0.507733
v -0.435311 0.010000 -0.509318
v -0.433458 0.010000 -0.510896
v -0.431599 0.010000 -0.512467
v -0.429735 0.010000 -0.514031
v -0.427865 0.010000 -0.515589
v -0.425989 0.010000 -0.517139
v -0.424108 0.010000 -0.518683
v -0.422221 0.010000 -0.520220
v -0.420329 0.010000 -0.521750
v -0.418431 0.010000 -0.523274
v -0.416528 0.010000 -0.524790
v -0.414619 0.010000 -0.526300
v -0.412704 0.010000 -0.527802
v -0.410785 0.010000 -0.529298
v -0.408859 0.010000 -0.530786
v -0.406929 0.010000 -0.532268
v -0.404993 0.010000 -0.533742
v -0.403051 0.010000 -0.535210
v -0.393943 0.010000 -0.541949
v -0.393232 0.010000 -0.542465
v -0.392521 0.010000 -0.542980
v -0.391810 0.010000 -0.543494
v -0.391097 0.010000 -0.544006
v -0.390384 0.010000 -0.544518
v -0.389670 0.010000 -0.545029
v -0.388956 0.010000 -0.545539
v -0.388241 0.010000 -0.546048
v -0.387525 0.010000 -0.546557
v -0.386809 0.010000 -0.547064
v -0.386092 0.010000 -0.547570
v -0.385374 0.010000 -0.548076
v -0.384656 0.010000 -0.548580
v -0.383937 0.010000 -0.549083
v -0.383217 0.010000 -0.549586
v -0.382497 0.010000 -0.550088
v -0.381776 0.010000 -0.550588
v -0.381054 0.010000 -0.551088
v -0.380332 0.010000 -0.551587
v -0.379609 0.010000 -0.552085
v -0.378885 0.010000 -0.552581
v -0.378161 0.010000 -0.553077
v -0.377436 0.010000 -0.553572
v -0.376710 0.010000 -0.554066
v -0.375984 0.010000 -0.554559
v -0.375257 0.010000 -0.555052
v -0.374529 0.010000 -0.555543
v -0.373801 0.010000 -0.556033
v -0.365081 0.010000 -0.561797
v -0.363038 0.010000 -0.563119
v -0.360990 0.010000 -0.564434
v -0.358938 0.010000 -0.565742
v -0.356881 0.010000 -0.567042
v -0.354819 0.010000 -0.568334
v -0.352752 0.010000 -0.569619
v -0.350681 0.010000 -0.570897
v -0.348605 0.010000 -0.572167
v -0.346524 0.010000 -0.573429
v -0.344439 0.010000 -0.574684
v -0.342349 0.010000 -0.575931
v -0.340255 0.010000 -0.577171
v -0.338156 0.010000 -0.578403
v -0.336053 0.010000 -0.579628
v -0.333946 0.010000 -0.580844
v -0.331834 0.010000 -0.582054
v -0.329717 0.010000 -0.583255
v -0.327597 0.010000 -0.584449
v -0.325472 0.010000 -0.585635
v -0.323342 0.010000 -0.586813
v -0.321209 0.010000 -0.587984
v -0.319071 0.010000 -0.589147
v -0.316929 0.010000 -0.590302
v -0.314783 0.010000 -0.591449
v -0.312632 0.010000 -0.592588
v -0.310478 0.010000 -0.593720
v -0.308319 0.010000 -0.594844
v -0.306156 0.010000 -0.595960
v -0.303990 0.010000 -0.597068
v -0.293849 0.010000 -0.602123
v -0.293060 0.010000 -0.602508
v -0.292271 0.010000 -0.602891
v -0.291480 0.010000 -0.603274
v -0.290690 0.010000 -0.603655
v -0.289899 0.010000 -0.604035
v -0.289107 0.010000 -0.604415
v -0.288315 0.010000 -0.604793
v -0.287522 0.010000 -0.605170
v -0.286729 0.010000 -0.605546
v -0.285936 0.010000 -0.605921
v -0.285142 0.010000 -0.606296
v -0.284347 0.010000 -0.606669
v -0.283552 0.010000 -0.607041
v -0.282756 0.010000 -0.607412
v -0.281960 0.010000 -0.607782
v -0.281164 0.010000 -0.608150
v -0.280367 0.010000 -0.608518
v -0.279569 0.010000 -0.608885
v -0.278771 0.010000 -0.609251
v -0.277973 0.010000 -0.609615
v -0.277174 0.010000 -0.609979
v -0.276375 0.010000 -0.610342
v -0.275575 0.010000 -0.610703
v -0.274774 0.010000 -0.611064
v -0.273974 0.010000 -0.611423
v -0.273172 0.010000 -0.611782
v -0.272371 0.010000 -0.612139
v -0.271568 0.010000 -0.612495
v -0.261980 0.010000 -0.616658
v -0.259738 0.010000 -0.617605
v -0.257493 0.010000 -0.618544
v -0.255245 0.010000 -0.619476
v -0.252993 0.010000 -0.620399
v -0.250738 0.010000 -0.621314
v -0.248479 0.010000 -0.622220
v -0.246218 0.010000 -0.623119
v -0.243953 0.010000 -0.624009
v -0.241685 0.010000 -0.624891
v -0.239413 0.010000 -0.625765
v -0.237139 0.010000 -0.626630
v -0.234861 0.010000 -0.627487
v -0.232580 0.010000 -0.628336
v -0.230297 0.010000 -0.629177
v -0.228010 0.010000 -0.630009
v -0.225720 0.010000 -0.630833
v -0.223427 0.010000 -0.631649
v -0.221131 0.010000 -0.632456
v -0.218833 0.010000 -0.633255
v -0.216531 0.010000 -0.634046
v -0.214226 0.010000 -0.634828
v -0.211919 0.010000 -0.635602
v -0.209609 0.010000 -0.636368
v -0.207296 0.010000 -0.637125
v -0.204981 0.010000 -0.637874
v -0.202662 0.010000 -0.638614
v -0.200342 0.010000 -0.639346
v -0.198018 0.010000 -0.640069
v -0.195692 0.010000 -0.640784
v -0.184827 0.010000 -0.644002
v -0.183984 0.010000 -0.644244
v -0.183139 0.010000 -0.644484
v -0.182295 0.010000 -0.644724
v -0.181450 0.010000 -0.644962
v -0.180605 0.010000 -0.645199
v -0.179759 0.010000 -0.645435
v -0.178914 0.010000 -0.645670
v -0.178068 0.010000 -0.645904
v -0.177221 0.010000 -0.646137
v -0.176375 0.010000 -0.646368
v -0.175528 0.010000 -0.646599
v -0.174680 0.010000 -0.646828
v -0.173833 0.010000 -0.647057
v -0.172985 0.010000 -0.647284
v -0.172137 0.010000 -0.647510
v -0.171288 0.010000 -0.647735
v -0.170439 0.010000 -0.647959
v -0.169590 0.010000 -0.648181
v -0.168741 0.010000 -0.648403
v -0.167891 0.010000 -0.648624
v -0.167041 0.010000 -0.648843
v -0.166191 0.010000 -0.649061
v -0.165341 0.010000 -0.649278
v -0.164490 0.010000 -0.649494
v -0.163639 0.010000 -0.649709
v -0.162787 0.010000 -0.649923
v -0.161936 0.010000 -0.650136
v -0.161084 0.010000 -0.650348
v -0.150918 0.010000 -0.652781
v -0.148546 0.010000 -0.653325
v -0.146172 0.010000 -0.653861
v -0.143796 0.010000 -0.654387
v -0.141418 0.010000 -0.654905
v -0.139039 0.010000 -0.655415
v -0.136657 0.010000 -0.655915
v -0.134274 0.010000 -0.656407
v -0.131889 0.010000 -0.656891
v -0.129502 0.010000 -0.657365
v -0.127113 0.010000 -0.657831
v -0.124723 0.010000 -0.658289
v -0.122331 0.010000 -0.658738
v -0.119938 0.010000 -0.659178
v -0.117542 0.010000 -0.659609
v -0.115146 0.010000 -0.660031
v -0.112748 0.010000 -0.660445
v -0.110348 0.010000 -0.660850
v -0.107947 0.010000 -0.661247
v -0.105544 0.010000 -0.661635
v -0.103140 0.010000 -0.662014
v -0.100735 0.010000 -0.662384
v -0.098328 0.010000 -0.662745
v -0.095921 0.010000 -0.663098
v -0.093511 0.010000 -0.663442
v -0.091101 0.010000 -0.663778
v -0.088689 0.010000 -0.664104
v -0.086277 0.010000 -0.664422
v -0.083863 0.010000 -0.664731
v -0.081448 0.010000 -0.665031
v -0.070190 0.010000 -0.666313
v -0.069317 0.010000 -0.666405
v -0.068444 0.010000 -0.666495
v -0.067570 0.010000 -0.666584
v -0.066697 0.010000 -0.666672
v -0.065823 0.010000 -0.666759
v -0.064950 0.010000 -0.666844
v -0.064076 0.010000 -0.666929
v -0.063202 0.010000 -0.667012
v -0.062328 0.010000 -0.667095
v -0.061454 0.010000 -0.667176
v -0.060580 0.010000 -0.667256
v -0.059706 0.010000 -0.667334
v -0.058832 0.010000 -0.667412
v -0.057957 0.010000 -0.667489
v -0.057083 0.010000 -0.667564
v -0.056208 0.010000 -0.667638
v -0.055333 0.010000 -0.667711
v -0.054458 0.010000 -0.667783
v -0.053583 0.010000 -0.667854
v -0.052708 0.010000 -0.667924
v -0.051833 0.010000 -0.667992
v -0.050958 0.010000 -0.668059
v -0.050083 0.010000 -0.668126
v -0.049207 0.010000 -0.668191
v -0.048332 0.010000 -0.668254
v -0.047456 0.010000 -0.668317
v -0.046581 0.010000 -0.668379
v -0.045705 0.010000 -0.668439
v -0.035271 0.010000 -0.669071
v -0.032841 0.010000 -0.669195
v -0.030410 0.010000 -0.669310
v -0.027978 0.010000 -0.669416
v -0.025547 0.010000 -0.669513
v -0.023115 0.010000 -0.669601
v -0.020682 0.010000 -0.669681
v -0.018250 0.010000 -0.669751
v -0.015817 0.010000 -0.669813
v -0.013384 0.010000 -0.669866
v -0.010951 0.010000 -0.669911
v -0.008517 0.010000 -0.669946
v -0.006084 0.010000 -0.669972
v -0.003650 0.010000 -0.669990
v -0.001217 0.010000 -0.669999
v 0.001217 0.010000 -0.669999
v 0.003650 0.010000 -0.669990
v 0.006084 0.010000 -0.669972
v 0.008517 0.010000 -0.669946
v 0.010951 0.010000 -0.669911
v 0.013384 0.010000 -0.669866
v 0.015817 0.010000 -0.669813
v 0.018250 0.010000 -0.669751
v 0.020682 0.010000 -0.669681
v 0.023115 0.010000 -0.669601
v 0.025547 0.010000 -0.669513
v 0.027978 0.010000 -0.669416
v 0.030410 0.010000 -0.669310
v 0.032841 0.010000 -0.669195
v 0.035271 0.010000 -0.669071
v 0.046581 0.010000 -0.668379
v 0.047456 0.010000 -0.668317
v 0.048332 0.010000 -0.668254
v 0.049207 0.010000 -0.668191
v 0.050083 0.010000 -0.668126
v 0.050958 0.010000 -0.668059
v 0.051833 0.010000 -0.667992
v 0.052708 0.010000 -0.667924
v 0.053583 0.010000 -0.667854
v 0.054458 0.010000 -0.667783
v 0.055333 0.010000 -0.667711
v 0.056208 0.010000 -0.667638
v 0.057083 0.010000 -0.667564
v 0.057957 0.010000 -0.667489
v 0.058832 0.010000 -0.667412
v 0.059706 0.010000 -0.667334
v 0.060580 0.010000 -0.667256
v 0.061454 0.010000 -0.667176
v 0.062328 0.010000 -0.667095
v 0.063202 0.010000 -0.667012
v 0.064076 0.010000 -0.666929
v 0.064950 0.010000 -0.666844
v 0.065823 0.010000 -0.666759
v 0.066697 0.010000 -0.666672
v 0.067570 0.010000 -0.666584
v 0.068444 0.010000 -0.666495
v 0.069317 0.010000 -0.666405
v 0.070190 0.010000 -0.666313
v 0.071063 0.010000 -0.666221
v 0.081448 0.010000 -0.665031
v 0.083863 0.010000 -0.664731
v 0.086277 0.010000 -0.664422
v 0.088689 0.010000 -0.664104
v 0.091101 0.010000 -0.663778
v 0.093511 0.010000 -0.663442
v 0.095921 0.010000 -0.663098
v 0.098328 0.010000 -0.662745
v 0.100735 0.010000 -0.662384
v 0.103140 0.010000 -0.662014
v 0.105544 0.010000 -0.661635
v 0.107947 0.010000 -0.661247
v 0.110348 0.010000 -0.660850
v 0.112748 0.010000 -0.660445
v 0.115146 0.010000 -0.660031
v 0.117542 0.010000 -0.659609
v 0.119938 0.010000 -0.659178
v 0.122331 0.010000 -0.658738
v 0.124723 0.010000 -0.658289
v 0.127113 0.010000 -0.657831
v 0.129502 0.010000 -0.657365
v 0.131889 0.010000 -0.656891
v 0.134274 0.010000 -0.656407
v 0.136657 0.010000 -0.655915
v 0.139039 0.010000 -0.655415
v 0.141418 0.010000 -0.654905
v 0.143796 0.010000 -0.654387
v 0.146172 0.010000 -0.653861
v 0.148546 0.010000 -0.653325
v 0.150918 0.010000 -0.652781
v 0.161936 0.010000 -0.650136
v 0.162787 0.010000 -0.649923
v 0.163639 0.010000 -0.649709
v 0.164490 0.010000 -0.649494
v 0.165341 0.010000 -0.649278
v 0.166191 0.010000 -0.649061
v 0.167041 0.010000 -0.648843
v 0.167891 0.010000 -0.648624
v 0.168741 0.010000 -0.648403
v 0.169590 0.010000 -0.648181
v 0.170439 0.010000 -0.647959
v 0.171288 0.010000 -0.647735
v 0.172137 0.010000 -0.647510
v 0.172985 0.010000 -0.647284
v 0.173833 0.010000 -0.647057
v 0.174680 0.010000 -0.646828
v 0.175528 0.010000 -0.646599
v 0.176375 0.010000 -0.646368
v 0.177221 0.010000 -0.646137
v 0.178068 0.010000 -0.645904
v 0.178914 0.010000 -0.645670
v 0.179759 0.010000 -0.645435
v 0.180605 0.010000 -0.645199
v 0.181450 0.010000 -0.644962
v 0.182295 0.010000 -0.644724
v 0.183139 0.010000 -0.644484
v 0.183984 0.010000 -0.644244
v 0.184827 0.010000 -0.644002
v 0.185671 0.010000 -0.643759
v 0.195692 0.010000 -0.640784
v 0.198018 0.010000 -0.640069
v 0.200342 0.010000 -0.639346
v 0.202662 0.010000 -0.638614
v 0.204981 0.010000 -0.637874
v 0.207296 0.010000 -0.637125
v 0.209609 0.010000 -0.636368
v 0.211919 0.010000 -0.635602
v 0.214226 0.010000 -0.634828
v 0.216531 0.010000 -0.634046
v 0.218833 0.010000 -0.633255
v 0.221131 0.010000 -0.632456
v 0.223427 0.010000 -0.631649
v 0.225720 0.010000 -0.630833
v 0.228010 0.010000 -0.630009
v 0.230297 0.010000 -0.629177
v 0.232580 0.010000 -0.628336
v 0.234861 0.010000 -0.627487
v 0.237139 0.010000 -0.626630
v 0.239413 0.010000 -0.625765
v 0.241685 0.010000 -0.624891
v 0.243953 0.010000 -0.624009
v 0.246218 0.010000 -0.623119
v 0.248479 0.010000 -0.622220
v 0.250738 0.010000 -0.621314
v 0.252993 0.010000 -0.620399
v 0.255245 0.010000 -0.619476
v 0.257493 0.010000 -0.618544
v 0.259738 0.010000 -0.617605
v 0.261980 0.010000 -0.616658
v 0.272371 0.010000 -0.612139
v 0.273172 0.010000 -0.611782
v 0.273974 0.010000 -0.611423
v 0.274774 0.010000 -0.611064
v 0.275575 0.010000 -0.610703
v 0.276375 0.010000 -0.610342
v 0.277174 0.010000 -0.609979
v 0.277973 0.010000 -0.609615
v 0.278771 0.010000 -0.609251
v 0.279569 0.010000 -0.608885
v 0.280367 0.010000 -0.608518
v 0.281164 0.010000 -0.608150
v 0.281960 0.010000 -0.607782
v 0.282756 0.010000 -0.607412
v 0.283552 0.010000 -0.607041
v 0.284347 0.010000 -0.606669
v 0.285142 0.010000 -0.606296
v 0.285936 0.010000 -0.605921
v 0.286729 0.010000 -0.605546
v 0.287522 0.010000 -0.605170
v 0.288315 0.010000 -0.604793
v 0.289107 0.010000 -0.604415
v 0.289899 0.010000 -0.604035
v 0.290690 0.010000 -0.603655
v 0.291480 0.010000 -0.603274
v 0.292271 0.010000 -0.602891
v 0.293060 0.010000 -0.602508
v 0.293849 0.010000 -0.602123
v 0.294638 0.010000 -0.601738
v 0.303990 0.010000 -0.597068
v 0.306156 0.010000 -0.595960
v 0.308319 0.010000 -0.594844
v 0.310478 0.010000 -0.593720
v 0.312632 0.010000 -0.592588
v 0.314783 0.010000 -0.591449
v 0.316929 0.010000 -0.590302
v 0.319071 0.010000 -0.589147
v 0.321209 0.010000 -0.587984
v 0.323342 0.010000 -0.586813
v 0.325472 0.010000 -0.585635
v 0.327597 0.010000 -0.584449
v 0.329717 0.010000 -0.583255
v 0.331834 0.010000 -0.582054
v 0.333946 0.010000 -0.580844
v 0.336053 0.010000 -0.579628
v 0.338156 0.010000 -0.578403
v 0.340255 0.010000 -0.577171
v 0.342349 0.010000 -0.575931
v 0.344439 0.010000 -0.574684
v 0.346524 0.010000 -0.573429
v 0.348605 0.010000 -0.572167
v 0.350681 0.010000 -0.570897
v 0.352752 0.010000 -0.569619
v 0.354819 0.010000 -0.568334
v 0.356881 0.010000 -0.567042
v 0.358938 0.010000 -0.565742
v 0.360990 0.010000 -0.564434
v 0.363038 0.010000 -0.563119
v 0.365081 0.010000 -0.561797
v 0.374529 0.010000 -0.555543
v 0.375257 0.010000 -0.555052
v 0.375984 0.010000 -0.554559
v 0.376710 0.010000 -0.554066
v 0.377436 0.010000 -0.553572
v 0.378161 0.010000 -0.553077
v 0.378885 0.010000 -0.552581
v 0.379609 0.010000 -0.552085
v 0.380332 0.010000 -0.551587
v 0.381054 0.010000 -0.551088
v 0.381776 0.010000 -0.550588
v 0.382497 0.010000 -0.550088
v 0.383217 0.010000 -0.549586
v 0.383937 0.010000 -0.549083
v 0.384656 0.010000 -0.548580
v 0.385374 0.010000 -0.548076
v 0.386092 0.010000 -0.547570
v 0.386809 0.010000 -0.547064
v 0.387525 0.010000 -0.546557
v 0.388241 0.010000 -0.546048
v 0.388956 0.010000 -0.545539
v 0.389670 0.010000 -0.545029
v 0.390384 0.010000 -0.544518
v 0.391097 0.010000 -0.544006
v 0.391810 0.010000 -0.543494
v 0.392521 0.010000 -0.542980
v 0.393232 0.010000 -0.542465
v 0.393943 0.010000 -0.541949
v 0.394652 0.010000 -0.541433
v 0.403051 0.010000 -0.535210
v 0.404993 0.010000 -0.533742
v 0.406929 0.010000 -0.532268
v 0.408859 0.010000 -0.530786
v 0.410785 0.010000 -0.529298
v 0.412704 0.010000 -0.527802
v 0.414619 0.010000 -0.526300
v 0.416528 0.010000 -0.524790
v 0.418431 0.010000 -0.523274
v 0.420329 0.010000 -0.521750
v 0.422221 0.010000 -0.520220
v 0.424108 0.010000 -0.518683
v 0.425989 0.010000 -0.517139
v 0.427865 0.010000 -0.515589
v 0.429735 0.010000 -0.514031
v 0.431599 0.010000 -0.512467
v 0.433458 0.010000 -0.510896
v 0.435311 0.010000 -0.509318
v 0.437158 0.010000 -0.507733
v 0.438999 0.010000 -0.506142
v 0.440835 0.010000 -0.504544
v 0.442664 0.010000 -0.502940
v 0.444488 0.010000 -0.501329
v 0.446306 0.010000 -0.499711
v 0.448118 0.010000 -0.498086
v 0.449924 0.010000 -0.496455
v 0.451725 0.010000 -0.494818
v 0.453519 0.010000 -0.493174
v 0.455307 0.010000 -0.491523
v 0.457090 0.010000 -0.489866
v 0.465308 0.010000 -0.482066
v 0.465940 0.010000 -0.481456
v 0.466570 0.010000 -0.480845
v 0.467200 0.010000 -0.480234
v 0.467828 0.010000 -0.479621
v 0.468456 0.010000 -0.479008
v 0.469084 0.010000 -0.478394
v 0.469710 0.010000 -0.477779
v 0.470335 0.010000 -0.477163
v 0.470960 0.010000 -0.476546
v 0.471584 0.010000 -0.475929
v 0.472207 0.010000 -0.475311
v 0.472830 0.010000 -0.474692
v 0.473451 0.010000 -0.474072
v 0.474072 0.010000 -0.473451
v 0.474692 0.010000 -0.472830
v 0.475311 0.010000 -0.472207
v 0.475929 0.010000 -0.471584
v 0.476546 0.010000 -0.470960
v 0.477163 0.010000 -0.470335
v 0.477779 0.010000 -0.469710
v 0.478394 0.010000 -0.469084
v 0.479008 0.010000 -0.468456
v 0.479621 0.010000 -0.467828
v 0.480234 0.010000 -0.467200
v 0.480845 0.010000 -0.466570
v 0.481456 0.010000 -0.465940
v 0.482066 0.010000 -0.465308
v 0.482676 0.010000 -0.464677
v 0.489866 0.010000 -0.457090
v 0.491523 0.010000 -0.455307
v 0.493174 0.010000 -0.453519
v 0.494818 0.010000 -0.451725
v 0.496455 0.010000 -0.449924
v 0.498086 0.010000 -0.448118
v 0.499711 0.010000 -0.446306
v 0.501329 0.010000 -0.444488
v 0.502940 0.010000 -0.442664
v 0.504544 0.010000 -0.440835
v 0.506142 0.010000 -0.438999
v 0.507733 0.010000 -0.437158
v 0.509318 0.010000 -0.435311
v 0.510896 0.010000 -0.433458
v 0.512467 0.010000 -0.431599
v 0.514031 0.010000 -0.429735
v 0.515589 0.010000 -0.427865
v 0.517139 0.010000 -0.425989
v 0.518683 0.010000 -0.424108
v 0.520220 0.010000 -0.422221
v 0.521750 0.010000 -0.420329
v 0.523274 0.010000 -0.418431
v 0.524790 0.010000 -0.416528
v 0.526300 0.010000 -0.414619
v 0.527802 0.010000 -0.412704
v 0.529298 0.010000 -0.410785
v 0.530786 0.010000 -0.408859
v 0.532268 0.010000 -0.406929
v 0.533742 0.010000 -0.404993
v 0.535210 0.010000 -0.403051
v 0.541949 0.010000 -0.393943
v 0.542465 0.010000 -0.393232
v 0.542980 0.010000 -0.392521
v 0.543494 0.010000 -0.391810
v 0.544006 0.010000 -0.391097
v 0.544518 0.010000 -0.390384
v 0.545029 0.010000 -0.389670
v 0.545539 0.010000 -0.388956
v 0.546048 0.010000 -0.388241
v 0.546557 0.010000 -0.387525
v 0.547064 0.010000 -0.386809
v 0.547570 0.010000 -0.386092
v 0.548076 0.010000 -0.385374
v 0.548580 0.010000 -0.384656
v 0.549083 0.010000 -0.383937
v 0.549586 0.010000 -0.383217
v 0.550088 0.010000 -0.382497
v 0.550588 0.010000 -0.381776
v 0.551088 0.010000 -0.381054
v 0.551587 0.010000 -0.380332
v 0.552085 0.010000 -0.379609
v 0.552581 0.010000 -0.378885
v 0.553077 0.010000 -0.378161
v 0.553572 0.010000 -0.377436
v 0.554066 0.010000 -0.376710
v 0.554559 0.010000 -0.375984
v 0.555052 0.010000 -0.375257
v 0.555543 0.010000 -0.374529
v 0.556033 0.010000 -0.373801
v 0.561797 0.010000 -0.365081
v 0.563119 0.010000 -0.363038
v 0.564434 0.010000 -0.360990
v 0.565742 0.010000 -0.358938
v 0.567042 0.010000 -0.356881
v 0.568334 0.010000 -0.354819
v 0.569619 0.010000 -0.352752
v 0.570897 0.010000 -0.350681
v 0.572167 0.010000 -0.348605
v 0.573429 0.010000 -0.346524
v 0.574684 0.010000 -0.344439
v 0.575931 0.010000 -0.342349
v 0.577171 0.010000 -0.340255
v 0.578403 0.010000 -0.338156
v 0.579628 0.010000 -0.336053
v 0.580844 0.010000 -0.333946
v 0.582054 0.010000 -0.331834
v 0.583255 0.010000 -0.329717
v 0.584449 0.010000 -0.327597
v 0.585635 0.010000 -0.325472
v 0.586813 0.010000 -0.323342
v 0.587984 0.010000 -0.321209
v 0.589147 0.010000 -0.319071
v 0.590302 0.010000 -0.316929
v 0.591449 0.010000 -0.314783
v 0.592588 0.010000 -0.312632
v 0.593720 0.010000 -0.310478
v 0.594844 0.010000 -0.308319
v 0.595960 0.010000 -0.306156
v 0.597068 0.010000 -0.303990
v 0.602123 0.010000 -0.293849
v 0.602508 0.010000 -0.293060
v 0.602891 0.010000 -0.292271
v 0.603274 0.010000 -0.291480
v 0.603655 0.010000 -0.290690
v 0.604035 0.010000 -0.289899
v 0.604415 0.010000 -0.289107
v 0.604793 0.010000 -0.288315
v 0.605170 0.010000 -0.287522
v 0.605546 0.010000 -0.286729
v 0.605921 0.010000 -0.285936
v 0.606296 0.010000 -0.285142
v 0.606669 0.010000 -0.284347
v 0.607041 0.010000 -0.283552
v 0.607412 0.010000 -0.282756
v 0.607782 0.010000 -0.281960
v 0.608150 0.010000 -0.281164
v 0.608518 0.010000 -0.280367
v 0.608885 0.010000 -0.279569
v 0.609251 0.010000 -0.278771
v 0.609615 0.010000 -0.277973
v 0.609979 0.010000 -0.277174
v 0.610342 0.010000 -0.276375
v 0.610703 0.010000 -0.275575
v 0.611064 0.010000 -0.274774
v 0.611423 0.010000 -0.273974
v 0.611782 0.010000 -0.273172
v 0.612139 0.010000 -0.272371
v 0.612495 0.010000 -0.271568
v 0.616658 0.010000 -0.261980
v 0.617605 0.010000 -0.259738
v 0.618544 0.010000 -0.257493
v 0.619476 0.010000 -0.255245
v 0.620399 0.010000 -0.252993
v 0.621314 0.010000 -0.250738
v 0.622220 0.010000 -0.248479
v 0.623119 0.010000 -0.246218
v 0.624009 0.010000 -0.243953
v 0.624891 0.010000 -0.241685
v 0.625765 0.010000 -0.239413
v 0.626630 0.010000 -0.237139
v 0.627487 0.010000 -0.234861
v 0.628336 0.010000 -0.232580
v 0.629177 0.010000 -0.230297
v 0.630009 0.010000 -0.228010
v 0.630833 0.010000 -0.225720
v 0.631649 0.010000 -0.223427
v 0.632456 0.010000 -0.221131
v 0.633255 0.010000 -0.218833
v 0.634046 0.010000 -0.216531
v 0.634828 0.010000 -0.214226
v 0.635602 0.010000 -0.211919
v 0.636368 0.010000 -0.209609
v 0.637125 0.010000 -0.207296
v 0.637874 0.010000 -0.204981
v 0.638614 0.010000 -0.202662
v 0.639346 0.010000 -0.200342
v 0.640069 0.010000 -0.198018
v 0.640784 0.010000 -0.195692
v 0.644002 0.010000 -0.184827
v 0.644244 0.010000 -0.183984
v 0.644484 0.010000 -0.183139
v 0.644724 0.010000 -0.182295
v 0.644962 0.010000 -0.181450
v 0.645199 0.010000 -0.180605
v 0.645435 0.010000 -0.179759
v 0.645670 0.010000 -0.178914
v 0.645904 0.010000 -0.178068
v 0.646137 0.010000 -0.177221
v 0.646368 0.010000 -0.176375
v 0.646599 0.010000 -0.175528
v 0.646828 0.010000 -0.174680
v 0.647057 0.010000 -0.173833
v 0.647284 0.010000 -0.172985
v 0.647510 0.010000 -0.172137
v 0.647735 0.010000 -0.171288
v 0.647959 0.010000 -0.170439
v 0.648181 0.010000 -0.169590
v 0.648403 0.010000 -0.168741
v 0.648624 0.010000 -0.167891
v 0.648843 0.010000 -0.167041
v 0.649061 0.010000 -0.166191
v 0.649278 0.010000 -0.165341
v 0.649494 0.010000 -0.164490
v 0.649709 0.010000 -0.163639
v 0.649923 0.010000 -0.162787
v 0.650136 0.010000 -0.161936
v 0.650348 0.010000 -0.161084
v 0.652781 0.010000 -0.150918
v 0.653325 0.010000 -0.148546
v 0.653861 0.010000 -0.146172
v 0.654387 0.010000 -0.143796
v 0.654905 0.010000 -0.141418
v 0.655415 0.010000 -0.139039
v 0.655915 0.010000 -0.136657
v 0.656407 0.010000 -0.134274
v 0.656891 0.010000 -0.131889
v 0.657365 0.010000 -0.129502
v 0.657831 0.010000 -0.127113
v 0.658289 0.010000 -0.124723
v 0.658738 0.010000 -0.122331
v 0.659178 0.010000 -0.119938
v 0.659609 0.010000 -0.117542
v 0.660031 0.010000 -0.115146
v 0.660445 0.010000 -0.112748
v 0.660850 0.010000 -0.110348
v 0.661247 0.010000 -0.107947
v 0.661635 0.010000 -0.105544
v 0.662014 0.010000 -0.103140
v 0.662384 0.010000 -0.100735
v 0.662745 0.010000 -0.098328
v 0.663098 0.010000 -0.095921
v 0.663442 0.010000 -0.093511
v 0.663778 0.010000 -0.091101
v 0.664104 0.010000 -0.088689
v 0.664422 0.010000 -0.086277
v 0.664731 0.010000 -0.083863
v 0.665031 0.010000 -0.081448
v 0.666313 0.010000 -0.070190
v 0.666405 0.010000 -0.069317
v 0.666495 0.010000 -0.068444
v 0.666584 0.010000 -0.067570
v 0.666672 0.010000 -0.066697
v 0.666759 0.010000 -0.065823
v 0.666844 0.010000 -0.064950
v 0.666929 0.010000 -0.064076
v 0.667012 0.010000 -0.063202
v 0.667095 0.010000 -0.062328
v 0.667176 0.010000 -0.061454
v 0.667256 0.010000 -0.060580
v 0.667334 0.010000 -0.059706
v 0.667412 0.010000 -0.058832
v 0.667489 0.010000 -0.057957
v 0.667564 0.010000 -0.057083
v 0.667638 0.010000 -0.056208
v 0.667711 0.010000 -0.055333
v 0.667783 0.010000 -0.054458
v 0.667854 0.010000 -0.053583
v 0.667924 0.010000 -0.052708
v 0.667992 0.010000 -0.051833
v 0.668059 0.010000 -0.050958
v 0.668126 0.010000 -0.050083
v 0.668191 0.010000 -0.049207
v 0.668254 0.010000 -0.048332
v 0.668317 0.010000 -0.047456
v 0.668379 0.010000 -0.046581
v 0.668439 0.010000 -0.045705
f 1 2 3
f 3 4 5
f 6 7 8
f 7 9 10
f 11 12 13
f 14 15 11
f 14 16 17
f 17 18 19
f 19 20 21
f 21 22 23
f 23 24 25
f 25 26 27
f 27 28 29
f 29 30 31
f 31 32 33
f 33 34 35
f 35 36 37
f 37 38 39
f 39 40 41
f 41 42 43
f 43 44 45
f 45 46 47
f 47 48 49
f 49 50 51
f 51 52 53
f 53 54 55
f 55 56 57
f 57 58 59
f 59 60 61
f 61 62 63
f 63 64 65
f 12 13 15
f 15 14 16
f 16 17 18
f 18 19 20
f 20 21 22
f 22 23 24
f 24 25 26
f 26 27 28
f 28 29 30
f 30 31 32
f 32 33 34
f 34 35 36
f 36 37 38
f 38 39 40
f 40 41 42
f 42 43 44
f 44 45 46
f 46 47 48
f 48 49 50
f 50 51 52
f 52 53 54
f 54 55 56
f 56 57 58
f 58 59 60
f 60 61 62
f 62 63 64
f 64 65 66
f 67 68 69
f 70 71 67
f 70 72 73
f 73 74 75
f 75 76 77
f 77 78 79
f 79 80 81
f 81 82 83
f 83 84 85
f 85 86 87
f 87 88 89
f 89 90 91
f 91 92 93
f 93 94 95
f 95 96 97
f 97 98 99
f 99 100 101
f 101 102 103
f 103 104 105
f 105 106 107
f 107 108 109
f 109 110 111
f 111 112 113
f 113 114 115
f 115 116 117
f 117 118 119
f 119 120 121
f 68 69 71
f 71 70 72
f 72 73 74
f 74 75 76
f 76 77 78
f 78 79 80
f 80 81 82
f 82 83 84
f 84 85 86
f 86 87 88
f 88 89 90
f 90 91 92
f 92 93 94
f 94 95 96
f 96 97 98
f 98 99 100
f 100 101 102
f 102 103 104
f 104 105 106
f 106 107 108
f 108 109 110
f 110 111 112
f 112 113 114
f 114 115 116
f 116 117 118
f 118 119 120
f 120 121 122
f 123 124 125
f 126 127 123
f 126 128 129
f 129 130 131
f 131 132 133
f 133 134 135
f 135 136 137
f 137 138 139
f 139 140 141
f 141 142 143
f 143 144 145
f 145 146 147
f 147 148 149
f 149 150 151
f 151 152 153
f 153 154 155
f 155 156 157
f 157 158 159
f 159 160 161
f 161 162 163
f 163 164 165
f 165 166 167
f 167 168 169
f 169 170 171
f 171 172 173
f 173 174 175
f 175 176 177
f 124 125 127
f 127 126 128
f 128 129 130
f 130 131 132
f 132 133 134
f 134 135 136
f 136 137 138
f 138 139 140
f 140 141 142
f 142 143 144
f 144 145 146
f 146 147 148
f 148 149 150
f 150 151 152
f 152 153 154
f 154 155 156
f 156 157 158
f 158 159 160
f 160 161 162
f 162 163 164
f 164 165 166
f 166 167 168
f 168 169 170
f 170 171 172
f 172 173 174
f 174 175 176
f 176 177 178
f 179 180 181
f 182 183 179
f 182 184 185
f 185 186 187
f 187 188 189
f 189 190 191
f 191 192 193
f 193 194 195
f 195 196 197
f 197 198 199
f 199 200 201
f 201 202 203
f 203 204 205
f 205 206 207
f 207 208 209
f 209 210 211
f 211 212 213
f 213 214 215
f 215 216 217
f 217 218 219
f 219 220 221
f 221 222 223
f 223 224 225
f 225 226 227
f 227 228 229
f 229 230 231
f 231 232 233
f 180 181 183
f 183 182 184
f 184 185 186
f 186 187 188
f 188 189 190
f 190 191 192
f 192 193 194
f 194 195 196
f 196 197 198
f 198 199 200
f 200 201 202
f 202 203 204
f 204 205 206
f 206 207 208
f 208 209 210
f 210 211 212
f 212 213 214
f 214 215 216
f 216 217 218
f 218 219 220
f 220 221 222
f 222 223 224
f 224 225 226
f 226 227 228
f 228 229 230
f 230 231 232
f 232 233 234
f 235 236 237
f 238 239 235
f 238 240 241
f 241 242 243
f 243 244 245
f 245 246 247
f 247 248 249
f 249 250 251
f 251 252 253
f 253 254 255
f 255 256 257
f 257 258 259
f 259 260 261
f 261 262 263
f 263 264 265
f 265 266 267
f 267 268 269
f 269 270 271
f 271 272 273
f 273 274 275
f 275 276 277
f 277 278 279
f 279 280 281
f 281 282 283
f 283 284 285
f 285 286 287
f 287 288 289
f 236 237 239
f 239 238 240
f 240 241 242
f 242 243 244
f 244 245 246
f 246 247 248
f 248 249 250
f 250 251 252
f 252 253 254
f 254 255 256
f 256 257 258
f 258 259 260
f 260 261 262
f 262 263 264
f 264 265 266
f 266 267 268
f 268 269 270
f 270 271 272
f 272 273 274
f 274 275 276
f 276 277 278
f 278 279 280
f 280 281 282
f 282 283 284
f 284 285 286
f 286 287 288
f 288 289 290
f 291 292 293
f 294 295 291
f 294 296 297
f 297 298 299
f 299 300 301
f 301 302 303
f 303 304 305
f 305 306 307
f 307 308 309
f 309 310 311
f 311 312 313
f 313 314 315
f 315 316 317
f 317 318 319
f 319 320 321
f 321 322 323
f 323 324 325
f 325 326 327
f 327 328 329
f 329 330 331
f 331 332 333
f 333 334 335
f 335 336 337
f 337 338 339
f 339 340 341
f 341 342 343
f 343 344 345
f 292 293 295
f 295 294 296
f 296 297 298
f 298 299 300
f 300 301 302
f 302 303 304
f 304 305 306
f 306 307 308
f 308 309 310
f 310 311 312
f 312 313 314
f 314 315 316
f 316 317 318
f 318 319 320
f 320 321 322
f 322 323 324
f 324 325 326
f 326 327 328
f 328 329 330
f 330 331 332
f 332 333 334
f 334 335 336
f 336 337 338
f 338 339 340
f 340 341 342
f 342 343 344
f 344 345 346
f 347 348 349
f 350 351 347
f 350 352 353
f 353 354 355
f 355 356 357
f 357 358 359
f 359 360 361
f 361 362 363
f 363 364 365
f 365 366 367
f 367 368 369
f 369 370 371
f 371 372 373
f 373 374 375
f 375 376 377
f 377 378 379
f 379 380 381
f 381 382 383
f 383 384 385
f 385 386 387
f 387 388 389
f 389 390 391
f 391 392 393
f 393 394 395
f 395 396 397
f 397 398 399
f 399 400 401
f 348 349 351
f 351 350 352
f 352 353 354
f 354 355 356
f 356 357 358
f 358 359 360
f 360 361 362
f 362 363 364
f 364 365 366
f 366 367 368
f 368 369 370
f 370 371 372
f 372 373 374
f 374 375 376
f 376 377 378
f 378 379 380
f 380 381 382
f 382 383 384
f 384 385 386
f 386 387 388
f 388 389 390
f 390 391 392
f 392 393 394
f 394 395 396
f 396 397 398
f 398 399 400
f 400 401 402
f 403 404 405
f 406 407 403
f 406 408 409
f 409 410 411
f 411 412 413
f 413 414 415
f 415 416 417
f 417 418 419
f 419 420 421
f 421 422 423
f 423 424 425
f 425 426 427
f 427 428 429
f 429 430 431
f 431 432 433
f 433 434 435
f 435 436 437
f 437 438 439
f 439 440 441
f 441 442 443
f 443 444 445
f 445 446 447
f 447 448 449
f 449 450 451
f 451 452 453
f 453 454 455
f 455 456 457
f 404 405 407
f 407 406 408
f 408 409 410
f 410 411 412
f 412 413 414
f 414 415 416
f 416 417 418
f 418 419 420
f 420 421 422
f 422 423 424
f 424 425 426
f 426 427 428
f 428 429 430
f 430 431 432
f 432 433 434
f 434 435 436
f 436 437 438
f 438 439 440
f 440 441 442
f 442 443 444
f 444 445 446
f 446 447 448
f 448 449 450
f 450 451 452
f 452 453 454
f 454 455 456
f 456 457 458
f 459 460 461
f 462 463 459
f 462 464 465
f 465 466 467
f 467 468 469
f 469 470 471
f 471 472 473
f 473 474 475
f 475 476 477
f 477 478 479
f 479 480 481
f 481 482 483
f 483 484 485
f 485 486 487
f 487 488 489
f 489 490 491
f 491 492 493
f 493 494 495
f 495 496 497
f 497 498 499
f 499 500 501
f 501 502 503
f 503 504 505
f 505 506 507
f 507 508 509
f 509 510 511
f 511 512 513
f 460 461 463
f 463 462 464
f 464 465 466
f 466 467 468
f 468 469 470
f 470 471 472
f 472 473 474
f 474 475 476
f 476 477 478
f 478 479 480
f 480 481 482
f 482 483 484
f 484 485 486
f 486 487 488
f 488 489 490
f 490 491 492
f 492 493 494
f 494 495 496
f 496 497 498
f 498 499 500
f 500 501 502
f 502 503 504
f 504 505 506
f 506 507 508
f 508 509 510
f 510 511 512
f 512 513 514
f 515 516 517
f 518 519 515
f 518 520 521
f 521 522 523
f 523 524 525
f 525 526 527
f 527 528 529
f 529 530 531
f 531 532 533
f 533 534 535
f 535 536 537
f 537 538 539
f 539 540 541
f 541 542 543
f 543 544 545
f 545 546 547
f 547 548 549
f 549 550 551
f 551 552 553
f 553 554 555
f 555 556 557
f 557 558 559
f 559 560 561
f 561 562 563
f 563 564 565
f 565 566 567
f 567 568 569
f 516 517 519
f 519 518 520
f 520 521 522
f 522 523 524
f 524 525 526
f 526 527 528
f 528 529 530
f 530 531 532
f 532 533 534
f 534 535 536
f 536 537 538
f 538 539 540
f 540 541 542
f 542 543 544
f 544 545 546
f 546 547 548
f 548 549 550
f 550 551 552
f 552 553 554
f 554 555 556
f 556 557 558
f 558 559 560
f 560 561 562
f 562 563 564
f 564 565 566
f 566 567 568
f 568 569 570
f 571 572 573
f 574 575 571
f 574 576 577
f 577 578 579
f 579 580 581
f 581 582 583
f 583 584 585
f 585 586 587
f 587 588 589
f 589 590 591
f 591 592 593
f 593 594 595
f 595 596 597
f 597 598 599
f 599 600 601
f 601 602 603
f 603 604 605
f 605 606 607
f 607 608 609
f 609 610 611
f 611 612 613
f 613 614 615
f 615 616 617
f 617 618 619
f 619 620 621
f 621 622 623
f 623 624 625
f 572 573 575
f 575 574 576
f 576 577 578
f 578 579 580
f 580 581 582
f 582 583 584
f 584 585 586
f 586 587 588
f 588 589 590
f 590 591 592
f 592 593 594
f 594 595 596
f 596 597 598
f 598 599 600
f 600 601 602
f 602 603 604
f 604 605 606
f 606 607 608
f 608 609 610
f 610 611 612
f 612 613 614
f 614 615 616
f 616 617 618
f 618 619 620
f 620 621 622
f 622 623 624
f 624 625 626
f 627 628 629
f 630 631 627
f 630 632 633
f 633 634 635
f 635 636 637
f 637 638 639
f 639 640 641
f 641 642 643
f 643 644 645
f 645 646 647
f 647 648 649
f 649 650 651
f 651 652 653
f 653 654 655
f 655 656 657
f 657 658 659
f 659 660 661
f 661 662 663
f 663 664 665
f 665 666 667
f 667 668 669
f 669 670 671
f 671 672 673
f 673 674 675
f 675 676 677
f 677 678 679
f 679 680 681
f 628 629 631
f 631 630 632
f 632 633 634
f 634 635 636
f 636 637 638
f 638 639 640
f 640 641 642
f 642 643 644
f 644 645 646
f 646 647 648
f 648 649 650
f 650 651 652
f 652 653 654
f 654 655 656
f 656 657 658
f 658 659 660
f 660 661 662
f 662 663 664
f 664 665 666
f 666 667 668
f 668 669 670
f 670 671 672
f 672 673 674
f 674 675 676
f 676 677 678
f 678 679 680
f 680 681 682
f 683 684 685
f 686 687 683
f 686 688 689
f 689 690 691
f 691 692 693
f 693 694 695
f 695 696 697
f 697 698 699
f 699 700 701
f 701 702 703
f 703 704 705
f 705 706 707
f 707 708 709
f 709 710 711
f 711 712 713
f 713 714 715
f 715 716 717
f 717 718 719
f 719 720 721
f 721 722 723
f 723 724 725
f 725 726 727
f 727 728 729
f 729 730 731
f 731 732 733
f 733 734 735
f 735 736 737
f 684 685 687
f 687 686 688
f 688 689 690
f 690 691 692
f 692 693 694
f 694 695 696
f 696 697 698
f 698 699 700
f 700 701 702
f 702 703 704
f 704 705 706
f 706 707 708
f 708 709 710
f 710 711 712
f 712 713 714
f 714 715 716
f 716 717 718
f 718 719 720
f 720 721 722
f 722 723 724
f 724 725 726
f 726 727 728
f 728 729 730
f 730 731 732
f 732 733 734
f 734 735 736
f 736 737 738
f 739 740 741
f 742 743 739
f 742 744 745
f 745 746 747
f 747 748 749
f 749 750 751
f 751 752 753
f 753 754 755
f 755 756 757
f 757 758 759
f 759 760 761
f 761 762 763
f 763 764 765
f 765 766 767
f 767 768 769
f 769 770 771
f 771 772 773
f 773 774 775
f 775 776 777
f 777 778 779
f 779 780 781
f 781 782 783
f 783 784 785
f 785 786 787
f 787 788 789
f 789 790 791
f 791 792 793
f 740 741 743
f 743 742 744
f 744 745 746
f 746 747 748
f 748 749 750
f 750 751 752
f 752 753 754
f 754 755 756
f 756 757 758
f 758 759 760
f 760 761 762
f 762 763 764
f 764 765 766
f 766 767 768
f 768 769 770
f 770 771 772
f 772 773 774
f 774 775 776
f 776 777 778
f 778 779 780
f 780 781 782
f 782 783 784
f 784 785 786
f 786 787 788
f 788 789 790
f 790 791 792
f 792 793 794
f 795 796 797
f 798 799 795
f 798 800 801
f 801 802 803
f 803 804 805
f 805 806 807
f 807 808 809
f 809 810 811
f 811 812 813
f 813 814 815
f 815 816 817
f 817 818 819
f 819 820 821
f 821 822 823
f 823 824 825
f 825 826 827
f 827 828 829
f 829 830 831
f 831 832 833
f 833 834 835
f 835 836 837
f 837 838 839
f 839 840 841
f 841 842 843
f 843 844 845
f 845 846 847
f 847 848 849
f 796 797 799
f 799 798 800
f 800 801 802
f 802 803 804
f 804 805 806
f 806 807 808
f 808 809 810
f 810 811 812
f 812 813 814
f 814 815 816
f 816 817 818
f 818 819 820
f 820 821 822
f 822 823 824
f 824 825 826
f 826 827 828
f 828 829 830
f 830 831 832
f 832 833 834
f 834 835 836
f 836 837 838
f 838 839 840
f 840 841 842
f 842 843 844
f 844 845 846
f 846 847 848
f 848 849 850
f 851 852 853
f 854 855 851
f 854 856 857
f 857 858 859
f 859 860 861
f 861 862 863
f 863 864 865
f 865 866 867
f 867 868 869
f 869 870 871
f 871 872 873
f 873 874 875
f 875 876 877
f 877 878 879
f 879 880 881
f 881 882 883
f 883 884 885
f 885 886 887
f 887 888 889
f 889 890 891
f 891 892 893
f 893 894 895
f 895 896 897
f 897 898 899
f 899 900 901
f 901 902 903
f 903 904 905
f 852 853 855
f 855 854 856
f 856 857 858
f 858 859 860
f 860 861 862
f 862 863 864
f 864 865 866
f 866 867 868
f 868 869 870
f 870 871 872
f 872 873 874
f 874 875 876
f 876 877 878
f 878 879 880
f 880 881 882
f 882 883 884
f 884 885 886
f 886 887 888
f 888 889 890
f 890 891 892
f 892 893 894
f 894 895 896
f 896 897 898
f 898 899 900
f 900 901 902
f 902 903 904
f 904 905 906
f 907 908 909
f 910 911 907
f 910 912 913
f 913 914 915
f 915 916 917
f 917 918 919
f 919 920 921
f 921 922 923
f 923 924 925
f 925 926 927
f 927 928 929
f 929 930 931
f 931 932 933
f 933 934 935
f 935 936 937
f 937 938 939
f 939 940 941
f 941 942 943
f 943 944 945
f 945 946 947
f 947 948 949
f 949 950 951
f 951 952 953
f 953 954 955
f 955 956 957
f 957 958 959
f 959 960 961
f 908 909 911
f 911 910 912
f 912 913 914
f 914 915 916
f 916 917 918
f 918 919 920
f 920 921 922
f 922 923 924
f 924 925 926
f 926 927 928
f 928 929 930
f 930 931 932
f 932 933 934
f 934 935 936
f 936 937 938
f 938 939 940
f 940 941 942
f 942 943 944
f 944 945 946
f 946 947 948
f 948 949 950
f 950 951 952
f 952 953 954
f 954 955 956
f 956 957 958
f 958 959 960
f 960 961 962
f 963 1 3
f 3 5 964
f 6 965 966
f 7 10 967
f 15 13 11
f 14 17 19
f 19 21 23
f 23 25 27
f 27 29 31
f 31 33 35
f 35 37 39
f 39 41 43
f 43 45 47
f 47 49 51
f 51 53 55
f 55 57 59
f 59 61 63
f 63 65 66
f 12 15 16
f 16 18 20
f 20 22 24
f 24 26 28
f 28 30 32
f 32 34 36
f 36 38 40
f 40 42 44
f 44 46 48
f 48 50 52
f 52 54 56
f 56 58 60
f 60 62 64
f 64 66 968
f 71 69 67
f 70 73 75
f 75 77 79
f 79 81 83
f 83 85 87
f 87 89 91
f 91 93 95
f 95 97 99
f 99 101 103
f 103 105 107
f 107 109 111
f 111 113 115
f 115 117 119
f 119 121 122
f 68 71 72
f 72 74 76
f 76 78 80
f 80 82 84
f 84 86 88
f 88 90 92
f 92 94 96
f 96 98 100
f 100 102 104
f 104 106 108
f 108 110 112
f 112 114 116
f 116 118 120
f 120 122 969
f 127 125 123
f 126 129 131
f 131 133 135
f 135 137 139
f 139 141 143
f 143 145 147
f 147 149 151
f 151 153 155
f 155 157 159
f 159 161 163
f 163 165 167
f 167 169 171
f 171 173 175
f 175 177 178
f 124 127 128
f 128 130 132
f 132 134 136
f 136 138 140
f 140 142 144
f 144 146 148
f 148 150 152
f 152 154 156
f 156 158 160
f 160 162 164
f 164 166 168
f 168 170 172
f 172 174 176
f 176 178 970
f 183 181 179
f 182 185 187
f 187 189 191
f 191 193 195
f 195 197 199
f 199 201 203
f 203 205 207
f 207 209 211
f 211 213 215
f 215 217 219
f 219 221 223
f 223 225 227
f 227 229 231
f 231 233 234
f 180 183 184
f 184 186 188
f 188 190 192
f 192 194 196
f 196 198 200
f 200 202 204
f 204 206 208
f 208 210 212
f 212 214 216
f 216 218 220
f 220 222 224
f 224 226 228
f 228 230 232
f 232 234 971
f 239 237 235
f 238 241 243
f 243 245 247
f 247 249 251
f 251 253 255
f 255 257 259
f 259 261 263
f 263 265 267
f 267 269 271
f 271 273 275
f 275 277 279
f 279 281 283
f 283 285 287
f 287 289 290
f 236 239 240
f 240 242 244
f 244 246 248
f 248 250 252
f 252 254 256
f 256 258 260
f 260 262 264
f 264 266 268
f 268 270 272
f 272 274 276
f 276 278 280
f 280 282 284
f 284 286 288
f 288 290 972
f 295 293 291
f 294 297 299
f 299 301 303
f 303 305 307
f 307 309 311
f 311 313 315
f 315 317 319
f 319 321 323
f 323 325 327
f 327 329 331
f 331 333 335
f 335 337 339
f 339 341 343
f 343 345 346
f 292 295 296
f 296 298 300
f 300 302 304
f 304 306 308
f 308 310 312
f 312 314 316
f 316 318 320
f 320 322 324
f 324 326 328
f 328 330 332
f 332 334 336
f 336 338 340
f 340 342 344
f 344 346 973
f 351 349 347
f 350 353 355
f 355 357 359
f 359 361 363
f 363 365 367
f 367 369 371
f 371 373 375
f 375 377 379
f 379 381 383
f 383 385 387
f 387 389 391
f 391 393 395
f 395 397 399
f 399 401 402
f 348 351 352
f 352 354 356
f 356 358 360
f 360 362 364
f 364 366 368
f 368 370 372
f 372 374 376
f 376 378 380
f 380 382 384
f 384 386 388
f 388 390 392
f 392 394 396
f 396 398 400
f 400 402 974
f 407 405 403
f 406 409 411
f 411 413 415
f 415 417 419
f 419 421 423
f 423 425 427
f 427 429 431
f 431 433 435
f 435 437 439
f 439 441 443
f 443 445 447
f 447 449 451
f 451 453 455
f 455 457 458
f 404 407 408
f 408 410 412
f 412 414 416
f 416 418 420
f 420 422 424
f 424 426 428
f 428 430 432
f 432 434 436
f 436 438 440
f 440 442 444
f 444 446 448
f 448 450 452
f 452 454 456
f 456 458 975
f 463 461 459
f 462 465 467
f 467 469 471
f 471 473 475
f 475 477 479
f 479 481 483
f 483 485 487
f 487 489 491
f 491 493 495
f 495 497 499
f 499 501 503
f 503 505 507
f 507 509 511
f 511 513 514
f 460 463 464
f 464 466 468
f 468 470 472
f 472 474 476
f 476 478 480
f 480 482 484
f 484 486 488
f 488 490 492
f 492 494 496
f 496 498 500
f 500 502 504
f 504 506 508
f 508 510 512
f 512 514 976
f 519 517 515
f 518 521 523
f 523 525 527
f 527 529 531
f 531 533 535
f 535 537 539
f 539 541 543
f 543 545 547
f 547 549 551
f 551 553 555
f 555 557 559
f 559 561 563
f 563 565 567
f 567 569 570
f 516 519 520
f 520 522 524
f 524 526 528
f 528 530 532
f 532 534 536
f 536 538 540
f 540 542 544
f 544 546 548
f 548 550 552
f 552 554 556
f 556 558 560
f 560 562 564
f 564 566 568
f 568 570 977
f 575 573 571
f 574 577 579
f 579 581 583
f 583 585 587
f 587 589 591
f 591 593 595
f 595 597 599
f 599 601 603
f 603 605 607
f 607 609 611
f 611 613 615
f 615 617 619
f 619 621 623
f 623 625 626
f 572 575 576
f 576 578 580
f 580 582 584
f 584 586 588
f 588 590 592
f 592 594 596
f 596 598 600
f 600 602 604
f 604 606 608
f 608 610 612
f 612 614 616
f 616 618 620
f 620 622 624
f 624 626 978
f 631 629 627
f 630 633 635
f 635 637 639
f 639 641 643
f 643 645 647
f 647 649 651
f 651 653 655
f 655 657 659
f 659 661 663
f 663 665 667
f 667 669 671
f 671 673 675
f 675 677 679
f 679 681 682
f 628 631 632
f 632 634 636
f 636 638 640
f 640 642 644
f 644 646 648
f 648 650 652
f 652 654 656
f 656 658 660
f 660 662 664
f 664 666 668
f 668 670 672
f 672 674 676
f 676 678 680
f 680 682 979
f 687 685 683
f 686 689 691
f 691 693 695
f 695 697 699
f 699 701 703
f 703 705 707
f 707 709 711
f 711 713 715
f 715 717 719
f 719 721 723
f 723 725 727
f 727 729 731
f 731 733 735
f 735 737 738
f 684 687 688
f 688 690 692
f 692 694 696
f 696 698 700
f 700 702 704
f 704 706 708
f 708 710 712
f 712 714 716
f 716 718 720
f 720 722 724
f 724 726 728
f 728 730 732
f 732 734 736
f 736 738 980
f 743 741 739
f 742 745 747
f 747 749 751
f 751 753 755
f 755 757 759
f 759 761 763
f 763 765 767
f 767 769 771
f 771 773 775
f 775 777 779
f 779 781 783
f 783 785 787
f 787 789 791
f 791 793 794
f 740 743 744
f 744 746 748
f 748 750 752
f 752 754 756
f 756 758 760
f 760 762 764
f 764 766 768
f 768 770 772
f 772 774 776
f 776 778 780
f 780 782 784
f 784 786 788
f 788 790 792
f 792 794 981
f 799 797 795
f 798 801 803
f 803 805 807
f 807 809 811
f 811 813 815
f 815 817 819
f 819 821 823
f 823 825 827
f 827 829 831
f 831 833 835
f 835 837 839
f 839 841 843
f 843 845 847
f 847 849 850
f 796 799 800
f 800 802 804
f 804 806 808
f 808 810 812
f 812 814 816
f 816 818 820
f 820 822 824
f 824 826 828
f 828 830 832
f 832 834 836
f 836 838 840
f 840 842 844
f 844 846 848
f 848 850 982
f 855 853 851
f 854 857 859
f 859 861 863
f 863 865 867
f 867 869 871
f 871 873 875
f 875 877 879
f 879 881 883
f 883 885 887
f 887 889 891
f 891 893 895
f 895 897 899
f 899 901 903
f 903 905 906
f 852 855 856
f 856 858 860
f 860 862 864
f 864 866 868
f 868 870 872
f 872 874 876
f 876 878 880
f 880 882 884
f 884 886 888
f 888 890 892
f 892 894 896
f 896 898 900
f 900 902 904
f 904 906 983
f 911 909 907
f 910 913 915
f 915 917 919
f 919 921 923
f 923 925 927
f 927 929 931
f 931 933 935
f 935 937 939
f 939 941 943
f 943 945 947
f 947 949 951
f 951 953 955
f 955 957 959
f 959 961 962
f 908 911 912
f 912 914 916
f 916 918 920
f 920 922 924
f 924 926 928
f 928 930 932
f 932 934 936
f 936 938 940
f 940 942 944
f 944 946 948
f 948 950 952
f 952 954 956
f 956 958 960
f 960 962 984
f 985 963 3
f 3 964 986
f 966 965 987
f 7 967 988
f 11 14 19
f 19 23 27
f 27 31 35
f 35 39 43
f 43 47 51
f 51 55 59
f 59 63 66
f 12 16 20
f 20 24 28
f 28 32 36
f 36 40 44
f 44 48 52
f 52 56 60
f 60 64 968
f 67 70 75
f 75 79 83
f 83 87 91
f 91 95 99
f 99 103 107
f 107 111 115
f 115 119 122
f 68 72 76
f 76 80 84
f 84 88 92
f 92 96 100
f 100 104 108
f 108 112 116
f 116 120 969
f 123 126 131
f 131 135 139
f 139 143 147
f 147 151 155
f 155 159 163
f 163 167 171
f 171 175 178
f 124 128 132
f 132 136 140
f 140 144 148
f 148 152 156
f 156 160 164
f 164 168 172
f 172 176 970
f 179 182 187
f 187 191 195
f 195 199 203
f 203 207 211
f 211 215 219
f 219 223 227
f 227 231 234
f 180 184 188
f 188 192 196
f 196 200 204
f 204 208 212
f 212 216 220
f 220 224 228
f 228 232 971
f 235 238 243
f 243 247 251
f 251 255 259
f 259 263 267
f 267 271 275
f 275 279 283
f 283 287 290
f 236 240 244
f 244 248 252
f 252 256 260
f 260 264 268
f 268 272 276
f 276 280 284
f 284 288 972
f 291 294 299
f 299 303 307
f 307 311 315
f 315 319 323
f 323 327 331
f 331 335 339
f 339 343 346
f 292 296 300
f 300 304 308
f 308 312 316
f 316 320 324
f 324 328 332
f 332 336 340
f 340 344 973
f 347 350 355
f 355 359 363
f 363 367 371
f 371 375 379
f 379 383 387
f 387 391 395
f 395 399 402
f 348 352 356
f 356 360 364
f 364 368 372
f 372 376 380
f 380 384 388
f 388 392 396
f 396 400 974
f 403 406 411
f 411 415 419
f 419 423 427
f 427 431 435
f 435 439 443
f 443 447 451
f 451 455 458
f 404 408 412
f 412 416 420
f 420 424 428
f 428 432 436
f 436 440 444
f 444 448 452
f 452 456 975
f 459 462 467
f 467 471 475
f 475 479 483
f 483 487 491
f 491 495 499
f 499 503 507
f 507 511 514
f 460 464 468
f 468 472 476
f 476 480 484
f 484 488 492
f 492 496 500
f 500 504 508
f 508 512 976
f 515 518 523
f 523 527 531
f 531 535 539
f 539 543 547
f 547 551 555
f 555 559 563
f 563 567 570
f 516 520 524
f 524 528 532
f 532 536 540
f 540 544 548
f 548 552 556
f 556 560 564
f 564 568 977
f 571 574 579
f 579 583 587
f 587 591 595
f 595 599 603
f 603 607 611
f 611 615 619
f 619 623 626
f 572 576 580
f 580 584 588
f 588 592 596
f 596 600 604
f 604 608 612
f 612 616 620
f 620 624 978
f 627 630 635
f 635 639 643
f 643 647 651
f 651 655 659
f 659 663 667
f 667 671 675
f 675 679 682
f 628 632 636
f 636 640 644
f 644 648 652
f 652 656 660
f 660 664 668
f 668 672 676
f 676 680 979
f 683 686 691
f 691 695 699
f 699 703 707
f 707 711 715
f 715 719 723
f 723 727 731
f 731 735 738
f 684 688 692
f 692 696 700
f 700 704 708
f 708 712 716
f 716 720 724
f 724 728 732
f 732 736 980
f 739 742 747
f 747 751 755
f 755 759 763
f 763 767 771
f 771 775 779
f 779 783 787
f 787 791 794
f 740 744 748
f 748 752 756
f 756 760 764
f 764 768 772
f 772 776 780
f 780 784 788
f 788 792 981
f 795 798 803
f 803 807 811
f 811 815 819
f 819 823 827
f 827 831 835
f 835 839 843
f 843 847 850
f 796 800 804
f 804 808 812
f 812 816 820
f 820 824 828
f 828 832 836
f 836 840 844
f 844 848 982
f 851 854 859
f 859 863 867
f 867 871 875
f 875 879 883
f 883 887 891
f 891 895 899
f 899 903 906
f 852 856 860
f 860 864 868
f 868 872 876
f 876 880 884
f 884 888 892
f 892 896 900
f 900 904 983
f 907 910 915
f 915 919 923
f 923 927 931
f 931 935 939
f 939 943 947
f 947 951 955
f 955 959 962
f 908 912 916
f 916 920 924
f 924 928 932
f 932 936 940
f 940 944 948
f 948 952 956
f 956 960 984
f 989 985 3
f 3 986 990
f 987 965 991
f 7 988 992
f 11 19 27
f 27 35 43
f 43 51 59
f 12 20 28
f 28 36 44
f 44 52 60
f 67 75 83
f 83 91 99
f 99 107 115
f 68 76 84
f 84 92 100
f 100 108 116
f 123 131 139
f 139 147 155
f 155 163 171
f 124 132 140
f 140 148 156
f 156 164 172
f 179 187 195
f 195 203 211
f 211 219 227
f 180 188 196
f 196 204 212
f 212 220 228
f 235 243 251
f 251 259 267
f 267 275 283
f 236 244 252
f 252 260 268
f 268 276 284
f 291 299 307
f 307 315 323
f 323 331 339
f 292 300 308
f 308 316 324
f 324 332 340
f 347 355 363
f 363 371 379
f 379 387 395
f 348 356 364
f 364 372 380
f 380 388 396
f 403 411 419
f 419 427 435
f 435 443 451
f 404 412 420
f 420 428 436
f 436 444 452
f 459 467 475
f 475 483 491
f 491 499 507
f 460 468 476
f 476 484 492
f 492 500 508
f 515 523 531
f 531 539 547
f 547 555 563
f 516 524 532
f 532 540 548
f 548 556 564
f 571 579 587
f 587 595 603
f 603 611 619
f 572 580 588
f 588 596 604
f 604 612 620
f 627 635 643
f 643 651 659
f 659 667 675
f 628 636 644
f 644 652 660
f 660 668 676
f 683 691 699
f 699 707 715
f 715 723 731
f 684 692 700
f 700 708 716
f 716 724 732
f 739 747 755
f 755 763 771
f 771 779 787
f 740 748 756
f 756 764 772
f 772 780 788
f 795 803 811
f 811 819 827
f 827 835 843
f 796 804 812
f 812 820 828
f 828 836 844
f 851 859 867
f 867 875 883
f 883 891 899
f 852 860 868
f 868 876 884
f 884 892 900
f 907 915 923
f 923 931 939
f 939 947 955
f 908 916 924
f 924 932 940
f 940 948 956
f 993 989 3
f 3 990 994
f 991 965 995
f 7 992 8
f 11 27 43
f 43 59 66
f 12 28 44
f 44 60 968
f 67 83 99
f 99 115 122
f 68 84 100
f 100 116 969
f 123 139 155
f 155 171 178
f 124 140 156
f 156 172 970
f 179 195 211
f 211 227 234
f 180 196 212
f 212 228 971
f 235 251 267
f 267 283 290
f 236 252 268
f 268 284 972
f 291 307 323
f 323 339 346
f 292 308 324
f 324 340 973
f 347 363 379
f 379 395 402
f 348 364 380
f 380 396 974
f 403 419 435
f 435 451 458
f 404 420 436
f 436 452 975
f 459 475 491
f 491 507 514
f 460 476 492
f 492 508 976
f 515 531 547
f 547 563 570
f 516 532 548
f 548 564 977
f 571 587 603
f 603 619 626
f 572 588 604
f 604 620 978
f 627 643 659
f 659 675 682
f 628 644 660
f 660 676 979
f 683 699 715
f 715 731 738
f 684 700 716
f 716 732 980
f 739 755 771
f 771 787 794
f 740 756 772
f 772 788 981
f 795 811 827
f 827 843 850
f 796 812 828
f 828 844 982
f 851 867 883
f 883 899 906
f 852 868 884
f 884 900 983
f 907 923 939
f 939 955 962
f 908 924 940
f 940 956 984
f 996 993 3
f 3 994 997
f 995 965 998
f 6 8 999
f 11 43 66
f 12 44 968
f 67 99 122
f 68 100 969
f 123 155 178
f 124 156 970
f 179 211 234
f 180 212 971
f 235 267 290
f 236 268 972
f 291 323 346
f 292 324 973
f 347 379 402
f 348 380 974
f 403 435 458
f 404 436 975
f 459 491 514
f 460 492 976
f 515 547 570
f 516 548 977
f 571 603 626
f 572 604 978
f 627 659 682
f 628 660 979
f 683 715 738
f 684 716 980
f 739 771 794
f 740 772 981
f 795 827 850
f 796 828 982
f 851 883 906
f 852 884 983
f 907 939 962
f 908 940 984
f 1000 996 3
f 3 997 1001
f 998 965 1002
f 999 1003 6
f 1004 1000 3
f 3 1001 1005
f 1002 965 1006
f 6 1003 1007
f 1008 1004 3
f 3 1005 1009
f 1006 965 1010
f 1007 1011 6
f 1012 1008 3
f 3 1009 1013
f 1010 965 1014
f 6 1011 1015
f 1016 1012 3
f 3 1013 1017
f 1014 965 1018
f 1015 1019 6
f 1020 1016 3
f 1017 1021 965
f 1018 965 1022
f 6 1019 1023
f 1024 1020 3
f 965 1021 1025
f 1022 965 1026
f 1023 1027 6
f 1028 1024 3
f 1025 1029 965
f 1026 965 1030
f 6 1027 1031
f 1032 1028 3
f 965 1029 1033
f 1030 965 1034
f 1031 965 6
f 1035 1032 3
f 1033 1036 965
f 1034 965 1036
f 1037 1035 3
f 1017 965 3
f 1038 1037 3
f 1033 1039 1040
f 1041 1038 3
f 1033 1040 1042
f 1043 1041 3
f 1033 1042 1044
f 1045 1043 3
f 1033 1044 1046
f 1047 1045 3
f 1033 1046 1048
f 1049 1047 3
f 1033 1048 1050
f 1051 1049 3
f 1033 1050 1052
f 1053 1051 3
f 1033 1052 1054
f 1055 1053 3
f 1033 1054 1056
f 1057 1055 3
f 1033 1056 1058
f 1059 1057 3
f 1033 1058 1060
f 1061 1059 3
f 1033 1060 1062
f 1063 1061 3
f 1033 1062 1064
f 1065 1063 3
f 1033 1064 1066
f 1033 1066 1067
f 1033 1067 1068
f 11 66 968
f 67 122 969
f 123 178 970
f 179 234 971
f 235 290 972
f 291 346 973
f 347 402 974
f 403 458 975
f 459 514 976
f 515 570 977
f 571 626 978
f 627 682 979
f 683 738 980
f 739 794 981
f 795 850 982
f 851 906 983
f 907 962 984
f 1123 1124 1122
f 3 1068 1125
f 3 1123 1126
f 1182 1183 1181
f 1182 3 1183
f 3 1182 1184
f 1240 1241 1239
f 1240 3 1241
f 3 1240 1242
f 1298 1299 1297
f 1298 3 1299
f 3 1298 1300
f 1356 1357 1355
f 1356 3 1357
f 3 1356 1358
f 1414 1415 1413
f 1414 3 1415
f 3 1414 1416
f 1472 1473 1471
f 1472 3 1473
f 3 1472 1474
f 1530 1531 1529
f 1530 3 1531
f 3 1530 1532
f 1588 1589 1587
f 1588 3 1589
f 3 1588 1590
f 1646 1647 1645
f 1646 3 1647
f 3 1646 1648
f 1704 1705 1703
f 1704 3 1705
f 3 1704 1706
f 1762 1763 1761
f 1762 3 1763
f 3 1762 1764
f 1819 1820 1818
f 1821 3 1820
f 1820 1819 1821
f 1875 1876 1874
f 1876 1875 1877
f 1876 1877 3
f 3 1821 1878
f 3 1821 1765
f 1819 1821 3
f 3 1877 1879
f 1875 1877 3
f 3 1877 1880
f 1935 1936 1934
f 1937 3 1936
f 1936 1935 1937
f 3 1992 1991
f 3 1937 1993
f 3 1937 1881
f 1935 1937 3
f 1994 3 1991
f 1033 1068 3
f 2051 1067 2050
f 3 1994 2052
f 2103 2104 2102
f 2104 2105 2106
f 2104 2103 2105
f 2104 2106 2107
f 2104 2107 3
f 2108 3 2107
f 3 2108 2111
f 3 2108 2112
f 2107 2108 3
f 2106 2107 3
f 2105 2106 3
f 2103 2105 3
f 1997 1998 1067
f 1998 2000 1067
f 2000 2002 1067
f 2002 2004 1067
f 2004 2006 1067
f 2006 2008 1067
f 2008 2010 1067
f 2010 2012 1067
f 2012 2014 1067
f 2014 2016 1067
f 2016 2018 1067
f 2018 2020 1067
f 2020 2022 1067
f 2022 2024 1067
f 2024 2026 1067
f 2026 2028 1067
f 2028 2030 1067
f 2030 2032 1067
f 2032 2034 1067
f 2034 2036 1067
f 2036 2038 1067
f 2038 2040 1067
f 2040 2042 1067
f 2042 2044 1067
f 2044 2046 1067
f 2046 2048 1067
f 2048 2050 1067
f 1067 2051 2049
f 1067 2049 2047
f 1067 2047 2045
f 1067 2045 2043
f 1067 2043 2041
f 1067 2041 2039
f 1067 2039 2037
f 1067 2037 2035
f 1067 2035 2033
f 1067 2033 2031
f 1067 2031 2029
f 1067 2029 2027
f 1067 2027 2025
f 1067 2025 2023
f 1067 2023 2021
f 1067 2021 2019
f 1067 2019 2017
f 1067 2017 2015
f 1067 2015 2013
f 1067 2013 2011
f 1067 2011 2009
f 1067 2009 2007
f 1067 2007 2005
f 1067 2005 2003
f 1067 2003 2001
f 1067 2001 1999
f 1067 1999 1068
f 3 1125 2167
f 3 2167 2168
f 3 2168 2169
f 3 2169 2170
f 3 2170 2171
f 3 2171 2172
f 3 2172 2173
f 3 2173 2174
f 3 2174 2175
f 3 2175 2176
f 3 2176 2177
f 3 2177 2178
f 3 2178 2179
f 3 2179 2180
f 3 2180 2181
f 3 2181 2182
f 3 2182 2183
f 3 2183 2184
f 3 2184 2185
f 3 2185 2186
f 3 2186 2187
f 3 2187 2188
f 3 2188 2189
f 3 2189 2190
f 3 2190 2191
f 3 2191 2192
f 3 2192 2193
f 3 2193 2194
f 3 2194 2195
f 3 2195 2196
f 3 2196 2197
f 3 2197 2198
f 3 2198 2199
f 3 2199 2200
f 3 2200 2201
f 3 2201 2202
f 3 2202 2203
f 3 2203 2204
f 3 2204 2205
f 3 2205 2206
f 3 2206 2207
f 3 2207 2208
f 3 2208 2209
f 3 2209 2210
f 3 2210 2211
f 3 2211 2212
f 3 2212 2213
f 3 2213 2214
f 3 2214 2215
f 3 2215 2216
f 3 2216 2217
f 3 2217 2218
f 3 2218 2219
f 3 2219 2220
f 3 2220 2221
f 3 2221 2222
f 3 2222 2223
f 3 2223 2224
f 3 2224 2225
f 3 2225 1123
f 1996 1069 1124
f 1069 1070 1124
f 1070 1071 1124
f 1071 1072 1124
f 1072 1073 1124
f 1073 1074 1124
f 1074 1075 1124
f 1075 1076 1124
f 1076 1077 1124
f 1077 1078 1124
f 1078 1079 1124
f 1079 1080 1124
f 1080 1081 1124
f 1081 1082 1124
f 1082 1083 1124
f 1083 1084 1124
f 1084 1085 1124
f 1085 1086 1124
f 1086 1087 1124
f 1087 1088 1124
f 1088 1089 1124
f 1089 1090 1124
f 1090 1091 1124
f 1091 1092 1124
f 1092 1093 1124
f 1093 1094 1124
f 1094 1095 1124
f 1095 1096 1124
f 1096 1097 1124
f 1097 1098 1124
f 1098 1099 1124
f 1099 1100 1124
f 1100 1101 1124
f 1101 1102 1124
f 1102 1103 1124
f 1103 1104 1124
f 1104 1105 1124
f 1105 1106 1124
f 1106 1107 1124
f 1107 1108 1124
f 1108 1109 1124
f 1109 1110 1124
f 1110 1111 1124
f 1111 1112 1124
f 1112 1113 1124
f 1113 1114 1124
f 1114 1115 1124
f 1115 1116 1124
f 1116 1117 1124
f 1117 1118 1124
f 1118 1119 1124
f 1119 1120 1124
f 1120 1121 1124
f 1121 1122 1124
f 3 1126 2226
f 3 2226 2227
f 3 2227 2228
f 3 2228 2229
f 3 2229 2230
f 3 2230 2231
f 3 2231 2232
f 3 2232 2233
f 3 2233 2234
f 3 2234 2235
f 3 2235 2236
f 3 2236 2237
f 3 2237 2238
f 3 2238 2239
f 3 2239 2240
f 3 2240 2241
f 3 2241 2242
f 3 2242 2243
f 3 2243 2244
f 3 2244 2245
f 3 2245 2246
f 3 2246 2247
f 3 2247 2248
f 3 2248 2249
f 3 2249 2250
f 3 2250 2251
f 3 2251 2252
f 3 2252 2253
f 3 2253 2254
f 3 2254 2255
f 3 2255 2256
f 3 2256 2257
f 3 2257 2258
f 3 2258 2259
f 3 2259 2260
f 3 2260 2261
f 3 2261 2262
f 3 2262 2263
f 3 2263 2264
f 3 2264 2265
f 3 2265 2266
f 3 2266 2267
f 3 2267 2268
f 3 2268 2269
f 3 2269 2270
f 3 2270 2271
f 3 2271 2272
f 3 2272 2273
f 3 2273 2274
f 3 2274 2275
f 3 2275 2276
f 3 2276 2277
f 3 2277 2278
f 3 2278 2279
f 3 2279 2280
f 3 2280 2281
f 3 2281 2282
f 3 2282 2283
f 3 2283 2284
f 3 2284 1183
f 1127 1128 1183
f 1128 1129 1183
f 1129 1130 1183
f 1130 1131 1183
f 1131 1132 1183
f 1132 1133 1183
f 1133 1134 1183
f 1134 1135 1183
f 1135 1136 1183
f 1136 1137 1183
f 1137 1138 1183
f 1138 1139 1183
f 1139 1140 1183
f 1140 1141 1183
f 1141 1142 1183
f 1142 1143 1183
f 1143 1144 1183
f 1144 1145 1183
f 1145 1146 1183
f 1146 1147 1183
f 1147 1148 1183
f 1148 1149 1183
f 1149 1150 1183
f 1150 1151 1183
f 1151 1152 1183
f 1152 1153 1183
f 1153 1154 1183
f 1154 1155 1183
f 1155 1156 1183
f 1156 1157 1183
f 1157 1158 1183
f 1158 1159 1183
f 1159 1160 1183
f 1160 1161 1183
f 1161 1162 1183
f 1162 1163 1183
f 1163 1164 1183
f 1164 1165 1183
f 1165 1166 1183
f 1166 1167 1183
f 1167 1168 1183
f 1168 1169 1183
f 1169 1170 1183
f 1170 1171 1183
f 1171 1172 1183
f 1172 1173 1183
f 1173 1174 1183
f 1174 1175 1183
f 1175 1176 1183
f 1176 1177 1183
f 1177 1178 1183
f 1178 1179 1183
f 1179 1180 1183
f 1180 1181 1183
f 3 1184 2285
f 3 2285 2286
f 3 2286 2287
f 3 2287 2288
f 3 2288 2289
f 3 2289 2290
f 3 2290 2291
f 3 2291 2292
f 3 2292 2293
f 3 2293 2294
f 3 2294 2295
f 3 2295 2296
f 3 2296 2297
f 3 2297 2298
f 3 2298 2299
f 3 2299 2300
f 3 2300 2301
f 3 2301 2302
f 3 2302 2303
f 3 2303 2304
f 3 2304 2305
f 3 2305 2306
f 3 2306 2307
f 3 2307 2308
f 3 2308 2309
f 3 2309 2310
f 3 2310 2311
f 3 2311 2312
f 3 2312 2313
f 3 2313 2314
f 3 2314 2315
f 3 2315 2316
f 3 2316 2317
f 3 2317 2318
f 3 2318 2319
f 3 2319 2320
f 3 2320 2321
f 3 2321 2322
f 3 2322 2323
f 3 2323 2324
f 3 2324 2325
f 3 2325 2326
f 3 2326 2327
f 3 2327 2328
f 3 2328 2329
f 3 2329 2330
f 3 2330 2331
f 3 2331 2332
f 3 2332 2333
f 3 2333 2334
f 3 2334 2335
f 3 2335 2336
f 3 2336 2337
f 3 2337 2338
f 3 2338 2339
f 3 2339 2340
f 3 2340 2341
f 3 2341 2342
f 3 2342 2343
f 3 2343 1241
f 1185 1186 1241
f 1186 1187 1241
f 1187 1188 1241
f 1188 1189 1241
f 1189 1190 1241
f 1190 1191 1241
f 1191 1192 1241
f 1192 1193 1241
f 1193 1194 1241
f 1194 1195 1241
f 1195 1196 1241
f 1196 1197 1241
f 1197 1198 1241
f 1198 1199 1241
f 1199 1200 1241
f 1200 1201 1241
f 1201 1202 1241
f 1202 1203 1241
f 1203 1204 1241
f 1204 1205 1241
f 1205 1206 1241
f 1206 1207 1241
f 1207 1208 1241
f 1208 1209 1241
f 1209 1210 1241
f 1210 1211 1241
f 1211 1212 1241
f 1212 1213 1241
f 1213 1214 1241
f 1214 1215 1241
f 1215 1216 1241
f 1216 1217 1241
f 1217 1218 1241
f 1218 1219 1241
f 1219 1220 1241
f 1220 1221 1241
f 1221 1222 1241
f 1222 1223 1241
f 1223 1224 1241
f 1224 1225 1241
f 1225 1226 1241
f 1226 1227 1241
f 1227 1228 1241
f 1228 1229 1241
f 1229 1230 1241
f 1230 1231 1241
f 1231 1232 1241
f 1232 1233 1241
f 1233 1234 1241
f 1234 1235 1241
f 1235 1236 1241
f 1236 1237 1241
f 1237 1238 1241
f 1238 1239 1241
f 3 1242 2344
f 3 2344 2345
f 3 2345 2346
f 3 2346 2347
f 3 2347 2348
f 3 2348 2349
f 3 2349 2350
f 3 2350 2351
f 3 2351 2352
f 3 2352 2353
f 3 2353 2354
f 3 2354 2355
f 3 2355 2356
f 3 2356 2357
f 3 2357 2358
f 3 2358 2359
f 3 2359 2360
f 3 2360 2361
f 3 2361 2362
f 3 2362 2363
f 3 2363 2364
f 3 2364 2365
f 3 2365 2366
f 3 2366 2367
f 3 2367 2368
f 3 2368 2369
f 3 2369 2370
f 3 2370 2371
f 3 2371 2372
f 3 2372 2373
f 3 2373 2374
f 3 2374 2375
f 3 2375 2376
f 3 2376 2377
f 3 2377 2378
f 3 2378 2379
f 3 2379 2380
f 3 2380 2381
f 3 2381 2382
f 3 2382 2383
f 3 2383 2384
f 3 2384 2385
f 3 2385 2386
f 3 2386 2387
f 3 2387 2388
f 3 2388 2389
f 3 2389 2390
f 3 2390 2391
f 3 2391 2392
f 3 2392 2393
f 3 2393 2394
f 3 2394 2395
f 3 2395 2396
f 3 2396 2397
f 3 2397 2398
f 3 2398 2399
f 3 2399 2400
f 3 2400 2401
f 3 2401 2402
f 3 2402 1299
f 1243 1244 1299
f 1244 1245 1299
f 1245 1246 1299
f 1246 1247 1299
f 1247 1248 1299
f 1248 1249 1299
f 1249 1250 1299
f 1250 1251 1299
f 1251 1252 1299
f 1252 1253 1299
f 1253 1254 1299
f 1254 1255 1299
f 1255 1256 1299
f 1256 1257 1299
f 1257 1258 1299
f 1258 1259 1299
f 1259 1260 1299
f 1260 1261 1299
f 1261 1262 1299
f 1262 1263 1299
f 1263 1264 1299
f 1264 1265 1299
f 1265 1266 1299
f 1266 1267 1299
f 1267 1268 1299
f 1268 1269 1299
f 1269 1270 1299
f 1270 1271 1299
f 1271 1272 1299
f 1272 1273 1299
f 1273 1274 1299
f 1274 1275 1299
f 1275 1276 1299
f 1276 1277 1299
f 1277 1278 1299
f 1278 1279 1299
f 1279 1280 1299
f 1280 1281 1299
f 1281 1282 1299
f 1282 1283 1299
f 1283 1284 1299
f 1284 1285 1299
f 1285 1286 1299
f 1286 1287 1299
f 1287 1288 1299
f 1288 1289 1299
f 1289 1290 1299
f 1290 1291 1299
f 1291 1292 1299
f 1292 1293 1299
f 1293 1294 1299
f 1294 1295 1299
f 1295 1296 1299
f 1296 1297 1299
f 3 1300 2403
f 3 2403 2404
f 3 2404 2405
f 3 2405 2406
f 3 2406 2407
f 3 2407 2408
f 3 2408 2409
f 3 2409 2410
f 3 2410 2411
f 3 2411 2412
f 3 2412 2413
f 3 2413 2414
f 3 2414 2415
f 3 2415 2416
f 3 2416 2417
f 3 2417 2418
f 3 2418 2419
f 3 2419 2420
f 3 2420 2421
f 3 2421 2422
f 3 2422 2423
f 3 2423 2424
f 3 2424 2425
f 3 2425 2426
f 3 2426 2427
f 3 2427 2428
f 3 2428 2429
f 3 2429 2430
f 3 2430 2431
f 3 2431 2432
f 3 2432 2433
f 3 2433 2434
f 3 2434 2435
f 3 2435 2436
f 3 2436 2437
f 3 2437 2438
f 3 2438 2439
f 3 2439 2440
f 3 2440 2441
f 3 2441 2442
f 3 2442 2443
f 3 2443 2444
f 3 2444 2445
f 3 2445 2446
f 3 2446 2447
f 3 2447 2448
f 3 2448 2449
f 3 2449 2450
f 3 2450 2451
f 3 2451 2452
f 3 2452 2453
f 3 2453 2454
f 3 2454 2455
f 3 2455 2456
f 3 2456 2457
f 3 2457 2458
f 3 2458 2459
f 3 2459 2460
f 3 2460 2461
f 3 2461 1357
f 1301 1302 1357
f 1302 1303 1357
f 1303 1304 1357
f 1304 1305 1357
f 1305 1306 1357
f 1306 1307 1357
f 1307 1308 1357
f 1308 1309 1357
f 1309 1310 1357
f 1310 1311 1357
f 1311 1312 1357
f 1312 1313 1357
f 1313 1314 1357
f 1314 1315 1357
f 1315 1316 1357
f 1316 1317 1357
f 1317 1318 1357
f 1318 1319 1357
f 1319 1320 1357
f 1320 1321 1357
f 1321 1322 1357
f 1322 1323 1357
f 1323 1324 1357
f 1324 1325 1357
f 1325 1326 1357
f 1326 1327 1357
f 1327 1328 1357
f 1328 1329 1357
f 1329 1330 1357
f 1330 1331 1357
f 1331 1332 1357
f 1332 1333 1357
f 1333 1334 1357
f 1334 1335 1357
f 1335 1336 1357
f 1336 1337 1357
f 1337 1338 1357
f 1338 1339 1357
f 1339 1340 1357
f 1340 1341 1357
f 1341 1342 1357
f 1342 1343 1357
f 1343 1344 1357
f 1344 1345 1357
f 1345 1346 1357
f 1346 1347 1357
f 1347 1348 1357
f 1348 1349 1357
f 1349 1350 1357
f 1350 1351 1357
f 1351 1352 1357
f 1352 1353 1357
f 1353 1354 1357
f 1354 1355 1357
f 3 1358 2462
f 3 2462 2463
f 3 2463 2464
f 3 2464 2465
f 3 2465 2466
f 3 2466 2467
f 3 2467 2468
f 3 2468 2469
f 3 2469 2470
f 3 2470 2471
f 3 2471 2472
f 3 2472 2473
f 3 2473 2474
f 3 2474 2475
f 3 2475 2476
f 3 2476 2477
f 3 2477 2478
f 3 2478 2479
f 3 2479 2480
f 3 2480 2481
f 3 2481 2482
f 3 2482 2483
f 3 2483 2484
f 3 2484 2485
f 3 2485 2486
f 3 2486 2487
f 3 2487 2488
f 3 2488 2489
f 3 2489 2490
f 3 2490 2491
f 3 2491 2492
f 3 2492 2493
f 3 2493 2494
f 3 2494 2495
f 3 2495 2496
f 3 2496 2497
f 3 2497 2498
f 3 2498 2499
f 3 2499 2500
f 3 2500 2501
f 3 2501 2502
f 3 2502 2503
f 3 2503 2504
f 3 2504 2505
f 3 2505 2506
f 3 2506 2507
f 3 2507 2508
f 3 2508 2509
f 3 2509 2510
f 3 2510 2511
f 3 2511 2512
f 3 2512 2513
f 3 2513 2514
f 3 2514 2515
f 3 2515 2516
f 3 2516 2517
f 3 2517 2518
f 3 2518 2519
f 3 2519 2520
f 3 2520 1415
f 1359 1360 1415
f 1360 1361 1415
f 1361 1362 1415
f 1362 1363 1415
f 1363 1364 1415
f 1364 1365 1415
f 1365 1366 1415
f 1366 1367 1415
f 1367 1368 1415
f 1368 1369 1415
f 1369 1370 1415
f 1370 1371 1415
f 1371 1372 1415
f 1372 1373 1415
f 1373 1374 1415
f 1374 1375 1415
f 1375 1376 1415
f 1376 1377 1415
f 1377 1378 1415
f 1378 1379 1415
f 1379 1380 1415
f 1380 1381 1415
f 1381 1382 1415
f 1382 1383 1415
f 1383 1384 1415
f 1384 1385 1415
f 1385 1386 1415
f 1386 1387 1415
f 1387 1388 1415
f 1388 1389 1415
f 1389 1390 1415
f 1390 1391 1415
f 1391 1392 1415
f 1392 1393 1415
f 1393 1394 1415
f 1394 1395 1415
f 1395 1396 1415
f 1396 1397 1415
f 1397 1398 1415
f 1398 1399 1415
f 1399 1400 1415
f 1400 1401 1415
f 1401 1402 1415
f 1402 1403 1415
f 1403 1404 1415
f 1404 1405 1415
f 1405 1406 1415
f 1406 1407 1415
f 1407 1408 1415
f 1408 1409 1415
f 1409 1410 1415
f 1410 1411 1415
f 1411 1412 1415
f 1412 1413 1415
f 3 1416 2521
f 3 2521 2522
f 3 2522 2523
f 3 2523 2524
f 3 2524 2525
f 3 2525 2526
f 3 2526 2527
f 3 2527 2528
f 3 2528 2529
f 3 2529 2530
f 3 2530 2531
f 3 2531 2532
f 3 2532 2533
f 3 2533 2534
f 3 2534 2535
f 3 2535 2536
f 3 2536 2537
f 3 2537 2538
f 3 2538 2539
f 3 2539 2540
f 3 2540 2541
f 3 2541 2542
f 3 2542 2543
f 3 2543 2544
f 3 2544 2545
f 3 2545 2546
f 3 2546 2547
f 3 2547 2548
f 3 2548 2549
f 3 2549 2550
f 3 2550 2551
f 3 2551 2552
f 3 2552 2553
f 3 2553 2554
f 3 2554 2555
f 3 2555 2556
f 3 2556 2557
f 3 2557 2558
f 3 2558 2559
f 3 2559 2560
f 3 2560 2561
f 3 2561 2562
f 3 2562 2563
f 3 2563 2564
f 3 2564 2565
f 3 2565 2566
f 3 2566 2567
f 3 2567 2568
f 3 2568 2569
f 3 2569 2570
f 3 2570 2571
f 3 2571 2572
f 3 2572 2573
f 3 2573 2574
f 3 2574 2575
f 3 2575 2576
f 3 2576 2577
f 3 2577 2578
f 3 2578 2579
f 3 2579 1473
f 1417 1418 1473
f 1418 1419 1473
f 1419 1420 1473
f 1420 1421 1473
f 1421 1422 1473
f 1422 1423 1473
f 1423 1424 1473
f 1424 1425 1473
f 1425 1426 1473
f 1426 1427 1473
f 1427 1428 1473
f 1428 1429 1473
f 1429 1430 1473
f 1430 1431 1473
f 1431 1432 1473
f 1432 1433 1473
f 1433 1434 1473
f 1434 1435 1473
f 1435 1436 1473
f 1436 1437 1473
f 1437 1438 1473
f 1438 1439 1473
f 1439 1440 1473
f 1440 1441 1473
f 1441 1442 1473
f 1442 1443 1473
f 1443 1444 1473
f 1444 1445 1473
f 1445 1446 1473
f 1446 1447 1473
f 1447 1448 1473
f 1448 1449 1473
f 1449 1450 1473
f 1450 1451 1473
f 1451 1452 1473
f 1452 1453 1473
f 1453 1454 1473
f 1454 1455 1473
f 1455 1456 1473
f 1456 1457 1473
f 1457 1458 1473
f 1458 1459 1473
f 1459 1460 1473
f 1460 1461 1473
f 1461 1462 1473
f 1462 1463 1473
f 1463 1464 1473
f 1464 1465 1473
f 1465 1466 1473
f 1466 1467 1473
f 1467 1468 1473
f 1468 1469 1473
f 1469 1470 1473
f 1470 1471 1473
f 3 1474 2580
f 3 2580 2581
f 3 2581 2582
f 3 2582 2583
f 3 2583 2584
f 3 2584 2585
f 3 2585 2586
f 3 2586 2587
f 3 2587 2588
f 3 2588 2589
f 3 2589 2590
f 3 2590 2591
f 3 2591 2592
f 3 2592 2593
f 3 2593 2594
f 3 2594 2595
f 3 2595 2596
f 3 2596 2597
f 3 2597 2598
f 3 2598 2599
f 3 2599 2600
f 3 2600 2601
f 3 2601 2602
f 3 2602 2603
f 3 2603 2604
f 3 2604 2605
f 3 2605 2606
f 3 2606 2607
f 3 2607 2608
f 3 2608 2609
f 3 2609 2610
f 3 2610 2611
f 3 2611 2612
f 3 2612 2613
f 3 2613 2614
f 3 2614 2615
f 3 2615 2616
f 3 2616 2617
f 3 2617 2618
f 3 2618 2619
f 3 2619 2620
f 3 2620 2621
f 3 2621 2622
f 3 2622 2623
f 3 2623 2624
f 3 2624 2625
f 3 2625 2626
f 3 2626 2627
f 3 2627 2628
f 3 2628 2629
f 3 2629 2630
f 3 2630 2631
f 3 2631 2632
f 3 2632 2633
f 3 2633 2634
f 3 2634 2635
f 3 2635 2636
f 3 2636 2637
f 3 2637 2638
f 3 2638 1531
f 1475 1476 1531
f 1476 1477 1531
f 1477 1478 1531
f 1478 1479 1531
f 1479 1480 1531
f 1480 1481 1531
f 1481 1482 1531
f 1482 1483 1531
f 1483 1484 1531
f 1484 1485 1531
f 1485 1486 1531
f 1486 1487 1531
f 1487 1488 1531
f 1488 1489 1531
f 1489 1490 1531
f 1490 1491 1531
f 1491 1492 1531
f 1492 1493 1531
f 1493 1494 1531
f 1494 1495 1531
f 1495 1496 1531
f 1496 1497 1531
f 1497 1498 1531
f 1498 1499 1531
f 1499 1500 1531
f 1500 1501 1531
f 1501 1502 1531
f 1502 1503 1531
f 1503 1504 1531
f 1504 1505 1531
f 1505 1506 1531
f 1506 1507 1531
f 1507 1508 1531
f 1508 1509 1531
f 1509 1510 1531
f 1510 1511 1531
f 1511 1512 1531
f 1512 1513 1531
f 1513 1514 1531
f 1514 1515 1531
f 1515 1516 1531
f 1516 1517 1531
f 1517 1518 1531
f 1518 1519 1531
f 1519 1520 1531
f 1520 1521 1531
f 1521 1522 1531
f 1522 1523 1531
f 1523 1524 1531
f 1524 1525 1531
f 1525 1526 1531
f 1526 1527 1531
f 1527 1528 1531
f 1528 1529 1531
f 3 1532 2639
f 3 2639 2640
f 3 2640 2641
f 3 2641 2642
f 3 2642 2643
f 3 2643 2644
f 3 2644 2645
f 3 2645 2646
f 3 2646 2647
f 3 2647 2648
f 3 2648 2649
f 3 2649 2650
f 3 2650 2651
f 3 2651 2652
f 3 2652 2653
f 3 2653 2654
f 3 2654 2655
f 3 2655 2656
f 3 2656 2657
f 3 2657 2658
f 3 2658 2659
f 3 2659 2660
f 3 2660 2661
f 3 2661 2662
f 3 2662 2663
f 3 2663 2664
f 3 2664 2665
f 3 2665 2666
f 3 2666 2667
f 3 2667 2668
f 3 2668 2669
f 3 2669 2670
f 3 2670 2671
f 3 2671 2672
f 3 2672 2673
f 3 2673 2674
f 3 2674 2675
f 3 2675 2676
f 3 2676 2677
f 3 2677 2678
f 3 2678 2679
f 3 2679 2680
f 3 2680 2681
f 3 2681 2682
f 3 2682 2683
f 3 2683 2684
f 3 2684 2685
f 3 2685 2686
f 3 2686 2687
f 3 2687 2688
f 3 2688 2689
f 3 2689 2690
f 3 2690 2691
f 3 2691 2692
f 3 2692 2693
f 3 2693 2694
f 3 2694 2695
f 3 2695 2696
f 3 2696 2697
f 3 2697 1589
f 1533 1534 1589
f 1534 1535 1589
f 1535 1536 1589
f 1536 1537 1589
f 1537 1538 1589
f 1538 1539 1589
f 1539 1540 1589
f 1540 1541 1589
f 1541 1542 1589
f 1542 1543 1589
f 1543 1544 1589
f 1544 1545 1589
f 1545 1546 1589
f 1546 1547 1589
f 1547 1548 1589
f 1548 1549 1589
f 1549 1550 1589
f 1550 1551 1589
f 1551 1552 1589
f 1552 1553 1589
f 1553 1554 1589
f 1554 1555 1589
f 1555 1556 1589
f 1556 1557 1589
f 1557 1558 1589
f 1558 1559 1589
f 1559 1560 1589
f 1560 1561 1589
f 1561 1562 1589
f 1562 1563 1589
f 1563 1564 1589
f 1564 1565 1589
f 1565 1566 1589
f 1566 1567 1589
f 1567 1568 1589
f 1568 1569 1589
f 1569 1570 1589
f 1570 1571 1589
f 1571 1572 1589
f 1572 1573 1589
f 1573 1574 1589
f 1574 1575 1589
f 1575 1576 1589
f 1576 1577 1589
f 1577 1578 1589
f 1578 1579 1589
f 1579 1580 1589
f 1580 1581 1589
f 1581 1582 1589
f 1582 1583 1589
f 1583 1584 1589
f 1584 1585 1589
f 1585 1586 1589
f 1586 1587 1589
f 3 1590 2698
f 3 2698 2699
f 3 2699 2700
f 3 2700 2701
f 3 2701 2702
f 3 2702 2703
f 3 2703 2704
f 3 2704 2705
f 3 2705 2706
f 3 2706 2707
f 3 2707 2708
f 3 2708 2709
f 3 2709 2710
f 3 2710 2711
f 3 2711 2712
f 3 2712 2713
f 3 2713 2714
f 3 2714 2715
f 3 2715 2716
f 3 2716 2717
f 3 2717 2718
f 3 2718 2719
f 3 2719 2720
f 3 2720 2721
f 3 2721 2722
f 3 2722 2723
f 3 2723 2724
f 3 2724 2725
f 3 2725 2726
f 3 2726 2727
f 3 2727 2728
f 3 2728 2729
f 3 2729 2730
f 3 2730 2731
f 3 2731 2732
f 3 2732 2733
f 3 2733 2734
f 3 2734 2735
f 3 2735 2736
f 3 2736 2737
f 3 2737 2738
f 3 2738 2739
f 3 2739 2740
f 3 2740 2741
f 3 2741 2742
f 3 2742 2743
f 3 2743 2744
f 3 2744 2745
f 3 2745 2746
f 3 2746 2747
f 3 2747 2748
f 3 2748 2749
f 3 2749 2750
f 3 2750 2751
f 3 2751 2752
f 3 2752 2753
f 3 2753 2754
f 3 2754 2755
f 3 2755 2756
f 3 2756 1647
f 1591 1592 1647
f 1592 1593 1647
f 1593 1594 1647
f 1594 1595 1647
f 1595 1596 1647
f 1596 1597 1647
f 1597 1598 1647
f 1598 1599 1647
f 1599 1600 1647
f 1600 1601 1647
f 1601 1602 1647
f 1602 1603 1647
f 1603 1604 1647
f 1604 1605 1647
f 1605 1606 1647
f 1606 1607 1647
f 1607 1608 1647
f 1608 1609 1647
f 1609 1610 1647
f 1610 1611 1647
f 1611 1612 1647
f 1612 1613 1647
f 1613 1614 1647
f 1614 1615 1647
f 1615 1616 1647
f 1616 1617 1647
f 1617 1618 1647
f 1618 1619 1647
f 1619 1620 1647
f 1620 1621 1647
f 1621 1622 1647
f 1622 1623 1647
f 1623 1624 1647
f 1624 1625 1647
f 1625 1626 1647
f 1626 1627 1647
f 1627 1628 1647
f 1628 1629 1647
f 1629 1630 1647
f 1630 1631 1647
f 1631 1632 1647
f 1632 1633 1647
f 1633 1634 1647
f 1634 1635 1647
f 1635 1636 1647
f 1636 1637 1647
f 1637 1638 1647
f 1638 1639 1647
f 1639 1640 1647
f 1640 1641 1647
f 1641 1642 1647
f 1642 1643 1647
f 1643 1644 1647
f 1644 1645 1647
f 3 1648 2757
f 3 2757 2758
f 3 2758 2759
f 3 2759 2760
f 3 2760 2761
f 3 2761 2762
f 3 2762 2763
f 3 2763 2764
f 3 2764 2765
f 3 2765 2766
f 3 2766 2767
f 3 2767 2768
f 3 2768 2769
f 3 2769 2770
f 3 2770 2771
f 3 2771 2772
f 3 2772 2773
f 3 2773 2774
f 3 2774 2775
f 3 2775 2776
f 3 2776 2777
f 3 2777 2778
f 3 2778 2779
f 3 2779 2780
f 3 2780 2781
f 3 2781 2782
f 3 2782 2783
f 3 2783 2784
f 3 2784 2785
f 3 2785 2786
f 3 2786 2787
f 3 2787 2788
f 3 2788 2789
f 3 2789 2790
f 3 2790 2791
f 3 2791 2792
f 3 2792 2793
f 3 2793 2794
f 3 2794 2795
f 3 2795 2796
f 3 2796 2797
f 3 2797 2798
f 3 2798 2799
f 3 2799 2800
f 3 2800 2801
f 3 2801 2802
f 3 2802 2803
f 3 2803 2804
f 3 2804 2805
f 3 2805 2806
f 3 2806 2807
f 3 2807 2808
f 3 2808 2809
f 3 2809 2810
f 3 2810 2811
f 3 2811 2812
f 3 2812 2813
f 3 2813 2814
f 3 2814 2815
f 3 2815 1705
f 1649 1650 1705
f 1650 1651 1705
f 1651 1652 1705
f 1652 1653 1705
f 1653 1654 1705
f 1654 1655 1705
f 1655 1656 1705
f 1656 1657 1705
f 1657 1658 1705
f 1658 1659 1705
f 1659 1660 1705
f 1660 1661 1705
f 1661 1662 1705
f 1662 1663 1705
f 1663 1664 1705
f 1664 1665 1705
f 1665 1666 1705
f 1666 1667 1705
f 1667 1668 1705
f 1668 1669 1705
f 1669 1670 1705
f 1670 1671 1705
f 1671 1672 1705
f 1672 1673 1705
f 1673 1674 1705
f 1674 1675 1705
f 1675 1676 1705
f 1676 1677 1705
f 1677 1678 1705
f 1678 1679 1705
f 1679 1680 1705
f 1680 1681 1705
f 1681 1682 1705
f 1682 1683 1705
f 1683 1684 1705
f 1684 1685 1705
f 1685 1686 1705
f 1686 1687 1705
f 1687 1688 1705
f 1688 1689 1705
f 1689 1690 1705
f 1690 1691 1705
f 1691 1692 1705
f 1692 1693 1705
f 1693 1694 1705
f 1694 1695 1705
f 1695 1696 1705
f 1696 1697 1705
f 1697 1698 1705
f 1698 1699 1705
f 1699 1700 1705
f 1700 1701 1705
f 1701 1702 1705
f 1702 1703 1705
f 3 1706 2816
f 3 2816 2817
f 3 2817 2818
f 3 2818 2819
f 3 2819 2820
f 3 2820 2821
f 3 2821 2822
f 3 2822 2823
f 3 2823 2824
f 3 2824 2825
f 3 2825 2826
f 3 2826 2827
f 3 2827 2828
f 3 2828 2829
f 3 2829 2830
f 3 2830 2831
f 3 2831 2832
f 3 2832 2833
f 3 2833 2834
f 3 2834 2835
f 3 2835 2836
f 3 2836 2837
f 3 2837 2838
f 3 2838 2839
f 3 2839 2840
f 3 2840 2841
f 3 2841 2842
f 3 2842 2843
f 3 2843 2844
f 3 2844 2845
f 3 2845 2846
f 3 2846 2847
f 3 2847 2848
f 3 2848 2849
f 3 2849 2850
f 3 2850 2851
f 3 2851 2852
f 3 2852 2853
f 3 2853 2854
f 3 2854 2855
f 3 2855 2856
f 3 2856 2857
f 3 2857 2858
f 3 2858 2859
f 3 2859 2860
f 3 2860 2861
f 3 2861 2862
f 3 2862 2863
f 3 2863 2864
f 3 2864 2865
f 3 2865 2866
f 3 2866 2867
f 3 2867 2868
f 3 2868 2869
f 3 2869 2870
f 3 2870 2871
f 3 2871 2872
f 3 2872 2873
f 3 2873 2874
f 3 2874 1763
f 1707 1708 1763
f 1708 1709 1763
f 1709 1710 1763
f 1710 1711 1763
f 1711 1712 1763
f 1712 1713 1763
f 1713 1714 1763
f 1714 1715 1763
f 1715 1716 1763
f 1716 1717 1763
f 1717 1718 1763
f 1718 1719 1763
f 1719 1720 1763
f 1720 1721 1763
f 1721 1722 1763
f 1722 1723 1763
f 1723 1724 1763
f 1724 1725 1763
f 1725 1726 1763
f 1726 1727 1763
f 1727 1728 1763
f 1728 1729 1763
f 1729 1730 1763
f 1730 1731 1763
f 1731 1732 1763
f 1732 1733 1763
f 1733 1734 1763
f 1734 1735 1763
f 1735 1736 1763
f 1736 1737 1763
f 1737 1738 1763
f 1738 1739 1763
f 1739 1740 1763
f 1740 1741 1763
f 1741 1742 1763
f 1742 1743 1763
f 1743 1744 1763
f 1744 1745 1763
f 1745 1746 1763
f 1746 1747 1763
f 1747 1748 1763
f 1748 1749 1763
f 1749 1750 1763
f 1750 1751 1763
f 1751 1752 1763
f 1752 1753 1763
f 1753 1754 1763
f 1754 1755 1763
f 1755 1756 1763
f 1756 1757 1763
f 1757 1758 1763
f 1758 1759 1763
f 1759 1760 1763
f 1760 1761 1763
f 3 1764 2875
f 3 2875 2876
f 3 2876 2877
f 3 2877 2878
f 3 2878 2879
f 3 2879 2880
f 3 2880 2881
f 3 2881 2882
f 3 2882 2883
f 3 2883 2884
f 3 2884 2885
f 3 2885 2886
f 3 2886 2887
f 3 2887 2888
f 3 2888 2889
f 3 2889 2890
f 3 2890 2891
f 3 2891 2892
f 3 2892 2893
f 3 2893 2894
f 3 2894 2895
f 3 2895 2896
f 3 2896 2897
f 3 2897 2898
f 3 2898 2899
f 3 2899 2900
f 3 2900 2901
f 3 2901 2902
f 3 2902 2903
f 3 2903 2904
f 3 2904 2905
f 3 2905 2906
f 3 2906 2907
f 3 2907 2908
f 3 2908 2909
f 3 2909 2910
f 3 2910 2911
f 3 2911 2912
f 3 2912 2913
f 3 2913 2914
f 3 2914 2915
f 3 2915 2916
f 3 2916 2917
f 3 2917 2918
f 3 2918 2919
f 3 2919 2920
f 3 2920 2921
f 3 2921 2922
f 3 2922 2923
f 3 2923 2924
f 3 2924 2925
f 3 2925 2926
f 3 2926 2927
f 3 2927 2928
f 3 2928 2929
f 3 2929 2930
f 3 2930 2931
f 3 2931 2932
f 3 2932 2933
f 3 2933 1820
f 1765 1766 1820
f 1766 1767 1820
f 1767 1768 1820
f 1768 1769 1820
f 1769 1770 1820
f 1770 1771 1820
f 1771 1772 1820
f 1772 1773 1820
f 1773 1774 1820
f 1774 1775 1820
f 1775 1776 1820
f 1776 1777 1820
f 1777 1778 1820
f 1778 1779 1820
f 1779 1780 1820
f 1780 1781 1820
f 1781 1782 1820
f 1782 1783 1820
f 1783 1784 1820
f 1784 1785 1820
f 1785 1786 1820
f 1786 1787 1820
f 1787 1788 1820
f 1788 1789 1820
f 1789 1790 1820
f 1790 1791 1820
f 1791 1792 1820
f 1792 1793 1820
f 1793 1794 1820
f 1794 1795 1820
f 1795 1796 1820
f 1796 1797 1820
f 1797 1798 1820
f 1798 1799 1820
f 1799 1800 1820
f 1800 1801 1820
f 1801 1802 1820
f 1802 1803 1820
f 1803 1804 1820
f 1804 1805 1820
f 1805 1806 1820
f 1806 1807 1820
f 1807 1808 1820
f 1808 1809 1820
f 1809 1810 1820
f 1810 1811 1820
f 1811 1812 1820
f 1812 1813 1820
f 1813 1814 1820
f 1814 1815 1820
f 1815 1816 1820
f 1816 1817 1820
f 1817 1818 1820
f 3 1878 2934
f 3 2934 2935
f 3 2935 2936
f 3 2936 2937
f 3 2937 2938
f 3 2938 2939
f 3 2939 2940
f 3 2940 2941
f 3 2941 2942
f 3 2942 2943
f 3 2943 2944
f 3 2944 2945
f 3 2945 2946
f 3 2946 2947
f 3 2947 2948
f 3 2948 2949
f 3 2949 2950
f 3 2950 2951
f 3 2951 2952
f 3 2952 2953
f 3 2953 2954
f 3 2954 2955
f 3 2955 2956
f 3 2956 2957
f 3 2957 2958
f 3 2958 2959
f 3 2959 2960
f 3 2960 2961
f 3 2961 2962
f 3 2962 2963
f 3 2963 2964
f 3 2964 2965
f 3 2965 2966
f 3 2966 2967
f 3 2967 2968
f 3 2968 2969
f 3 2969 2970
f 3 2970 2971
f 3 2971 2972
f 3 2972 2973
f 3 2973 2974
f 3 2974 2975
f 3 2975 2976
f 3 2976 2977
f 3 2977 2978
f 3 2978 2979
f 3 2979 2980
f 3 2980 2981
f 3 2981 2982
f 3 2982 2983
f 3 2983 2984
f 3 2984 2985
f 3 2985 2986
f 3 2986 2987
f 3 2987 2988
f 3 2988 2989
f 3 2989 2990
f 3 2990 2991
f 3 2991 2992
f 3 2992 1876
f 1879 1822 1876
f 1822 1823 1876
f 1823 1824 1876
f 1824 1825 1876
f 1825 1826 1876
f 1826 1827 1876
f 1827 1828 1876
f 1828 1829 1876
f 1829 1830 1876
f 1830 1831 1876
f 1831 1832 1876
f 1832 1833 1876
f 1833 1834 1876
f 1834 1835 1876
f 1835 1836 1876
f 1836 1837 1876
f 1837 1838 1876
f 1838 1839 1876
f 1839 1840 1876
f 1840 1841 1876
f 1841 1842 1876
f 1842 1843 1876
f 1843 1844 1876
f 1844 1845 1876
f 1845 1846 1876
f 1846 1847 1876
f 1847 1848 1876
f 1848 1849 1876
f 1849 1850 1876
f 1850 1851 1876
f 1851 1852 1876
f 1852 1853 1876
f 1853 1854 1876
f 1854 1855 1876
f 1855 1856 1876
f 1856 1857 1876
f 1857 1858 1876
f 1858 1859 1876
f 1859 1860 1876
f 1860 1861 1876
f 1861 1862 1876
f 1862 1863 1876
f 1863 1864 1876
f 1864 1865 1876
f 1865 1866 1876
f 1866 1867 1876
f 1867 1868 1876
f 1868 1869 1876
f 1869 1870 1876
f 1870 1871 1876
f 1871 1872 1876
f 1872 1873 1876
f 1873 1874 1876
f 3 1880 2993
f 3 2993 2994
f 3 2994 2995
f 3 2995 2996
f 3 2996 2997
f 3 2997 2998
f 3 2998 2999
f 3 2999 3000
f 3 3000 3001
f 3 3001 3002
f 3 3002 3003
f 3 3003 3004
f 3 3004 3005
f 3 3005 3006
f 3 3006 3007
f 3 3007 3008
f 3 3008 3009
f 3 3009 3010
f 3 3010 3011
f 3 3011 3012
f 3 3012 3013
f 3 3013 3014
f 3 3014 3015
f 3 3015 3016
f 3 3016 3017
f 3 3017 3018
f 3 3018 3019
f 3 3019 3020
f 3 3020 3021
f 3 3021 3022
f 3 3022 3023
f 3 3023 3024
f 3 3024 3025
f 3 3025 3026
f 3 3026 3027
f 3 3027 3028
f 3 3028 3029
f 3 3029 3030
f 3 3030 3031
f 3 3031 3032
f 3 3032 3033
f 3 3033 3034
f 3 3034 3035
f 3 3035 3036
f 3 3036 3037
f 3 3037 3038
f 3 3038 3039
f 3 3039 3040
f 3 3040 3041
f 3 3041 3042
f 3 3042 3043
f 3 3043 3044
f 3 3044 3045
f 3 3045 3046
f 3 3046 3047
f 3 3047 3048
f 3 3048 3049
f 3 3049 3050
f 3 3050 3051
f 3 3051 1936
f 1881 1882 1936
f 1882 1883 1936
f 1883 1884 1936
f 1884 1885 1936
f 1885 1886 1936
f 1886 1887 1936
f 1887 1888 1936
f 1888 1889 1936
f 1889 1890 1936
f 1890 1891 1936
f 1891 1892 1936
f 1892 1893 1936
f 1893 1894 1936
f 1894 1895 1936
f 1895 1896 1936
f 1896 1897 1936
f 1897 1898 1936
f 1898 1899 1936
f 1899 1900 1936
f 1900 1901 1936
f 1901 1902 1936
f 1902 1903 1936
f 1903 1904 1936
f 1904 1905 1936
f 1905 1906 1936
f 1906 1907 1936
f 1907 1908 1936
f 1908 1909 1936
f 1909 1910 1936
f 1910 1911 1936
f 1911 1912 1936
f 1912 1913 1936
f 1913 1914 1936
f 1914 1915 1936
f 1915 1916 1936
f 1916 1917 1936
f 1917 1918 1936
f 1918 1919 1936
f 1919 1920 1936
f 1920 1921 1936
f 1921 1922 1936
f 1922 1923 1936
f 1923 1924 1936
f 1924 1925 1936
f 1925 1926 1936
f 1926 1927 1936
f 1927 1928 1936
f 1928 1929 1936
f 1929 1930 1936
f 1930 1931 1936
f 1931 1932 1936
f 1932 1933 1936
f 1933 1934 1936
f 3 1993 3052
f 3 3052 3053
f 3 3053 3054
f 3 3054 3055
f 3 3055 3056
f 3 3056 3057
f 3 3057 3058
f 3 3058 3059
f 3 3059 3060
f 3 3060 3061
f 3 3061 3062
f 3 3062 3063
f 3 3063 3064
f 3 3064 3065
f 3 3065 3066
f 3 3066 3067
f 3 3067 3068
f 3 3068 3069
f 3 3069 3070
f 3 3070 3071
f 3 3071 3072
f 3 3072 3073
f 3 3073 3074
f 3 3074 3075
f 3 3075 3076
f 3 3076 3077
f 3 3077 3078
f 3 3078 3079
f 3 3079 3080
f 3 3080 3081
f 3 3081 3082
f 3 3082 3083
f 3 3083 3084
f 3 3084 3085
f 3 3085 3086
f 3 3086 3087
f 3 3087 3088
f 3 3088 3089
f 3 3089 3090
f 3 3090 3091
f 3 3091 3092
f 3 3092 3093
f 3 3093 3094
f 3 3094 3095
f 3 3095 3096
f 3 3096 3097
f 3 3097 3098
f 3 3098 3099
f 3 3099 3100
f 3 3100 3101
f 3 3101 3102
f 3 3102 3103
f 3 3103 3104
f 3 3104 3105
f 3 3105 3106
f 3 3106 3107
f 3 3107 3108
f 3 3108 3109
f 3 3109 3110
f 3 3110 1992
f 1995 1938 1992
f 1938 1939 1992
f 1939 1940 1992
f 1940 1941 1992
f 1941 1942 1992
f 1942 1943 1992
f 1943 1944 1992
f 1944 1945 1992
f 1945 1946 1992
f 1946 1947 1992
f 1947 1948 1992
f 1948 1949 1992
f 1949 1950 1992
f 1950 1951 1992
f 1951 1952 1992
f 1952 1953 1992
f 1953 1954 1992
f 1954 1955 1992
f 1955 1956 1992
f 1956 1957 1992
f 1957 1958 1992
f 1958 1959 1992
f 1959 1960 1992
f 1960 1961 1992
f 1961 1962 1992
f 1962 1963 1992
f 1963 1964 1992
f 1964 1965 1992
f 1965 1966 1992
f 1966 1967 1992
f 1967 1968 1992
f 1968 1969 1992
f 1969 1970 1992
f 1970 1971 1992
f 1971 1972 1992
f 1972 1973 1992
f 1973 1974 1992
f 1974 1975 1992
f 1975 1976 1992
f 1976 1977 1992
f 1977 1978 1992
f 1978 1979 1992
f 1979 1980 1992
f 1980 1981 1992
f 1981 1982 1992
f 1982 1983 1992
f 1983 1984 1992
f 1984 1985 1992
f 1985 1986 1992
f 1986 1987 1992
f 1987 1988 1992
f 1988 1989 1992
f 1989 1990 1992
f 1990 1991 1992
f 3 2052 3111
f 3 3111 3112
f 3 3112 3113
f 3 3113 3114
f 3 3114 3115
f 3 3115 3116
f 3 3116 3117
f 3 3117 3118
f 3 3118 3119
f 3 3119 3120
f 3 3120 3121
f 3 3121 3122
f 3 3122 3123
f 3 3123 3124
f 3 3124 3125
f 3 3125 3126
f 3 3126 3127
f 3 3127 3128
f 3 3128 3129
f 3 3129 3130
f 3 3130 3131
f 3 3131 3132
f 3 3132 3133
f 3 3133 3134
f 3 3134 3135
f 3 3135 3136
f 3 3136 3137
f 3 3137 3138
f 3 3138 3139
f 3 3139 3140
f 3 3140 3141
f 3 3141 3142
f 3 3142 3143
f 3 3143 3144
f 3 3144 3145
f 3 3145 3146
f 3 3146 3147
f 3 3147 3148
f 3 3148 3149
f 3 3149 3150
f 3 3150 3151
f 3 3151 3152
f 3 3152 3153
f 3 3153 3154
f 3 3154 3155
f 3 3155 3156
f 3 3156 3157
f 3 3157 3158
f 3 3158 3159
f 3 3159 3160
f 3 3160 3161
f 3 3161 3162
f 3 3162 3163
f 3 3163 3164
f 3 3164 3165
f 3 3165 3166
f 3 3166 3167
f 3 3167 3168
f 3 3168 3169
f 3 3169 2104
f 2112 2053 2104
f 2053 2054 2104
f 2054 2055 2104
f 2055 2056 2104
f 2056 2057 2104
f 2057 2058 2104
f 2058 2059 2104
f 2059 2060 2104
f 2060 2061 2104
f 2061 2062 2104
f 2062 2063 2104
f 2063 2064 2104
f 2064 2065 2104
f 2065 2066 2104
f 2066 2067 2104
f 2067 2068 2104
f 2068 2069 2104
f 2069 2070 2104
f 2070 2071 2104
f 2071 2072 2104
f 2072 2073 2104
f 2073 2074 2104
f 2074 2075 2104
f 2075 2076 2104
f 2076 2077 2104
f 2077 2078 2104
f 2078 2079 2104
f 2079 2080 2104
f 2080 2081 2104
f 2081 2082 2104
f 2082 2083 2104
f 2083 2084 2104
f 2084 2085 2104
f 2085 2086 2104
f 2086 2087 2104
f 2087 2088 2104
f 2088 2089 2104
f 2089 2090 2104
f 2090 2091 2104
f 2091 2092 2104
f 2092 2093 2104
f 2093 2094 2104
f 2094 2095 2104
f 2095 2096 2104
f 2096 2097 2104
f 2097 2098 2104
f 2098 2099 2104
f 2099 2100 2104
f 2100 2101 2104
f 2101 2102 2104
f 3 2111 3170
f 3 3170 3171
f 3 3171 3172
f 3 3172 3173
f 3 3173 3174
f 3 3174 3175
f 3 3175 3176
f 3 3176 3177
f 3 3177 3178
f 3 3178 3179
f 3 3179 3180
f 3 3180 3181
f 3 3181 3182
f 3 3182 3183
f 3 3183 3184
f 3 3184 3185
f 3 3185 3186
f 3 3186 3187
f 3 3187 3188
f 3 3188 3189
f 3 3189 3190
f 3 3190 3191
f 3 3191 3192
f 3 3192 3193
f 3 3193 3194
f 3 3194 3195
f 3 3195 3196
f 3 3196 3197
f 3 3197 3198
f 3 3198 2110
f 3 2110 2109
f 3 2109 1065
f 2109 2113 1065
f 2113 2114 1065
f 2114 2115 1065
f 2115 2116 1065
f 2116 2117 1065
f 2117 2118 1065
f 2118 2119 1065
f 2119 2120 1065
f 2120 2121 1065
f 2121 2122 1065
f 2122 2123 1065
f 2123 2124 1065
f 2124 2125 1065
f 2125 2126 1065
f 2126 2127 1065
f 2127 2128 1065
f 2128 2129 1065
f 2129 2130 1065
f 2130 2131 1065
f 2131 2132 1065
f 2132 2133 1065
f 2133 2134 1065
f 2134 2135 1065
f 2135 2136 1065
f 2136 2137 1065
f 2137 2138 1065
f 2138 2139 1065
f 2139 2140 1065
f 2140 2141 1065
f 2141 2142 1065
f 2142 2143 1065
f 2143 2144 1065
f 2144 2145 1065
f 2145 2146 1065
f 2146 2147 1065
f 2147 2148 1065
f 2148 2149 1065
f 2149 2150 1065
f 2150 2151 1065
f 2151 2152 1065
f 2152 2153 1065
f 2153 2154 1065
f 2154 2155 1065
f 2155 2156 1065
f 2156 2157 1065
f 2157 2158 1065
f 2158 2159 1065
f 2159 2160 1065
f 2160 2161 1065
f 2161 2162 1065
f 2162 2163 1065
f 2163 2164 1065
f 2164 2165 1065
f 2165 2166 1065
f 965 1039 1033
f 1068 1997 1067
f 2225 1124 1123
f 1123 1996 1124
f 1182 1127 1183
f 1240 1185 1241
f 1298 1243 1299
f 1356 1301 1357
f 1414 1359 1415
f 1472 1417 1473
f 1530 1475 1531
f 1588 1533 1589
f 1646 1591 1647
f 1704 1649 1705
f 1762 1707 1763
f 1994 1995 1960
f 2166 2110 2143
