v -0.619497024 -0.268045588 -2.355000000
v -0.611252845 -0.286347620 -2.355000000
v -0.602468106 -0.304396421 -2.355000000
v -0.593150576 -0.322176031 -2.355000000
v -0.583308494 -0.339670724 -2.355000000
v -0.572950565 -0.356865031 -2.355000000
v -0.562085949 -0.373743744 -2.355000000
v -0.550724253 -0.390291939 -2.355000000
v -0.619497024 -0.268045588 -1.566213203
v -0.611252845 -0.286347620 -1.566213203
v -0.602468106 -0.304396421 -1.566213203
v -0.593150576 -0.322176031 -1.566213203
v -0.583308494 -0.339670724 -1.566213203
v -0.572950565 -0.356865031 -1.566213203
v -0.562085949 -0.373743744 -1.566213203
v -0.550724253 -0.390291939 -1.566213203
v -0.490459792 -0.463760922 -2.355000000
v -0.476453134 -0.478139531 -2.355000000
v -0.462025126 -0.492095299 -2.355000000
v -0.447188527 -0.505615883 -2.355000000
v -0.431956458 -0.518689328 -2.355000000
v -0.416342389 -0.531304070 -2.355000000
v -0.400360129 -0.543448955 -2.355000000
v -0.384023811 -0.555113243 -2.355000000
v -0.490459792 -0.463760922 -1.566213203
v -0.476453134 -0.478139531 -1.566213203
v -0.462025126 -0.492095299 -1.566213203
v -0.447188527 -0.505615883 -1.566213203
v -0.431956458 -0.518689328 -1.566213203
v -0.416342389 -0.531304070 -1.566213203
v -0.400360129 -0.543448955 -1.566213203
v -0.384023811 -0.555113243 -1.566213203
v -0.302265870 -0.603539844 -2.355000000
v -0.284186143 -0.612260758 -2.355000000
v -0.265855097 -0.620440221 -2.355000000
v -0.247288942 -0.628070999 -2.355000000
v -0.228504098 -0.635146343 -2.355000000
v -0.209517177 -0.641659998 -2.355000000
v -0.190344969 -0.647606202 -2.355000000
v -0.171004431 -0.652979697 -2.355000000
v -0.302265870 -0.603539844 -1.566213203
v -0.284186143 -0.612260758 -1.566213203
v -0.265855097 -0.620440221 -1.566213203
v -0.247288942 -0.628070999 -1.566213203
v -0.228504098 -0.635146343 -1.566213203
v -0.209517177 -0.641659998 -1.566213203
v -0.190344969 -0.647606202 -1.566213203
v -0.171004431 -0.652979697 -1.566213203
v -0.077614224 -0.670522954 -2.355000000
v -0.057642109 -0.672534302 -2.355000000
v -0.037619019 -0.673950895 -2.355000000
v -0.017562661 -0.674771482 -2.355000000
v 0.002509229 -0.674995336 -2.355000000
v 0.022578900 -0.674622260 -2.355000000
v 0.042628603 -0.673652583 -2.355000000
v 0.062640608 -0.672087163 -2.355000000
v -0.077614224 -0.670522954 -1.566213203
v -0.057642109 -0.672534302 -1.566213203
v -0.037619019 -0.673950895 -1.566213203
v -0.017562661 -0.674771482 -1.566213203
v 0.002509229 -0.674995336 -1.566213203
v 0.022578900 -0.674622260 -1.566213203
v 0.042628603 -0.673652583 -1.566213203
v 0.062640608 -0.672087163 -1.566213203
v 0.156398844 -0.656631100 -2.355000000
v 0.175854414 -0.651690283 -2.355000000
v 0.195154467 -0.646173145 -2.355000000
v 0.214281936 -0.640084566 -2.355000000
v 0.233219906 -0.633429930 -2.355000000
v 0.251951627 -0.626215121 -2.355000000
v 0.270460536 -0.618446520 -2.355000000
v 0.288730264 -0.610130998 -2.355000000
v 0.156398844 -0.656631100 -1.566213203
v 0.175854414 -0.651690283 -1.566213203
v 0.195154467 -0.646173145 -1.566213203
v 0.214281936 -0.640084566 -1.566213203
v 0.233219906 -0.633429930 -1.566213203
v 0.251951627 -0.626215121 -1.566213203
v 0.270460536 -0.618446520 -1.566213203
v 0.288730264 -0.610130998 -1.566213203
v 0.371547902 -0.563539844 -2.355000000
v 0.388140299 -0.552242798 -2.355000000
v 0.404389444 -0.540457378 -2.355000000
v 0.420280969 -0.528194005 -2.355000000
v 0.435800820 -0.515463525 -2.355000000
v 0.450935270 -0.502277196 -2.355000000
v 0.465670938 -0.488646680 -2.355000000
v 0.479994790 -0.474584030 -2.355000000
v 0.371547902 -0.563539844 -1.566213203
v 0.388140299 -0.552242798 -1.566213203
v 0.404389444 -0.540457378 -1.566213203
v 0.420280969 -0.528194005 -1.566213203
v 0.435800820 -0.515463525 -1.566213203
v 0.450935270 -0.502277196 -1.566213203
v 0.465670938 -0.488646680 -1.566213203
v 0.479994790 -0.474584030 -1.566213203
v 0.541882801 -0.402477366 -2.355000000
v 0.553610736 -0.386186682 -2.355000000
v 0.564849087 -0.369554474 -2.355000000
v 0.575587915 -0.352595451 -2.355000000
v 0.585817723 -0.335324612 -2.355000000
v 0.595529465 -0.317757229 -2.355000000
v 0.604714551 -0.299908838 -2.355000000
v 0.613364860 -0.281795224 -2.355000000
v 0.541882801 -0.402477366 -1.566213203
v 0.553610736 -0.386186682 -1.566213203
v 0.564849087 -0.369554474 -1.566213203
v 0.575587915 -0.352595451 -1.566213203
v 0.585817723 -0.335324612 -1.566213203
v 0.595529465 -0.317757229 -1.566213203
v 0.604714551 -0.299908838 -1.566213203
v 0.613364860 -0.281795224 -1.566213203
v 0.646858636 -0.192870178 -2.355000000
v 0.652307547 -0.173550752 -2.355000000
v 0.657179593 -0.154077847 -2.355000000
v 0.661470463 -0.134468683 -2.355000000
v 0.665176363 -0.114740602 -2.355000000
v 0.668294017 -0.094911051 -2.355000000
v 0.670820666 -0.074997565 -2.355000000
v 0.672754076 -0.055017755 -2.355000000
v 0.646858636 -0.192870178 -1.566213203
v 0.652307547 -0.173550752 -1.566213203
v 0.657179593 -0.154077847 -1.566213203
v 0.661470463 -0.134468683 -1.566213203
v 0.665176363 -0.114740602 -1.566213203
v 0.668294017 -0.094911051 -1.566213203
v 0.670820666 -0.074997565 -1.566213203
v 0.672754076 -0.055017755 -1.566213203
v 0.673813772 0.040000000 -2.355000000
v 0.672326442 0.060017960 -2.355000000
v 0.670244541 0.079982843 -2.355000000
v 0.667569911 0.099876994 -2.355000000
v 0.664304917 0.119682818 -2.355000000
v 0.660452447 0.139382802 -2.355000000
v 0.656015907 0.158959522 -2.355000000
v 0.650999221 0.178395667 -2.355000000
v 0.673813772 0.040000000 -1.566213203
v 0.672326442 0.060017960 -1.566213203
v 0.670244541 0.079982843 -1.566213203
v 0.667569911 0.099876994 -1.566213203
v 0.664304917 0.119682818 -1.566213203
v 0.660452447 0.139382802 -1.566213203
v 0.656015907 0.158959522 -1.566213203
v 0.650999221 0.178395667 -1.566213203
v 0.619497024 0.268045588 -2.355000000
v 0.611252845 0.286347620 -2.355000000
v 0.602468106 0.304396421 -2.355000000
v 0.593150576 0.322176031 -2.355000000
v 0.583308494 0.339670724 -2.355000000
v 0.572950565 0.356865031 -2.355000000
v 0.562085949 0.373743744 -2.355000000
v 0.550724253 0.390291939 -2.355000000
v 0.619497024 0.268045588 -1.566213203
v 0.611252845 0.286347620 -1.566213203
v 0.602468106 0.304396421 -1.566213203
v 0.593150576 0.322176031 -1.566213203
v 0.583308494 0.339670724 -1.566213203
v 0.572950565 0.356865031 -1.566213203
v 0.562085949 0.373743744 -1.566213203
v 0.550724253 0.390291939 -1.566213203
v 0.490459792 0.463760922 -2.355000000
v 0.476453134 0.478139531 -2.355000000
v 0.462025126 0.492095299 -2.355000000
v 0.447188527 0.505615883 -2.355000000
v 0.431956458 0.518689328 -2.355000000
v 0.416342389 0.531304070 -2.355000000
v 0.400360129 0.543448955 -2.355000000
v 0.384023811 0.555113243 -2.355000000
v 0.490459792 0.463760922 -1.566213203
v 0.476453134 0.478139531 -1.566213203
v 0.462025126 0.492095299 -1.566213203
v 0.447188527 0.505615883 -1.566213203
v 0.431956458 0.518689328 -1.566213203
v 0.416342389 0.531304070 -1.566213203
v 0.400360129 0.543448955 -1.566213203
v 0.384023811 0.555113243 -1.566213203
v 0.302265870 0.603539844 -2.355000000
v 0.284186143 0.612260758 -2.355000000
v 0.265855097 0.620440221 -2.355000000
v 0.247288942 0.628070999 -2.355000000
v 0.228504098 0.635146343 -2.355000000
v 0.209517177 0.641659998 -2.355000000
v 0.190344969 0.647606202 -2.355000000
v 0.171004431 0.652979697 -2.355000000
v 0.302265870 0.603539844 -1.566213203
v 0.284186143 0.612260758 -1.566213203
v 0.265855097 0.620440221 -1.566213203
v 0.247288942 0.628070999 -1.566213203
v 0.228504098 0.635146343 -1.566213203
v 0.209517177 0.641659998 -1.566213203
v 0.190344969 0.647606202 -1.566213203
v 0.171004431 0.652979697 -1.566213203
v 0.077614224 0.670522954 -2.355000000
v 0.057642109 0.672534302 -2.355000000
v 0.037619019 0.673950895 -2.355000000
v 0.017562661 0.674771482 -2.355000000
v -0.002509229 0.674995336 -2.355000000
v -0.022578900 0.674622260 -2.355000000
v -0.042628603 0.673652583 -2.355000000
v -0.062640608 0.672087163 -2.355000000
v 0.077614224 0.670522954 -1.566213203
v 0.057642109 0.672534302 -1.566213203
v 0.037619019 0.673950895 -1.566213203
v 0.017562661 0.674771482 -1.566213203
v -0.002509229 0.674995336 -1.566213203
v -0.022578900 0.674622260 -1.566213203
v -0.042628603 0.673652583 -1.566213203
v -0.062640608 0.672087163 -1.566213203
v -0.156398844 0.656631100 -2.355000000
v -0.175854414 0.651690283 -2.355000000
v -0.195154467 0.646173145 -2.355000000
v -0.214281936 0.640084566 -2.355000000
v -0.233219906 0.633429930 -2.355000000
v -0.251951627 0.626215121 -2.355000000
v -0.270460536 0.618446520 -2.355000000
v -0.288730264 0.610130998 -2.355000000
v -0.156398844 0.656631100 -1.566213203
v -0.175854414 0.651690283 -1.566213203
v -0.195154467 0.646173145 -1.566213203
v -0.214281936 0.640084566 -1.566213203
v -0.233219906 0.633429930 -1.566213203
v -0.251951627 0.626215121 -1.566213203
v -0.270460536 0.618446520 -1.566213203
v -0.288730264 0.610130998 -1.566213203
v -0.371547902 0.563539844 -2.355000000
v -0.388140299 0.552242798 -2.355000000
v -0.404389444 0.540457378 -2.355000000
v -0.420280969 0.528194005 -2.355000000
v -0.435800820 0.515463525 -2.355000000
v -0.450935270 0.502277196 -2.355000000
v -0.465670938 0.488646680 -2.355000000
v -0.479994790 0.474584030 -2.355000000
v -0.371547902 0.563539844 -1.566213203
v -0.388140299 0.552242798 -1.566213203
v -0.404389444 0.540457378 -1.566213203
v -0.420280969 0.528194005 -1.566213203
v -0.435800820 0.515463525 -1.566213203
v -0.450935270 0.502277196 -1.566213203
v -0.465670938 0.488646680 -1.566213203
v -0.479994790 0.474584030 -1.566213203
v -0.541882801 0.402477366 -2.355000000
v -0.553610736 0.386186682 -2.355000000
v -0.564849087 0.369554474 -2.355000000
v -0.575587915 0.352595451 -2.355000000
v -0.585817723 0.335324612 -2.355000000
v -0.595529465 0.317757229 -2.355000000
v -0.604714551 0.299908838 -2.355000000
v -0.613364860 0.281795224 -2.355000000
v -0.541882801 0.402477366 -1.566213203
v -0.553610736 0.386186682 -1.566213203
v -0.564849087 0.369554474 -1.566213203
v -0.575587915 0.352595451 -1.566213203
v -0.585817723 0.335324612 -1.566213203
v -0.595529465 0.317757229 -1.566213203
v -0.604714551 0.299908838 -1.566213203
v -0.613364860 0.281795224 -1.566213203
v -0.646858636 0.192870178 -2.355000000
v -0.652307547 0.173550752 -2.355000000
v -0.657179593 0.154077847 -2.355000000
v -0.661470463 0.134468683 -2.355000000
v -0.665176363 0.114740602 -2.355000000
v -0.668294017 0.094911051 -2.355000000
v -0.670820666 0.074997565 -2.355000000
v -0.672754076 0.055017755 -2.355000000
v -0.646858636 0.192870178 -1.566213203
v -0.652307547 0.173550752 -1.566213203
v -0.657179593 0.154077847 -1.566213203
v -0.661470463 0.134468683 -1.566213203
v -0.665176363 0.114740602 -1.566213203
v -0.668294017 0.094911051 -1.566213203
v -0.670820666 0.074997565 -1.566213203
v -0.672754076 0.055017755 -1.566213203
v -0.673813772 -0.040000000 -2.355000000
v -0.672326442 -0.060017960 -2.355000000
v -0.670244541 -0.079982843 -2.355000000
v -0.667569911 -0.099876994 -2.355000000
v -0.664304917 -0.119682818 -2.355000000
v -0.660452447 -0.139382802 -2.355000000
v -0.656015907 -0.158959522 -2.355000000
v -0.650999221 -0.178395667 -2.355000000
v -0.673813772 -0.040000000 -1.566213203
v -0.672326442 -0.060017960 -1.566213203
v -0.670244541 -0.079982843 -1.566213203
v -0.667569911 -0.099876994 -1.566213203
v -0.664304917 -0.119682818 -1.566213203
v -0.660452447 -0.139382802 -1.566213203
v -0.656015907 -0.158959522 -1.566213203
v -0.650999221 -0.178395667 -1.566213203
v -0.541654845 -0.402286089 -1.563233417
v -0.534705363 -0.396454781 -1.550647217
v -0.531300837 -0.393598045 -2.387174310
v -0.536102157 -0.397626831 -2.372576260
v -0.369424071 -0.559861261 -1.555761996
v -0.155661245 -0.652447969 -1.555761996
v 0.076876625 -0.666339824 -1.555761996
v 0.302117083 -0.603282137 -1.563233417
v 0.490231836 -0.463569644 -1.563233417
v 0.619217395 -0.267943811 -1.563233417
v 0.673516198 -0.040000000 -1.563233417
v 0.646579007 0.192768402 -1.563233417
v 0.541654845 0.402286089 -1.563233417
v 0.371399115 0.563282137 -1.563233417
v 0.156347170 0.656338046 -1.563233417
v -0.077562550 0.670229900 -1.563233417
v -0.302117083 0.603282137 -1.563233417
v -0.490231836 0.463569644 -1.563233417
v -0.619217395 0.267943811 -1.563233417
v -0.673516198 0.040000000 -1.563233417
v -0.646579007 -0.192768402 -1.563233417
v -0.613586159 -0.265894209 -2.369651123
v -0.607692872 -0.263749228 -2.384258185
v -0.606516324 -0.263320999 -1.546211010
v -0.645000000 0.000000000 -2.425000000
v -0.641690714 -0.065253568 -2.425000000
v -0.660000000 0.000000000 -2.390000000
v -0.660000000 -0.015944719 -2.389550660
v -0.660000000 -0.031233606 -2.388276514
v -0.631796812 -0.129837545 -2.425000000
v -0.633877935 -0.188145590 -2.387174310
v -0.615419820 -0.193089214 -2.425000000
v -0.628405390 -0.203181284 -2.388982064
v -0.622933002 -0.218216549 -2.389886832
v -0.617460726 -0.233251501 -2.389886788
v -0.611988517 -0.248286271 -2.388981978
v -0.592727788 -0.254359527 -2.425000000
v -0.563953567 -0.313019766 -2.425000000
v -0.529392420 -0.368467999 -2.425000000
v -0.521015816 -0.405855255 -2.388982064
v -0.510731090 -0.418112115 -2.389886832
v -0.489398989 -0.420135251 -2.425000000
v -0.500446576 -0.430368721 -2.389886788
v -0.490162188 -0.442625178 -2.388981978
v -0.479877828 -0.454881600 -2.387174310
v -0.444383663 -0.467491348 -2.425000000
v -0.394808359 -0.510050350 -2.425000000
v -0.364641016 -0.551576766 -2.387174310
v -0.350784045 -0.559577092 -2.388982064
v -0.341181787 -0.547375546 -2.425000000
v -0.336927471 -0.567577190 -2.389886832
v -0.323071183 -0.575577121 -2.389886788
v -0.309215064 -0.583576955 -2.388981978
v -0.295358984 -0.591576766 -2.387174310
v -0.284054228 -0.579083928 -2.425000000
v -0.224011888 -0.604850125 -2.425000000
v -0.161670883 -0.624409742 -2.425000000
v -0.154000107 -0.643027190 -2.387174310
v -0.138242541 -0.645805674 -2.388982064
v -0.122485426 -0.648584078 -2.389886832
v -0.106728638 -0.651362425 -2.389886788
v -0.097670916 -0.637562069 -2.425000000
v -0.090972040 -0.654140739 -2.388981978
v -0.075215487 -0.656919044 -2.387174310
v -0.032668714 -0.644172147 -2.425000000
v 0.032668714 -0.644172147 -2.425000000
v 0.075215487 -0.656919044 -2.387174310
v 0.090973053 -0.654140560 -2.388982064
v 0.097670916 -0.637562069 -2.425000000
v 0.106730168 -0.651362155 -2.389886832
v 0.122486957 -0.648583809 -2.389886788
v 0.138243554 -0.645805495 -2.388981978
v 0.154000107 -0.643027190 -2.387174310
v 0.161670883 -0.624409742 -2.425000000
v 0.224011888 -0.604850125 -2.425000000
v 0.284054228 -0.579083928 -2.425000000
v 0.295358984 -0.591576766 -2.387174310
v 0.309215955 -0.583576441 -2.388982064
v 0.323072529 -0.575576343 -2.389886832
v 0.336928817 -0.567576412 -2.389886788
v 0.341181787 -0.547375546 -2.425000000
v 0.350784936 -0.559576578 -2.388981978
v 0.364641016 -0.551576766 -2.387174310
v 0.394808359 -0.510050350 -2.425000000
v 0.444383663 -0.467491348 -2.425000000
v 0.479877828 -0.454881600 -2.387174310
v 0.490162849 -0.442624390 -2.388982064
v 0.500447575 -0.430367530 -2.389886832
v 0.489398989 -0.420135251 -2.425000000
v 0.510732089 -0.418110924 -2.389886788
v 0.521016477 -0.405854467 -2.388981978
v 0.531300837 -0.393598045 -2.387174310
v 0.529392420 -0.368467999 -2.425000000
v 0.563953567 -0.313019766 -2.425000000
v 0.606516324 -0.263320999 -2.387174310
v 0.592727788 -0.254359527 -2.425000000
v 0.611988869 -0.248285305 -2.388982064
v 0.617461258 -0.233250041 -2.389886832
v 0.622933533 -0.218215088 -2.389886788
v 0.628405742 -0.203180318 -2.388981978
v 0.615419820 -0.193089214 -2.425000000
v 0.633877935 -0.188145590 -2.387174310
v 0.631796812 -0.129837545 -2.425000000
v 0.641690714 -0.065253568 -2.425000000
v 0.660000000 -0.040000000 -2.387174310
v 0.660000000 -0.024672699 -2.388924307
v 0.660000000 -0.008687758 -2.389866580
v 0.645000000 0.000000000 -2.425000000
v 0.640947771 -0.190718799 -2.369651123
v 0.666267679 -0.040000000 -2.372576260
v 0.537064219 -0.398434097 -2.369651123
v 0.612406015 -0.265464672 -2.372576260
v 0.368402797 -0.558092362 -2.369651123
v 0.484679149 -0.458910386 -2.372576260
v 0.155306560 -0.650436452 -2.369651123
v 0.298492823 -0.597004735 -2.372576260
v -0.076521940 -0.664328306 -2.369651123
v 0.076303858 -0.663091503 -2.372576260
v -0.299120765 -0.598092362 -2.369651123
v -0.155088478 -0.649199648 -2.372576260
v -0.485641210 -0.459717652 -2.369651123
v -0.367774856 -0.557004735 -2.372576260
v -0.667523561 -0.040000000 -2.369651123
v -0.639767627 -0.190289262 -2.372576260
v -0.660000000 0.040000000 -1.546211010
v -0.660000000 0.023993212 -1.545435975
v -0.660000000 0.007995476 -1.545048432
v -0.660000000 -0.007995529 -1.545048433
v -0.660000000 -0.023993293 -1.545435977
v -0.660000000 -0.040000000 -1.546211010
v -0.660000000 0.015944409 -2.389550678
v -0.660000000 0.031233387 -2.388276538
v -0.649393398 0.000000000 -1.534393398
v -0.646061571 0.065698040 -1.534393398
v -0.636100277 0.130721930 -1.534393398
v -0.633877935 0.188145590 -1.546211010
v -0.619611734 0.194404436 -1.534393398
v -0.628405617 0.203180661 -1.545436283
v -0.622933305 0.218215714 -1.545048512
v -0.617460992 0.233250772 -1.545048510
v -0.611988668 0.248285859 -1.545436281
v -0.596765136 0.256092089 -1.534393398
v -0.606516324 0.263320999 -1.546211010
v -0.567794920 0.315151891 -1.534393398
v -0.532998360 0.370977808 -1.534393398
v -0.531300837 0.393598045 -1.546211010
v -0.521016242 0.405854747 -1.545436283
v -0.510731660 0.418111435 -1.545048512
v -0.492732516 0.422996990 -1.534393398
v -0.498577149 0.432596617 -1.545090194
v -0.488292538 0.444853339 -1.545548383
v -0.447410569 0.470675651 -1.534393398
v -0.397497584 0.513524543 -1.534393398
v -0.364641016 0.551576766 -1.546211010
v -0.350784619 0.559576761 -1.545436283
v -0.343505736 0.551103978 -1.534393398
v -0.336928240 0.567576745 -1.545048512
v -0.323071855 0.575576733 -1.545048510
v -0.309215444 0.583576735 -1.545436281
v -0.295358984 0.591576766 -1.546211010
v -0.285989055 0.583028341 -1.534393398
v -0.225537738 0.608970044 -1.534393398
v -0.162772100 0.628662890 -1.534393398
v -0.154000107 0.643027190 -1.546211010
v -0.138243194 0.645805559 -1.545436283
v -0.122486301 0.648583924 -1.545048512
v -0.106729402 0.651362291 -1.545048510
v -0.098336199 0.641904804 -1.534393398
v -0.090972473 0.654140662 -1.545436281
v -0.075215487 0.656919044 -1.546211010
v -0.032891236 0.648559907 -1.534393398
v 0.032891236 0.648559907 -1.534393398
v 0.075215487 0.656919044 -1.546211010
v 0.090972400 0.654140675 -1.545436283
v 0.098336199 0.641904804 -1.534393398
v 0.106729294 0.651362310 -1.545048512
v 0.122486193 0.648583943 -1.545048510
v 0.138243122 0.645805572 -1.545436281
v 0.154000107 0.643027190 -1.546211010
v 0.162772100 0.628662890 -1.534393398
v 0.225537738 0.608970044 -1.534393398
v 0.285989055 0.583028341 -1.534393398
v 0.295358984 0.591576766 -1.546211010
v 0.309215381 0.583576772 -1.545436283
v 0.323071760 0.575576788 -1.545048512
v 0.336928145 0.567576800 -1.545048510
v 0.343505736 0.551103978 -1.534393398
v 0.350784556 0.559576798 -1.545436281
v 0.364641016 0.551576766 -1.546211010
v 0.397497584 0.513524543 -1.534393398
v 0.447410569 0.470675651 -1.534393398
v 0.479877828 0.454881600 -1.546211010
v 0.490162423 0.442624897 -1.545436283
v 0.500447005 0.430368210 -1.545048512
v 0.510731590 0.418111519 -1.545048510
v 0.521016195 0.405854803 -1.545436281
v 0.531300837 0.393598045 -1.546211010
v 0.532998360 0.370977808 -1.534393398
v 0.567794920 0.315151891 -1.534393398
v 0.606516324 0.263320999 -1.546211010
v 0.596765136 0.256092089 -1.534393398
v 0.611988643 0.248285928 -1.545436283
v 0.617460954 0.233250875 -1.545048512
v 0.622933268 0.218215817 -1.545048510
v 0.628405592 0.203180730 -1.545436281
v 0.619611734 0.194404436 -1.534393398
v 0.633877935 0.188145590 -1.546211010
v 0.636100277 0.130721930 -1.534393398
v 0.646061571 0.065698040 -1.534393398
v 0.660000000 0.040000000 -1.546211010
v 0.660000000 0.023993293 -1.545435977
v 0.660000000 0.007995529 -1.545048433
v 0.649393398 0.000000000 -1.534393398
v -0.664761717 0.040000000 -2.376083840
v -0.671043720 0.040000000 -2.361452051
v 0.641690714 0.065253568 -2.425000000
v 0.660000000 0.007238461 -2.389907379
v 0.660000000 0.023216760 -2.389047479
v 0.660000000 0.038537445 -2.387376995
v 0.631796812 0.129837545 -2.425000000
v 0.633877935 0.188145590 -2.387174310
v 0.615419820 0.193089214 -2.425000000
v 0.628405390 0.203181284 -2.388982064
v 0.622933002 0.218216549 -2.389886832
v 0.617460726 0.233251501 -2.389886788
v 0.611988517 0.248286271 -2.388981978
v 0.592727788 0.254359527 -2.425000000
v 0.606516324 0.263320999 -2.387174310
v 0.563953567 0.313019766 -2.425000000
v 0.529392420 0.368467999 -2.425000000
v 0.531300837 0.393598045 -2.387174310
v 0.521015816 0.405855255 -2.388982064
v 0.510731090 0.418112115 -2.389886832
v 0.489398989 0.420135251 -2.425000000
v 0.500446576 0.430368721 -2.389886788
v 0.490162188 0.442625178 -2.388981978
v 0.479877828 0.454881600 -2.387174310
v 0.444383663 0.467491348 -2.425000000
v 0.394808359 0.510050350 -2.425000000
v 0.364641016 0.551576766 -2.387174310
v 0.350784045 0.559577092 -2.388982064
v 0.341181787 0.547375546 -2.425000000
v 0.336927471 0.567577190 -2.389886832
v 0.323071183 0.575577121 -2.389886788
v 0.309215064 0.583576955 -2.388981978
v 0.295358984 0.591576766 -2.387174310
v 0.284054228 0.579083928 -2.425000000
v 0.224011888 0.604850125 -2.425000000
v 0.161670883 0.624409742 -2.425000000
v 0.154000107 0.643027190 -2.387174310
v 0.138242541 0.645805674 -2.388982064
v 0.122485426 0.648584078 -2.389886832
v 0.106728638 0.651362425 -2.389886788
v 0.097670916 0.637562069 -2.425000000
v 0.090972040 0.654140739 -2.388981978
v 0.075215487 0.656919044 -2.387174310
v 0.032668714 0.644172147 -2.425000000
v -0.032668714 0.644172147 -2.425000000
v -0.075215487 0.656919044 -2.387174310
v -0.090973053 0.654140560 -2.388982064
v -0.097670916 0.637562069 -2.425000000
v -0.106730168 0.651362155 -2.389886832
v -0.122486957 0.648583809 -2.389886788
v -0.138243554 0.645805495 -2.388981978
v -0.154000107 0.643027190 -2.387174310
v -0.161670883 0.624409742 -2.425000000
v -0.224011888 0.604850125 -2.425000000
v -0.284054228 0.579083928 -2.425000000
v -0.295358984 0.591576766 -2.387174310
v -0.309215955 0.583576441 -2.388982064
v -0.323072529 0.575576343 -2.389886832
v -0.336928817 0.567576412 -2.389886788
v -0.341181787 0.547375546 -2.425000000
v -0.350784936 0.559576578 -2.388981978
v -0.364641016 0.551576766 -2.387174310
v -0.394808359 0.510050350 -2.425000000
v -0.444383663 0.467491348 -2.425000000
v -0.479877828 0.454881600 -2.387174310
v -0.490162849 0.442624390 -2.388982064
v -0.500447575 0.430367530 -2.389886832
v -0.489398989 0.420135251 -2.425000000
v -0.510732089 0.418110924 -2.389886788
v -0.521016477 0.405854467 -2.388981978
v -0.531300837 0.393598045 -2.387174310
v -0.529392420 0.368467999 -2.425000000
v -0.563953567 0.313019766 -2.425000000
v -0.606516324 0.263320999 -2.387174310
v -0.592727788 0.254359527 -2.425000000
v -0.611988869 0.248285305 -2.388982064
v -0.617461258 0.233250041 -2.389886832
v -0.622933533 0.218215088 -2.389886788
v -0.628405742 0.203180318 -2.388981978
v -0.615419820 0.193089214 -2.425000000
v -0.633877935 0.188145590 -2.387174310
v -0.631796812 0.129837545 -2.425000000
v -0.641690714 0.065253568 -2.425000000
v -0.640947771 0.190718799 -2.369651123
v -0.537064219 0.398434097 -2.369651123
v -0.612406015 0.265464672 -2.372576260
v -0.368402797 0.558092362 -2.369651123
v -0.484679149 0.458910386 -2.372576260
v -0.155306560 0.650436452 -2.369651123
v -0.298492823 0.597004735 -2.372576260
v 0.076521940 0.664328306 -2.369651123
v -0.076303858 0.663091503 -2.372576260
v 0.299120765 0.598092362 -2.369651123
v 0.155088478 0.649199648 -2.372576260
v 0.485641210 0.459717652 -2.369651123
v 0.367774856 0.557004735 -2.372576260
v 0.613586159 0.265894209 -2.369651123
v 0.536102157 0.397626831 -2.372576260
v 0.667523561 0.040000000 -2.369651123
v 0.639767627 0.190289262 -2.372576260
v 0.629999300 -0.000939209 -2.581000000
v -0.630000000 0.000000000 -2.581000000
v -0.629797685 -0.015964844 -2.581000000
v 0.629773184 -0.016903733 -2.581000000
v -0.629217842 -0.031382400 -2.581261605
v 0.629175982 -0.032211145 -2.581491665
v 0.625403736 -0.075961564 -2.582159818
v -0.625372884 -0.076215176 -2.582029717
v -0.623278340 -0.091782953 -2.581000000
v -0.620591287 -0.108473290 -2.581000000
v -0.617457377 -0.125085522 -2.581000000
v -0.628783702 -0.039128714 -2.614841134
v -0.626025694 -0.070652883 -2.614841134
v -0.612436435 -0.147721405 -2.591000000
v -0.612436435 -0.147721405 -2.614841134
v -0.604246213 -0.178287728 -2.614841134
v -0.577480596 -0.251825656 -2.591000000
v -0.577480596 -0.251825656 -2.614841134
v -0.564107016 -0.280505391 -2.614841134
v -0.524978302 -0.348278311 -2.591000000
v -0.524978302 -0.348278311 -2.614841134
v -0.506827713 -0.374200039 -2.614841134
v -0.456524808 -0.434148707 -2.591000000
v -0.456524808 -0.434148707 -2.614841134
v -0.434148707 -0.456524808 -2.614841134
v -0.374200039 -0.506827713 -2.591000000
v -0.374200039 -0.506827713 -2.614841134
v -0.348278311 -0.524978302 -2.614841134
v -0.280505391 -0.564107016 -2.591000000
v -0.280505391 -0.564107016 -2.614841134
v -0.251825656 -0.577480596 -2.614841134
v -0.178287728 -0.604246213 -2.591000000
v -0.178287728 -0.604246213 -2.614841134
v -0.147721405 -0.612436435 -2.614841134
v -0.070652883 -0.626025694 -2.591000000
v -0.070652883 -0.626025694 -2.614841134
v -0.039128714 -0.628783702 -2.614841134
v 0.039128714 -0.628783702 -2.591000000
v 0.039128714 -0.628783702 -2.614841134
v 0.070652883 -0.626025694 -2.614841134
v 0.147721405 -0.612436435 -2.591000000
v 0.147721405 -0.612436435 -2.614841134
v 0.178287728 -0.604246213 -2.614841134
v 0.251825656 -0.577480596 -2.591000000
v 0.251825656 -0.577480596 -2.614841134
v 0.280505391 -0.564107016 -2.614841134
v 0.348278311 -0.524978302 -2.591000000
v 0.348278311 -0.524978302 -2.614841134
v 0.374200039 -0.506827713 -2.614841134
v 0.434148707 -0.456524808 -2.591000000
v 0.434148707 -0.456524808 -2.614841134
v 0.456524808 -0.434148707 -2.614841134
v 0.506827713 -0.374200039 -2.591000000
v 0.506827713 -0.374200039 -2.614841134
v 0.524978302 -0.348278311 -2.614841134
v 0.564107016 -0.280505391 -2.591000000
v 0.564107016 -0.280505391 -2.614841134
v 0.577480596 -0.251825656 -2.614841134
v 0.604246213 -0.178287728 -2.591000000
v 0.604246213 -0.178287728 -2.614841134
v 0.612436435 -0.147721405 -2.614841134
v 0.626025694 -0.070652883 -2.614841134
v 0.628783702 -0.039128714 -2.614841134
v -0.604246213 -0.178287728 -2.591000000
v -0.564107016 -0.280505391 -2.591000000
v -0.506827713 -0.374200039 -2.591000000
v -0.434148707 -0.456524808 -2.591000000
v -0.348278311 -0.524978302 -2.591000000
v -0.251825656 -0.577480596 -2.591000000
v -0.147721405 -0.612436435 -2.591000000
v -0.039128714 -0.628783702 -2.591000000
v 0.070652883 -0.626025694 -2.591000000
v 0.178287728 -0.604246213 -2.591000000
v 0.280505391 -0.564107016 -2.591000000
v 0.374200039 -0.506827713 -2.591000000
v 0.456524808 -0.434148707 -2.591000000
v 0.524978302 -0.348278311 -2.591000000
v 0.577480596 -0.251825656 -2.591000000
v 0.612436435 -0.147721405 -2.591000000
v 0.615921671 -0.132440534 -2.581000000
v -0.600197654 -0.191475263 -2.581000000
v -0.594844033 -0.207510424 -2.581000000
v -0.589062096 -0.223396167 -2.581000000
v -0.557829972 -0.292789553 -2.581000000
v -0.549773209 -0.307651457 -2.581000000
v -0.541320582 -0.322291837 -2.581000000
v -0.498512909 -0.385207580 -2.581000000
v -0.487997804 -0.398444656 -2.581000000
v -0.477131315 -0.411394832 -2.581000000
v -0.419864281 -0.469695631 -2.581000000
v -0.407110564 -0.480792043 -2.581000000
v -0.445477272 -0.445477272 -2.525000000
v -0.394063708 -0.491542260 -2.581000000
v -0.331923808 -0.535468566 -2.581000000
v -0.317436978 -0.544181739 -2.581000000
v -0.235641117 -0.584271567 -2.581000000
v -0.219879502 -0.590383777 -2.581000000
v -0.130603506 -0.616313819 -2.581000000
v -0.114019971 -0.619596196 -2.581000000
v -0.163055998 -0.608533271 -2.525000000
v -0.021597574 -0.629629689 -2.581000000
v -0.004696001 -0.629982498 -2.581000000
v 0.000000000 -0.630000000 -2.525000000
v 0.091782953 -0.623278340 -2.581000000
v 0.108473290 -0.620591287 -2.581000000
v 0.200401449 -0.597276535 -2.581000000
v 0.163055998 -0.608533271 -2.525000000
v 0.301072882 -0.553403216 -2.581000000
v 0.391125539 -0.493883400 -2.581000000
v 0.469695631 -0.419864281 -2.581000000
v 0.445477272 -0.445477272 -2.525000000
v 0.533479719 -0.335111011 -2.581000000
v 0.582140447 -0.240857841 -2.581000000
v 0.608533271 -0.163055998 -2.525000000
v 0.125085522 -0.617457377 -2.581000000
v 0.216355018 -0.591684465 -2.581000000
v 0.232152802 -0.585666353 -2.581000000
v 0.315813028 -0.545125794 -2.581000000
v 0.330325774 -0.536455854 -2.581000000
v 0.404236269 -0.483211175 -2.581000000
v 0.417055928 -0.472191013 -2.581000000
v 0.480792043 -0.407110564 -2.581000000
v 0.491542260 -0.394063708 -2.581000000
v 0.542279124 -0.320676397 -2.581000000
v 0.550688062 -0.306010879 -2.581000000
v 0.558700477 -0.291125019 -2.581000000
v 0.588393397 -0.225151528 -2.581000000
v 0.594222674 -0.209283095 -2.581000000
v 0.599624081 -0.193263968 -2.581000000
v 0.619253479 -0.115866860 -2.581000000
v 0.622139393 -0.099209755 -2.581000000
v -0.608533271 -0.163055998 -2.525000000
v -0.582856004 -0.239121054 -2.581000000
v -0.532478177 -0.336700151 -2.581000000
v -0.465921269 -0.424048784 -2.581000000
v -0.302721577 -0.552503074 -2.581000000
v -0.203959563 -0.596070882 -2.581000000
v -0.097354336 -0.622432433 -2.581000000
v 0.012208953 -0.629881688 -2.581000000
v 0.009942291 -0.494900142 -2.581000000
v -0.005452481 -0.494969969 -2.581000000
v 0.019869044 -0.562507134 -2.581004101
v 0.037034655 -0.614093882 -2.618789827
v 0.034942366 -0.599416476 -2.622734777
v 0.032851830 -0.584751368 -2.626675987
v 0.030415079 -0.567657559 -2.631269313
v 0.027980758 -0.550580806 -2.635857359
v 0.025548942 -0.533521617 -2.640439923
v 0.023119664 -0.516480237 -2.645016866
v 0.020692902 -0.499456504 -2.649588149
v 0.051290888 -0.628547312 -2.624569733
v 0.046090159 -0.607960308 -2.630412033
v 0.043953412 -0.593002704 -2.634432163
v 0.041833896 -0.578167019 -2.638419064
v 0.039383001 -0.561013222 -2.643028304
v 0.036955912 -0.544028104 -2.647591501
v 0.034552892 -0.527214116 -2.652107953
v 0.032174000 -0.510571952 -2.656577420
v 0.029819145 -0.494101021 -2.661000000
v 0.184350792 -0.630894749 -2.617726064
v 0.115902490 -0.483665242 -2.660371073
v 0.140145235 -0.474746578 -2.661000000
v 0.122458834 -0.501913928 -2.655230142
v 0.142672382 -0.496546421 -2.655230142
v 0.129938431 -0.522355085 -2.649460284
v 0.146318950 -0.518005401 -2.649460284
v 0.137604297 -0.542738684 -2.643690425
v 0.152669159 -0.549931053 -2.640805496
v 0.142921821 -0.563712056 -2.637920567
v 0.155887931 -0.571486530 -2.635035638
v 0.153573782 -0.594487323 -2.629265780
v 0.167138792 -0.602052255 -2.626380851
v 0.153342494 -0.533381608 -2.645003638
v 0.291103813 -0.589297861 -2.617726064
v 0.198129266 -0.456191037 -2.660371069
v 0.220454992 -0.443198146 -2.661000000
v 0.207754848 -0.473023974 -2.655230142
v 0.226729249 -0.464227966 -2.655230142
v 0.218670383 -0.491855766 -2.649460284
v 0.234046731 -0.484727716 -2.649460284
v 0.229759361 -0.510598528 -2.643690425
v 0.245844297 -0.515065643 -2.640805496
v 0.238638088 -0.530329889 -2.637920567
v 0.252757237 -0.535734710 -2.635035638
v 0.254472291 -0.558787917 -2.629265780
v 0.269144855 -0.563882382 -2.626380851
v 0.243633621 -0.498650698 -2.645003638
v 0.389011792 -0.529795455 -2.617726064
v 0.274335979 -0.414855684 -2.660371069
v 0.294066335 -0.398183363 -2.661000000
v 0.286738337 -0.429761426 -2.655230142
v 0.303897063 -0.417804179 -2.655230142
v 0.300758146 -0.446411658 -2.649460284
v 0.314663119 -0.436721824 -2.649460284
v 0.314933304 -0.462944095 -2.643690425
v 0.331549580 -0.464550225 -2.640805496
v 0.327103458 -0.480833917 -2.637920567
v 0.341946643 -0.483704863 -2.635035638
v 0.347638789 -0.506110024 -2.629265780
v 0.362973088 -0.508579228 -2.626380851
v 0.326522063 -0.448768539 -2.645003638
v 0.475099844 -0.454195483 -2.617726064
v 0.342207133 -0.360915151 -2.660371069
v 0.358742622 -0.341069980 -2.661000000
v 0.357009425 -0.373440795 -2.655230142
v 0.371831118 -0.358685624 -2.655230142
v 0.373707525 -0.387403558 -2.649460284
v 0.385718629 -0.375446361 -2.649460284
v 0.390538158 -0.401223339 -2.643690425
v 0.407180897 -0.399919682 -2.640805496
v 0.405629955 -0.416728050 -2.637920567
v 0.420746173 -0.416977887 -2.635035638
v 0.430242458 -0.438054233 -2.629265780
v 0.445772567 -0.437823151 -2.626380851
v 0.399489299 -0.385250775 -2.645003638
v 0.546752228 -0.364795011 -2.617726064
v 0.399680496 -0.296008394 -2.660371069
v 0.412518696 -0.273593358 -2.661000000
v 0.416432963 -0.305773354 -2.655230142
v 0.428467273 -0.288668587 -2.655230142
v 0.435301990 -0.316624397 -2.649460284
v 0.445054272 -0.302763150 -2.649460284
v 0.454276708 -0.327311616 -2.643690425
v 0.470440228 -0.323137783 -2.640805496
v 0.471831591 -0.339960112 -2.637920567
v 0.486761544 -0.337581250 -2.635035638
v 0.499773427 -0.356688386 -2.629265780
v 0.515027472 -0.353764040 -2.626380851
v 0.460318254 -0.310027362 -2.645003638
v 0.601791822 -0.264310427 -2.617726064
v 0.445009769 -0.222107572 -2.660371069
v 0.453760598 -0.197803740 -2.661000000
v 0.463203397 -0.228815144 -2.655230142
v 0.472084666 -0.209880501 -2.655230142
v 0.483670024 -0.236224763 -2.649460284
v 0.490867167 -0.220880635 -2.649460284
v 0.504212289 -0.243454694 -2.643690425
v 0.519405471 -0.236537506 -2.640805496
v 0.523696863 -0.252862658 -2.637920567
v 0.537986911 -0.247927377 -2.635035638
v 0.554119034 -0.264484743 -2.629265780
v 0.568633529 -0.258955987 -2.626380851
v 0.507160671 -0.225383924 -2.645003638
v 0.638546276 -0.155794905 -2.617726064
v 0.476817646 -0.141458123 -2.660371069
v 0.481215214 -0.116003956 -2.661000000
v 0.495899629 -0.144904502 -2.655230142
v 0.501358006 -0.124715303 -2.655230142
v 0.517341989 -0.148647560 -2.649460284
v 0.521765312 -0.132286772 -2.649460284
v 0.538827636 -0.152200525 -2.643690425
v 0.552588842 -0.142750156 -2.640805496
v 0.559649871 -0.158082100 -2.637920567
v 0.572865818 -0.150740357 -2.635035638
v 0.591628014 -0.164244865 -2.629265780
v 0.604961943 -0.156279688 -2.626380851
v 0.538593269 -0.133892309 -2.645003638
v 0.655898824 -0.042545633 -2.617726064
v 0.494137660 -0.056510541 -2.660371069
v 0.494048349 -0.030679450 -2.661000000
v 0.513528202 -0.056591010 -2.655230142
v 0.515397836 -0.035760693 -2.655230142
v 0.535294780 -0.056553776 -2.649460284
v 0.536809881 -0.039673443 -2.649460284
v 0.557070977 -0.056321820 -2.643690425
v 0.568982080 -0.044625415 -2.640805496
v 0.578598200 -0.058498298 -2.637920567
v 0.590338487 -0.048973167 -2.635035638
v 0.611160677 -0.059014490 -2.629265780
v 0.622908895 -0.048854909 -2.626380851
v 0.553660982 -0.038332444 -2.645003638
v 0.617008400 0.056779039 -2.627769231
v 0.496443551 0.030154085 -2.660371069
v 0.491870075 0.055577235 -2.661000000
v 0.514687563 0.033385802 -2.655461538
v 0.512914630 0.054189318 -2.655461538
v 0.535251597 0.037138239 -2.649923077
v 0.533817082 0.053970770 -2.649923077
v 0.555971013 0.038575849 -2.644384615
v 0.554480969 0.056059961 -2.644384615
v 0.576504607 0.042607120 -2.638846154
v 0.575144856 0.058149153 -2.638846154
v 0.597012765 0.046823869 -2.633307692
v 0.597775079 0.163058822 -2.627769231
v 0.483665256 0.115902495 -2.660371069
v 0.474746578 0.140145235 -2.661000000
v 0.501070919 0.122253154 -2.655461538
v 0.495712427 0.142432751 -2.655461538
v 0.520670935 0.129519490 -2.649923077
v 0.516335275 0.145847196 -2.649923077
v 0.540825939 0.134533148 -2.644384615
v 0.536322447 0.151492894 -2.644384615
v 0.560347558 0.142068796 -2.638846154
v 0.556309619 0.157138592 -2.638846154
v 0.579811920 0.149782688 -2.633307692
v 0.560378666 0.264384145 -2.627769231
v 0.456191037 0.198129266 -2.660371069
v 0.443198146 0.220454992 -2.661000000
v 0.472229488 0.207405906 -2.655461538
v 0.463448254 0.226348438 -2.655461538
v 0.490269950 0.217965357 -2.649923077
v 0.483164882 0.233292129 -2.649923077
v 0.509248141 0.226402726 -2.644384615
v 0.501868039 0.242322792 -2.644384615
v 0.527164632 0.237213785 -2.638846154
v 0.520571195 0.251353456 -2.638846154
v 0.544993783 0.248190436 -2.633307692
v 0.505955429 0.357676290 -2.627769231
v 0.414855684 0.274335979 -2.660371069
v 0.398183363 0.294066335 -2.661000000
v 0.429039604 0.286256734 -2.655461538
v 0.417102440 0.303386641 -2.655461538
v 0.444972361 0.299788457 -2.649923077
v 0.435313769 0.313648599 -2.649923077
v 0.462197097 0.311393172 -2.644384615
v 0.452164624 0.325789835 -2.644384615
v 0.477964075 0.325151152 -2.638846154
v 0.469015480 0.337931071 -2.638846154
v 0.493616286 0.339057042 -2.633307692
v 0.436158994 0.440100622 -2.627769231
v 0.360915151 0.342207133 -2.660371069
v 0.341069980 0.358742622 -2.661000000
v 0.372813568 0.356409797 -2.655461538
v 0.358083179 0.371206595 -2.655461538
v 0.386154511 0.372502636 -2.649923077
v 0.374235867 0.384475015 -2.649923077
v 0.401102428 0.386922093 -2.644384615
v 0.388722416 0.399357918 -2.644384615
v 0.414240822 0.403208966 -2.638846154
v 0.403208966 0.414240822 -2.638846154
v 0.427240508 0.419621573 -2.633307692
v 0.353110088 0.509152719 -2.627769231
v 0.296008394 0.399680496 -2.660371069
v 0.273593358 0.412518696 -2.661000000
v 0.305259780 0.415733528 -2.655461538
v 0.288183743 0.427747624 -2.655461538
v 0.315603553 0.433898511 -2.649923077
v 0.301786997 0.443619351 -2.649923077
v 0.327820464 0.450694583 -2.644384615
v 0.313469075 0.460791713 -2.644384615
v 0.337931071 0.469015480 -2.638846154
v 0.325151152 0.477964075 -2.638846154
v 0.347883243 0.487436114 -2.633307692
v 0.259332110 0.562734468 -2.627769231
v 0.222107572 0.445009769 -2.660371069
v 0.197803740 0.453760598 -2.661000000
v 0.228430829 0.462425406 -2.655461538
v 0.209527989 0.471291758 -2.655461538
v 0.235463140 0.482110600 -2.649923077
v 0.220168483 0.489284539 -2.649923077
v 0.244577842 0.500772946 -2.644384615
v 0.228691134 0.508224586 -2.644384615
v 0.251353456 0.520571195 -2.638846154
v 0.237213785 0.527164632 -2.638846154
v 0.257955722 0.540440155 -2.633307692
v 0.157674458 0.599217815 -2.627769231
v 0.141458123 0.476817646 -2.660371069
v 0.116003956 0.481215214 -2.661000000
v 0.144661122 0.495066722 -2.655461538
v 0.124505833 0.500515931 -2.655461538
v 0.148168298 0.515674002 -2.649923077
v 0.131860260 0.520083063 -2.649923077
v 0.153903846 0.535635576 -2.644384615
v 0.136964528 0.540215311 -2.644384615
v 0.157138592 0.556309619 -2.638846154
v 0.142068796 0.560347558 -2.638846154
v 0.160190347 0.577023196 -2.633307692
v 0.051225947 0.617494233 -2.627769231
v 0.056510541 0.494137660 -2.660371069
v 0.030679450 0.494048349 -2.661000000
v 0.056495961 0.512665686 -2.655461538
v 0.035700630 0.514532180 -2.655461538
v 0.056371438 0.533568910 -2.649923077
v 0.039545530 0.535079127 -2.649923077
v 0.058553559 0.554223190 -2.644384615
v 0.041076325 0.555791867 -2.644384615
v 0.058149153 0.575144856 -2.638846154
v 0.042607120 0.576504607 -2.638846154
v 0.057557669 0.596073679 -2.633307692
v -0.056779039 0.617008400 -2.627769231
v -0.030154085 0.496443551 -2.660371069
v -0.055577235 0.491870075 -2.661000000
v -0.033385802 0.514687563 -2.655461538
v -0.054189318 0.512914630 -2.655461538
v -0.037138239 0.535251597 -2.649923077
v -0.053970770 0.533817082 -2.649923077
v -0.038575849 0.555971013 -2.644384615
v -0.056059961 0.554480969 -2.644384615
v -0.042607120 0.576504607 -2.638846154
v -0.058149153 0.575144856 -2.638846154
v -0.046823869 0.597012765 -2.633307692
v -0.163058822 0.597775079 -2.627769231
v -0.115902495 0.483665256 -2.660371069
v -0.140145235 0.474746578 -2.661000000
v -0.122253154 0.501070919 -2.655461538
v -0.142432751 0.495712427 -2.655461538
v -0.129519490 0.520670935 -2.649923077
v -0.145847196 0.516335275 -2.649923077
v -0.134533148 0.540825939 -2.644384615
v -0.151492894 0.536322447 -2.644384615
v -0.142068796 0.560347558 -2.638846154
v -0.157138592 0.556309619 -2.638846154
v -0.149782688 0.579811920 -2.633307692
v -0.264384145 0.560378666 -2.627769231
v -0.198129266 0.456191037 -2.660371069
v -0.220454992 0.443198146 -2.661000000
v -0.207405906 0.472229488 -2.655461538
v -0.226348438 0.463448254 -2.655461538
v -0.217965357 0.490269950 -2.649923077
v -0.233292129 0.483164882 -2.649923077
v -0.226402726 0.509248141 -2.644384615
v -0.242322792 0.501868039 -2.644384615
v -0.237213785 0.527164632 -2.638846154
v -0.251353456 0.520571195 -2.638846154
v -0.248190436 0.544993783 -2.633307692
v -0.357676290 0.505955429 -2.627769231
v -0.274335979 0.414855684 -2.660371069
v -0.294066335 0.398183363 -2.661000000
v -0.286256734 0.429039604 -2.655461538
v -0.303386641 0.417102440 -2.655461538
v -0.299788457 0.444972361 -2.649923077
v -0.313648599 0.435313769 -2.649923077
v -0.311393172 0.462197097 -2.644384615
v -0.325789835 0.452164624 -2.644384615
v -0.325151152 0.477964075 -2.638846154
v -0.337931071 0.469015480 -2.638846154
v -0.339057042 0.493616286 -2.633307692
v -0.440100622 0.436158994 -2.627769231
v -0.342207133 0.360915151 -2.660371069
v -0.358742622 0.341069980 -2.661000000
v -0.356409797 0.372813568 -2.655461538
v -0.371206595 0.358083179 -2.655461538
v -0.372502636 0.386154511 -2.649923077
v -0.384475015 0.374235867 -2.649923077
v -0.386922093 0.401102428 -2.644384615
v -0.399357918 0.388722416 -2.644384615
v -0.403208966 0.414240822 -2.638846154
v -0.414240822 0.403208966 -2.638846154
v -0.419621573 0.427240508 -2.633307692
v -0.509152719 0.353110088 -2.627769231
v -0.399680496 0.296008394 -2.660371069
v -0.412518696 0.273593358 -2.661000000
v -0.415733528 0.305259780 -2.655461538
v -0.427747624 0.288183743 -2.655461538
v -0.433898511 0.315603553 -2.649923077
v -0.443619351 0.301786997 -2.649923077
v -0.450694583 0.327820464 -2.644384615
v -0.460791713 0.313469075 -2.644384615
v -0.469015480 0.337931071 -2.638846154
v -0.477964075 0.325151152 -2.638846154
v -0.487436114 0.347883243 -2.633307692
v -0.562734468 0.259332110 -2.627769231
v -0.445009769 0.222107572 -2.660371069
v -0.453760598 0.197803740 -2.661000000
v -0.462425406 0.228430829 -2.655461538
v -0.471291758 0.209527989 -2.655461538
v -0.482110600 0.235463140 -2.649923077
v -0.489284539 0.220168483 -2.649923077
v -0.500772946 0.244577842 -2.644384615
v -0.508224586 0.228691134 -2.644384615
v -0.520571195 0.251353456 -2.638846154
v -0.527164632 0.237213785 -2.638846154
v -0.540440155 0.257955722 -2.633307692
v -0.599217815 0.157674458 -2.627769231
v -0.476817646 0.141458123 -2.660371069
v -0.481215214 0.116003956 -2.661000000
v -0.495066722 0.144661122 -2.655461538
v -0.500515931 0.124505833 -2.655461538
v -0.515674002 0.148168298 -2.649923077
v -0.520083063 0.131860260 -2.649923077
v -0.535635576 0.153903846 -2.644384615
v -0.540215311 0.136964528 -2.644384615
v -0.556309619 0.157138592 -2.638846154
v -0.560347558 0.142068796 -2.638846154
v -0.577023196 0.160190347 -2.633307692
v -0.617494233 0.051225947 -2.627769231
v -0.494137660 0.056510541 -2.660371069
v -0.494048349 0.030679450 -2.661000000
v -0.512665686 0.056495961 -2.655461538
v -0.514532180 0.035700630 -2.655461538
v -0.533568910 0.056371438 -2.649923077
v -0.535079127 0.039545530 -2.649923077
v -0.554223190 0.058553559 -2.644384615
v -0.555791867 0.041076325 -2.644384615
v -0.575144856 0.058149153 -2.638846154
v -0.576504607 0.042607120 -2.638846154
v -0.596073679 0.057557669 -2.633307692
v -0.653322219 -0.071996366 -2.617726064
v -0.496443551 -0.030154085 -2.660371069
v -0.491870075 -0.055577235 -2.661000000
v -0.515553481 -0.033441971 -2.655230142
v -0.513777564 -0.054280487 -2.655230142
v -0.536982909 -0.037258366 -2.649460284
v -0.535543754 -0.054145343 -2.649460284
v -0.558387999 -0.041268195 -2.643690425
v -0.568087086 -0.054855247 -2.640805496
v -0.579966116 -0.042862946 -2.637920567
v -0.589874020 -0.054282048 -2.635035638
v -0.612123532 -0.048009010 -2.629265780
v -0.621929075 -0.060054301 -2.626380851
v -0.551905987 -0.058392132 -2.645003638
v -0.630894749 -0.184350792 -2.617726064
v -0.483665256 -0.115902495 -2.660371069
v -0.474746578 -0.140145235 -2.661000000
v -0.501913928 -0.122458834 -2.655230142
v -0.496546421 -0.142672382 -2.655230142
v -0.522355085 -0.129938431 -2.649460284
v -0.518005401 -0.146318950 -2.649460284
v -0.542738684 -0.137604297 -2.643690425
v -0.549931053 -0.152669159 -2.640805496
v -0.563712056 -0.142921821 -2.637920567
v -0.571486530 -0.155887931 -2.635035638
v -0.594487323 -0.153573782 -2.629265780
v -0.602052255 -0.167138792 -2.626380851
v -0.533381608 -0.153342494 -2.645003638
v -0.589297861 -0.291103813 -2.617726064
v -0.456191037 -0.198129266 -2.660371069
v -0.443198146 -0.220454992 -2.661000000
v -0.473023974 -0.207754848 -2.655230142
v -0.464227966 -0.226729249 -2.655230142
v -0.491855766 -0.218670383 -2.649460284
v -0.484727716 -0.234046731 -2.649460284
v -0.510598528 -0.229759361 -2.643690425
v -0.515065643 -0.245844297 -2.640805496
v -0.530329889 -0.238638088 -2.637920567
v -0.535734710 -0.252757237 -2.635035638
v -0.558787917 -0.254472291 -2.629265780
v -0.563882382 -0.269144855 -2.626380851
v -0.498650698 -0.243633621 -2.645003638
v -0.529795455 -0.389011792 -2.617726064
v -0.414855684 -0.274335979 -2.660371069
v -0.398183363 -0.294066335 -2.661000000
v -0.429761426 -0.286738337 -2.655230142
v -0.417804179 -0.303897063 -2.655230142
v -0.446411658 -0.300758146 -2.649460284
v -0.436721824 -0.314663119 -2.649460284
v -0.462944095 -0.314933304 -2.643690425
v -0.464550225 -0.331549580 -2.640805496
v -0.480833917 -0.327103458 -2.637920567
v -0.483704863 -0.341946643 -2.635035638
v -0.506110024 -0.347638789 -2.629265780
v -0.508579228 -0.362973088 -2.626380851
v -0.448768539 -0.326522063 -2.645003638
v -0.454195483 -0.475099844 -2.617726064
v -0.360915151 -0.342207133 -2.660371069
v -0.341069980 -0.358742622 -2.661000000
v -0.373440795 -0.357009425 -2.655230142
v -0.358685624 -0.371831118 -2.655230142
v -0.387403558 -0.373707525 -2.649460284
v -0.375446361 -0.385718629 -2.649460284
v -0.401223339 -0.390538158 -2.643690425
v -0.399919682 -0.407180897 -2.640805496
v -0.416728050 -0.405629955 -2.637920567
v -0.416977887 -0.420746173 -2.635035638
v -0.438054233 -0.430242458 -2.629265780
v -0.437823151 -0.445772567 -2.626380851
v -0.385250775 -0.399489299 -2.645003638
v -0.364795011 -0.546752228 -2.617726064
v -0.296008394 -0.399680496 -2.660371069
v -0.273593358 -0.412518696 -2.661000000
v -0.305773354 -0.416432963 -2.655230142
v -0.288668587 -0.428467273 -2.655230142
v -0.316624397 -0.435301990 -2.649460284
v -0.302763150 -0.445054272 -2.649460284
v -0.327311616 -0.454276708 -2.643690425
v -0.323137783 -0.470440228 -2.640805496
v -0.339960112 -0.471831591 -2.637920567
v -0.337581250 -0.486761544 -2.635035638
v -0.356688386 -0.499773427 -2.629265780
v -0.353764040 -0.515027472 -2.626380851
v -0.310027362 -0.460318254 -2.645003638
v -0.264310427 -0.601791822 -2.617726064
v -0.222107572 -0.445009769 -2.660371069
v -0.197803740 -0.453760598 -2.661000000
v -0.228815144 -0.463203397 -2.655230142
v -0.209880501 -0.472084666 -2.655230142
v -0.236224763 -0.483670024 -2.649460284
v -0.220880635 -0.490867167 -2.649460284
v -0.243454694 -0.504212289 -2.643690425
v -0.236537506 -0.519405471 -2.640805496
v -0.252862658 -0.523696863 -2.637920567
v -0.247927377 -0.537986911 -2.635035638
v -0.264484743 -0.554119034 -2.629265780
v -0.258955987 -0.568633529 -2.626380851
v -0.225383924 -0.507160671 -2.645003638
v -0.155794905 -0.638546276 -2.617726064
v -0.141458123 -0.476817646 -2.660371069
v -0.116003956 -0.481215214 -2.661000000
v -0.144904502 -0.495899629 -2.655230142
v -0.124715303 -0.501358006 -2.655230142
v -0.148647560 -0.517341989 -2.649460284
v -0.132286772 -0.521765312 -2.649460284
v -0.152200525 -0.538827636 -2.643690425
v -0.142750156 -0.552588842 -2.640805496
v -0.158082100 -0.559649871 -2.637920567
v -0.150740357 -0.572865818 -2.635035638
v -0.164244865 -0.591628014 -2.629265780
v -0.156279688 -0.604961943 -2.626380851
v -0.133892309 -0.538593269 -2.645003638
v -0.042545633 -0.655898824 -2.617726064
v -0.056510541 -0.494137660 -2.660371069
v -0.030679450 -0.494048349 -2.661000000
v -0.056591010 -0.513528202 -2.655230142
v -0.035760693 -0.515397836 -2.655230142
v -0.056553776 -0.535294780 -2.649460284
v -0.039673443 -0.536809881 -2.649460284
v -0.056321820 -0.557070977 -2.643690425
v -0.044625415 -0.568982080 -2.640805496
v -0.058498298 -0.578598200 -2.637920567
v -0.048973167 -0.590338487 -2.635035638
v -0.059014490 -0.611160677 -2.629265780
v -0.048854909 -0.622908895 -2.626380851
v -0.038332444 -0.553660982 -2.645003638
v 0.055577235 -0.491870075 -2.661000000
v 0.054280487 -0.513777564 -2.655230142
v 0.054145343 -0.535543754 -2.649460284
v 0.056321820 -0.557070977 -2.643690425
v 0.058498298 -0.578598200 -2.637920567
v 0.062133923 -0.643465871 -2.620610993
v 0.059768799 -0.594095680 -2.633774768
v 0.060428821 -0.614306717 -2.628394207
v 0.151379218 -0.476412983 -2.649588148
v 0.154921268 -0.493240065 -2.645016864
v 0.158466990 -0.510084588 -2.640439920
v 0.164046306 -0.536590035 -2.633236275
v 0.167601427 -0.553479211 -2.628645189
v 0.171160042 -0.570384986 -2.624048929
v 0.174213046 -0.584888776 -2.620105226
v 0.150367872 -0.471608421 -2.591000000
v 0.178608515 -0.461653548 -2.581000000
v 0.164166044 -0.466984486 -2.581000000
v 0.241339896 -0.557853193 -2.620762769
v 0.234356753 -0.544782039 -2.624705849
v 0.225054962 -0.527370807 -2.629957464
v 0.216924512 -0.512152107 -2.634547039
v 0.205324022 -0.490438133 -2.641094117
v 0.194898341 -0.470923187 -2.646976682
v 0.495000000 0.000000000 -1.530000000
v 0.492460315 -0.050078319 -1.530000000
v 0.494875607 -0.011094965 -2.581066112
v 0.066189503 -0.490554737 -2.591000000
v 0.229977389 -0.438332523 -2.591000000
v 0.302599160 -0.391738112 -2.591000000
v 0.366026608 -0.333240937 -2.591000000
v 0.418332523 -0.264618405 -2.591000000
v 0.457927616 -0.187955577 -2.591000000
v 0.483608810 -0.105581813 -2.591000000
v 0.489107958 -0.076147262 -2.581000000
v 0.484867321 -0.099642767 -1.530000000
v -0.490554737 -0.066189503 -2.591000000
v -0.471608421 -0.150367872 -2.591000000
v -0.438332523 -0.229977389 -2.591000000
v -0.391738112 -0.302599160 -2.591000000
v -0.333240937 -0.366026608 -2.591000000
v -0.264618405 -0.418332523 -2.591000000
v -0.187955577 -0.457927616 -2.591000000
v -0.105581813 -0.483608810 -2.591000000
v -0.020000000 -0.494595795 -2.591000000
v 0.472298932 -0.148184746 -1.530000000
v 0.478133284 -0.128115427 -1.655666667
v 0.464152646 -0.172009655 -2.581000000
v 0.454884117 -0.195206148 -1.530000000
v 0.434396452 -0.237328194 -2.581148150
v 0.432801575 -0.240224471 -1.530000000
v 0.428682575 -0.247500000 -1.781333333
v 0.105581813 -0.483608810 -2.591000000
v 0.264618405 -0.418332523 -2.591000000
v 0.333240937 -0.366026608 -2.591000000
v 0.391738112 -0.302599160 -2.591000000
v 0.471608421 -0.150367872 -2.591000000
v 0.406277903 -0.282777766 -1.530000000
v 0.375585271 -0.322429379 -1.530000000
v -0.494595795 -0.020000000 -2.591000000
v -0.483608810 -0.105581813 -2.591000000
v -0.457927616 -0.187955577 -2.591000000
v -0.418332523 -0.264618405 -2.591000000
v -0.366026608 -0.333240937 -2.591000000
v -0.302599160 -0.391738112 -2.591000000
v -0.229977389 -0.438332523 -2.591000000
v -0.150367872 -0.471608421 -2.591000000
v -0.066189503 -0.490554737 -2.591000000
v 0.341038625 -0.358772430 -1.530000000
v 0.350017857 -0.350017857 -1.655666667
v 0.322337406 -0.375664207 -2.581000000
v 0.302992461 -0.391433990 -1.530000000
v 0.261837185 -0.420078907 -1.530000000
v 0.247500000 -0.428682575 -2.032666667
v 0.217995105 -0.444413247 -1.530000000
v 0.171916100 -0.464187305 -1.530000000
v 0.124073003 -0.479198174 -1.530000000
v 0.074956750 -0.489291821 -1.530000000
v 0.025071339 -0.494364671 -1.530000000
v 0.000000000 -0.495000000 -2.409666667
v -0.025071339 -0.494364671 -1.530000000
v -0.074956750 -0.489291821 -1.530000000
v -0.124073003 -0.479198174 -1.530000000
v -0.171916100 -0.464187305 -1.530000000
v -0.217995105 -0.444413247 -1.530000000
v -0.247500000 -0.428682575 -2.032666667
v -0.261837185 -0.420078907 -1.530000000
v -0.302992461 -0.391433990 -1.530000000
v -0.322337406 -0.375664207 -2.581000000
v -0.341038625 -0.358772430 -1.530000000
v -0.350017857 -0.350017857 -1.655666667
v -0.375585271 -0.322429379 -1.530000000
v -0.406277903 -0.282777766 -1.530000000
v -0.428682575 -0.247500000 -1.781333333
v -0.432801575 -0.240224471 -1.530000000
v -0.454884117 -0.195206148 -1.530000000
v -0.464152646 -0.172009655 -2.581000000
v -0.472298932 -0.148184746 -1.530000000
v -0.484867321 -0.099642767 -1.530000000
v -0.478133284 -0.128115427 -1.655666667
v -0.492460315 -0.050078319 -1.530000000
v -0.495000000 0.000000000 -1.530000000
v 0.128115427 -0.478133284 -2.409666667
v 0.350017857 -0.350017857 -2.409666667
v 0.478133284 -0.128115427 -2.409666667
v -0.478133284 -0.128115427 -2.158333333
v -0.350017857 -0.350017857 -1.907000000
v -0.128115427 -0.478133284 -2.409666667
v 0.486503450 -0.091320278 -2.581000000
v 0.426582577 -0.251102181 -2.581000000
v 0.384296226 -0.311995850 -2.581000000
v 0.374408199 -0.323795461 -2.581000000
v 0.254411463 -0.424617248 -2.581000000
v 0.241084052 -0.432323351 -2.581000000
v 0.093840922 -0.486023540 -2.581000000
v 0.078681610 -0.488706665 -2.581000000
v -0.078048219 -0.488808220 -2.581000000
v -0.093210995 -0.486144742 -2.581000000
v -0.161743148 -0.467829193 -2.581000000
v -0.176213059 -0.462573192 -2.581000000
v -0.240523593 -0.432635414 -2.581000000
v -0.253860978 -0.424946589 -2.581000000
v -0.373988271 -0.324280392 -2.581000000
v -0.383891581 -0.312493606 -2.581000000
v -0.424617248 -0.254411463 -2.581000000
v -0.432323351 -0.241084052 -2.581000000
v -0.486023540 -0.093840922 -2.581000000
v -0.488706665 -0.078681610 -2.581000000
v -0.495000000 0.000000000 -2.581000000
v -0.478133284 -0.128115427 -2.409666667
v -0.350017857 -0.350017857 -2.409666667
v 0.000000000 -0.495000000 -1.655666667
v 0.350017857 -0.350017857 -1.907000000
v 0.478133284 -0.128115427 -2.158333333
v 0.000000000 -0.495000000 -2.284000000
v -0.350017857 -0.350017857 -2.158333333
v 0.000000000 -0.495000000 -2.158333333
v 0.350017857 -0.350017857 -2.158333333
v -0.247500000 -0.428682575 -1.655666667
v 0.000000000 -0.495000000 -2.032666667
v 0.247500000 -0.428682575 -1.655666667
v -0.247500000 -0.428682575 -1.907000000
v 0.000000000 -0.495000000 -1.907000000
v 0.247500000 -0.428682575 -1.907000000
v -0.478133284 -0.128115427 -1.781333333
v -0.428682575 -0.247500000 -1.655666667
v -0.247500000 -0.428682575 -1.781333333
v 0.000000000 -0.495000000 -1.781333333
v 0.247500000 -0.428682575 -1.781333333
v 0.428682575 -0.247500000 -1.655666667
v 0.478133284 -0.128115427 -1.781333333
v 0.066351181 -0.495461921 -2.649588149
v 0.066917427 -0.512648424 -2.645016867
v 0.067484260 -0.529852743 -2.640439925
v 0.068051685 -0.547075040 -2.635857363
v 0.068619695 -0.564315069 -2.631269318
v 0.069188272 -0.581572321 -2.626675992
v 0.069757404 -0.598846414 -2.622077549
v 0.140803207 -0.591286371 -2.620762773
v 0.136195933 -0.577201182 -2.624705854
v 0.130058885 -0.558439223 -2.629957470
v 0.124694654 -0.542039891 -2.634547045
v 0.117040995 -0.518641402 -2.641094122
v 0.110162441 -0.497612539 -2.646976684
v 0.231807674 -0.442888474 -2.649588148
v 0.238217904 -0.458844844 -2.645016864
v 0.244634779 -0.474817753 -2.640439920
v 0.254731956 -0.499951684 -2.633236275
v 0.261165841 -0.515966936 -2.628645189
v 0.267606050 -0.531997927 -2.624048929
v 0.273131228 -0.545751223 -2.620105226
v 0.334543591 -0.507469916 -2.620762769
v 0.325396755 -0.495809953 -2.624705849
v 0.313212851 -0.480278476 -2.629957464
v 0.302563221 -0.466702819 -2.634547039
v 0.287368376 -0.447333134 -2.641094117
v 0.273712350 -0.429925063 -2.646976682
v 0.305192771 -0.395907023 -2.649588148
v 0.314276410 -0.410507855 -2.645016864
v 0.323369465 -0.425123821 -2.640439920
v 0.337677704 -0.448122555 -2.633236275
v 0.346794863 -0.462777266 -2.628645189
v 0.355920983 -0.477446380 -2.624048929
v 0.363750457 -0.490031296 -2.620105226
v 0.417582348 -0.441667423 -2.620762769
v 0.406549742 -0.431772932 -2.624705849
v 0.391853926 -0.418593126 -2.629957464
v 0.379008700 -0.407073003 -2.634547039
v 0.360681189 -0.390636144 -2.641094117
v 0.344209749 -0.375863885 -2.646976682
v 0.369304740 -0.336896137 -2.649588148
v 0.380785786 -0.349697792 -2.645016864
v 0.392278733 -0.362512717 -2.640439920
v 0.410363286 -0.382677449 -2.633236275
v 0.421886699 -0.395526344 -2.628645189
v 0.433421437 -0.408387867 -2.624048929
v 0.443317311 -0.419422015 -2.620105226
v 0.418347078 -0.376601990 -2.581000000
v 0.487933077 -0.362445088 -2.620762769
v 0.475349921 -0.354616709 -2.624705849
v 0.458588718 -0.344189035 -2.629957464
v 0.443938192 -0.335074479 -2.634547039
v 0.423034885 -0.322069872 -2.641094117
v 0.404248508 -0.310382272 -2.646976682
v 0.422195571 -0.267648832 -2.649588148
v 0.435725179 -0.278262339 -2.645016864
v 0.449268810 -0.288886847 -2.640439920
v 0.470580187 -0.305604881 -2.633236275
v 0.484159721 -0.316257553 -2.628645189
v 0.497752601 -0.326920695 -2.624048929
v 0.509414194 -0.336068809 -2.620105226
v 0.477387695 -0.298235352 -2.581000000
v 0.543458206 -0.272210044 -2.620762769
v 0.529706833 -0.266685637 -2.624705849
v 0.511389524 -0.259326935 -2.629957464
v 0.495378846 -0.252894887 -2.634547039
v 0.472534881 -0.243717670 -2.641094117
v 0.452004381 -0.235469851 -2.646976682
v 0.462258204 -0.190269154 -2.649588148
v 0.477425283 -0.198372026 -2.645016864
v 0.492608082 -0.206483297 -2.640439920
v 0.516498748 -0.219246665 -2.633236275
v 0.531721795 -0.227379437 -2.628645189
v 0.546959803 -0.235520203 -2.624048929
v 0.560032784 -0.242504322 -2.620105226
v 0.535320429 -0.173998202 -2.581000000
v 0.582470633 -0.173704034 -2.620762769
v 0.567968871 -0.170651457 -2.624705849
v 0.548652018 -0.166585317 -2.629957464
v 0.531767664 -0.163031212 -2.634547039
v 0.507677144 -0.157960230 -2.641094117
v 0.486026329 -0.153402798 -2.646976682
v 0.488275355 -0.107108243 -2.649588148
v 0.504619061 -0.112454279 -2.645016864
v 0.520979706 -0.117805856 -2.640439920
v 0.546723755 -0.126226749 -2.633236275
v 0.563127771 -0.131592512 -2.628645189
v 0.579547909 -0.136963549 -2.624048929
v 0.593635061 -0.141571465 -2.620105226
v 0.550600192 -0.116973352 -2.581000000
v 0.557411610 -0.078111150 -2.581004101
v 0.603784984 -0.069920116 -2.620762769
v 0.588973462 -0.069432118 -2.624705849
v 0.569243997 -0.068782089 -2.629957464
v 0.551998991 -0.068213915 -2.634547039
v 0.527393893 -0.067403248 -2.641094117
v 0.505280613 -0.066674679 -2.646976682
v 0.499456506 -0.020692903 -2.649588148
v 0.516480244 -0.023119665 -2.645016864
v 0.533521626 -0.025548943 -2.640439920
v 0.560336837 -0.029371497 -2.633236275
v 0.577423395 -0.031807215 -2.628645189
v 0.594526744 -0.034245326 -2.624048929
v 0.609200038 -0.036337029 -2.620105226
v 0.629820785 0.015025919 -2.581000000
v 0.494900142 0.009942291 -2.581000000
v -0.629797685 0.015964844 -2.581000000
v 0.629259469 0.030536473 -2.581102795
v -0.629217842 0.031382400 -2.581261605
v -0.625403736 0.075961564 -2.582159818
v 0.625372884 0.076215176 -2.582029717
v 0.623278340 0.091782953 -2.581000000
v 0.620591287 0.108473290 -2.581000000
v 0.617457377 0.125085522 -2.581000000
v -0.626025694 0.070652883 -2.614841134
v -0.628783702 0.039128714 -2.614841134
v 0.628783702 0.039128714 -2.614841134
v 0.626025694 0.070652883 -2.614841134
v 0.612436435 0.147721405 -2.591000000
v 0.612436435 0.147721405 -2.614841134
v 0.604246213 0.178287728 -2.614841134
v 0.604246213 0.178287728 -2.591000000
v 0.577480596 0.251825656 -2.591000000
v 0.577480596 0.251825656 -2.614841134
v 0.564107016 0.280505391 -2.614841134
v 0.564107016 0.280505391 -2.591000000
v 0.524978302 0.348278311 -2.591000000
v 0.524978302 0.348278311 -2.614841134
v 0.506827713 0.374200039 -2.614841134
v 0.506827713 0.374200039 -2.591000000
v 0.456524808 0.434148707 -2.591000000
v 0.456524808 0.434148707 -2.614841134
v 0.434148707 0.456524808 -2.614841134
v 0.434148707 0.456524808 -2.591000000
v 0.374200039 0.506827713 -2.591000000
v 0.374200039 0.506827713 -2.614841134
v 0.348278311 0.524978302 -2.614841134
v 0.348278311 0.524978302 -2.591000000
v 0.280505391 0.564107016 -2.591000000
v 0.280505391 0.564107016 -2.614841134
v 0.251825656 0.577480596 -2.614841134
v 0.251825656 0.577480596 -2.591000000
v 0.178287728 0.604246213 -2.591000000
v 0.178287728 0.604246213 -2.614841134
v 0.147721405 0.612436435 -2.614841134
v 0.147721405 0.612436435 -2.591000000
v 0.070652883 0.626025694 -2.591000000
v 0.070652883 0.626025694 -2.614841134
v 0.039128714 0.628783702 -2.614841134
v 0.039128714 0.628783702 -2.591000000
v -0.039128714 0.628783702 -2.591000000
v -0.039128714 0.628783702 -2.614841134
v -0.070652883 0.626025694 -2.614841134
v -0.070652883 0.626025694 -2.591000000
v -0.147721405 0.612436435 -2.591000000
v -0.147721405 0.612436435 -2.614841134
v -0.178287728 0.604246213 -2.614841134
v -0.178287728 0.604246213 -2.591000000
v -0.251825656 0.577480596 -2.591000000
v -0.251825656 0.577480596 -2.614841134
v -0.280505391 0.564107016 -2.614841134
v -0.280505391 0.564107016 -2.591000000
v -0.348278311 0.524978302 -2.591000000
v -0.348278311 0.524978302 -2.614841134
v -0.374200039 0.506827713 -2.614841134
v -0.374200039 0.506827713 -2.591000000
v -0.434148707 0.456524808 -2.591000000
v -0.434148707 0.456524808 -2.614841134
v -0.456524808 0.434148707 -2.614841134
v -0.456524808 0.434148707 -2.591000000
v -0.506827713 0.374200039 -2.591000000
v -0.506827713 0.374200039 -2.614841134
v -0.524978302 0.348278311 -2.614841134
v -0.524978302 0.348278311 -2.591000000
v -0.564107016 0.280505391 -2.591000000
v -0.564107016 0.280505391 -2.614841134
v -0.577480596 0.251825656 -2.614841134
v -0.577480596 0.251825656 -2.591000000
v -0.604246213 0.178287728 -2.591000000
v -0.604246213 0.178287728 -2.614841134
v -0.612436435 0.147721405 -2.614841134
v -0.612436435 0.147721405 -2.591000000
v -0.615921671 0.132440534 -2.581000000
v 0.445477272 0.445477272 -2.525000000
v 0.163055998 0.608533271 -2.525000000
v -0.163055998 0.608533271 -2.525000000
v -0.445477272 0.445477272 -2.525000000
v 0.608533271 0.163055998 -2.525000000
v -0.608533271 0.163055998 -2.525000000
v 0.595460105 0.205735908 -2.581000000
v -0.584971560 0.233897999 -2.581000000
v -0.536455854 0.330325774 -2.581000000
v 0.600765891 0.189684856 -2.581000000
v 0.499659233 0.383719496 -2.581000000
v 0.136111041 0.615120951 -2.581000000
v 0.557829972 0.292789553 -2.581000000
v 0.424048784 0.465921269 -2.581000000
v 0.336700151 0.532478177 -2.581000000
v 0.239121054 0.582856004 -2.581000000
v 0.025351796 0.629489703 -2.581000000
v -0.084343095 0.624328633 -2.581000000
v -0.191475263 0.600197654 -2.581000000
v -0.292789553 0.557829972 -2.581000000
v -0.385207580 0.498512909 -2.581000000
v -0.465921269 0.424048784 -2.581000000
v 0.584271567 0.235641117 -2.581000000
v 0.489183642 0.396987865 -2.581000000
v 0.411394832 0.477131315 -2.581000000
v 0.322291837 0.541320582 -2.581000000
v 0.119557530 0.618551531 -2.581000000
v 0.008452627 0.629943294 -2.581000000
v 0.535468566 0.331923808 -2.581000000
v 0.472191013 0.417055928 -2.581000000
v -0.307651457 0.549773209 -2.581000000
v 0.395527545 0.490365131 -2.581000000
v -0.211053906 0.593596032 -2.581000000
v 0.306010879 0.550688062 -2.581000000
v -0.108473290 0.620591287 -2.581000000
v 0.209283095 0.594222674 -2.581000000
v 0.000000000 0.630000000 -2.525000000
v 0.549773209 0.307651457 -2.581000000
v 0.291125019 0.558700477 -2.581000000
v 0.193263968 0.599624081 -2.581000000
v 0.102917931 0.621536724 -2.581000000
v 0.086204225 0.624074380 -2.581000000
v -0.008452627 0.629943294 -2.581000000
v -0.025351796 0.629489703 -2.581000000
v -0.125085522 0.617457377 -2.581000000
v -0.226904888 0.587719467 -2.581000000
v -0.322291837 0.541320582 -2.581000000
v -0.336700151 0.532478177 -2.581000000
v -0.398444656 0.487997804 -2.581000000
v -0.411394832 0.477131315 -2.581000000
v -0.424048784 0.465921269 -2.581000000
v -0.477131315 0.411394832 -2.581000000
v -0.487997804 0.398444656 -2.581000000
v -0.498512909 0.385207580 -2.581000000
v -0.545125794 0.315813028 -2.581000000
v -0.553403216 0.301072882 -2.581000000
v -0.591036748 0.218118230 -2.581000000
v -0.596676361 0.202181404 -2.581000000
v -0.619253479 0.115866860 -2.581000000
v -0.622139393 0.099209755 -2.581000000
v -0.561901950 -0.019493513 -2.581000000
v -0.606753634 -0.035988290 -2.620762769
v -0.592082392 -0.033896880 -2.624705849
v -0.572539786 -0.031111048 -2.629957464
v -0.555458108 -0.028676026 -2.634547039
v -0.531086046 -0.025201747 -2.641094117
v -0.509182202 -0.022079317 -2.646976682
v -0.492460315 0.050078319 -1.530000000
v -0.484867321 0.099642767 -1.530000000
v 0.490554737 0.066189503 -2.591000000
v 0.471608421 0.150367872 -2.591000000
v 0.438332523 0.229977389 -2.591000000
v 0.391738112 0.302599160 -2.591000000
v 0.333240937 0.366026608 -2.591000000
v 0.264618405 0.418332523 -2.591000000
v 0.187955577 0.457927616 -2.591000000
v 0.105581813 0.483608810 -2.591000000
v 0.020000000 0.494595795 -2.591000000
v -0.066189503 0.490554737 -2.591000000
v -0.150367872 0.471608421 -2.591000000
v -0.229977389 0.438332523 -2.591000000
v -0.302599160 0.391738112 -2.591000000
v -0.366026608 0.333240937 -2.591000000
v -0.418332523 0.264618405 -2.591000000
v -0.457927616 0.187955577 -2.591000000
v -0.483608810 0.105581813 -2.591000000
v -0.494595795 0.020000000 -2.591000000
v -0.472298932 0.148184746 -1.530000000
v -0.478133284 0.128115427 -1.655666667
v -0.478133284 0.128115427 -1.781333333
v -0.454884117 0.195206148 -1.530000000
v -0.432801575 0.240224471 -1.530000000
v -0.428682575 0.247500000 -1.655666667
v -0.406277903 0.282777766 -1.530000000
v -0.375585271 0.322429379 -1.530000000
v -0.428682575 0.247500000 -1.781333333
v 0.483608810 0.105581813 -2.591000000
v 0.457927616 0.187955577 -2.591000000
v 0.418332523 0.264618405 -2.591000000
v 0.366026608 0.333240937 -2.591000000
v 0.302599160 0.391738112 -2.591000000
v 0.229977389 0.438332523 -2.591000000
v 0.150367872 0.471608421 -2.591000000
v 0.066189503 0.490554737 -2.591000000
v -0.020000000 0.494595795 -2.591000000
v -0.105581813 0.483608810 -2.591000000
v -0.187955577 0.457927616 -2.591000000
v -0.264618405 0.418332523 -2.591000000
v -0.333240937 0.366026608 -2.591000000
v -0.391738112 0.302599160 -2.591000000
v -0.438332523 0.229977389 -2.591000000
v -0.471608421 0.150367872 -2.591000000
v -0.490554737 0.066189503 -2.591000000
v -0.341038625 0.358772430 -1.530000000
v -0.302992461 0.391433990 -1.530000000
v -0.350017857 0.350017857 -1.655666667
v -0.261837185 0.420078907 -1.530000000
v -0.217995105 0.444413247 -1.530000000
v -0.350017857 0.350017857 -1.781333333
v -0.171916100 0.464187305 -1.530000000
v -0.124073003 0.479198174 -1.530000000
v -0.247500000 0.428682575 -1.781333333
v -0.074956750 0.489291821 -1.530000000
v -0.025071339 0.494364671 -1.530000000
v 0.025071339 0.494364671 -1.530000000
v 0.074956750 0.489291821 -1.530000000
v 0.124073003 0.479198174 -1.530000000
v 0.171916100 0.464187305 -1.530000000
v 0.217995105 0.444413247 -1.530000000
v 0.261837185 0.420078907 -1.530000000
v 0.302992461 0.391433990 -1.530000000
v 0.341038625 0.358772430 -1.530000000
v 0.375585271 0.322429379 -1.530000000
v 0.406277903 0.282777766 -1.530000000
v 0.432801575 0.240224471 -1.530000000
v 0.454884117 0.195206148 -1.530000000
v 0.472298932 0.148184746 -1.530000000
v 0.484867321 0.099642767 -1.530000000
v 0.492460315 0.050078319 -1.530000000
v 0.488808220 0.078048219 -2.581000000
v 0.486144742 0.093210995 -2.581000000
v 0.478133284 0.128115427 -2.409666667
v 0.467829193 0.161743148 -2.581000000
v 0.462573192 0.176213059 -2.581000000
v 0.478133284 0.128115427 -2.158333333
v 0.432635414 0.240523593 -2.581000000
v 0.424946589 0.253860978 -2.581000000
v 0.428682575 0.247500000 -2.409666667
v 0.384296226 0.311995850 -2.581000000
v 0.374408199 0.323795461 -2.581000000
v 0.428682575 0.247500000 -2.284000000
v 0.478133284 0.128115427 -1.907000000
v 0.324280392 0.373988271 -2.581000000
v 0.312493606 0.383891581 -2.581000000
v 0.350017857 0.350017857 -2.409666667
v 0.254411463 0.424617248 -2.581000000
v 0.241084052 0.432323351 -2.581000000
v 0.350017857 0.350017857 -2.284000000
v 0.428682575 0.247500000 -2.032666667
v 0.176812369 0.462344445 -2.581000000
v 0.162349282 0.467619194 -2.581000000
v 0.350017857 0.350017857 -2.158333333
v 0.093840922 0.486023540 -2.581000000
v 0.078681610 0.488706665 -2.581000000
v 0.247500000 0.428682575 -2.284000000
v 0.428682575 0.247500000 -1.907000000
v 0.008018165 0.494935055 -2.581000000
v -0.007376762 0.494945031 -2.581000000
v 0.350017857 0.350017857 -2.032666667
v -0.078048219 0.488808220 -2.581000000
v -0.093210995 0.486144742 -2.581000000
v 0.128115427 0.478133284 -2.284000000
v -0.161743148 0.467829193 -2.581000000
v -0.176213059 0.462573192 -2.581000000
v -0.240523593 0.432635414 -2.581000000
v -0.253860978 0.424946589 -2.581000000
v 0.000000000 0.495000000 -2.284000000
v 0.128115427 0.478133284 -2.158333333
v -0.311995850 0.384296226 -2.581000000
v -0.323795461 0.374408199 -2.581000000
v -0.373988271 0.324280392 -2.581000000
v -0.383891581 0.312493606 -2.581000000
v -0.424617248 0.254411463 -2.581000000
v -0.432323351 0.241084052 -2.581000000
v -0.462344445 0.176812369 -2.581000000
v -0.467619194 0.162349282 -2.581000000
v -0.486023540 0.093840922 -2.581000000
v -0.488706665 0.078681610 -2.581000000
v 0.478133284 0.128115427 -1.781333333
v 0.478133284 0.128115427 -1.655666667
v 0.247500000 0.428682575 -2.032666667
v -0.478133284 0.128115427 -2.158333333
v 0.350017857 0.350017857 -1.907000000
v 0.428682575 0.247500000 -1.781333333
v 0.350017857 0.350017857 -2.095500000
v 0.492732516 0.422996990 -1.530000000
v -0.635509388 -0.064624988 -1.530000000
v -0.625710793 -0.128586837 -1.530000000
v -0.609491559 -0.191229210 -1.530000000
v -0.587018117 -0.251909313 -1.530000000
v -0.558521074 -0.310004486 -1.530000000
v -0.524292849 -0.364918593 -1.530000000
v -0.484684671 -0.416088142 -1.530000000
v -0.440102971 -0.462988063 -1.530000000
v -0.391005220 -0.505137100 -1.530000000
v -0.337895226 -0.542102747 -1.530000000
v -0.281317969 -0.573505686 -1.530000000
v -0.221854010 -0.599023680 -1.530000000
v -0.160113528 -0.618394882 -1.530000000
v -0.096730065 -0.631420514 -1.530000000
v -0.032354020 -0.637966918 -1.530000000
v 0.032354020 -0.637966918 -1.530000000
v 0.096730065 -0.631420514 -1.530000000
v 0.160113528 -0.618394882 -1.530000000
v 0.221854010 -0.599023680 -1.530000000
v 0.281317969 -0.573505686 -1.530000000
v 0.337895226 -0.542102747 -1.530000000
v 0.391005220 -0.505137100 -1.530000000
v 0.440102971 -0.462988063 -1.530000000
v 0.484684671 -0.416088142 -1.530000000
v 0.524292849 -0.364918593 -1.530000000
v 0.558521074 -0.310004486 -1.530000000
v 0.587018117 -0.251909313 -1.530000000
v 0.609491559 -0.191229210 -1.530000000
v 0.625710793 -0.128586837 -1.530000000
v 0.635509388 -0.064624988 -1.530000000
v 0.638786797 -0.199933370 -1.530000000
v 0.587018117 -0.199933370 -1.530000000
v 0.558521074 -0.199933370 -1.530000000
v 0.524292849 -0.199933370 -1.530000000
v 0.484684671 -0.199933370 -1.530000000
v 0.440102971 -0.199933370 -1.530000000
v 0.391005220 -0.199933370 -1.530000000
v 0.337895226 -0.199933370 -1.530000000
v 0.281317969 -0.199933370 -1.530000000
v 0.221854010 -0.199933370 -1.530000000
v 0.160113528 -0.199933370 -1.530000000
v 0.096730065 -0.199933370 -1.530000000
v 0.032354020 -0.199933370 -1.530000000
v -0.032354020 -0.199933370 -1.530000000
v -0.096730065 -0.199933370 -1.530000000
v -0.160113528 -0.199933370 -1.530000000
v -0.221854010 -0.199933370 -1.530000000
v -0.281317969 -0.199933370 -1.530000000
v -0.337895226 -0.199933370 -1.530000000
v -0.391005220 -0.199933370 -1.530000000
v -0.440102971 -0.199933370 -1.530000000
v -0.484684671 -0.199933370 -1.530000000
v -0.524292849 -0.199933370 -1.530000000
v -0.558521074 -0.199933370 -1.530000000
v -0.587018117 -0.199933370 -1.530000000
v -0.625710793 -0.199933370 -1.530000000
v -0.649393398 -0.199933370 -1.534393398
v 0.660000000 -0.007995476 -1.545048432
v 0.660000000 -0.023993212 -1.545435975
v 0.660000000 -0.040000000 -1.546211010
v 0.633877935 -0.188145590 -1.546211010
v 0.628405617 -0.203180661 -1.545436283
v 0.622933305 -0.218215714 -1.545048512
v 0.617460992 -0.233250772 -1.545048510
v 0.611988668 -0.248285859 -1.545436281
v 0.606516324 -0.263320999 -1.546211010
v 0.531300837 -0.393598045 -1.546211010
v 0.521016242 -0.405854747 -1.545436283
v 0.510731660 -0.418111435 -1.545048512
v 0.500447075 -0.430368126 -1.545048510
v 0.490162470 -0.442624841 -1.545436281
v 0.479877828 -0.454881600 -1.546211010
v 0.364641016 -0.551576766 -1.546211010
v 0.350784619 -0.559576761 -1.545436283
v 0.336928240 -0.567576745 -1.545048512
v 0.323071855 -0.575576733 -1.545048510
v 0.309215444 -0.583576735 -1.545436281
v 0.295358984 -0.591576766 -1.546211010
v 0.154000107 -0.643027190 -1.546211010
v 0.138243194 -0.645805559 -1.545436283
v 0.122486301 -0.648583924 -1.545048512
v 0.106729402 -0.651362291 -1.545048510
v 0.090972473 -0.654140662 -1.545436281
v -0.075215487 -0.656919044 -1.546211010
v -0.090972400 -0.654140675 -1.545436283
v -0.106729294 -0.651362310 -1.545048512
v -0.122486193 -0.648583943 -1.545048510
v -0.138243122 -0.645805572 -1.545436281
v -0.295358984 -0.591576766 -1.546211010
v -0.309215381 -0.583576772 -1.545436283
v -0.323071760 -0.575576788 -1.545048512
v -0.336928145 -0.567576800 -1.545048510
v -0.350784556 -0.559576798 -1.545436281
v -0.479877828 -0.454881600 -1.546211010
v -0.490162423 -0.442624897 -1.545436283
v -0.500447005 -0.430368210 -1.545048512
v -0.510731590 -0.418111519 -1.545048510
v -0.521016195 -0.405854803 -1.545436281
v -0.611988643 -0.248285928 -1.545436283
v -0.617460954 -0.233250875 -1.545048512
v -0.622933268 -0.218215817 -1.545048510
v -0.628405592 -0.203180730 -1.545436281
v -0.633877935 -0.188145590 -1.546211010
v -0.649393398 0.203253122 -1.534393398
v -0.596765136 0.203253122 -1.534393398
v -0.567794920 0.203253122 -1.534393398
v -0.532998360 0.203253122 -1.534393398
v -0.492732516 0.203253122 -1.534393398
v -0.397497584 0.203253122 -1.534393398
v -0.343505736 0.203253122 -1.534393398
v -0.285989055 0.203253122 -1.534393398
v -0.225537738 0.203253122 -1.534393398
v -0.162772100 0.203253122 -1.534393398
v -0.098336199 0.203253122 -1.534393398
v -0.032891236 0.203253122 -1.534393398
v 0.032891236 0.203253122 -1.534393398
v 0.098336199 0.203253122 -1.534393398
v 0.162772100 0.203253122 -1.534393398
v 0.225537738 0.203253122 -1.534393398
v 0.285989055 0.203253122 -1.534393398
v 0.343505736 0.203253122 -1.534393398
v 0.397497584 0.203253122 -1.534393398
v 0.492732516 0.203253122 -1.534393398
v 0.532998360 0.203253122 -1.534393398
v 0.567794920 0.203253122 -1.534393398
v 0.596765136 0.203253122 -1.534393398
v 0.646061571 0.203253122 -1.534393398
v 0.561861536 0.019777013 -2.581004101
v 0.614093882 0.037034655 -2.618789827
v 0.599416476 0.034942366 -2.622734777
v 0.584751368 0.032851830 -2.626675987
v 0.567657559 0.030415079 -2.631269313
v 0.548142692 0.027633201 -2.636512351
v 0.531086046 0.025201747 -2.641094117
v 0.506750241 0.021732637 -2.647629723
v 0.495461924 0.066351181 -2.649588148
v 0.512648436 0.066917427 -2.645016864
v 0.529852761 0.067484261 -2.640439920
v 0.547075062 0.068051686 -2.635857357
v 0.593566905 0.064722527 -2.632400902
v 0.564315091 0.068619696 -2.631269312
v 0.603784982 0.069920115 -2.620762770
v 0.598333415 0.143108299 -2.618789827
v 0.584242315 0.138499092 -2.622734777
v 0.570163020 0.133893746 -2.626675987
v 0.553752042 0.128525706 -2.631269313
v 0.535016718 0.122397370 -2.636512351
v 0.518641418 0.117041000 -2.641094117
v 0.495277734 0.109398725 -2.647629723
v 0.476412983 0.151379218 -2.649588148
v 0.493240065 0.154921268 -2.645016864
v 0.510084588 0.158466990 -2.640439920
v 0.526946711 0.162016416 -2.635857357
v 0.573310341 0.166811058 -2.632400902
v 0.543826192 0.165569496 -2.631269312
v 0.582470631 0.173704034 -2.620762770
v 0.564392891 0.244833669 -2.618789827
v 0.551316246 0.237847593 -2.622734777
v 0.538250558 0.230867369 -2.626675987
v 0.523021050 0.222731145 -2.631269313
v 0.505634532 0.213442557 -2.636512351
v 0.490438133 0.205324022 -2.641094117
v 0.468756463 0.193740789 -2.647629723
v 0.442888474 0.231807674 -2.649588148
v 0.458844844 0.238217904 -2.645016864
v 0.474817753 0.244634779 -2.640439920
v 0.490807351 0.251058358 -2.635857357
v 0.535634033 0.263831119 -2.632400902
v 0.506813409 0.257488550 -2.631269312
v 0.543458205 0.272210043 -2.620762770
v 0.513303574 0.339119893 -2.618789827
v 0.501638713 0.329969215 -2.622734777
v 0.489983624 0.320826203 -2.626675987
v 0.476398328 0.310169010 -2.631269313
v 0.460888896 0.298002400 -2.636512351
v 0.447333134 0.287368376 -2.641094117
v 0.427992264 0.272196136 -2.647629723
v 0.395907023 0.305192771 -2.649588148
v 0.410507855 0.314276410 -2.645016864
v 0.425123821 0.323369465 -2.640439920
v 0.439755058 0.332472020 -2.635857357
v 0.481682755 0.352834805 -2.632400902
v 0.454401357 0.341583945 -2.631269312
v 0.487933075 0.362445087 -2.620762770
v 0.446617788 0.423102130 -2.618789827
v 0.436719141 0.412064889 -2.622734777
v 0.426828787 0.401036896 -2.626675987
v 0.415300483 0.388182547 -2.631269313
v 0.402139384 0.373507591 -2.636512351
v 0.390636144 0.360681189 -2.641094117
v 0.374223737 0.342380942 -2.647629723
v 0.336896137 0.369304740 -2.649588148
v 0.349697792 0.380785786 -2.645016864
v 0.362512717 0.392278733 -2.640439920
v 0.375341030 0.403783687 -2.635857357
v 0.413095791 0.431117784 -2.632400902
v 0.388182550 0.415300485 -2.631269312
v 0.417582347 0.441667422 -2.620762770
v 0.376601990 0.418347078 -2.581000000
v 0.366361747 0.494228623 -2.618789827
v 0.358530079 0.481640181 -2.622734777
v 0.350704972 0.469062285 -2.626675987
v 0.341583944 0.454401354 -2.631269313
v 0.331171071 0.437663943 -2.636512351
v 0.322069872 0.423034885 -2.641094117
v 0.309084610 0.402162676 -2.647629723
v 0.267648832 0.422195571 -2.649588148
v 0.278262339 0.435725179 -2.645016864
v 0.288886847 0.449268810 -2.640439920
v 0.299522455 0.462826592 -2.635857357
v 0.331957120 0.496301468 -2.632400902
v 0.310169012 0.476398330 -2.631269312
v 0.334543590 0.507469914 -2.620762770
v 0.298235352 0.477387695 -2.581000000
v 0.274973989 0.550338229 -2.618789827
v 0.269447261 0.536581079 -2.622734777
v 0.263925165 0.522835454 -2.626675987
v 0.257488549 0.506813406 -2.631269313
v 0.250140292 0.488522097 -2.636512351
v 0.243717670 0.472534881 -2.641094117
v 0.234554105 0.449724901 -2.647629723
v 0.190269154 0.462258204 -2.649588148
v 0.198372026 0.477425283 -2.645016864
v 0.206483297 0.492608082 -2.640439920
v 0.214603042 0.507806744 -2.635857357
v 0.240732100 0.546405282 -2.632400902
v 0.222731146 0.523021053 -2.631269312
v 0.241339895 0.557853191 -2.620762770
v 0.173998202 0.535320429 -2.581000000
v 0.175231285 0.589726087 -2.618789827
v 0.172177426 0.575218232 -2.622734777
v 0.169126124 0.560722533 -2.626675987
v 0.165569495 0.543826189 -2.631269313
v 0.161509127 0.524536755 -2.636512351
v 0.157960230 0.507677144 -2.641094117
v 0.152896792 0.483622462 -2.647629723
v 0.107108243 0.488275355 -2.649588148
v 0.112454279 0.504619061 -2.645016864
v 0.117805856 0.520979706 -2.640439920
v 0.123163024 0.537357446 -2.635857357
v 0.142192557 0.579906849 -2.632400902
v 0.128525707 0.553752045 -2.631269312
v 0.140803210 0.591286380 -2.620762770
v 0.116973352 0.550600192 -2.581000000
v 0.078111150 0.557411610 -2.581004101
v 0.070164268 0.611195416 -2.618789827
v 0.069676066 0.596377671 -2.622734777
v 0.069188273 0.581572341 -2.626675987
v 0.068619696 0.564315088 -2.631269313
v 0.067970589 0.544613628 -2.636512351
v 0.067403248 0.527393893 -2.641094117
v 0.066593787 0.502825399 -2.647629723
v 0.020692903 0.499456506 -2.649588148
v 0.023119665 0.516480244 -2.645016864
v 0.025548943 0.533521626 -2.640439920
v 0.027980759 0.550580814 -2.635857357
v 0.039332565 0.595788239 -2.632400902
v 0.030415079 0.567657562 -2.631269312
v 0.035988290 0.606753632 -2.620762770
v -0.037034655 0.614093882 -2.618789827
v -0.034942366 0.599416476 -2.622734777
v -0.032851830 0.584751368 -2.626675987
v -0.030415079 0.567657559 -2.631269313
v -0.027633201 0.548142692 -2.636512351
v -0.025201747 0.531086046 -2.641094117
v -0.021732637 0.506750241 -2.647629723
v -0.066351181 0.495461924 -2.649588148
v -0.066917427 0.512648436 -2.645016864
v -0.067484261 0.529852761 -2.640439920
v -0.068051686 0.547075062 -2.635857357
v -0.064722527 0.593566905 -2.632400902
v -0.068619696 0.564315091 -2.631269312
v -0.069920115 0.603784982 -2.620762770
v -0.143108299 0.598333415 -2.618789827
v -0.138499092 0.584242315 -2.622734777
v -0.133893746 0.570163020 -2.626675987
v -0.128525706 0.553752042 -2.631269313
v -0.122397370 0.535016718 -2.636512351
v -0.117041000 0.518641418 -2.641094117
v -0.109398725 0.495277734 -2.647629723
v -0.151379218 0.476412983 -2.649588148
v -0.154921268 0.493240065 -2.645016864
v -0.158466990 0.510084588 -2.640439920
v -0.162016416 0.526946711 -2.635857357
v -0.166811058 0.573310341 -2.632400902
v -0.165569496 0.543826192 -2.631269312
v -0.173704034 0.582470631 -2.620762770
v -0.244833669 0.564392891 -2.618789827
v -0.237847593 0.551316246 -2.622734777
v -0.230867369 0.538250558 -2.626675987
v -0.222731145 0.523021050 -2.631269313
v -0.213442557 0.505634532 -2.636512351
v -0.205324022 0.490438133 -2.641094117
v -0.193740789 0.468756463 -2.647629723
v -0.231807674 0.442888474 -2.649588148
v -0.238217904 0.458844844 -2.645016864
v -0.244634779 0.474817753 -2.640439920
v -0.251058358 0.490807351 -2.635857357
v -0.263831119 0.535634033 -2.632400902
v -0.257488550 0.506813409 -2.631269312
v -0.272210043 0.543458205 -2.620762770
v -0.339119893 0.513303574 -2.618789827
v -0.329969215 0.501638713 -2.622734777
v -0.320826203 0.489983624 -2.626675987
v -0.310169010 0.476398328 -2.631269313
v -0.298002400 0.460888896 -2.636512351
v -0.287368376 0.447333134 -2.641094117
v -0.272196136 0.427992264 -2.647629723
v -0.305192771 0.395907023 -2.649588148
v -0.314276410 0.410507855 -2.645016864
v -0.323369465 0.425123821 -2.640439920
v -0.332472020 0.439755058 -2.635857357
v -0.352834805 0.481682755 -2.632400902
v -0.341583945 0.454401357 -2.631269312
v -0.362445087 0.487933075 -2.620762770
v -0.423102130 0.446617788 -2.618789827
v -0.412064889 0.436719141 -2.622734777
v -0.401036896 0.426828787 -2.626675987
v -0.388182547 0.415300483 -2.631269313
v -0.373507591 0.402139384 -2.636512351
v -0.360681189 0.390636144 -2.641094117
v -0.342380942 0.374223737 -2.647629723
v -0.369304740 0.336896137 -2.649588148
v -0.380785786 0.349697792 -2.645016864
v -0.392278733 0.362512717 -2.640439920
v -0.403783687 0.375341030 -2.635857357
v -0.431117784 0.413095791 -2.632400902
v -0.415300485 0.388182550 -2.631269312
v -0.441667422 0.417582347 -2.620762770
v -0.418347078 0.376601990 -2.581000000
v -0.494228623 0.366361747 -2.618789827
v -0.481640181 0.358530079 -2.622734777
v -0.469062285 0.350704972 -2.626675987
v -0.454401354 0.341583944 -2.631269313
v -0.437663943 0.331171071 -2.636512351
v -0.423034885 0.322069872 -2.641094117
v -0.402162676 0.309084610 -2.647629723
v -0.422195571 0.267648832 -2.649588148
v -0.435725179 0.278262339 -2.645016864
v -0.449268810 0.288886847 -2.640439920
v -0.462826592 0.299522455 -2.635857357
v -0.496301468 0.331957120 -2.632400902
v -0.476398330 0.310169012 -2.631269312
v -0.507469914 0.334543590 -2.620762770
v -0.477387695 0.298235352 -2.581000000
v -0.550338229 0.274973989 -2.618789827
v -0.536581079 0.269447261 -2.622734777
v -0.522835454 0.263925165 -2.626675987
v -0.506813406 0.257488549 -2.631269313
v -0.488522097 0.250140292 -2.636512351
v -0.472534881 0.243717670 -2.641094117
v -0.449724901 0.234554105 -2.647629723
v -0.462258204 0.190269154 -2.649588148
v -0.477425283 0.198372026 -2.645016864
v -0.492608082 0.206483297 -2.640439920
v -0.507806744 0.214603042 -2.635857357
v -0.546405282 0.240732100 -2.632400902
v -0.523021053 0.222731146 -2.631269312
v -0.557853191 0.241339895 -2.620762770
v -0.535320429 0.173998202 -2.581000000
v -0.589726087 0.175231285 -2.618789827
v -0.575218232 0.172177426 -2.622734777
v -0.560722533 0.169126124 -2.626675987
v -0.543826189 0.165569495 -2.631269313
v -0.524536755 0.161509127 -2.636512351
v -0.507677144 0.157960230 -2.641094117
v -0.483622462 0.152896792 -2.647629723
v -0.488275355 0.107108243 -2.649588148
v -0.504619061 0.112454279 -2.645016864
v -0.520979706 0.117805856 -2.640439920
v -0.537357446 0.123163024 -2.635857357
v -0.579906849 0.142192557 -2.632400902
v -0.553752045 0.128525707 -2.631269312
v -0.591286380 0.140803210 -2.620762770
v -0.550600192 0.116973352 -2.581000000
v -0.557411610 0.078111150 -2.581004101
v -0.611195416 0.070164268 -2.618789827
v -0.596377671 0.069676066 -2.622734777
v -0.581572341 0.069188273 -2.626675987
v -0.564315088 0.068619696 -2.631269313
v -0.544613628 0.067970589 -2.636512351
v -0.527393893 0.067403248 -2.641094117
v -0.502825399 0.066593787 -2.647629723
v -0.499456506 0.020692903 -2.649588148
v -0.516480244 0.023119665 -2.645016864
v -0.533521626 0.025548943 -2.640439920
v -0.550580814 0.027980759 -2.635857357
v -0.595788239 0.039332565 -2.632400902
v -0.567657562 0.030415079 -2.631269312
v -0.606753632 0.035988290 -2.620762770
v -0.562892636 0.012543850 -2.583878152
v -0.495461924 -0.066351181 -2.649588148
v -0.512648436 -0.066917427 -2.645016864
v -0.529852761 -0.067484261 -2.640439920
v -0.556924369 -0.068376193 -2.633236275
v -0.574174301 -0.068944528 -2.628645189
v -0.591441186 -0.069513423 -2.624048929
v -0.606254779 -0.070001488 -2.620105226
v -0.591286382 -0.140803210 -2.620762769
v -0.577201199 -0.136195939 -2.624705849
v -0.558439244 -0.130058892 -2.629957464
v -0.542039912 -0.124694661 -2.634547039
v -0.518641418 -0.117041000 -2.641094117
v -0.497612547 -0.110162444 -2.646976682
v -0.476412983 -0.151379218 -2.649588148
v -0.493240065 -0.154921268 -2.645016864
v -0.510084588 -0.158466990 -2.640439920
v -0.536590035 -0.164046306 -2.633236275
v -0.553479211 -0.167601427 -2.628645189
v -0.570384986 -0.171160042 -2.624048929
v -0.584888776 -0.174213046 -2.620105226
v -0.557853193 -0.241339896 -2.620762769
v -0.544782039 -0.234356753 -2.624705849
v -0.527370807 -0.225054962 -2.629957464
v -0.512152107 -0.216924512 -2.634547039
v -0.490438133 -0.205324022 -2.641094117
v -0.470923187 -0.194898341 -2.646976682
v -0.442888474 -0.231807674 -2.649588148
v -0.458844844 -0.238217904 -2.645016864
v -0.474817753 -0.244634779 -2.640439920
v -0.499951684 -0.254731956 -2.633236275
v -0.515966936 -0.261165841 -2.628645189
v -0.531997927 -0.267606050 -2.624048929
v -0.545751223 -0.273131228 -2.620105226
v -0.507469916 -0.334543591 -2.620762769
v -0.495809953 -0.325396755 -2.624705849
v -0.480278476 -0.313212851 -2.629957464
v -0.466702819 -0.302563221 -2.634547039
v -0.447333134 -0.287368376 -2.641094117
v -0.429925063 -0.273712350 -2.646976682
v -0.395907023 -0.305192771 -2.649588148
v -0.410507855 -0.314276410 -2.645016864
v -0.425123821 -0.323369465 -2.640439920
v -0.448122555 -0.337677704 -2.633236275
v -0.462777266 -0.346794863 -2.628645189
v -0.477446380 -0.355920983 -2.624048929
v -0.490031296 -0.363750457 -2.620105226
v -0.441667423 -0.417582348 -2.620762769
v -0.431772932 -0.406549742 -2.624705849
v -0.418593126 -0.391853926 -2.629957464
v -0.407073003 -0.379008700 -2.634547039
v -0.390636144 -0.360681189 -2.641094117
v -0.375863885 -0.344209749 -2.646976682
v -0.336896137 -0.369304740 -2.649588148
v -0.349697792 -0.380785786 -2.645016864
v -0.362512717 -0.392278733 -2.640439920
v -0.382677449 -0.410363286 -2.633236275
v -0.395526344 -0.421886699 -2.628645189
v -0.408387867 -0.433421437 -2.624048929
v -0.419422015 -0.443317311 -2.620105226
v -0.376601990 -0.418347078 -2.581000000
v -0.362445088 -0.487933077 -2.620762769
v -0.354616709 -0.475349921 -2.624705849
v -0.344189035 -0.458588718 -2.629957464
v -0.335074479 -0.443938192 -2.634547039
v -0.322069872 -0.423034885 -2.641094117
v -0.310382272 -0.404248508 -2.646976682
v -0.267648832 -0.422195571 -2.649588148
v -0.278262339 -0.435725179 -2.645016864
v -0.288886847 -0.449268810 -2.640439920
v -0.305604881 -0.470580187 -2.633236275
v -0.316257553 -0.484159721 -2.628645189
v -0.326920695 -0.497752601 -2.624048929
v -0.336068809 -0.509414194 -2.620105226
v -0.298235352 -0.477387695 -2.581000000
v -0.272210044 -0.543458206 -2.620762769
v -0.266685637 -0.529706833 -2.624705849
v -0.259326935 -0.511389524 -2.629957464
v -0.252894887 -0.495378846 -2.634547039
v -0.243717670 -0.472534881 -2.641094117
v -0.235469851 -0.452004381 -2.646976682
v -0.190269154 -0.462258204 -2.649588148
v -0.198372026 -0.477425283 -2.645016864
v -0.206483297 -0.492608082 -2.640439920
v -0.219246665 -0.516498748 -2.633236275
v -0.227379437 -0.531721795 -2.628645189
v -0.235520203 -0.546959803 -2.624048929
v -0.242504322 -0.560032784 -2.620105226
v -0.173998202 -0.535320429 -2.581000000
v -0.173704034 -0.582470633 -2.620762769
v -0.170651457 -0.567968871 -2.624705849
v -0.166585317 -0.548652018 -2.629957464
v -0.163031212 -0.531767664 -2.634547039
v -0.157960230 -0.507677144 -2.641094117
v -0.153402798 -0.486026329 -2.646976682
v -0.107108243 -0.488275355 -2.649588148
v -0.112454279 -0.504619061 -2.645016864
v -0.117805856 -0.520979706 -2.640439920
v -0.126226749 -0.546723755 -2.633236275
v -0.131592512 -0.563127771 -2.628645189
v -0.136963549 -0.579547909 -2.624048929
v -0.141571465 -0.593635061 -2.620105226
v -0.116973352 -0.550600192 -2.581000000
v -0.078111150 -0.557411610 -2.581004101
v -0.069920116 -0.603784984 -2.620762769
v -0.069432118 -0.588973462 -2.624705849
v -0.068782089 -0.569243997 -2.629957464
v -0.068213915 -0.551998991 -2.634547039
v -0.067403248 -0.527393893 -2.641094117
v -0.066674679 -0.505280613 -2.646976682
v -0.020692903 -0.499456506 -2.649588148
v -0.023119665 -0.516480244 -2.645016864
v -0.025548943 -0.533521626 -2.640439920
v -0.029371497 -0.560336837 -2.633236275
v -0.031807215 -0.577423395 -2.628645189
v -0.034245326 -0.594526744 -2.624048929
v -0.036337029 -0.609200038 -2.620105226
f 1 2 10
f 1 10 9
f 2 3 11
f 2 11 10
f 3 4 12
f 3 12 11
f 4 5 13
f 4 13 12
f 5 6 14
f 5 14 13
f 6 7 15
f 6 15 14
f 7 8 16
f 7 16 15
f 17 18 26
f 17 26 25
f 18 19 27
f 18 27 26
f 19 20 28
f 19 28 27
f 20 21 29
f 20 29 28
f 21 22 30
f 21 30 29
f 22 23 31
f 22 31 30
f 23 24 32
f 23 32 31
f 33 34 42
f 33 42 41
f 34 35 43
f 34 43 42
f 35 36 44
f 35 44 43
f 36 37 45
f 36 45 44
f 37 38 46
f 37 46 45
f 38 39 47
f 38 47 46
f 39 40 48
f 39 48 47
f 49 50 58
f 49 58 57
f 50 51 59
f 50 59 58
f 51 52 60
f 51 60 59
f 52 53 61
f 52 61 60
f 53 54 62
f 53 62 61
f 54 55 63
f 54 63 62
f 55 56 64
f 55 64 63
f 65 66 74
f 65 74 73
f 66 67 75
f 66 75 74
f 67 68 76
f 67 76 75
f 68 69 77
f 68 77 76
f 69 70 78
f 69 78 77
f 70 71 79
f 70 79 78
f 71 72 80
f 71 80 79
f 81 82 90
f 81 90 89
f 82 83 91
f 82 91 90
f 83 84 92
f 83 92 91
f 84 85 93
f 84 93 92
f 85 86 94
f 85 94 93
f 86 87 95
f 86 95 94
f 87 88 96
f 87 96 95
f 97 98 106
f 97 106 105
f 98 99 107
f 98 107 106
f 99 100 108
f 99 108 107
f 100 101 109
f 100 109 108
f 101 102 110
f 101 110 109
f 102 103 111
f 102 111 110
f 103 104 112
f 103 112 111
f 113 114 122
f 113 122 121
f 114 115 123
f 114 123 122
f 115 116 124
f 115 124 123
f 116 117 125
f 116 125 124
f 117 118 126
f 117 126 125
f 118 119 127
f 118 127 126
f 119 120 128
f 119 128 127
f 129 130 138
f 129 138 137
f 130 131 139
f 130 139 138
f 131 132 140
f 131 140 139
f 132 133 141
f 132 141 140
f 133 134 142
f 133 142 141
f 134 135 143
f 134 143 142
f 135 136 144
f 135 144 143
f 145 146 154
f 145 154 153
f 146 147 155
f 146 155 154
f 147 148 156
f 147 156 155
f 148 149 157
f 148 157 156
f 149 150 158
f 149 158 157
f 150 151 159
f 150 159 158
f 151 160 152
f 151 160 159
f 161 162 170
f 161 169 170
f 162 163 171
f 162 171 170
f 163 164 172
f 163 172 171
f 164 165 173
f 164 173 172
f 165 166 174
f 165 174 173
f 166 167 175
f 166 175 174
f 167 168 176
f 167 176 175
f 177 178 186
f 177 186 185
f 178 179 187
f 178 187 186
f 179 180 188
f 179 188 187
f 180 181 189
f 180 189 188
f 181 182 190
f 181 190 189
f 182 183 191
f 182 191 190
f 183 184 192
f 183 192 191
f 193 194 202
f 193 202 201
f 194 195 203
f 194 203 202
f 195 196 204
f 195 204 203
f 196 197 205
f 196 205 204
f 197 198 206
f 197 206 205
f 198 199 207
f 198 207 206
f 199 200 208
f 199 208 207
f 209 210 218
f 209 218 217
f 210 211 219
f 210 219 218
f 211 212 220
f 211 220 219
f 212 213 221
f 212 221 220
f 213 214 222
f 213 222 221
f 214 215 223
f 214 223 222
f 215 216 224
f 215 224 223
f 225 226 234
f 225 234 233
f 226 227 235
f 226 235 234
f 227 228 236
f 227 236 235
f 228 229 237
f 228 237 236
f 229 230 238
f 229 238 237
f 230 231 239
f 230 239 238
f 231 232 240
f 231 240 239
f 241 242 250
f 241 250 249
f 242 243 251
f 242 251 250
f 243 244 252
f 243 252 251
f 244 245 253
f 244 253 252
f 245 246 254
f 245 254 253
f 246 247 255
f 246 255 254
f 247 248 256
f 247 256 255
f 257 258 266
f 257 266 265
f 258 259 267
f 258 267 266
f 259 260 268
f 259 268 267
f 260 261 269
f 260 269 268
f 261 262 270
f 261 270 269
f 262 263 271
f 262 271 270
f 263 264 272
f 263 272 271
f 273 274 282
f 273 282 281
f 274 275 283
f 274 283 282
f 275 276 284
f 275 284 283
f 276 277 285
f 276 285 284
f 277 278 286
f 277 286 285
f 278 279 287
f 278 287 286
f 279 280 288
f 279 288 287
f 290 16 289
f 290 16 8
f 290 8 292
f 290 292 291
f 289 15 16
f 289 14 15
f 289 13 14
f 289 12 13
f 289 11 12
f 289 10 11
f 289 9 10
f 10 9 11
f 11 9 12
f 12 9 13
f 13 9 14
f 14 9 15
f 15 9 16
f 16 9 289
f 32 30 31
f 32 29 30
f 32 28 29
f 32 27 28
f 32 26 27
f 32 25 26
f 26 27 25
f 27 28 25
f 28 29 25
f 29 30 25
f 30 31 25
f 31 32 25
f 48 46 47
f 48 45 46
f 48 44 45
f 48 43 44
f 48 42 43
f 48 41 42
f 42 43 41
f 43 44 41
f 44 45 41
f 45 46 41
f 46 47 41
f 47 48 41
f 64 62 63
f 64 61 62
f 64 60 61
f 64 59 60
f 64 58 59
f 64 57 58
f 58 59 57
f 59 60 57
f 60 61 57
f 61 62 57
f 62 63 57
f 63 64 57
f 73 74 75
f 73 75 76
f 73 76 77
f 73 77 78
f 73 78 79
f 73 79 80
f 73 80 296
f 73 296 74
f 74 296 75
f 75 296 76
f 76 296 77
f 77 296 78
f 78 296 79
f 79 296 80
f 89 90 91
f 89 91 92
f 89 92 93
f 89 93 94
f 89 94 95
f 89 95 96
f 89 96 297
f 89 297 90
f 90 297 91
f 91 297 92
f 92 297 93
f 93 297 94
f 94 297 95
f 95 297 96
f 105 106 107
f 105 107 108
f 105 108 109
f 105 109 110
f 105 110 111
f 105 111 112
f 105 112 298
f 105 298 106
f 106 298 107
f 107 298 108
f 108 298 109
f 109 298 110
f 110 298 111
f 111 298 112
f 121 122 123
f 121 123 124
f 121 124 125
f 121 125 126
f 121 126 127
f 121 127 128
f 121 128 299
f 121 299 122
f 122 299 123
f 123 299 124
f 124 299 125
f 125 299 126
f 126 299 127
f 127 299 128
f 288 287 286
f 288 286 285
f 288 285 284
f 288 284 283
f 288 283 282
f 288 282 281
f 282 283 281
f 283 284 281
f 284 285 281
f 285 286 281
f 286 287 281
f 287 288 281
f 288 281 309
f 311 1 310
f 311 1 9
f 311 9 312
f 313 314 315
f 314 316 315
f 314 317 316
f 314 318 317
f 318 319 317
f 318 320 319
f 320 321 319
f 320 322 321
f 320 323 322
f 320 324 323
f 320 311 324
f 320 325 311
f 325 326 311
f 326 327 311
f 327 291 311
f 327 328 291
f 327 329 328
f 327 330 329
f 330 331 329
f 330 332 331
f 330 333 332
f 330 334 333
f 334 335 333
f 335 336 333
f 335 337 336
f 335 338 337
f 338 339 337
f 338 340 339
f 338 341 340
f 338 342 341
f 338 343 342
f 343 344 342
f 344 345 342
f 345 346 342
f 345 347 346
f 345 348 347
f 345 349 348
f 345 350 349
f 350 351 349
f 350 352 351
f 350 353 352
f 353 354 352
f 354 355 352
f 354 356 355
f 354 357 356
f 357 358 356
f 357 359 358
f 357 360 359
f 357 361 360
f 357 362 361
f 362 363 361
f 363 364 361
f 364 365 361
f 364 366 365
f 364 367 366
f 364 368 367
f 364 369 368
f 369 370 368
f 369 371 370
f 369 372 371
f 372 373 371
f 373 374 371
f 373 375 374
f 373 376 375
f 373 377 376
f 377 378 376
f 377 379 378
f 377 380 379
f 377 381 380
f 381 382 380
f 382 383 380
f 382 384 383
f 384 385 383
f 384 386 385
f 384 387 386
f 384 388 387
f 384 389 388
f 389 390 388
f 389 391 390
f 391 392 390
f 392 393 390
f 392 394 393
f 392 395 394
f 392 396 395
f 397 390 113
f 390 114 113
f 390 115 114
f 390 116 115
f 390 117 116
f 390 118 117
f 390 119 118
f 390 120 119
f 390 393 120
f 393 398 120
f 399 380 97
f 380 98 97
f 380 99 98
f 380 100 99
f 380 101 100
f 380 102 101
f 380 103 102
f 380 104 103
f 380 383 104
f 383 400 104
f 401 371 81
f 371 82 81
f 371 83 82
f 371 84 83
f 371 85 84
f 371 86 85
f 371 87 86
f 371 88 87
f 371 374 88
f 374 402 88
f 403 361 65
f 361 66 65
f 361 67 66
f 361 68 67
f 361 69 68
f 361 70 69
f 361 71 70
f 361 72 71
f 361 365 72
f 365 404 72
f 405 352 49
f 352 50 49
f 352 51 50
f 352 52 51
f 352 53 52
f 352 54 53
f 352 55 54
f 352 56 55
f 352 355 56
f 355 406 56
f 407 342 33
f 342 34 33
f 342 35 34
f 342 36 35
f 342 37 36
f 342 38 37
f 342 39 38
f 342 40 39
f 342 346 40
f 346 408 40
f 409 333 17
f 333 18 17
f 333 19 18
f 333 20 19
f 333 21 20
f 333 22 21
f 333 23 22
f 333 24 23
f 333 336 24
f 336 410 24
f 311 2 1
f 311 3 2
f 311 4 3
f 311 5 4
f 311 6 5
f 311 7 6
f 311 8 7
f 311 291 8
f 291 292 8
f 411 317 273
f 317 274 273
f 317 275 274
f 317 276 275
f 317 277 276
f 317 278 277
f 317 279 278
f 317 280 279
f 317 319 280
f 319 412 280
f 416 415 414
f 416 414 417
f 417 414 413
f 417 413 418
f 418 413 420
f 418 420 317
f 317 420 316
f 316 420 419
f 316 419 315
f 421 422 415
f 422 414 415
f 422 413 414
f 422 423 413
f 423 424 413
f 423 425 424
f 425 426 424
f 425 427 426
f 425 428 427
f 425 429 428
f 425 430 429
f 430 431 429
f 430 432 431
f 432 433 431
f 433 434 431
f 433 435 434
f 433 436 435
f 433 437 436
f 437 439 438
f 437 440 439
f 440 441 439
f 441 442 439
f 441 443 442
f 441 444 443
f 444 445 443
f 444 446 445
f 444 447 446
f 444 448 447
f 444 449 448
f 449 450 448
f 450 451 448
f 451 452 448
f 451 453 452
f 451 454 453
f 451 455 454
f 451 456 455
f 456 457 455
f 456 458 457
f 456 459 458
f 459 460 458
f 460 461 458
f 460 462 461
f 460 463 462
f 463 464 462
f 463 465 464
f 463 466 465
f 463 467 466
f 463 468 467
f 468 469 467
f 469 470 467
f 470 471 467
f 470 472 471
f 470 473 472
f 470 474 473
f 470 475 474
f 475 476 474
f 475 477 476
f 475 478 477
f 478 479 477
f 479 480 477
f 479 481 480
f 479 481 482
f 482 484 483
f 482 485 484
f 482 486 485
f 486 487 485
f 487 488 485
f 487 489 488
f 489 490 488
f 489 491 490
f 489 492 491
f 489 493 492
f 489 494 493
f 494 495 493
f 494 496 495
f 496 497 495
f 497 498 495
f 497 499 498
f 497 500 499
f 497 501 500
f 495 143 144
f 495 142 143
f 495 141 142
f 495 140 141
f 495 139 140
f 495 138 139
f 495 498 138
f 485 159 160
f 485 158 159
f 485 157 158
f 485 156 157
f 485 155 156
f 485 154 155
f 485 488 154
f 477 176 302
f 477 175 176
f 477 174 175
f 477 173 174
f 477 172 173
f 477 171 172
f 477 170 171
f 477 480 170
f 467 192 303
f 467 191 192
f 467 190 191
f 467 189 190
f 467 188 189
f 467 187 188
f 467 186 187
f 467 471 186
f 458 208 304
f 458 207 208
f 458 206 207
f 458 205 206
f 458 204 205
f 458 203 204
f 458 202 203
f 458 461 202
f 448 224 305
f 448 223 224
f 448 222 223
f 448 221 222
f 448 220 221
f 448 219 220
f 448 218 219
f 448 452 218
f 306 439 240
f 439 239 240
f 439 238 239
f 439 237 238
f 439 236 237
f 439 235 236
f 439 234 235
f 439 233 234
f 439 442 233
f 431 256 307
f 431 255 256
f 431 254 255
f 431 253 254
f 431 252 253
f 431 251 252
f 431 250 251
f 431 249 250
f 431 434 249
f 413 272 308
f 413 271 272
f 413 270 271
f 413 269 270
f 413 268 269
f 413 267 268
f 413 266 267
f 413 265 266
f 413 424 265
f 413 308 264
f 413 264 503
f 413 503 502
f 413 502 420
f 396 504 395
f 504 505 395
f 504 506 505
f 504 507 506
f 504 508 507
f 508 509 507
f 508 510 509
f 510 511 509
f 510 512 511
f 510 513 512
f 510 514 513
f 510 515 514
f 515 516 514
f 515 517 516
f 517 518 516
f 518 519 516
f 518 519 520
f 518 520 521
f 518 521 522
f 522 521 523
f 522 523 524
f 522 524 525
f 522 525 526
f 526 525 527
f 527 525 528
f 527 529 528
f 527 530 529
f 530 531 529
f 530 532 531
f 530 533 532
f 530 534 533
f 530 535 534
f 535 536 534
f 536 537 534
f 537 538 534
f 537 539 538
f 537 540 539
f 537 541 540
f 537 542 541
f 542 543 541
f 542 544 543
f 542 545 544
f 545 546 544
f 546 547 544
f 546 548 547
f 546 549 548
f 549 550 548
f 549 551 550
f 549 552 551
f 549 553 552
f 549 554 553
f 554 555 553
f 555 556 553
f 556 557 553
f 556 558 557
f 556 559 558
f 556 560 559
f 556 561 560
f 561 562 560
f 561 563 562
f 561 564 563
f 564 565 563
f 565 566 563
f 565 567 566
f 565 568 567
f 565 569 568
f 569 570 568
f 569 571 570
f 569 572 571
f 569 573 572
f 573 574 572
f 574 575 572
f 574 576 575
f 576 577 575
f 576 578 577
f 576 579 578
f 576 580 579
f 576 581 580
f 581 582 580
f 581 583 582
f 583 584 582
f 584 502 582
f 584 420 502
f 584 419 420
f 584 315 419
f 584 313 315
f 585 582 257
f 582 258 257
f 582 259 258
f 582 260 259
f 582 261 260
f 582 262 261
f 582 263 262
f 582 264 263
f 582 503 264
f 582 502 503
f 586 572 241
f 572 242 241
f 572 243 242
f 572 244 243
f 572 245 244
f 572 246 245
f 572 247 246
f 572 248 247
f 572 575 248
f 575 587 248
f 588 563 225
f 563 226 225
f 563 227 226
f 563 228 227
f 563 229 228
f 563 230 229
f 563 231 230
f 563 232 231
f 563 566 232
f 566 589 232
f 590 553 209
f 553 210 209
f 553 211 210
f 553 212 211
f 553 213 212
f 553 214 213
f 553 215 214
f 553 216 215
f 553 557 216
f 557 591 216
f 193 592 194
f 592 544 194
f 544 195 194
f 544 196 195
f 544 197 196
f 544 198 197
f 544 199 198
f 544 200 199
f 544 547 200
f 547 593 200
f 594 534 177
f 534 178 177
f 534 179 178
f 534 180 179
f 534 181 180
f 534 182 181
f 534 183 182
f 534 184 183
f 534 538 184
f 538 595 184
f 161 596 162
f 596 162 525
f 525 163 162
f 525 164 163
f 525 165 164
f 525 166 165
f 525 167 166
f 525 168 167
f 525 528 168
f 528 597 168
f 598 516 145
f 516 146 145
f 516 147 146
f 516 148 147
f 516 149 148
f 516 150 149
f 516 150 151
f 516 151 152
f 516 152 519
f 519 152 599
f 600 507 129
f 507 130 129
f 507 131 130
f 507 132 131
f 507 133 132
f 507 134 133
f 507 135 134
f 507 136 135
f 507 509 136
f 509 601 136
f 313 603 604
f 605 602 396
f 605 396 392
f 313 604 314
f 314 604 606
f 605 392 607
f 314 606 609
f 607 392 608
f 610 314 609
f 610 318 314
f 611 318 610
f 612 318 611
f 606 613 614
f 615 616 617
f 618 619 620
f 621 622 623
f 624 625 626
f 627 628 629
f 630 631 632
f 633 634 635
f 636 637 638
f 639 640 641
f 642 643 644
f 645 646 647
f 648 649 650
f 651 652 653
f 654 655 656
f 657 658 659
f 660 661 662
f 608 663 664
f 606 614 609
f 615 617 665
f 618 620 666
f 621 623 667
f 624 626 668
f 627 629 669
f 630 632 670
f 633 635 671
f 636 638 672
f 639 641 673
f 642 644 674
f 645 647 675
f 648 650 676
f 651 653 677
f 654 656 678
f 657 659 679
f 660 662 680
f 608 664 607
f 681 391 680
f 680 391 389
f 683 320 682
f 683 325 320
f 684 325 683
f 615 665 682
f 665 320 682
f 686 326 685
f 687 326 686
f 618 666 685
f 685 326 325
f 666 326 685
f 688 330 327
f 689 330 688
f 690 330 689
f 327 621 667
f 688 327 667
f 691 335 334
f 692 335 691
f 334 624 693
f 668 691 334
f 694 335 692
f 696 338 695
f 669 338 335
f 335 627 669
f 696 343 338
f 698 344 697
f 343 630 670
f 670 344 343
f 699 350 345
f 700 350 699
f 345 633 701
f 703 353 702
f 636 353 350
f 353 636 672
f 702 353 672
f 703 354 704
f 705 357 354
f 354 639 673
f 354 673 705
f 706 357 705
f 674 363 362
f 362 642 708
f 707 363 674
f 675 364 645
f 709 364 675
f 709 369 364
f 648 372 369
f 372 648 676
f 710 372 676
f 711 373 677
f 677 373 712
f 711 377 373
f 713 381 678
f 381 654 678
f 713 382 381
f 657 384 382
f 384 657 679
f 714 384 679
f 389 660 715
f 716 357 706
f 716 362 357
f 642 362 716
f 717 363 707
f 718 363 717
f 718 364 363
f 645 364 718
f 719 369 709
f 720 369 719
f 648 369 720
f 721 372 710
f 721 373 372
f 722 373 721
f 651 373 722
f 723 377 711
f 724 377 723
f 724 381 377
f 654 381 724
f 725 382 713
f 726 382 725
f 727 382 726
f 657 382 727
f 728 384 714
f 728 389 384
f 729 389 728
f 730 389 729
f 660 389 730
f 731 391 681
f 732 391 731
f 732 392 391
f 608 392 732
f 615 318 612
f 615 320 318
f 682 320 733
f 734 325 684
f 685 325 734
f 685 734 618
f 687 327 326
f 735 327 687
f 621 327 735
f 736 330 690
f 736 334 330
f 624 334 736
f 627 335 694
f 695 338 669
f 737 343 696
f 630 343 737
f 697 344 670
f 738 344 698
f 633 344 738
f 633 345 344
f 699 345 671
f 739 350 700
f 636 350 739
f 740 354 703
f 639 354 740
f 660 680 715
f 680 389 715
f 373 651 712
f 651 677 712
f 642 674 708
f 674 362 708
f 354 353 704
f 353 703 704
f 633 671 701
f 671 345 701
f 624 668 693
f 668 334 693
f 320 615 733
f 615 682 733
f 742 703 702
f 742 740 703
f 742 639 740
f 639 742 741
f 639 744 640
f 639 745 744
f 639 746 745
f 639 747 746
f 639 748 747
f 639 749 748
f 639 750 749
f 639 751 750
f 639 741 751
f 641 640 752
f 641 744 640
f 752 640 744
f 744 753 640
f 753 745 640
f 744 640 745
f 745 746 640
f 640 752 745
f 754 755 745
f 755 747 745
f 746 745 747
f 756 747 748
f 748 757 747
f 757 749 747
f 748 747 749
f 758 749 750
f 750 749 759
f 759 749 751
f 751 749 760
f 750 749 751
f 765 763 764
f 767 765 766
f 761 644 643
f 770 771 772
f 772 773 643
f 773 761 643
f 772 764 773
f 766 768 770
f 770 773 772
f 771 764 772
f 766 764 762
f 768 766 762
f 769 764 771
f 764 766 770
f 770 762 768
f 762 763 765
f 764 770 762
f 774 764 769
f 764 762 765
f 767 764 774
f 764 767 765
f 779 777 778
f 782 783 784
f 776 779 778
f 775 647 646
f 784 785 786
f 786 787 646
f 787 775 646
f 780 782 784
f 784 786 646
f 786 778 787
f 785 778 786
f 780 778 776
f 782 780 776
f 783 778 785
f 778 780 784
f 784 776 782
f 776 777 779
f 778 784 776
f 788 778 783
f 781 778 788
f 778 781 779
f 793 791 792
f 790 792 793
f 796 797 798
f 789 650 649
f 798 799 800
f 800 790 801
f 801 789 649
f 794 796 798
f 800 801 649
f 794 800 798
f 792 800 794
f 799 790 800
f 794 790 792
f 797 790 799
f 796 790 794
f 792 798 800
f 798 790 796
f 790 791 793
f 792 790 798
f 802 790 797
f 795 790 802
f 793 790 795
f 807 805 806
f 804 806 807
f 810 811 812
f 803 653 652
f 812 814 813
f 814 804 815
f 815 803 652
f 808 810 812
f 814 815 652
f 808 814 812
f 806 814 808
f 813 804 814
f 808 804 806
f 811 804 813
f 810 804 808
f 806 812 814
f 811 804 810
f 806 811 812
f 806 804 811
f 816 804 811
f 804 805 807
f 809 804 816
f 807 804 809
f 821 819 820
f 820 821 822
f 818 821 820
f 824 825 826
f 817 656 655
f 828 818 829
f 826 827 828
f 829 817 655
f 828 829 655
f 822 824 826
f 826 828 655
f 826 655 829
f 826 829 828
f 827 828 818
f 822 820 818
f 822 826 828
f 822 828 827
f 824 822 818
f 825 827 818
f 822 826 827
f 820 822 826
f 825 824 818
f 818 819 821
f 826 818 825
f 820 826 818
f 830 825 818
f 823 830 818
f 821 823 818
f 835 833 834
f 834 835 836
f 838 839 840
f 832 835 834
f 831 659 658
f 842 832 843
f 840 841 842
f 843 831 658
f 836 838 840
f 842 843 658
f 836 842 840
f 834 842 836
f 836 834 832
f 841 832 842
f 838 836 832
f 839 832 841
f 834 840 842
f 839 838 832
f 832 833 835
f 834 839 840
f 834 832 839
f 844 832 839
f 837 832 844
f 835 832 837
f 852 853 854
f 850 851 852
f 849 847 848
f 846 848 849
f 845 662 661
f 854 855 856
f 857 845 661
f 850 852 854
f 856 857 661
f 856 846 857
f 850 856 854
f 848 856 850
f 850 846 848
f 855 856 846
f 853 855 846
f 852 846 850
f 848 854 856
f 854 846 852
f 848 846 854
f 858 853 846
f 846 847 849
f 851 858 846
f 849 851 846
f 864 865 866
f 863 861 862
f 860 862 863
f 859 664 663
f 868 869 870
f 871 859 663
f 870 871 663
f 864 866 868
f 868 870 663
f 868 663 871
f 870 860 871
f 864 862 860
f 869 870 860
f 864 868 871
f 864 870 871
f 867 869 860
f 864 869 870
f 866 864 860
f 864 868 869
f 862 868 864
f 868 860 866
f 860 861 863
f 862 860 868
f 872 867 860
f 865 872 860
f 863 865 860
f 879 877 878
f 878 880 879
f 877 875 876
f 880 881 882
f 874 876 877
f 882 884 873
f 878 876 874
f 884 874 873
f 883 874 884
f 880 878 874
f 876 878 880
f 881 874 883
f 882 874 880
f 874 875 877
f 879 874 881
f 874 879 877
f 882 876 874
f 891 889 890
f 894 895 896
f 890 892 891
f 889 887 888
f 892 893 894
f 886 888 889
f 894 885 896
f 890 888 886
f 896 888 885
f 895 888 896
f 892 890 886
f 888 890 892
f 893 888 895
f 894 886 892
f 886 887 889
f 891 888 893
f 886 891 889
f 886 888 891
f 894 888 886
f 905 903 904
f 901 899 900
f 902 905 904
f 904 905 906
f 906 907 908
f 898 900 901
f 906 897 908
f 902 900 898
f 908 900 897
f 907 900 908
f 904 902 898
f 900 902 904
f 906 904 898
f 905 900 907
f 898 899 901
f 903 905 900
f 898 901 903
f 898 903 900
f 906 898 900
f 918 919 920
f 913 911 912
f 912 913 914
f 916 917 918
f 910 913 912
f 914 915 916
f 918 909 920
f 914 912 910
f 920 910 909
f 919 910 920
f 916 910 914
f 912 914 916
f 917 910 919
f 918 916 910
f 910 911 913
f 915 910 917
f 910 915 913
f 918 910 912
f 925 923 924
f 924 925 926
f 928 929 930
f 922 925 924
f 926 927 928
f 930 932 921
f 926 924 922
f 932 922 921
f 931 922 932
f 928 922 926
f 924 926 928
f 929 922 931
f 930 922 928
f 922 923 925
f 927 922 929
f 922 927 925
f 930 924 922
f 937 935 936
f 939 937 938
f 940 941 942
f 934 936 937
f 936 939 938
f 938 939 940
f 942 933 944
f 938 934 936
f 944 934 933
f 943 934 944
f 940 934 938
f 936 938 940
f 941 934 943
f 942 934 940
f 934 937 935
f 939 941 934
f 934 937 939
f 942 936 934
f 949 947 948
f 951 949 950
f 952 953 954
f 954 955 956
f 946 948 949
f 948 950 951
f 954 956 945
f 950 948 946
f 956 946 945
f 955 946 956
f 952 946 950
f 948 950 952
f 954 946 952
f 953 946 955
f 946 947 949
f 951 946 953
f 946 951 949
f 954 948 946
f 963 961 962
f 961 959 960
f 964 965 966
f 958 960 961
f 962 964 963
f 966 957 968
f 962 960 958
f 968 958 957
f 967 968 958
f 964 958 962
f 960 962 964
f 965 967 958
f 966 958 964
f 958 959 961
f 963 965 958
f 958 961 963
f 966 960 958
f 975 973 974
f 976 977 978
f 973 971 972
f 970 972 973
f 974 976 975
f 978 980 969
f 974 972 970
f 980 969 970
f 979 980 970
f 976 970 974
f 972 974 976
f 977 979 970
f 978 976 970
f 970 971 973
f 975 977 970
f 970 973 975
f 978 970 972
f 987 985 986
f 985 983 984
f 988 989 990
f 986 988 987
f 990 981 992
f 986 984 982
f 992 984 981
f 991 984 992
f 988 982 986
f 984 986 988
f 989 991 984
f 990 982 988
f 982 983 985
f 987 989 984
f 982 985 987
f 982 987 984
f 990 984 982
f 999 997 998
f 997 995 996
f 994 996 997
f 998 1000 999
f 1002 1004 993
f 998 996 994
f 1004 996 993
f 1003 996 1004
f 1000 994 998
f 996 998 1000
f 1002 1000 994
f 1001 996 1003
f 994 995 997
f 999 996 1001
f 994 999 997
f 994 996 999
f 1002 994 996
f 1013 1011 1012
f 1015 1013 1014
f 1011 1009 1010
f 1009 1007 1008
f 1014 1016 1015
f 1010 1012 1011
f 1014 1016 1005
f 1010 1008 1006
f 1016 1008 1005
f 1015 1016 1008
f 1012 1006 1010
f 1008 1010 1012
f 1014 1012 1006
f 1013 1015 1008
f 1006 1007 1009
f 1011 1013 1008
f 1006 1009 1011
f 1006 1011 1008
f 1014 1006 1008
f 1025 1023 1024
f 1027 1025 1026
f 1023 1021 1022
f 1026 1027 1028
f 1021 1019 1020
f 1024 1027 1026
f 1026 1028 1017
f 1022 1020 1018
f 1028 1020 1017
f 1024 1018 1022
f 1027 1028 1020
f 1020 1022 1024
f 1025 1027 1020
f 1026 1024 1018
f 1018 1019 1021
f 1018 1021 1023
f 1023 1025 1020
f 1018 1023 1020
f 1026 1018 1020
f 1033 1031 1032
f 1035 1033 1034
f 1037 1035 1036
f 1039 1037 1038
f 1036 1038 1039
f 1038 1029 1040
f 1034 1032 1030
f 1040 1030 1029
f 1036 1030 1034
f 1039 1030 1040
f 1032 1034 1036
f 1037 1030 1039
f 1038 1036 1030
f 1030 1033 1031
f 1035 1030 1037
f 1030 1035 1033
f 1038 1030 1032
f 1045 1043 1044
f 1047 1045 1046
f 1049 1047 1048
f 1051 1049 1050
f 1042 1044 1045
f 1044 1046 1047
f 1050 1052 1041
f 1046 1044 1042
f 1052 1042 1041
f 1048 1042 1046
f 1051 1042 1052
f 1044 1046 1048
f 1049 1042 1051
f 1050 1042 1048
f 1042 1043 1045
f 1042 1047 1045
f 1047 1042 1049
f 1050 1044 1042
f 1057 1055 1056
f 1059 1057 1058
f 1061 1059 1060
f 1063 1061 1062
f 1054 1056 1057
f 1056 1058 1059
f 1062 1053 1064
f 1058 1056 1054
f 1064 1054 1053
f 1060 1054 1058
f 1063 1054 1064
f 1056 1058 1060
f 1062 1060 1054
f 1054 1055 1057
f 1061 1054 1063
f 1054 1059 1057
f 1059 1054 1061
f 1062 1054 1056
f 1069 1067 1068
f 1071 1069 1070
f 1073 1071 1072
f 1075 1073 1074
f 1074 1065 1076
f 1070 1068 1066
f 1076 1066 1065
f 1072 1070 1066
f 1075 1076 1066
f 1068 1070 1072
f 1074 1066 1072
f 1073 1075 1066
f 1066 1067 1069
f 1066 1069 1071
f 1071 1073 1066
f 1074 1068 1066
f 1083 1081 1082
f 1085 1083 1084
f 1087 1085 1086
f 1084 1086 1087
f 1081 1079 1080
f 1078 1080 1081
f 1086 1077 1088
f 1082 1080 1078
f 1088 1078 1077
f 1084 1078 1082
f 1087 1078 1088
f 1080 1082 1084
f 1085 1078 1087
f 1086 1084 1078
f 1078 1079 1081
f 1078 1083 1081
f 1083 1078 1085
f 1086 1078 1080
f 1095 1093 1094
f 1101 614 1089
f 1093 1091 1092
f 1089 614 613
f 1098 1099 1100
f 1100 1101 613
f 1101 1089 613
f 1094 1098 1096
f 1098 1100 613
f 1100 1101 1092
f 1098 613 1101
f 1094 1090 1092
f 1099 1092 1100
f 1094 1098 1101
f 1094 1100 1101
f 1096 1094 1090
f 1097 1092 1099
f 1094 1099 1100
f 1092 1099 1094
f 1098 1090 1096
f 1092 1098 1099
f 1092 1090 1098
f 1090 1091 1093
f 1102 1092 1097
f 1092 1090 1093
f 1095 1092 1102
f 1092 1095 1093
f 1107 1105 1106
f 1109 1107 1108
f 1115 617 1103
f 1115 617 1106
f 1103 617 616
f 1112 1114 1113
f 1114 1115 1106
f 1115 1103 616
f 1108 1110 1112
f 1114 1115 616
f 1108 1114 1112
f 1108 1104 1106
f 1106 1114 1108
f 1113 1106 1114
f 1110 1108 1104
f 1111 1106 1113
f 1106 1112 1114
f 1112 1104 1110
f 1104 1105 1107
f 1106 1104 1112
f 1116 1106 1111
f 1106 1104 1107
f 1109 1106 1116
f 1106 1109 1107
f 1121 1119 1120
f 1123 1121 1122
f 1129 620 1117
f 1129 620 1120
f 1117 620 619
f 1126 1127 1128
f 1129 1117 619
f 1122 1124 1126
f 1128 1129 619
f 1122 1128 1126
f 1122 1120 1118
f 1128 1129 1120
f 1120 1128 1122
f 1127 1120 1128
f 1124 1122 1118
f 1125 1120 1127
f 1120 1126 1128
f 1126 1118 1124
f 1118 1119 1121
f 1120 1118 1126
f 1130 1120 1125
f 1120 1118 1121
f 1123 1120 1130
f 1120 1123 1121
f 1135 1133 1134
f 1137 1135 1136
f 1143 623 1131
f 1138 1139 1140
f 1131 623 622
f 1140 1141 1142
f 1142 1143 622
f 1143 1131 622
f 1136 1138 1140
f 1140 1142 1143
f 1136 1134 1132
f 1142 1134 1143
f 1141 1134 1142
f 1136 1142 1140
f 1138 1132 1136
f 1136 1141 1142
f 1136 1141 1140
f 1139 1134 1141
f 1134 1136 1140
f 1140 1132 1138
f 1132 1133 1135
f 1134 1140 1132
f 1144 1134 1139
f 1134 1132 1135
f 1137 1134 1144
f 1134 1137 1135
f 1149 1147 1148
f 1151 1149 1150
f 1152 1153 1154
f 1145 626 625
f 1154 1155 1156
f 1157 1145 625
f 1156 1146 1157
f 1156 1157 625
f 1150 1152 1154
f 1154 1156 625
f 1154 625 1157
f 1154 1157 1156
f 1150 1148 1146
f 1155 1156 1146
f 1150 1154 1156
f 1152 1150 1146
f 1150 1156 1155
f 1153 1155 1146
f 1150 1154 1155
f 1148 1150 1154
f 1153 1152 1146
f 1154 1146 1153
f 1148 1154 1146
f 1146 1147 1149
f 1158 1153 1146
f 1151 1158 1146
f 1146 1149 1151
f 1163 1161 1162
f 1165 1163 1164
f 1167 1169 1168
f 1160 1162 1163
f 1166 1167 1168
f 1159 629 628
f 1168 1169 1170
f 1170 1171 628
f 1171 1159 628
f 1164 1166 1168
f 1168 1170 1171
f 1164 1162 1160
f 1170 1171 1160
f 1169 1160 1170
f 1164 1168 1170
f 1166 1164 1160
f 1164 1170 1169
f 1167 1160 1169
f 1164 1168 1169
f 1162 1164 1168
f 1167 1166 1160
f 1160 1161 1163
f 1162 1167 1168
f 1162 1160 1167
f 1172 1167 1160
f 1165 1172 1160
f 1160 1163 1165
f 1177 1175 1176
f 1179 1177 1178
f 1174 1176 1177
f 1173 632 631
f 1184 1174 1185
f 1182 1184 1183
f 1184 1185 631
f 1185 1173 631
f 1178 1180 1182
f 1182 631 1184
f 1178 1176 1174
f 1183 1174 1184
f 1180 1174 1178
f 1181 1174 1183
f 1176 1178 1182
f 1182 1174 1180
f 1174 1175 1177
f 1176 1182 1174
f 1186 1174 1181
f 1179 1174 1186
f 1174 1179 1177
f 1191 1189 1190
f 1193 1191 1192
f 1194 1195 1196
f 1187 635 634
f 1196 1197 1198
f 1198 1199 634
f 1199 1187 634
f 1192 1194 1196
f 1196 1198 1199
f 1198 1188 1199
f 1192 1190 1188
f 1197 1198 1188
f 1192 1198 1196
f 1194 1188 1192
f 1195 1197 1188
f 1192 1197 1198
f 1192 1197 1196
f 1190 1192 1196
f 1196 1188 1194
f 1188 1189 1191
f 1190 1196 1188
f 1200 1195 1188
f 1193 1200 1188
f 1188 1191 1193
f 1207 1205 1206
f 1205 1203 1204
f 1202 1204 1205
f 1201 638 637
f 1210 1211 1212
f 1213 1201 637
f 1212 1213 637
f 1206 1208 1210
f 1210 1212 637
f 1210 637 1213
f 1212 1202 1213
f 1206 1204 1202
f 1211 1202 1212
f 1206 1210 1213
f 1206 1212 1213
f 1208 1206 1202
f 1209 1202 1211
f 1206 1211 1212
f 1206 1210 1211
f 1204 1210 1206
f 1210 1202 1208
f 1202 1203 1205
f 1204 1202 1210
f 1214 1202 1209
f 1207 1202 1214
f 1202 1207 1205
f 756 1218 755
f 755 1219 754
f 1217 1216 749
f 1218 1217 756
f 1219 755 1218
f 757 1218 756
f 759 751 760
f 759 1216 758
f 758 1217 749
f 755 753 754
f 757 755 756
f 755 752 753
f 759 758 749
f 757 752 755
f 758 759 760
f 759 749 757
f 759 752 757
f 756 759 757
f 755 759 756
f 760 1215 1216
f 754 759 755
f 754 752 759
f 760 1216 1217
f 745 752 754
f 753 752 745
f 760 1217 1218
f 744 753 752
f 752 1220 640
f 641 640 1220
f 760 1218 1219
f 760 1219 1221
f 760 1221 753
f 760 1222 753
f 641 1220 760
f 760 752 1222
f 765 767 763
f 1223 763 1224
f 763 767 1224
f 774 769 767
f 1225 774 1224
f 774 1224 1226
f 767 769 1226
f 767 1226 1224
f 1227 1226 1228
f 769 771 1226
f 1226 771 1228
f 772 773 771
f 1229 773 1228
f 773 644 1228
f 771 773 1228
f 644 1230 674
f 644 763 1230
f 644 1223 763
f 644 1224 1223
f 644 1225 1224
f 644 1226 1225
f 644 774 1226
f 644 1226 1227
f 644 1227 1228
f 644 1229 1228
f 644 773 1229
f 674 717 707
f 674 718 717
f 674 1231 718
f 674 1232 1231
f 1232 674 1230
f 718 1231 645
f 718 646 645
f 718 786 646
f 718 1233 786
f 718 1234 1233
f 718 1234 784
f 718 784 1235
f 718 1235 1236
f 718 1236 780
f 718 780 1237
f 718 1237 778
f 718 778 1238
f 718 776 1238
f 718 1231 776
f 647 787 646
f 786 1233 646
f 786 646 1234
f 1233 1234 646
f 784 1235 1234
f 1235 1234 782
f 780 1237 782
f 1235 782 1236
f 1236 782 1237
f 778 776 1237
f 1238 1237 776
f 1239 1241 1240
f 1249 1250 1240
f 1250 1261 1260
f 1262 1263 1260
f 1264 1265 1263
f 1246 1266 1265
f 751 741 760
f 1270 1273 1272
f 1273 1284 1283
f 1285 1286 1283
f 1286 1268 1287
f 1243 1288 1287
f 1231 1290 1289
f 1290 1232 1291
f 1267 1292 1291
f 1292 1242 1293
f 1249 861 860
f 741 1294 1293
f 1282 1203 1202
f 1295 1282 1296
f 1296 1258 1297
f 1274 1091 1090
f 741 1242 760
f 1267 1230 762
f 1231 1243 776
f 1268 1244 790
f 1269 1245 804
f 1270 1246 818
f 1264 1247 832
f 1271 1248 846
f 1249 1241 861
f 1281 1298 1297
f 1275 1252 1104
f 1276 1253 1118
f 1277 1254 1132
f 1278 1255 1146
f 1279 1256 1160
f 1280 1257 1174
f 1281 1258 1188
f 1282 1259 1203
f 1257 1299 1298
f 1274 1251 1091
f 1280 1300 1299
f 1242 1215 760
f 1230 763 762
f 1243 777 776
f 1244 791 790
f 1245 805 804
f 1246 819 818
f 1247 833 832
f 1248 847 846
f 1256 1302 1301
f 1252 1105 1104
f 1253 1119 1118
f 1254 1133 1132
f 1255 1147 1146
f 1256 1161 1160
f 1257 1175 1174
f 1258 1189 1188
f 1303 1304 1302
f 1278 1305 1304
f 1254 1307 1306
f 1277 1308 1307
f 1253 1310 1309
f 1311 1312 1310
f 1312 1314 1313
f 1251 1315 1313
f 1274 1316 1315
f 1269 1285 1245
f 1278 1303 1255
f 1276 1311 1253
f 1267 1232 1230
f 1264 1262 1247
f 1282 742 1259
f 1271 1262 1248
f 1275 1311 1252
f 1293 1242 741
f 1291 1317 1267
f 1289 1243 1231
f 1286 1244 1268
f 1283 1318 1285
f 1272 1246 1270
f 1263 1262 1264
f 1260 1319 1262
f 1240 1241 1249
f 1312 1320 1275
f 1310 1253 1311
f 1307 1254 1277
f 1304 1321 1278
f 1302 1256 1279
f 1299 1257 1280
f 1297 1322 1281
f 1295 742 1282
f 1323 1250 1249
f 1248 1250 1323
f 1324 1265 1264
f 1246 1265 1324
f 1325 1273 1270
f 1326 1273 1325
f 1245 1273 1326
f 1244 1286 1285
f 1327 1287 1268
f 1328 1287 1327
f 1243 1287 1328
f 1328 1243 1289
f 1232 1290 1231
f 1329 1292 1267
f 1330 1292 1329
f 1242 1292 1330
f 742 1295 741
f 1331 1296 1282
f 1332 1296 1331
f 1258 1296 1332
f 1333 1298 1281
f 1334 1298 1333
f 1257 1298 1334
f 1335 1301 1280
f 1336 1301 1335
f 1256 1301 1336
f 1303 1302 1279
f 1337 1306 1278
f 1338 1306 1337
f 1254 1306 1338
f 1339 1309 1277
f 1340 1309 1339
f 1253 1309 1340
f 1341 1313 1275
f 1342 1313 1341
f 1251 1313 1342
f 1274 1315 1251
f 1316 1274 1343
f 1275 1344 1311
f 1311 1344 1312
f 1278 1345 1303
f 1303 1345 1304
f 1281 1322 1258
f 1258 1322 1297
f 1293 1346 1295
f 1295 1294 741
f 1267 1317 1232
f 1232 1317 1291
f 1285 1318 1245
f 1245 1347 1283
f 1262 1319 1248
f 1248 1348 1260
f 1295 1349 1294
f 1294 1349 1293
f 1275 1320 1344
f 1344 1320 1312
f 1278 1350 1345
f 1345 1350 1304
f 1295 1351 1349
f 1349 1351 1293
f 1283 1352 1318
f 1318 1352 1245
f 1260 1348 1319
f 1319 1348 1248
f 1299 1353 1301
f 1301 1300 1280
f 1295 1354 1351
f 1351 1354 1293
f 1287 1355 1289
f 1289 1288 1243
f 1278 1321 1350
f 1350 1321 1304
f 1301 1356 1300
f 1300 1356 1299
f 1295 1357 1354
f 1354 1357 1293
f 1289 1358 1288
f 1288 1358 1287
f 1283 1347 1352
f 1352 1347 1245
f 1313 1359 1275
f 1275 1359 1312
f 1307 1360 1309
f 1309 1308 1277
f 1301 1361 1356
f 1356 1361 1299
f 1295 1362 1357
f 1357 1362 1293
f 1289 1363 1358
f 1358 1363 1287
f 1265 1364 1272
f 1272 1266 1246
f 1260 1365 1248
f 1248 1365 1250
f 1313 1314 1359
f 1359 1314 1312
f 1309 1360 1308
f 1308 1360 1307
f 1304 1305 1306
f 1306 1305 1278
f 1301 1353 1361
f 1361 1353 1299
f 1295 1346 1362
f 1362 1346 1293
f 1289 1355 1363
f 1363 1355 1287
f 1283 1284 1245
f 1245 1284 1273
f 1272 1364 1266
f 1266 1364 1265
f 1260 1261 1365
f 1365 1261 1250
f 1216 1215 1217
f 1366 1367 1215
f 1215 1367 1217
f 1368 1367 1369
f 1369 1218 1367
f 1217 1367 1218
f 1219 1221 1218
f 1369 1370 1218
f 1370 1219 1218
f 1219 1218 1371
f 1371 1218 1221
f 1222 753 1221
f 1372 1222 1221
f 1222 1221 641
f 1221 1222 752
f 641 1242 673
f 641 1366 1242
f 641 1367 1366
f 641 1368 1367
f 641 1369 1368
f 641 1370 1369
f 641 1371 1370
f 641 1371 1221
f 641 1221 1372
f 641 1222 1372
f 1242 705 673
f 673 706 705
f 673 716 706
f 673 1329 716
f 673 1330 1329
f 673 1242 1330
f 716 1329 642
f 642 1329 1267
f 716 643 642
f 716 772 643
f 716 1373 772
f 716 1374 1373
f 716 770 1374
f 716 1375 770
f 716 1376 1375
f 716 766 1376
f 716 1377 766
f 716 1377 764
f 716 764 1378
f 716 1378 1267
f 1267 1329 716
f 644 643 773
f 1373 773 772
f 772 773 1374
f 1374 773 1373
f 1373 1374 643
f 773 1373 643
f 1374 770 1373
f 770 768 1373
f 1374 1373 1375
f 1375 1373 768
f 766 1377 768
f 1375 1376 768
f 1376 1377 768
f 764 1377 762
f 1377 1378 762
f 1379 1380 777
f 777 781 779
f 777 1380 781
f 781 788 779
f 1381 788 1380
f 788 1380 1382
f 779 788 1382
f 779 1382 781
f 781 1380 1382
f 783 785 788
f 1383 1382 1384
f 788 785 1384
f 788 1384 1382
f 786 787 785
f 1385 647 1384
f 785 787 1384
f 1384 787 647
f 647 1243 675
f 647 1379 1243
f 647 1380 1379
f 647 1381 1380
f 647 788 1381
f 647 788 1382
f 647 1382 1383
f 647 1383 1384
f 1328 675 1243
f 675 719 709
f 675 720 719
f 675 1327 720
f 675 1328 1327
f 720 1327 648
f 648 1327 1268
f 720 649 648
f 720 800 649
f 720 1386 800
f 720 1387 1386
f 720 1387 798
f 720 798 1388
f 720 1388 1389
f 720 1389 794
f 720 794 1390
f 720 1390 792
f 720 792 1391
f 720 790 1391
f 720 1268 790
f 1268 720 1327
f 650 649 801
f 800 801 1386
f 800 801 1387
f 1386 649 800
f 1386 1387 649
f 801 649 1387
f 798 1387 796
f 1388 1387 1389
f 1389 1387 796
f 1389 796 794
f 794 1390 796
f 1389 796 1390
f 792 1391 1390
f 1391 790 1390
f 1392 791 1393
f 791 793 795
f 791 795 1393
f 795 793 802
f 1394 802 1393
f 802 1395 1393
f 795 802 1393
f 797 799 802
f 1396 1395 1397
f 802 799 1397
f 802 1397 1395
f 800 801 799
f 1398 801 1397
f 801 650 1397
f 799 801 1397
f 650 1244 676
f 650 791 1244
f 650 1392 791
f 650 1393 1392
f 650 1394 1393
f 650 802 1394
f 650 802 1395
f 650 1395 1396
f 650 1396 1397
f 650 1398 1397
f 650 801 1398
f 676 721 710
f 676 722 721
f 676 1285 722
f 676 1244 1285
f 722 1285 651
f 651 1285 1269
f 722 652 651
f 722 814 652
f 722 1399 814
f 722 1400 1399
f 722 812 1400
f 722 1401 812
f 722 1402 1401
f 722 808 1402
f 722 1403 808
f 722 1403 806
f 722 806 1404
f 722 1404 1269
f 1269 1285 722
f 653 652 815
f 814 1399 652
f 1399 652 813
f 813 1400 652
f 1400 1399 652
f 1400 813 1399
f 813 1399 812
f 812 1399 811
f 811 1399 810
f 1401 1402 1400
f 1402 810 1400
f 1399 1400 810
f 1402 808 810
f 808 1403 810
f 1402 810 1403
f 806 1403 1404
f 1404 804 1403
f 1405 805 1406
f 805 807 1406
f 809 816 807
f 1407 816 1406
f 816 1406 1408
f 807 816 1406
f 811 813 816
f 1408 1409 816
f 1409 1410 816
f 816 1410 813
f 814 813 815
f 1411 653 1410
f 813 1410 815
f 1410 653 815
f 653 1245 677
f 653 805 1245
f 653 1405 805
f 653 1406 1405
f 653 1407 1406
f 653 1408 1407
f 653 1409 1408
f 653 1410 1409
f 1326 1412 1245
f 1412 711 677
f 677 723 711
f 677 724 723
f 677 1325 724
f 677 1326 1325
f 1326 677 1245
f 724 1325 654
f 654 1325 1270
f 724 655 654
f 724 828 655
f 724 1413 828
f 724 1414 1413
f 724 826 1414
f 724 1415 826
f 724 1416 1415
f 724 822 1416
f 724 1417 822
f 724 1417 820
f 724 820 1418
f 724 1418 1270
f 1270 1325 724
f 656 655 829
f 828 829 827
f 827 829 1414
f 1414 829 1413
f 1413 655 828
f 829 655 1413
f 1414 827 1413
f 827 826 1413
f 826 825 1413
f 825 1413 824
f 1414 1415 1413
f 1415 1416 1413
f 1413 1416 824
f 822 1417 824
f 824 1416 1417
f 820 1417 818
f 1417 1418 818
f 1419 1420 819
f 819 1420 821
f 823 821 830
f 1421 830 1420
f 830 1420 1422
f 821 1420 830
f 825 830 827
f 1422 1423 830
f 1423 1424 830
f 830 1424 827
f 1425 829 1424
f 829 656 1424
f 827 1424 829
f 656 1246 678
f 656 1419 1246
f 656 1420 1419
f 656 1421 1420
f 656 1422 1421
f 656 1423 1422
f 656 1424 1423
f 656 1425 1424
f 656 829 1425
f 1324 1426 1246
f 678 725 713
f 678 726 725
f 678 727 726
f 678 1264 727
f 678 1324 1264
f 1324 678 1246
f 727 1264 657
f 727 658 657
f 727 842 658
f 727 1427 842
f 727 1428 1427
f 727 840 1428
f 727 1429 840
f 727 1430 1429
f 727 836 1430
f 727 1431 836
f 727 834 1431
f 727 1432 834
f 727 1264 1432
f 659 843 658
f 842 1427 658
f 1427 658 841
f 841 1428 658
f 1428 1427 658
f 1428 841 1427
f 841 840 1427
f 840 1429 1427
f 1429 838 1427
f 838 1430 1427
f 1429 1430 1428
f 1427 1428 1430
f 838 836 1430
f 836 1431 1430
f 834 832 1431
f 1431 832 1432
f 1433 833 1434
f 833 835 1434
f 837 844 835
f 1435 844 1434
f 844 1436 1434
f 835 844 1434
f 839 841 844
f 1436 844 1437
f 1437 844 1438
f 844 841 1438
f 842 843 841
f 1439 659 1438
f 841 843 1438
f 1438 843 659
f 659 1247 679
f 659 833 1247
f 659 1433 833
f 659 1434 1433
f 659 1435 1434
f 659 844 1435
f 659 844 1436
f 659 1436 1437
f 659 1437 1438
f 1262 714 679
f 1262 679 1247
f 679 728 714
f 679 729 728
f 679 730 729
f 679 1262 730
f 730 1440 660
f 1440 1262 1271
f 730 661 660
f 730 856 661
f 730 1441 856
f 730 1442 1441
f 730 854 1442
f 730 1443 854
f 730 1444 1443
f 730 850 1444
f 730 1445 850
f 730 848 1445
f 730 1446 848
f 730 846 1446
f 730 1271 1446
f 1271 730 1262
f 662 857 661
f 856 1441 661
f 1441 855 661
f 855 661 1442
f 1441 1442 661
f 854 1443 1442
f 1443 852 1442
f 852 1442 1444
f 1443 1444 1442
f 1444 850 1445
f 1446 846 1445
f 850 1445 846
f 1447 1448 847
f 847 1448 849
f 851 849 858
f 1449 858 1448
f 858 1450 1448
f 849 1448 858
f 853 858 855
f 1450 858 1451
f 1451 858 1452
f 858 855 1452
f 856 857 855
f 1453 662 1452
f 855 857 1452
f 1452 857 662
f 662 1248 680
f 662 1447 1248
f 662 1448 1447
f 662 1449 1448
f 662 858 1449
f 662 858 1450
f 662 1450 1451
f 662 1451 1452
f 680 731 681
f 680 732 731
f 680 608 732
f 680 1249 608
f 680 1323 1249
f 680 1248 1323
f 608 870 663
f 608 1456 870
f 608 1457 1456
f 608 868 1457
f 608 1458 868
f 608 1459 1458
f 608 864 1459
f 608 1460 864
f 608 862 1460
f 608 1461 862
f 608 1249 1461
f 664 663 871
f 870 1457 663
f 1456 663 1457
f 869 1457 868
f 868 866 1457
f 866 1459 1457
f 1458 1457 1459
f 866 864 1459
f 864 1459 1460
f 864 1460 862
f 862 1460 860
f 1460 1461 860
f 1462 1463 861
f 861 1463 863
f 865 863 872
f 1464 872 1463
f 872 1465 1463
f 863 1463 872
f 867 872 869
f 1465 872 1466
f 1466 872 1467
f 872 869 1467
f 870 871 869
f 1468 871 1467
f 871 664 1467
f 869 871 1467
f 664 1241 607
f 664 1462 1241
f 664 1463 1462
f 664 1464 1463
f 664 872 1464
f 664 872 1465
f 664 1465 1466
f 664 1466 1467
f 664 1468 1467
f 664 871 1468
f 1241 605 607
f 607 602 605
f 607 1469 602
f 607 1470 1469
f 1470 607 1241
f 1471 603 313
f 1471 313 584
f 396 1469 504
f 504 1469 1472
f 1471 584 1473
f 504 1472 1475
f 1476 504 1475
f 1476 508 504
f 1477 508 1476
f 1478 508 1477
f 1474 1479 1077
f 1077 1480 1473
f 1472 1481 873
f 873 1482 1475
f 1483 1484 885
f 885 1485 1486
f 1487 1488 897
f 897 1489 1490
f 1491 1492 909
f 909 1493 1494
f 1495 921 1496
f 921 1498 1497
f 1499 1500 933
f 933 1501 1502
f 1503 1504 945
f 945 1505 1506
f 1507 1508 957
f 957 1509 1510
f 1511 1512 969
f 969 1513 1514
f 1515 1516 981
f 981 1517 1518
f 1519 1520 993
f 993 1521 1522
f 1523 1524 1005
f 1005 1525 1526
f 1527 1528 1017
f 1017 1529 1530
f 1531 1532 1029
f 1029 1533 1534
f 1535 1536 1041
f 1041 1537 1538
f 1539 1540 1053
f 1053 1541 1542
f 1543 1544 1065
f 1065 1545 1546
f 1474 1077 1473
f 1472 873 1475
f 1483 885 1486
f 1487 897 1490
f 1491 909 1494
f 1495 1498 921
f 1499 933 1502
f 1503 945 1506
f 1507 957 1510
f 1511 969 1514
f 1515 981 1518
f 1519 993 1522
f 1523 1005 1526
f 1527 1017 1530
f 1531 1029 1534
f 1535 1041 1538
f 1539 1053 1542
f 1543 1065 1546
f 1473 584 1474
f 1543 1546 1547
f 518 1491 1494
f 526 1548 1495
f 535 1503 1506
f 537 1507 1549
f 554 1519 1550
f 556 1523 1526
f 565 1531 1551
f 573 1535 1538
f 1483 1486 1552
f 515 1487 1490
f 1499 1502 527
f 1511 1514 545
f 1515 1518 546
f 1527 1530 564
f 1539 1542 576
f 1543 1547 1553
f 1502 530 527
f 1483 510 508
f 1527 564 561
f 1547 583 581
f 1511 545 542
f 1518 549 546
f 1539 576 574
f 1490 517 515
f 1555 576 1542
f 1495 522 526
f 1534 569 565
f 1506 536 535
f 1523 556 555
f 1556 573 1538
f 1556 574 573
f 1554 510 1557
f 1522 555 554
f 1558 518 522
f 1571 1558 522
f 1567 561 556
f 1578 561 1567
f 1567 556 1578
f 1581 535 530
f 1575 546 1584
f 1483 508 1478
f 1557 510 1486
f 1554 515 510
f 1570 515 1554
f 1487 515 1570
f 1560 517 1490
f 1585 517 1560
f 1576 517 1585
f 1576 518 517
f 1491 518 1576
f 1558 518 1494
f 1577 1571 522
f 1495 1577 522
f 1561 1498 526
f 1572 1561 526
f 1572 526 527
f 1579 1572 527
f 1499 1579 527
f 1562 530 1502
f 1573 530 1562
f 1581 530 1573
f 1586 535 1581
f 1503 535 1586
f 1563 536 1506
f 1583 536 1563
f 1587 536 1583
f 1587 537 536
f 1507 537 1587
f 1559 537 1510
f 1559 542 537
f 1574 542 1559
f 1588 542 1574
f 1589 542 1588
f 1511 542 1589
f 1564 545 1514
f 1575 545 1564
f 1590 546 1575
f 1591 546 1590
f 1515 546 1591
f 1565 549 1518
f 1582 549 1565
f 1592 549 1582
f 1592 554 549
f 1519 554 1592
f 1566 555 1522
f 1580 555 1566
f 1593 555 1580
f 1523 555 1593
f 1567 556 1526
f 1594 561 1578
f 1595 561 1594
f 1527 561 1595
f 1568 564 1530
f 1596 564 1568
f 1596 565 564
f 1597 565 1596
f 1598 565 1597
f 1531 565 1598
f 1569 569 1534
f 1599 569 1569
f 1600 569 1599
f 1601 569 1600
f 1601 573 569
f 1535 573 1601
f 1602 574 1556
f 1603 574 1602
f 1539 574 1603
f 1604 576 1555
f 1604 581 576
f 1605 581 1604
f 1543 581 1605
f 1606 583 1547
f 1607 583 1606
f 1607 584 583
f 1474 584 1607
f 1547 581 1553
f 581 1543 1553
f 1531 1534 1551
f 1534 565 1551
f 1519 1522 1550
f 1522 554 1550
f 546 545 1584
f 545 1575 1584
f 1507 1510 1549
f 1510 537 1549
f 1495 1548 1498
f 1498 1548 526
f 1486 510 1552
f 510 1483 1552
f 603 1274 604
f 603 1343 1274
f 603 1471 1343
f 604 1608 606
f 604 613 606
f 604 1100 613
f 604 1609 1100
f 604 1610 1609
f 604 1098 1610
f 604 1611 1098
f 604 1612 1611
f 604 1612 1094
f 604 1094 1613
f 604 1613 1092
f 604 1092 1614
f 604 1090 1614
f 604 1274 1090
f 614 613 1101
f 1100 1101 1609
f 1100 1609 613
f 1609 1610 613
f 1101 613 1609
f 1100 1609 1099
f 1099 1609 1098
f 1098 1609 1096
f 1610 1611 1609
f 1611 1096 1609
f 1611 1612 1096
f 1612 1096 1094
f 1094 1613 1096
f 1614 1613 1090
f 1094 1090 1613
f 1316 1343 1615
f 1343 1616 1615
f 1616 1636 1635
f 1343 1637 1635
f 1638 1343 1639
f 1343 1640 1639
f 1641 1643 1642
f 1343 1661 1642
f 1661 1663 1662
f 1343 1664 1662
f 1664 1666 1665
f 1343 1667 1665
f 1667 1343 1668
f 1343 1669 1668
f 1670 1343 1671
f 1343 1672 1671
f 1644 887 886
f 1645 899 898
f 1646 911 910
f 1647 923 922
f 1648 934 935
f 1649 947 946
f 1650 959 958
f 1651 971 970
f 1652 983 982
f 1653 995 994
f 1654 1007 1006
f 1655 1019 1018
f 1656 1030 1031
f 1657 1043 1042
f 1658 1055 1054
f 1659 1067 1066
f 1660 1079 1078
f 1672 1343 1673
f 1343 1674 1673
f 1674 1343 1675
f 1617 875 874
f 1644 1618 887
f 1645 1619 899
f 1646 1620 911
f 1647 1621 923
f 1648 935 1622
f 1649 1623 947
f 1650 1624 959
f 1651 1625 971
f 1652 1626 983
f 1653 1627 995
f 1654 1628 1007
f 1655 1629 1019
f 1656 1031 1630
f 1657 1631 1043
f 1658 1632 1055
f 1659 1633 1067
f 1660 1634 1079
f 1343 1676 1675
f 1470 1617 874
f 1676 1343 1677
f 1343 1678 1677
f 1678 1343 1679
f 1343 1680 1679
f 1680 1343 1681
f 1343 1682 1681
f 1682 1343 1683
f 1343 1684 1683
f 1684 1343 1685
f 1343 1686 1685
f 1686 1343 1239
f 1660 1343 1634
f 1239 1617 1470
f 1239 1343 1660
f 1239 1687 1617
f 1239 1688 1687
f 1239 1689 1688
f 1239 1690 1618
f 1239 1691 1690
f 1239 1692 1691
f 1239 1693 1619
f 1239 1694 1693
f 1239 1695 1694
f 1239 1696 1620
f 1239 1696 1697
f 1697 1698 1699
f 1239 1621 1700
f 1239 1700 1701
f 1239 1701 1702
f 1239 1622 1703
f 1239 1704 1703
f 1704 1706 1705
f 1239 1707 1623
f 1239 1708 1707
f 1239 1709 1708
f 1239 1710 1624
f 1239 1711 1710
f 1712 1711 1742
f 1742 1711 1713
f 1239 1714 1625
f 1239 1715 1714
f 1239 1716 1715
f 1239 1717 1626
f 1239 1718 1717
f 1239 1719 1718
f 1239 1720 1627
f 1239 1721 1720
f 1239 1628 1721
f 1239 1722 1628
f 1239 1723 1722
f 1723 1725 1724
f 1239 1726 1629
f 1239 1727 1726
f 1239 1630 1727
f 1239 1728 1630
f 1239 1729 1728
f 1239 1631 1729
f 1239 1730 1631
f 1239 1731 1730
f 1239 1632 1731
f 1239 1732 1632
f 1239 1733 1732
f 1239 1633 1733
f 1239 1734 1633
f 1239 1735 1734
f 1239 1660 1735
f 1688 1689 1618
f 1618 1689 1239
f 1694 1695 1620
f 1620 1695 1239
f 1701 1622 1702
f 1622 1239 1702
f 1697 1621 1698
f 1621 1239 1699
f 1704 1705 1623
f 1623 1736 1239
f 1711 1712 1625
f 1625 1713 1239
f 1718 1719 1627
f 1627 1719 1239
f 1723 1724 1629
f 1629 1737 1239
f 1691 1692 1619
f 1619 1692 1239
f 1708 1709 1624
f 1624 1709 1239
f 1723 1738 1725
f 1629 1724 1725
f 1642 1739 1343
f 1343 1739 1641
f 1704 1736 1706
f 1623 1705 1706
f 1715 1716 1626
f 1626 1716 1239
f 1629 1725 1738
f 1723 1740 1738
f 1697 1699 1239
f 1621 1699 1698
f 1711 1239 1713
f 1713 1625 1742
f 1742 1625 1712
f 1629 1738 1740
f 1723 1741 1740
f 1623 1706 1736
f 1704 1239 1736
f 1629 1740 1741
f 1723 1737 1741
f 1668 1669 1670
f 1670 1669 1343
f 1665 1666 1343
f 1343 1666 1664
f 1642 1643 1739
f 1739 1643 1641
f 1635 1637 1638
f 1638 1637 1343
f 1629 1741 1737
f 1723 1239 1737
f 1662 1663 1343
f 1343 1663 1661
f 1639 1640 1641
f 1641 1640 1343
f 1635 1636 1343
f 1343 1636 1616
f 497 496 1685
f 497 1685 1686
f 496 494 1684
f 496 1684 1685
f 494 489 1683
f 494 1683 1684
f 489 487 1682
f 489 1682 1683
f 487 486 1681
f 487 1681 1682
f 486 1743 1680
f 486 1680 1681
f 1743 479 1679
f 1743 1679 1680
f 479 478 1678
f 479 1678 1679
f 478 475 1677
f 478 1677 1678
f 475 470 1676
f 475 1676 1677
f 470 469 1675
f 470 1675 1676
f 469 468 1674
f 469 1674 1675
f 468 463 1673
f 468 1673 1674
f 463 460 1672
f 463 1672 1673
f 460 459 1671
f 460 1671 1672
f 459 456 1670
f 459 1670 1671
f 456 451 1668
f 456 1668 1670
f 451 450 1667
f 451 1667 1668
f 450 449 1665
f 450 1665 1667
f 449 444 1664
f 449 1664 1665
f 444 441 1662
f 444 1662 1664
f 441 440 1661
f 441 1661 1662
f 440 437 1642
f 440 1642 1661
f 437 433 1641
f 437 1641 1642
f 433 432 1639
f 433 1639 1641
f 432 430 1638
f 432 1638 1639
f 430 425 1635
f 430 1635 1638
f 425 423 1616
f 425 1616 1635
f 423 422 1615
f 423 1615 1616
f 422 421 1316
f 422 1316 1615
f 421 1744 1315
f 421 1315 1316
f 1744 1745 1313
f 1744 1313 1315
f 1745 1746 1312
f 1745 1312 1313
f 1746 1747 1310
f 1746 1310 1312
f 1747 1748 1309
f 1747 1309 1310
f 1748 1749 1307
f 1748 1307 1309
f 1749 1750 1306
f 1749 1306 1307
f 1750 1751 1304
f 1750 1304 1306
f 1751 1752 1302
f 1751 1302 1304
f 1752 1753 1301
f 1752 1301 1302
f 1753 1754 1299
f 1753 1299 1301
f 1754 1755 1298
f 1754 1298 1299
f 1755 1756 1297
f 1755 1297 1298
f 1756 1757 1296
f 1756 1296 1297
f 1757 1758 1295
f 1757 1295 1296
f 1758 1759 1293
f 1758 1293 1295
f 1759 1760 1292
f 1759 1292 1293
f 1760 1761 1291
f 1760 1291 1292
f 1761 1762 1290
f 1761 1290 1291
f 1762 1763 1289
f 1762 1289 1290
f 1763 1764 1287
f 1763 1287 1289
f 1764 1765 1286
f 1764 1286 1287
f 1765 1766 1283
f 1765 1283 1286
f 1766 1767 1273
f 1766 1273 1283
f 1767 1768 1272
f 1767 1272 1273
f 1768 1769 1265
f 1768 1265 1272
f 1769 1770 1263
f 1769 1263 1265
f 1770 1771 1260
f 1770 1260 1263
f 1771 1772 1250
f 1771 1250 1260
f 1772 1773 1240
f 1772 1240 1250
f 1773 501 1239
f 1773 1239 1240
f 501 497 1686
f 501 1686 1239
f 1773 500 501
f 1773 1801 500
f 1773 1802 1801
f 1773 1803 1802
f 1773 1772 1803
f 1772 1804 1803
f 1772 1771 1804
f 1771 1805 1804
f 1771 1806 1805
f 1771 1807 1806
f 1771 1808 1807
f 1771 1770 1808
f 1770 1809 1808
f 1770 1769 1809
f 1769 1768 1809
f 1768 1810 1809
f 1768 1811 1810
f 1768 1812 1811
f 1768 1767 1812
f 1767 1813 1812
f 1767 1814 1813
f 1767 1815 1814
f 1767 1766 1815
f 1766 1765 1815
f 1765 1816 1815
f 1765 1817 1816
f 1765 1764 1817
f 1764 1818 1817
f 1764 1819 1818
f 1764 1820 1819
f 1764 1821 1820
f 1764 1763 1821
f 1763 1762 1821
f 1762 1761 1821
f 1761 1822 1821
f 1761 1823 1822
f 1761 1824 1823
f 1761 1825 1824
f 1761 1760 1825
f 1760 1826 1825
f 1760 295 1826
f 1760 1759 295
f 1759 1758 295
f 1758 1827 295
f 1758 1828 1827
f 1758 1757 1828
f 1757 1829 1828
f 1757 1830 1829
f 1757 1831 1830
f 1757 294 1831
f 1757 1756 294
f 1756 1755 294
f 1755 1754 294
f 1754 1832 294
f 1754 1833 1832
f 1754 1834 1833
f 1754 1835 1834
f 1754 1753 1835
f 1753 1836 1835
f 1753 293 1836
f 1753 1752 293
f 1752 1751 293
f 1751 1837 293
f 1751 1838 1837
f 1751 1839 1838
f 1751 1750 1839
f 1750 1840 1839
f 1750 1841 1840
f 1750 290 1841
f 1750 1749 290
f 1749 1748 290
f 1748 312 290
f 1748 1747 312
f 1747 1842 312
f 1747 1843 1842
f 1747 1844 1843
f 1747 1845 1844
f 1747 1746 1845
f 1746 1846 1845
f 1746 1745 1846
f 1745 1744 1846
f 1744 418 1846
f 1744 417 418
f 1744 416 417
f 1744 415 416
f 1744 421 415
f 1846 288 309
f 1846 287 288
f 1846 286 287
f 1846 285 286
f 1846 284 285
f 1846 283 284
f 1846 282 283
f 1846 281 282
f 1846 418 281
f 290 15 16
f 290 14 15
f 290 13 14
f 290 12 13
f 290 11 12
f 290 10 11
f 290 9 10
f 290 312 9
f 293 31 32
f 293 30 31
f 293 29 30
f 293 28 29
f 293 27 28
f 293 26 27
f 293 25 26
f 293 1837 25
f 294 47 48
f 294 46 47
f 294 45 46
f 294 44 45
f 294 43 44
f 294 42 43
f 294 41 42
f 294 1832 41
f 295 63 64
f 295 62 63
f 295 61 62
f 295 60 61
f 295 59 60
f 295 58 59
f 295 57 58
f 295 1827 57
f 1821 80 296
f 1821 79 80
f 1821 78 79
f 1821 77 78
f 1821 76 77
f 1821 75 76
f 1821 74 75
f 1821 73 74
f 1821 1822 73
f 297 1815 96
f 1815 95 96
f 1815 94 95
f 1815 93 94
f 1815 92 93
f 1815 91 92
f 1815 90 91
f 1815 89 90
f 1815 1816 89
f 1809 112 298
f 1809 111 112
f 1809 110 111
f 1809 109 110
f 1809 108 109
f 1809 107 108
f 1809 106 107
f 1809 105 106
f 1809 1810 105
f 1803 128 299
f 1803 127 128
f 1803 126 127
f 1803 125 126
f 1803 124 125
f 1803 123 124
f 1803 122 123
f 1803 121 122
f 1803 1804 121
f 500 1801 1802
f 500 1802 499
f 499 1802 1803
f 499 1803 498
f 498 1803 393
f 498 393 507
f 507 393 506
f 506 393 394
f 506 394 505
f 505 394 395
f 507 129 137
f 507 137 498
f 1803 299 120
f 1803 120 398
f 1803 398 393
f 390 113 121
f 390 121 1804
f 1806 1807 1808
f 1806 1808 1805
f 1805 1808 1804
f 1804 1808 1809
f 1804 1809 383
f 1804 383 390
f 390 383 388
f 388 383 385
f 388 385 387
f 387 385 386
f 1809 298 104
f 1809 104 400
f 1809 400 383
f 380 97 105
f 380 105 1810
f 1812 1813 1814
f 1812 1814 1811
f 1811 1814 1815
f 1811 1815 1810
f 1810 1815 374
f 1810 374 380
f 380 374 379
f 379 374 375
f 379 375 378
f 378 375 376
f 1815 96 88
f 1815 88 402
f 1815 402 374
f 371 81 89
f 371 89 1816
f 1818 1819 1820
f 1818 1820 1817
f 1817 1820 1821
f 1817 1821 1816
f 1816 1821 365
f 1816 365 371
f 371 365 370
f 370 365 366
f 370 366 367
f 370 367 368
f 1821 296 72
f 1821 72 404
f 1821 404 365
f 361 65 73
f 361 73 1822
f 1824 1825 1826
f 1824 1826 1823
f 1823 1826 295
f 1823 295 1822
f 1822 295 355
f 1822 355 361
f 361 355 360
f 360 355 356
f 360 356 359
f 359 356 358
f 295 64 56
f 295 56 406
f 295 406 355
f 352 49 57
f 352 57 1827
f 1829 1830 1831
f 1829 1831 1828
f 1828 1831 294
f 1828 294 1827
f 1827 294 346
f 1827 346 352
f 352 346 351
f 351 346 347
f 351 347 349
f 349 347 348
f 294 48 40
f 294 40 408
f 294 408 346
f 342 33 41
f 342 41 1832
f 1834 1835 1836
f 1834 1836 1833
f 1833 1836 1832
f 1832 1836 293
f 1832 293 336
f 1832 336 342
f 342 336 341
f 341 336 337
f 341 337 340
f 340 337 339
f 293 32 24
f 293 24 410
f 293 410 336
f 333 17 25
f 333 25 1837
f 1839 1840 1841
f 1839 1841 1838
f 1838 1841 1837
f 1837 1841 290
f 1837 290 291
f 1837 291 333
f 333 291 328
f 333 328 332
f 332 328 331
f 331 328 329
f 1843 1844 1845
f 1843 1845 1842
f 1842 1845 1846
f 1842 1846 312
f 312 1846 319
f 312 319 311
f 311 319 324
f 324 319 321
f 324 321 323
f 323 321 322
f 1846 309 280
f 1846 280 412
f 1846 412 319
f 317 273 281
f 317 281 418
f 1472 1872 1481
f 1472 1873 1872
f 1472 1874 1873
f 1472 882 1874
f 1472 1874 1875
f 1472 1875 880
f 1472 880 1876
f 1472 1876 878
f 1472 878 1877
f 1472 1877 876
f 1472 876 1878
f 1472 874 1878
f 1472 1470 874
f 874 1877 1878
f 874 878 1878
f 874 878 1877
f 1873 882 1874
f 873 1481 1872
f 880 1876 1875
f 1873 884 873
f 873 1873 1872
f 874 1876 1877
f 1875 1874 882
f 880 1875 882
f 882 1872 1873
f 882 884 1874
f 884 1873 1874
f 878 1876 1877
f 876 1876 1877
f 882 873 1873
f 873 1872 884
f 1872 882 884
f 1872 884 1873
f 884 882 1873
f 874 876 1878
f 876 878 1877
f 876 1877 1878
f 1876 1878 1877
f 877 875 879
f 1879 1880 875
f 875 1880 877
f 879 881 877
f 1881 1880 1882
f 877 881 1882
f 877 1882 1880
f 883 884 881
f 884 881 1883
f 1884 1883 1882
f 881 1882 1883
f 1885 1482 1883
f 1883 1482 873
f 1482 1617 1475
f 1482 1879 1617
f 1482 1880 1879
f 1482 1881 1880
f 1482 1882 1881
f 1482 1884 1882
f 1482 1883 1884
f 1687 1476 1475
f 1687 1475 1617
f 1475 1477 1476
f 1475 1478 1477
f 1475 1483 1478
f 1475 1688 1483
f 1475 1687 1688
f 1483 1688 1644
f 1483 1886 1484
f 1483 1887 1886
f 1483 1888 1887
f 1483 894 1888
f 1483 1888 1889
f 1483 1889 892
f 1483 892 1890
f 1483 1890 1891
f 1483 1891 888
f 1483 888 1892
f 1483 886 1892
f 1483 1644 886
f 890 886 1891
f 896 1886 1887
f 885 1484 1886
f 894 892 1889
f 1890 886 1891
f 886 1891 1892
f 1890 890 892
f 892 1889 1890
f 894 1889 1888
f 896 1888 894
f 1888 896 1887
f 888 1890 1891
f 886 1891 888
f 1890 1891 890
f 888 890 1891
f 889 891 887
f 1893 887 1894
f 887 891 1894
f 1895 1894 1896
f 891 893 1896
f 891 1896 1894
f 895 896 893
f 896 1897 893
f 1898 1897 1896
f 893 1897 1896
f 1899 1485 1897
f 1897 1485 885
f 1485 1618 1486
f 1485 887 1618
f 1485 1893 887
f 1485 1894 1893
f 1485 1895 1894
f 1485 1896 1895
f 1485 1898 1896
f 1485 1897 1898
f 1690 1557 1486
f 1690 1486 1618
f 1486 1554 1557
f 1486 1570 1554
f 1486 1487 1570
f 1486 1691 1487
f 1486 1690 1691
f 1487 1691 1645
f 1487 1900 1488
f 1487 1901 1900
f 1487 1902 1901
f 1487 906 1902
f 1487 1902 1903
f 1487 1903 904
f 1487 904 1904
f 1487 1904 1905
f 1487 1905 900
f 1487 900 1906
f 1487 898 1906
f 1487 1645 898
f 1901 1902 1903
f 906 1902 1901
f 1905 902 1904
f 900 1906 898
f 1904 904 1905
f 902 1905 1906
f 906 1902 1903
f 1906 900 1905
f 1903 904 1904
f 908 1900 897
f 906 1903 904
f 900 902 1904
f 1488 1900 1901
f 1901 1903 1904
f 1904 1905 1906
f 900 904 1904
f 1488 1901 1904
f 1904 1906 898
f 1488 1904 898
f 898 900 904
f 898 1900 904
f 1902 1903 904
f 898 904 1904
f 898 1904 902
f 898 1900 897
f 1488 1900 898
f 897 1488 1900
f 1900 900 898
f 1900 906 904
f 1900 897 906
f 897 1901 1900
f 1906 1900 897
f 897 900 1901
f 902 1906 898
f 1901 898 906
f 1900 898 1901
f 1907 1908 899
f 899 1908 901
f 903 901 905
f 1909 1908 1910
f 901 1908 905
f 1908 905 1910
f 907 908 905
f 908 1911 905
f 1912 907 1910
f 1912 1910 1911
f 905 1911 1910
f 1913 1489 1911
f 1911 1489 897
f 1489 1619 1490
f 1489 1907 1619
f 1489 1908 1907
f 1489 1909 1908
f 1489 1910 1909
f 1489 1912 1910
f 1489 907 1912
f 1489 1912 1911
f 1693 1490 1619
f 1490 1585 1560
f 1490 1576 1585
f 1490 1694 1576
f 1490 1693 1694
f 1576 1491 1694
f 1491 1646 1694
f 1576 1492 1491
f 1576 1914 1492
f 1576 1915 1914
f 1576 1916 1915
f 1576 1917 1916
f 1576 916 1917
f 1576 1918 916
f 1576 914 1918
f 1576 1919 914
f 1576 1919 912
f 1576 912 1920
f 1576 910 1920
f 1576 1646 910
f 1646 1576 1694
f 912 910 1920
f 914 1919 912
f 916 1917 1918
f 1920 912 1919
f 920 1914 909
f 1492 1914 1915
f 1915 1916 1917
f 1915 1916 918
f 918 916 1917
f 1918 1919 914
f 1916 1917 916
f 912 914 1918
f 1915 920 909
f 1915 1917 1918
f 1918 1919 1920
f 912 916 1918
f 1492 1915 1918
f 1918 1920 910
f 910 912 916
f 1492 1918 910
f 910 916 1914
f 910 1914 1915
f 910 916 1918
f 1919 1920 910
f 1918 1919 910
f 1917 1918 910
f 910 1914 1492
f 1916 1917 910
f 1915 1916 910
f 909 1492 910
f 918 1916 916
f 916 1918 914
f 912 1919 910
f 1914 1917 916
f 1914 918 1917
f 1914 909 918
f 1920 1914 909
f 909 910 1915
f 1921 911 1922
f 911 913 1922
f 915 917 913
f 1923 1922 1924
f 913 917 1922
f 1922 917 1924
f 919 920 917
f 920 1925 917
f 1926 1925 1924
f 917 1925 1924
f 1927 1493 1925
f 1925 1493 909
f 1493 1620 1494
f 1493 911 1620
f 1493 1921 911
f 1493 1922 1921
f 1493 1923 1922
f 1493 1924 1923
f 1493 1926 1924
f 1493 1925 1926
f 1696 1558 1620
f 1620 1558 1494
f 1494 1558 1571
f 1494 1571 1577
f 1494 1577 1697
f 1494 1697 1696
f 1696 1620 1494
f 1577 1495 1697
f 1495 1647 1697
f 1577 1495 1496
f 1577 1496 1928
f 1577 1928 1929
f 1577 1929 1930
f 1577 930 1930
f 1577 1930 1931
f 1577 1931 928
f 1577 928 1932
f 1577 1932 926
f 1577 926 1933
f 1577 1933 924
f 1577 924 1934
f 1577 922 1934
f 1577 1647 922
f 1647 1577 1697
f 922 1933 1934
f 922 1933 926
f 928 1932 1931
f 1933 922 924
f 1931 1930 930
f 1932 1933 926
f 921 1929 1928
f 930 1930 932
f 932 1930 1929
f 1929 930 1930
f 926 1933 924
f 922 924 1934
f 924 1934 1933
f 921 1928 1496
f 932 1929 921
f 1935 923 1936
f 923 925 1936
f 927 929 925
f 1937 1936 1938
f 1938 1936 929
f 925 929 1936
f 931 932 929
f 932 1939 929
f 1938 929 1940
f 1940 929 1939
f 1941 1497 1939
f 1939 921 1497
f 1497 1498 1621
f 1497 1621 1935
f 1497 1935 1936
f 1497 1936 1937
f 1497 1937 1938
f 1497 1938 1940
f 1497 1940 1939
f 1700 1942 1621
f 1942 1561 1498
f 1498 1561 1572
f 1498 1572 1579
f 1498 1579 1499
f 1498 1499 1701
f 1498 1701 1700
f 1700 1621 1498
f 1499 1648 1701
f 1499 1943 1500
f 1499 1944 1943
f 1499 1945 1944
f 1499 942 1945
f 1499 1945 1946
f 1499 1946 940
f 1499 940 1947
f 1499 1947 938
f 1499 938 1948
f 1499 1948 936
f 1499 936 1949
f 1499 1949 934
f 1499 934 1648
f 933 1500 1943
f 1948 934 1947
f 1947 940 1946
f 934 1949 1948
f 944 1945 942
f 944 1944 1945
f 936 1947 938
f 938 1947 1948
f 1944 944 1943
f 1946 1945 942
f 1947 936 1948
f 938 1948 936
f 934 936 1948
f 937 935 939
f 1950 1951 935
f 935 1951 937
f 939 937 941
f 1952 1951 1953
f 1953 1951 941
f 937 1951 941
f 943 944 941
f 944 941 1954
f 1953 1955 941
f 1955 1954 941
f 1956 1501 1954
f 1954 1501 933
f 1501 1622 1502
f 1501 1950 1622
f 1501 1951 1950
f 1501 1952 1951
f 1501 1953 1952
f 1501 1955 1953
f 1501 1954 1955
f 1703 1957 1622
f 1957 1562 1502
f 1502 1573 1562
f 1502 1581 1573
f 1502 1586 1581
f 1502 1503 1586
f 1502 1704 1503
f 1502 1703 1704
f 1703 1502 1622
f 1503 1704 1649
f 1503 1958 1504
f 1503 1959 1958
f 1503 1960 1959
f 1503 954 1960
f 1503 1960 1961
f 1503 1961 952
f 1503 952 1962
f 1503 1962 950
f 1503 950 1963
f 1503 1963 948
f 1503 948 1964
f 1503 946 1964
f 1503 1649 946
f 1962 1961 954
f 1958 956 945
f 1504 1958 945
f 1960 956 1959
f 1963 946 1962
f 952 1962 954
f 946 1963 1964
f 956 1958 1959
f 954 1961 1960
f 952 1962 950
f 948 1962 1963
f 946 1963 948
f 1960 954 956
f 1962 948 950
f 1962 1963 950
f 1965 947 1966
f 947 949 1966
f 951 953 949
f 1967 1966 1968
f 1968 1966 953
f 949 953 1966
f 955 956 953
f 956 1969 953
f 1968 953 1970
f 1970 953 1969
f 1971 1505 1969
f 1969 1505 945
f 1505 1623 1506
f 1505 947 1623
f 1505 1965 947
f 1505 1966 1965
f 1505 1967 1966
f 1505 1968 1967
f 1505 1970 1968
f 1505 1969 1970
f 1707 1506 1623
f 1707 1563 1506
f 1506 1583 1563
f 1506 1587 1583
f 1506 1708 1587
f 1506 1707 1708
f 1587 1972 1507
f 1972 1650 1708
f 1587 1508 1507
f 1587 1973 1508
f 1587 1974 1973
f 1587 1975 1974
f 1587 966 1975
f 1587 1975 1976
f 1587 1976 964
f 1587 964 1977
f 1587 1977 962
f 1587 962 1978
f 1587 1978 960
f 1587 960 1979
f 1587 958 1979
f 1587 1650 958
f 1650 1587 1708
f 958 1978 1979
f 1978 962 964
f 1973 966 968
f 1977 1978 962
f 1973 1974 966
f 1977 964 962
f 1976 1975 966
f 966 1974 1975
f 968 1973 1974
f 958 962 1979
f 958 1979 960
f 960 962 1978
f 957 1508 1973
f 968 957 1973
f 1979 960 962
f 1979 1978 960
f 961 959 963
f 1980 1981 959
f 959 1981 961
f 963 961 965
f 1982 1981 1983
f 1983 1981 965
f 961 1981 965
f 967 968 965
f 968 965 1984
f 1983 1985 965
f 1985 1984 965
f 1986 1509 1984
f 1984 1509 957
f 1509 1624 1510
f 1509 1980 1624
f 1509 1981 1980
f 1509 1982 1981
f 1509 1983 1982
f 1509 1985 1983
f 1509 1984 1985
f 1710 1987 1624
f 1987 1559 1510
f 1510 1574 1559
f 1510 1588 1574
f 1510 1589 1588
f 1510 1651 1589
f 1510 1711 1651
f 1510 1710 1711
f 1710 1510 1624
f 1589 1988 1511
f 1589 1512 1511
f 1589 1989 1512
f 1589 1990 1989
f 1589 1991 1990
f 1589 1992 1991
f 1589 976 1992
f 1589 1993 976
f 1589 1993 974
f 1589 974 1994
f 1589 1994 972
f 1589 972 1995
f 1589 970 1995
f 1589 1651 970
f 974 1994 972
f 976 1993 1992
f 1990 1991 1992
f 1993 1994 974
f 1991 978 976
f 1512 1989 1990
f 1990 1992 1993
f 1993 1995 1994
f 1512 1990 1993
f 1993 970 1995
f 970 972 976
f 1512 1993 970
f 970 969 972
f 969 1989 980
f 980 1990 1991
f 1994 972 970
f 980 978 1990
f 1993 970 1994
f 1992 1993 970
f 970 1989 1512
f 1991 1992 970
f 1990 1991 970
f 1989 1990 970
f 970 1989 969
f 1989 978 970
f 980 970 976
f 969 1512 970
f 980 976 978
f 969 980 972
f 973 971 975
f 1996 1997 971
f 971 1997 973
f 975 973 977
f 1998 1997 1999
f 1999 1997 977
f 973 1997 977
f 979 980 977
f 980 977 2000
f 1999 2001 977
f 2001 2000 977
f 2002 1513 2000
f 2000 1513 969
f 1513 1625 1514
f 1513 1996 1625
f 1513 1997 1996
f 1513 1998 1997
f 1513 1999 1998
f 1513 2001 1999
f 1513 2000 2001
f 1714 1514 1625
f 1714 1564 1514
f 1514 1575 1564
f 1514 1590 1575
f 1514 1591 1590
f 1514 1715 1591
f 1514 1714 1715
f 1591 1515 1715
f 1515 1652 1715
f 1591 1516 1515
f 1591 2003 1516
f 1591 2004 2003
f 1591 2005 2004
f 1591 990 2005
f 1591 2005 2006
f 1591 2006 988
f 1591 988 2007
f 1591 2007 986
f 1591 986 2008
f 1591 2008 984
f 1591 984 2009
f 1591 982 2009
f 1591 1652 982
f 1652 1591 1715
f 982 2009 2008
f 2004 2005 992
f 981 1516 2003
f 988 2006 2007
f 2004 992 981
f 981 2003 2004
f 2005 990 992
f 982 2007 2008
f 2007 986 988
f 988 2006 990
f 992 2003 2004
f 986 2007 2008
f 984 2007 2008
f 982 2008 984
f 981 2003 992
f 984 986 2008
f 990 2006 2005
f 985 983 987
f 2010 2011 983
f 983 2011 985
f 987 985 989
f 2012 2011 2013
f 985 2011 989
f 2011 989 2013
f 991 992 989
f 992 2014 989
f 2015 2014 2013
f 989 2014 2013
f 2016 1517 2014
f 2014 1517 981
f 1517 1626 1518
f 1517 2010 1626
f 1517 2011 2010
f 1517 2012 2011
f 1517 2013 2012
f 1517 2015 2013
f 1517 2014 2015
f 1717 1518 1626
f 1717 1565 1518
f 1518 1582 1565
f 1518 1592 1582
f 1518 1519 1592
f 1518 1718 1519
f 1518 1717 1718
f 1519 1718 1653
f 1519 2017 1520
f 1519 2018 2017
f 1519 2019 2018
f 1519 1002 2019
f 1519 2019 2020
f 1519 2020 1000
f 1519 1000 2021
f 1519 2021 2022
f 1519 2022 996
f 1519 996 2023
f 1519 994 2023
f 1519 1653 994
f 998 996 2022
f 996 994 2023
f 1004 2018 993
f 996 2017 993
f 1520 2018 2017
f 2020 1000 2021
f 2018 1004 1002
f 2019 1002 1000
f 1520 2019 2018
f 2019 2020 2021
f 2021 2022 2023
f 1520 2019 2021
f 2021 2023 994
f 1520 2021 994
f 1000 2022 2021
f 1004 2019 1002
f 1002 2020 1000
f 2022 994 2023
f 1000 994 2022
f 2020 1000 994
f 2019 994 2020
f 2018 994 2019
f 2017 994 2018
f 2017 994 1000
f 993 1520 994
f 994 2017 993
f 2017 1000 1002
f 2017 1002 1004
f 2017 1004 993
f 997 999 995
f 2024 995 2025
f 995 999 2025
f 2026 2025 2027
f 999 1001 2027
f 999 2027 2025
f 1003 1004 1001
f 1004 2028 1001
f 2029 2028 2027
f 1001 2028 2027
f 993 2028 1521
f 2030 1521 2028
f 1521 1627 1522
f 1521 995 1627
f 1521 2024 995
f 1521 2025 2024
f 1521 2026 2025
f 1521 2027 2026
f 1521 2029 2027
f 1521 2028 2029
f 1720 1522 1627
f 1720 1566 1522
f 1522 1580 1566
f 1522 1593 1580
f 1522 1523 1593
f 1522 1721 1523
f 1522 1720 1721
f 1523 1721 1654
f 1523 2031 1524
f 1523 2032 2031
f 1523 2033 2032
f 1523 1014 2033
f 1523 2033 2034
f 1523 2034 1012
f 1523 1012 2035
f 1523 2035 2036
f 1523 2036 1008
f 1523 1008 2037
f 1523 1006 2037
f 1523 1654 1006
f 2032 2034 2033
f 2036 1010 2035
f 1010 2036 1008
f 2036 2037 1008
f 2034 2035 1012
f 1005 1016 2032
f 2032 1016 1014
f 1012 2036 1010
f 1524 2031 2032
f 1012 2035 2036
f 2032 2035 2034
f 2035 2036 2037
f 1524 2032 2035
f 2035 2037 1006
f 1524 2035 1006
f 1006 1008 1012
f 2033 1014 1012
f 1006 1005 1012
f 1006 1005 2031
f 1014 2034 1012
f 1524 2031 1006
f 1524 2031 1016
f 1005 1008 1006
f 1005 1006 1014
f 1008 1005 1524
f 2032 1014 1006
f 2031 1006 2032
f 1009 1007 1011
f 2038 2039 1007
f 1007 2039 1011
f 2040 2039 2041
f 1011 2039 1013
f 2039 1013 2041
f 1015 1016 1013
f 1016 2042 1013
f 2043 1015 2041
f 2043 2041 2042
f 1013 2042 2041
f 1005 2042 1525
f 2044 1525 2042
f 1525 1628 1526
f 1525 2038 1628
f 1525 2039 2038
f 1525 2040 2039
f 1525 2041 2040
f 1525 2043 2041
f 1525 1015 2043
f 1525 2043 2042
f 1722 1526 1628
f 1722 1567 1526
f 1526 1578 1567
f 1526 1594 1578
f 1526 1595 1594
f 1526 1527 1595
f 1526 1723 1527
f 1526 1722 1723
f 1527 1723 1655
f 1527 2045 1528
f 1527 2046 2045
f 1527 2047 2046
f 1527 2048 2047
f 1527 1024 2048
f 1527 2049 1024
f 1527 2049 1022
f 1527 1022 2050
f 1527 2050 1020
f 1527 1020 2051
f 1527 1018 2051
f 1527 1655 1018
f 1018 1020 1024
f 2045 1026 2046
f 1026 2046 1028
f 2048 2049 1024
f 1018 2049 2050
f 1026 2046 2047
f 1018 1020 2050
f 2048 1024 1026
f 1026 1017 2045
f 1026 2045 1028
f 2045 1028 1017
f 1028 2046 2045
f 1024 2049 1022
f 1020 2049 2050
f 1022 2049 2050
f 2049 1020 1022
f 1017 1528 2045
f 1022 1020 2050
f 1026 2047 2048
f 1020 1018 2051
f 1021 1023 1019
f 2052 1019 2053
f 1019 1023 2053
f 2054 2053 2055
f 1023 1025 2053
f 2053 1025 2055
f 1027 1028 1025
f 1028 2056 1025
f 2057 2056 2055
f 1025 2056 2055
f 2058 1529 2056
f 2056 1529 1017
f 1529 1629 1530
f 1529 1019 1629
f 1529 2052 1019
f 1529 2053 2052
f 1529 2054 2053
f 1529 2055 2054
f 1529 2057 2055
f 1529 2056 2057
f 1726 1530 1629
f 1726 1568 1530
f 1530 1596 1568
f 1530 1597 1596
f 1530 1598 1597
f 1530 1727 1598
f 1530 1726 1727
f 1598 1531 1727
f 1531 1656 1727
f 1598 1532 1531
f 1598 2059 1532
f 1598 2060 2059
f 1598 2061 2060
f 1598 1038 2061
f 1598 2061 2062
f 1598 2062 1036
f 1598 1036 2063
f 1598 2063 1034
f 1598 1034 2064
f 1598 2064 1032
f 1598 1032 2065
f 1598 2065 1030
f 1598 1030 1656
f 1656 1727 1598
f 1038 2062 2061
f 1532 2059 1029
f 1029 2059 1040
f 1030 2065 2064
f 2063 1036 2062
f 2063 1030 2064
f 1038 1036 2062
f 2060 1040 2059
f 2061 1038 2060
f 2060 1038 1040
f 1030 1032 1036
f 1036 2063 1034
f 1034 2063 2064
f 1030 2064 1032
f 1034 2064 1032
f 2063 1032 2064
f 1033 1031 1035
f 2066 2067 1031
f 1031 2067 1035
f 2068 2067 2069
f 2069 2067 1037
f 1035 2067 1037
f 1039 1040 1037
f 1040 1037 2070
f 2069 2071 1037
f 2071 2070 1037
f 1029 2070 1533
f 2072 1533 2070
f 1533 1630 1534
f 1533 2066 1630
f 1533 2067 2066
f 1533 2068 2067
f 1533 2069 2068
f 1533 2071 2069
f 1533 2070 2071
f 1728 2073 1630
f 2073 1569 1534
f 1534 1599 1569
f 1534 1600 1599
f 1534 1601 1600
f 1534 1535 1601
f 1534 1729 1535
f 1534 1728 1729
f 1728 1534 1630
f 1535 1729 1657
f 1535 2074 1536
f 1535 2075 2074
f 1535 2076 2075
f 1535 1050 2076
f 1535 2076 2077
f 1535 2077 1048
f 1535 1048 2078
f 1535 2078 1046
f 1535 1046 2079
f 1535 2079 1044
f 1535 1044 2080
f 1535 1042 2080
f 1535 1657 1042
f 1042 2079 2080
f 1042 1044 1048
f 1052 2075 1050
f 1042 2078 2079
f 1048 2077 1050
f 1052 2076 1050
f 1041 2075 2074
f 2075 1052 2074
f 1048 1046 2078
f 1046 2078 2079
f 1041 2074 1052
f 2074 1041 1536
f 2075 2076 1050
f 2077 2076 1050
f 2078 1044 2079
f 1046 2079 1044
f 1042 1044 2079
f 1045 1043 1047
f 2081 2082 1043
f 1043 2082 1047
f 2083 2082 2084
f 2084 2082 1049
f 1047 2082 1049
f 1051 1052 1049
f 1052 1049 2085
f 2084 2086 1049
f 2086 2085 1049
f 2087 1537 2085
f 2085 1537 1041
f 1537 1631 1538
f 1537 2081 1631
f 1537 2082 2081
f 1537 2083 2082
f 1537 2084 2083
f 1537 2086 2084
f 1537 2085 2086
f 1730 2088 1631
f 2088 1556 1538
f 1538 1602 1556
f 1538 1603 1602
f 1538 1539 1603
f 1538 1731 1539
f 1538 1730 1731
f 1730 1538 1631
f 1539 1731 1658
f 1539 2089 1540
f 1539 2090 2089
f 1539 2091 2090
f 1539 2092 2091
f 1539 1060 2092
f 1539 2093 1060
f 1539 1058 2093
f 1539 1058 2094
f 1539 2094 1056
f 1539 1056 2095
f 1539 1054 2095
f 1539 1658 1054
f 2090 1053 2089
f 1053 1540 2089
f 2093 1054 2094
f 1054 2094 2095
f 1062 2091 2092
f 2091 1064 2090
f 1060 1062 2092
f 1054 1056 1060
f 1060 2093 1058
f 1058 2093 2094
f 1054 2094 1056
f 1058 2094 1056
f 1056 2094 2093
f 1057 1059 1055
f 2096 1055 2097
f 1055 1059 2097
f 2098 2097 2099
f 2099 2097 1061
f 1059 1061 2097
f 1063 1064 1061
f 1064 2100 1061
f 2099 1061 2101
f 2101 1061 2100
f 1053 2100 1541
f 2102 1541 2100
f 1541 1632 1542
f 1541 1055 1632
f 1541 2096 1055
f 1541 2097 2096
f 1541 2098 2097
f 1541 2099 2098
f 1541 2101 2099
f 1541 2100 2101
f 1732 1555 1542
f 1732 1542 1632
f 1542 1604 1555
f 1542 1605 1604
f 1542 1543 1605
f 1542 1733 1543
f 1542 1732 1733
f 2103 1659 1733
f 1543 2104 1544
f 1543 2105 2104
f 1543 2106 2105
f 1543 1074 2106
f 1543 2106 2107
f 1543 2107 1072
f 1543 1072 2108
f 1543 2108 2109
f 1543 2109 1068
f 1543 1068 2110
f 1543 1066 2110
f 1543 1659 1066
f 1659 1543 1733
f 2105 1076 1065
f 1065 1544 2104
f 1072 2109 2108
f 2109 1068 1066
f 2105 1065 2104
f 2106 1076 2105
f 1066 1068 1072
f 1074 1076 2106
f 1072 2107 1074
f 1072 1070 2109
f 1068 1070 2109
f 1066 1070 2109
f 1068 1066 2110
f 1069 1067 1071
f 2111 2112 1067
f 1067 2112 1071
f 2113 2112 2114
f 2114 2112 1073
f 1071 2112 1073
f 1075 1076 1073
f 1076 1073 2115
f 2114 2116 1073
f 2116 2115 1073
f 2117 1545 2115
f 2115 1545 1065
f 1545 1633 1546
f 1545 2111 1633
f 1545 2112 2111
f 1545 2113 2112
f 1545 2114 2113
f 1545 2116 2114
f 1545 2115 2116
f 1734 2118 1633
f 2118 1547 1546
f 1546 1606 1547
f 1546 1607 1606
f 1546 1474 1607
f 1546 1660 1474
f 1546 1735 1660
f 1546 1734 1735
f 1734 1546 1633
f 1474 2120 1479
f 1474 2121 2120
f 1474 2122 2121
f 1474 2123 2122
f 1474 1084 2123
f 1474 2124 1084
f 1474 2124 2125
f 1474 2125 1080
f 1474 1080 2126
f 1474 1078 2126
f 1474 1660 1078
f 2126 1078 1080
f 1078 1080 1084
f 2120 2121 1088
f 2124 2125 1078
f 1080 2125 1078
f 1077 1479 2120
f 2122 2123 1086
f 1088 2121 2122
f 2123 1084 1086
f 1088 2122 1086
f 1084 2124 1082
f 1082 2124 2125
f 2120 1088 1077
f 1082 2125 1080
f 2124 1080 2125
f 1081 1079 1083
f 2127 2128 1079
f 1079 2128 1083
f 2129 2128 2130
f 2130 2128 1085
f 1083 2128 1085
f 1087 1088 1085
f 1088 1085 2131
f 2130 2132 1085
f 2132 2131 1085
f 2133 1480 2131
f 2131 1480 1077
f 1480 1471 1473
f 1480 1343 1471
f 1480 1634 1343
f 1480 2127 1634
f 1480 2128 2127
f 1480 2129 2128
f 1480 2130 2129
f 1480 2132 2130
f 1480 2131 2132
f 1093 1091 1095
f 2135 2136 1091
f 1091 2136 1095
f 1102 1095 1097
f 2137 1102 2136
f 1102 2136 2138
f 1095 2138 1097
f 1095 2136 2138
f 2139 2138 2140
f 1097 1099 2140
f 1097 2140 2138
f 1100 1101 1099
f 2141 614 2140
f 1099 1101 614
f 1099 614 2140
f 614 1251 609
f 614 2135 1251
f 614 2136 2135
f 614 2137 2136
f 614 2138 2137
f 614 2139 2138
f 614 2140 2139
f 1251 610 609
f 609 611 610
f 609 612 611
f 609 1341 612
f 609 1342 1341
f 609 1251 1342
f 612 1341 615
f 615 1341 1275
f 612 616 615
f 612 1114 616
f 612 2142 1114
f 612 2143 2142
f 612 1112 2143
f 612 2144 1112
f 612 2145 2144
f 612 1108 2145
f 612 2146 1108
f 612 2146 1106
f 612 1106 2147
f 612 2147 1275
f 1275 1341 612
f 617 616 1115
f 2142 1115 1114
f 1114 2142 616
f 2142 2143 616
f 1115 2142 616
f 1114 2142 1113
f 1113 2142 1112
f 1112 2142 1110
f 2143 2144 2142
f 2144 1110 2142
f 2144 2145 1110
f 2145 1108 1110
f 1108 2146 1110
f 1108 2146 1104
f 2146 2147 1104
f 1107 1109 1105
f 2148 1105 2149
f 1105 1109 2149
f 1116 1111 1109
f 2150 1116 2149
f 1116 2149 2151
f 1109 1111 2151
f 1109 2151 2149
f 2152 2151 2153
f 1111 1113 2153
f 1111 2153 2151
f 1114 1115 1113
f 1115 617 1113
f 2154 617 2153
f 1113 617 2153
f 617 1252 665
f 617 1105 1252
f 617 2148 1105
f 617 2149 2148
f 617 2150 2149
f 617 2151 2150
f 617 1116 2151
f 617 2151 2152
f 617 2152 2153
f 1311 682 1252
f 1252 682 665
f 665 683 682
f 665 684 683
f 665 734 684
f 665 1311 734
f 1311 665 1252
f 734 1311 1276
f 734 1276 618
f 734 619 618
f 734 1128 619
f 734 2155 1128
f 734 2156 2155
f 734 1126 2156
f 734 2157 1126
f 734 2157 2158
f 734 2158 1122
f 734 1122 2159
f 734 2159 1120
f 734 1120 2160
f 734 1118 2160
f 734 1276 1118
f 620 619 1129
f 1128 619 2156
f 2155 2156 619
f 1126 1124 2156
f 2157 2156 1124
f 2157 1124 2158
f 2158 1124 2159
f 2159 1124 1122
f 2159 1122 1120
f 1120 1122 2160
f 2160 1122 1118
f 1121 1119 1123
f 2161 2162 1119
f 1119 2162 1123
f 1130 1123 1125
f 2163 1130 2162
f 1130 2162 2164
f 1123 2164 1125
f 1123 2162 2164
f 2165 2164 2166
f 1125 1127 2166
f 1125 2166 2164
f 1128 1129 1127
f 1129 620 1127
f 2167 620 2166
f 1127 620 2166
f 620 1253 666
f 620 2161 1253
f 620 2162 2161
f 620 2163 2162
f 620 2164 2163
f 620 2165 2164
f 620 2166 2165
f 1340 666 1253
f 1340 685 666
f 666 686 685
f 666 687 686
f 666 735 687
f 666 621 735
f 666 1339 621
f 666 1340 1339
f 621 1339 1277
f 621 1142 622
f 621 2168 1142
f 621 2169 2168
f 621 1140 2169
f 621 2170 1140
f 621 2170 2171
f 621 2171 1136
f 621 1136 2172
f 621 2172 1134
f 621 1134 2173
f 621 1132 2173
f 621 1277 1132
f 623 622 1143
f 1142 2169 1143
f 1142 2168 622
f 2168 622 2169
f 1143 2169 622
f 1140 1138 2169
f 2170 2169 1138
f 2170 1138 2171
f 2171 1138 1136
f 1136 2172 1138
f 1134 2172 2173
f 2173 1132 2172
f 1136 2172 1132
f 1135 1137 1133
f 2174 1133 2175
f 1133 1137 2175
f 2176 1144 2175
f 1144 2177 2175
f 1137 1144 2175
f 1139 1141 1144
f 2178 2177 2179
f 1144 1141 2179
f 1144 2179 2177
f 1142 1143 1141
f 2180 623 2179
f 1141 1143 623
f 1141 623 2179
f 623 1254 667
f 623 1133 1254
f 623 2174 1133
f 623 2175 2174
f 623 2176 2175
f 623 2177 2176
f 623 1144 2177
f 623 2177 2178
f 623 2178 2179
f 1338 667 1254
f 667 689 688
f 667 690 689
f 667 736 690
f 667 1337 736
f 667 1338 1337
f 736 1278 624
f 736 1337 1278
f 736 625 624
f 736 1156 625
f 736 2181 1156
f 736 2182 2181
f 736 1154 2182
f 736 2183 1154
f 736 2184 2183
f 736 1150 2184
f 736 2185 1150
f 736 1148 2185
f 736 2186 1148
f 736 1278 2186
f 626 625 1157
f 1156 625 2181
f 2181 625 2182
f 1156 2181 1155
f 1155 2181 1154
f 1154 2181 1153
f 1153 2181 1152
f 2183 1152 2182
f 2181 2182 1152
f 2183 2184 1152
f 2184 2185 1152
f 1152 2185 1150
f 1150 2185 1146
f 2185 2186 1146
f 1149 1151 1147
f 2187 1147 2188
f 1147 1151 2188
f 2189 1158 2188
f 1158 2188 2190
f 1151 1158 2188
f 1153 1158 1155
f 2190 2191 1158
f 2191 2192 1158
f 1158 2192 1155
f 1156 1155 1157
f 2193 626 2192
f 626 1157 2192
f 1155 2192 1157
f 626 1255 668
f 626 1147 1255
f 626 2187 1147
f 626 2188 2187
f 626 2189 2188
f 626 2190 2189
f 626 2191 2190
f 626 2192 2191
f 1303 2194 1255
f 2194 691 668
f 668 692 691
f 668 694 692
f 668 1279 694
f 668 1303 1279
f 1303 668 1255
f 694 1279 627
f 694 628 627
f 694 1170 628
f 694 2195 1170
f 694 2196 2195
f 694 1168 2196
f 694 2197 1168
f 694 2198 2197
f 694 1164 2198
f 694 2199 1164
f 694 2199 1162
f 694 1162 2200
f 694 2200 1279
f 629 628 1171
f 1170 1171 2195
f 1170 2195 628
f 1171 628 2195
f 1170 2195 1169
f 1169 2195 1168
f 1168 1167 2195
f 1167 1166 2195
f 2196 1168 2195
f 1168 2195 2197
f 2195 1166 2197
f 1164 1166 2199
f 2198 2199 2197
f 1166 2197 2199
f 1164 2199 1162
f 1162 2199 1160
f 2199 2200 1160
f 1163 1161 1165
f 2201 2202 1161
f 1161 2202 1165
f 2203 1172 2202
f 1172 2202 2204
f 1165 2202 1172
f 1167 1172 1169
f 2204 2205 1172
f 2205 2206 1172
f 1172 2206 1169
f 1170 1169 1171
f 2207 629 2206
f 629 1171 2206
f 1169 2206 1171
f 629 1256 669
f 629 2201 1256
f 629 2202 2201
f 629 2203 2202
f 629 2204 2203
f 629 2205 2204
f 629 2206 2205
f 1336 2208 1256
f 669 696 695
f 669 737 696
f 669 1335 737
f 669 1336 1335
f 1336 669 1256
f 737 1335 630
f 630 1335 1280
f 737 631 630
f 737 1184 631
f 737 2209 1184
f 737 2210 2209
f 737 1182 2210
f 737 2211 1182
f 737 2212 2211
f 737 1178 2212
f 737 2213 1178
f 737 2213 1176
f 737 1176 2214
f 737 2214 1280
f 1280 1335 737
f 632 1185 631
f 1184 631 2209
f 2209 631 2210
f 1184 2209 1183
f 1183 2209 1182
f 1182 2209 1180
f 1180 2209 2212
f 2211 2212 2210
f 2209 2210 2212
f 1180 2212 1178
f 1178 2213 2212
f 1178 2213 1174
f 2213 2214 1174
f 1177 1179 1175
f 2215 1175 2216
f 1175 1179 2216
f 2217 1186 2216
f 1186 2218 2216
f 1179 1186 2216
f 1181 1183 1186
f 2218 1186 2219
f 2219 1186 2220
f 1186 1183 2220
f 1184 1185 1183
f 2221 632 2220
f 1183 1185 2220
f 2220 1185 632
f 632 1257 670
f 632 1175 1257
f 632 2215 1175
f 632 2216 2215
f 632 2217 2216
f 632 1186 2217
f 632 1186 2218
f 632 2218 2219
f 632 2219 2220
f 1334 670 1257
f 670 698 697
f 670 738 698
f 670 633 738
f 670 1333 633
f 670 1334 1333
f 2222 1333 1281
f 633 1198 634
f 633 2223 1198
f 633 2224 2223
f 633 1196 2224
f 633 2225 1196
f 633 2226 2225
f 633 1192 2226
f 633 2227 1192
f 633 1190 2227
f 633 2228 1190
f 633 1188 2228
f 633 1281 2228
f 1281 633 1333
f 635 634 1199
f 1198 2223 634
f 1198 634 2224
f 2224 634 2223
f 2224 1196 2223
f 1196 1194 2223
f 1194 2225 2223
f 2223 2225 2224
f 1194 2225 2226
f 1194 2225 1192
f 2226 2227 2225
f 2225 2227 1192
f 2228 1188 2227
f 1192 2227 1188
f 1191 1189 1193
f 2229 2230 1189
f 1189 2230 1193
f 2231 1200 2230
f 1200 2232 2230
f 1193 2230 1200
f 1195 1200 1197
f 2232 2233 1200
f 2233 2234 1200
f 1200 2234 1197
f 1198 1197 1199
f 2235 635 2234
f 1197 2234 1199
f 2234 635 1199
f 635 1258 671
f 635 2229 1258
f 635 2230 2229
f 635 2231 2230
f 635 1200 2231
f 635 1200 2232
f 635 2233 2232
f 635 2234 2233
f 1332 2236 1258
f 671 700 699
f 671 739 700
f 671 636 739
f 671 1331 636
f 671 1332 1331
f 1332 671 1258
f 636 1212 637
f 636 2238 1212
f 636 2239 2238
f 636 1210 2239
f 636 2240 1210
f 636 2241 2240
f 636 1206 2241
f 636 2242 1206
f 636 1204 2242
f 636 2243 1204
f 636 1282 2243
f 1282 636 1331
f 638 637 1213
f 1212 2239 637
f 2238 637 2239
f 1211 2239 1210
f 1210 1208 2239
f 1208 2241 2239
f 2240 2239 2241
f 1208 1206 2241
f 1206 2241 2242
f 1206 2242 1204
f 1204 2242 1202
f 2242 2243 1202
f 1205 1207 1203
f 2244 1203 2245
f 1203 1207 2245
f 2246 2245 1214
f 1214 2247 2245
f 1207 1214 2245
f 1209 1211 1214
f 2247 1214 2248
f 2248 1214 2249
f 1214 1211 2249
f 1212 1213 1211
f 2250 638 2249
f 638 1213 2249
f 1211 1213 2249
f 1213 672 638
f 1213 702 672
f 1213 742 702
f 1213 1259 742
f 1213 2244 1259
f 1213 2245 2244
f 1213 2246 2245
f 1213 2247 2246
f 1213 1214 2247
f 1213 2247 2248
f 1213 2248 2249
f 1213 2250 2249
f 1213 638 2250
f 742 702 672
f 742 672 1259
f 495 300 136
f 495 136 601
f 495 601 509
f 491 492 490
f 490 492 493
f 490 493 495
f 490 495 488
f 488 495 509
f 488 509 516
f 516 509 514
f 514 509 511
f 514 511 512
f 514 512 513
f 516 145 153
f 516 153 488
f 485 152 301
f 485 599 152
f 485 519 599
f 482 481 483
f 481 484 483
f 481 480 484
f 480 485 484
f 480 519 485
f 480 525 519
f 525 524 519
f 524 520 519
f 524 523 520
f 523 521 520
f 525 161 596
f 525 169 161
f 525 480 169
f 477 302 168
f 477 168 597
f 477 597 528
f 473 474 472
f 472 474 476
f 472 476 471
f 471 476 477
f 471 477 528
f 471 528 534
f 534 528 529
f 534 529 533
f 533 529 532
f 532 529 531
f 534 177 185
f 534 185 471
f 467 303 184
f 467 184 595
f 467 595 538
f 464 465 462
f 462 465 466
f 462 466 467
f 462 467 461
f 461 467 538
f 461 538 544
f 544 538 539
f 544 539 543
f 543 539 541
f 541 539 540
f 544 592 193
f 544 193 201
f 544 201 461
f 458 304 200
f 458 200 593
f 458 593 547
f 454 455 453
f 453 455 457
f 453 457 452
f 452 457 458
f 452 458 547
f 452 547 553
f 553 547 548
f 553 548 552
f 552 548 550
f 552 550 551
f 553 209 217
f 553 217 452
f 448 305 216
f 448 216 591
f 448 591 557
f 445 446 443
f 443 446 447
f 443 447 442
f 442 447 448
f 442 448 557
f 442 557 563
f 563 557 558
f 563 558 562
f 562 558 559
f 562 559 560
f 563 225 233
f 563 233 442
f 439 240 232
f 439 232 589
f 439 589 566
f 436 437 438
f 436 438 435
f 435 438 439
f 435 439 434
f 434 439 566
f 434 566 572
f 572 566 571
f 571 566 567
f 571 567 568
f 571 568 570
f 572 241 249
f 572 249 434
f 431 307 248
f 431 248 587
f 431 587 575
f 427 428 426
f 426 428 429
f 426 429 424
f 424 429 431
f 424 431 575
f 424 575 582
f 582 575 577
f 582 577 580
f 580 577 578
f 580 578 579
f 582 257 265
f 582 265 424
